Date,Open,High,Low,Close,Adj Close,Volume,Daily_Return,SMA_20,SMA_50,RSI_14,MACD,MACD_Signal,MACD_Hist,BB_High,BB_Mid,BB_Low,BB_Width
2015-03-16,30.96999931335449,31.237499237060547,30.717500686645508,31.237499237060547,27.734207153320312,143497200,0.011004108758690956,31.927749729156496,29.914599952697753,51.02165841548989,0.22970193927182692,0.5119660536724246,-0.28226411440059773,33.277185720990786,31.927749729156496,30.5783137373222,8.453060446048188
2015-03-17,31.475000381469727,31.82999992370605,31.412500381469727,31.76000022888184,28.19810676574707,204092400,0.016726622465254692,31.9178747177124,30.003149948120118,55.91472624417448,0.24097484734613062,0.45776781240716585,-0.21679296506103524,33.269184597218825,31.9178747177124,30.566564838205977,8.467417655202038
2015-03-18,31.75,32.290000915527344,31.592500686645508,32.11750030517578,28.51551628112793,261083600,0.011256412283906503,31.914749717712404,30.114249954223634,58.937439108113985,0.2755792703298354,0.4213301039916998,-0.14575083366186437,33.26390776563158,31.914749717712404,30.56559166979323,8.454761888171127
2015-03-19,32.1875,32.3125,31.850000381469727,31.875,28.300207138061523,183238000,-0.007550595996359433,31.902874755859376,30.22044994354248,56.12624906778123,0.28020573954430006,0.39310523110221984,-0.11289949155791978,33.24903908940866,31.902874755859376,30.556710422310086,8.439141261412795
2015-03-20,32.0625,32.099998474121094,31.290000915527344,31.475000381469727,27.9450798034668,274780400,-0.012548577219320234,31.85787477493286,30.311199951171876,51.74219628491693,0.24872843685755797,0.36422987225328746,-0.11550143539572949,33.198058816998554,31.85787477493286,30.517690732867162,8.413518174289578
2015-03-23,31.780000686645508,31.962499618530277,31.6299991607666,31.802499771118164,28.235841751098636,150838800,0.01040476354609532,31.78549976348877,30.387799949645995,54.851671051938254,0.24735752780875941,0.34085540336438186,-0.09349787555562245,32.963698153929556,31.78549976348877,30.607301373047978,7.413433164226394
2015-03-24,31.8075008392334,32.0099983215332,31.63999938964844,31.67250061035156,28.120424270629883,131369200,-0.00408762315238087,31.716999816894532,30.461199951171874,53.38131178433254,0.23309426113890552,0.3193031749192866,-0.08620891378038109,32.744582684341864,31.716999816894532,30.689416949447203,6.479697785917149
2015-03-25,31.63500022888184,31.70499992370605,30.84499931335449,30.84499931335449,27.385726928710938,206620800,-0.026126822797844285,31.649374866485594,30.531849937438963,45.09478176896572,0.1532514927779829,0.2860928384910259,-0.132841345713043,32.71873693185113,31.649374866485594,30.580012801120056,6.7575556855495185
2015-03-26,30.690000534057617,31.21999931335449,30.649999618530277,31.059999465942383,27.57661437988281,190291600,0.006970326245813396,31.572124862670897,30.601949920654295,47.380309643780784,0.10610117084662818,0.25009450496214636,-0.14399333411551818,32.575366579735,31.572124862670897,30.568883145606797,6.355237231753611
2015-03-27,31.14249992370605,31.174999237060547,30.727500915527344,30.8125,27.356868743896484,158184800,-0.007968550198338642,31.50699977874756,30.66919990539551,45.05522766395795,0.048207358137524636,0.20971707559722202,-0.1615097174596974,32.529737172023786,31.50699977874756,30.484262385471332,6.492128101426495
2015-03-30,31.012500762939453,31.600000381469727,31.0,31.592500686645508,28.049388885498047,188398800,0.02531430581784222,31.472999858856202,30.766949920654298,52.89978849612565,0.06452186326151121,0.18067803313007988,-0.11615616986856866,32.435097588316225,31.472999858856202,30.51090212939618,6.113797437642716
2015-03-31,31.522499084472656,31.622499465942383,31.09000015258789,31.107500076293945,27.61878967285156,168362400,-0.015351465032063971,31.411374855041505,30.859149932861328,48.283693624805295,0.0378790836780567,0.15211824323967524,-0.11423915956161854,32.298404501105225,31.411374855041505,30.524345208977785,5.647824395826166
2015-04-01,31.20499992370605,31.280000686645508,30.774999618530277,31.0625,27.57883644104004,162485600,-0.0014465960414909995,31.357749938964844,30.936799926757814,47.866337646676634,0.012983690924802005,0.1242913327767006,-0.11130764185189859,32.191377922626366,31.357749938964844,30.524121955303325,5.316886481230989
2015-04-02,31.25749969482422,31.38999938964844,31.04750061035156,31.32999992370605,27.816335678100582,128880400,0.008611648195103738,31.34412488937378,31.015649909973146,50.59990055006982,0.014669816545673342,0.10236702953049516,-0.08769721298482182,32.17017964046589,31.34412488937378,30.518070138281672,5.27087455149948
2015-04-06,31.11750030517578,31.877500534057617,31.082500457763672,31.837499618530277,28.266918182373047,148776000,0.016198485288887454,31.35349988937378,31.090399894714356,55.38000275667322,0.05630798388081715,0.09315522040055957,-0.03684723651974242,32.197292958786285,31.35349988937378,30.50970681996127,5.382448992231856
2015-04-07,31.90999984741211,32.029998779296875,31.4950008392334,31.502500534057617,27.9694881439209,140049200,-0.010522195470096252,31.339374923706053,31.15554988861084,51.81578707288621,0.06156521954009264,0.08683722022846618,-0.02527200068837354,32.163019556441526,31.339374923706053,30.51573029097058,5.256292665316964
2015-04-08,31.462499618530277,31.600000381469727,31.24250030517578,31.399999618530277,27.87848472595215,149316800,-0.0032536676216768923,31.352999877929687,31.21804988861084,50.73974781576435,0.05680582721352323,0.08083094162547759,-0.02402511441195436,32.17117152425477,31.352999877929687,30.534828231604607,5.219096415083492
2015-04-09,31.462499618530277,31.645000457763672,31.165000915527344,31.63999938964844,28.09156608581543,129936000,0.007643218846285604,31.40699987411499,31.305149879455566,53.1908667378097,0.0715748796142357,0.07897972922322921,-0.007404849608993513,32.14757036891018,31.40699987411499,30.6664293793198,4.715958211631368
2015-04-10,31.487499237060547,31.802499771118164,31.315000534057617,31.774999618530277,28.211423873901367,160752000,0.004266682310263281,31.440124893188475,31.3640998840332,54.56051641487889,0.09309965539893383,0.08180371445837013,0.0112959409405637,32.184298412967,31.440124893188475,30.69595137340995,4.733909437743689
2015-04-13,32.092498779296875,32.14250183105469,31.65250015258789,31.712499618530277,28.155933380126957,145460400,-0.0019669511904978343,31.480874919891356,31.403849868774415,53.776007912514316,0.10391707625134217,0.08622638681696454,0.017690689434377627,32.19017105929895,31.480874919891356,30.77157878048376,4.506203472505275
2015-04-14,31.75,31.82250022888184,31.477500915527344,31.575000762939453,28.033859252929688,102098400,-0.004335644837241692,31.497749996185302,31.449549865722656,52.004418103709234,0.10023945366690867,0.08902900018695337,0.011210453479955307,32.19909693661211,31.497749996185302,30.796403055758496,4.453314541589454
2015-04-15,31.602500915527344,31.78249931335449,31.502500534057617,31.69499969482422,28.14039802551269,115881600,0.0038003605433623022,31.494499969482423,31.49029987335205,53.44585601409155,0.10578835984180301,0.0923808721179233,0.013407487723879716,32.191544969439036,31.494499969482423,30.79745496952581,4.426455416863496
2015-04-16,31.56999969482422,31.774999618530277,31.52750015258789,31.542499542236328,28.005006790161133,113476000,-0.004811276486878735,31.46574993133545,31.527899856567384,51.33580648794809,0.09676497376279514,0.09325769244689767,0.003507281315897462,32.10246052598015,31.46574993133545,30.829039336690744,4.047007276382301
2015-04-17,31.387500762939453,31.53499984741211,31.114999771118164,31.1875,27.68981170654297,207828000,-0.01125495472934146,31.431374931335448,31.553849868774414,46.71248802625498,0.06027358273887273,0.0866608705052927,-0.026387287766419965,32.049971164713945,31.431374931335448,30.81277869795695,3.936170369446924
2015-04-20,31.39249992370605,32.029998779296875,31.292499542236328,31.899999618530277,28.322404861450195,188217200,0.022845700852409445,31.452624893188478,31.59214984893799,55.39521921858488,0.0878341595374863,0.08689552831173142,0.0009386312257548823,32.104081906309716,31.452624893188478,30.801167880067236,4.142465154075724
2015-04-21,32.025001525878906,32.04999923706055,31.667499542236328,31.727500915527344,28.16925430297852,129740400,-0.0054073995206576075,31.448874950408936,31.632049865722657,53.137759384448,0.0946656646582511,0.08844955558103536,0.006216109077215745,32.09305572562002,31.448874950408936,30.804694175197852,4.096685660309809
2015-04-22,31.747499465942383,32.217498779296875,31.57999992370605,32.154998779296875,28.548805236816406,150618000,0.013473943248748066,31.472999858856202,31.67654983520508,57.73465806444927,0.13304156618281837,0.09736795770139196,0.03567360848142641,32.18177437272427,31.472999858856202,30.764225344988134,4.504016249144587
2015-04-23,32.07500076293945,32.60499954223633,32.03499984741211,32.41749954223633,28.781871795654297,183083600,0.008163793787675955,31.551624870300294,31.714799842834474,60.309272754860515,0.18253224429344073,0.11440081501980172,0.06813142927363901,32.311343723009315,31.551624870300294,30.79190601759127,4.815719354118906
2015-04-24,32.622501373291016,32.657501220703125,32.307498931884766,32.56999969482422,28.917272567749023,178103600,0.004704376875001248,31.627124881744386,31.741799850463867,61.76639987496168,0.23139210690229817,0.13779907339630101,0.09359303350599715,32.471784622262476,31.627124881744386,30.782465141226293,5.341362793338453
2015-04-27,33.07749938964844,33.282501220703125,32.787498474121094,33.162498474121094,29.44331741333008,387816800,0.018191371414735258,31.74462480545044,31.772749824523927,66.85733616140786,0.3143005388400191,0.17309936648504465,0.14120117235497442,32.743112072775624,31.74462480545044,30.746137538125257,6.290748581496837
2015-04-28,33.6150016784668,33.6349983215332,32.39250183105469,32.63999938964844,28.97941398620605,475696000,-0.015755813810369168,31.796999740600587,31.790149803161622,59.35199333283816,0.33399467633938684,0.2052784284559131,0.12871624788347374,32.86551041784424,31.796999740600587,30.728489063356935,6.720827033748755
2015-04-29,32.540000915527344,32.897499084472656,32.07500076293945,32.15999984741211,28.553245544433597,253544400,-0.014705902678891491,31.849624729156496,31.79419979095459,53.419204937195154,0.3073277872349749,0.22568830021172545,0.08163948702324944,32.880114597032396,31.849624729156496,30.819134861280595,6.470970233646403
2015-04-30,32.15999984741211,32.15999984741211,31.145000457763672,31.287500381469727,27.778602600097656,332781600,-0.027129768597775272,31.860874748229982,31.77634979248047,44.677074086293295,0.2133315174371404,0.22321694365680847,-0.009885426219668064,32.86121809162803,31.860874748229982,30.86053140483193,6.279446821864952
2015-05-01,31.524999618530277,32.532501220703125,31.325000762939453,32.23749923706055,28.62205696105957,234050400,0.030363455394223138,31.906249713897704,31.778849792480468,53.58404043552153,0.21303997240120864,0.22118154940568852,-0.008141577004479872,32.88831633073085,31.906249713897704,30.924183097064553,6.155951424183717
2015-05-04,32.375,32.64250183105469,32.064998626708984,32.17499923706055,28.566564559936523,203953200,-0.0019387985006997788,31.923124694824217,31.77484977722168,52.97970807522394,0.2053979929867218,0.2180248381218952,-0.012626845135173398,32.91146457871562,31.923124694824217,30.934784810932815,6.1919996450200046
2015-05-05,32.037498474121094,32.11249923706055,31.44499969482422,31.450000762939453,27.92287826538086,197085600,-0.022532856311969995,31.92049970626831,31.73884979248047,46.437148386383925,0.13923533319663406,0.202266937136843,-0.06303160394020893,32.913561878486696,31.92049970626831,30.927437534049925,6.222096654855157
2015-05-06,31.63999938964844,31.6875,30.84000015258789,31.252500534057617,27.74753189086914,288564000,-0.006279666904149939,31.913124752044677,31.703049812316895,44.81360749077377,0.07005676002355443,0.17582490171418527,-0.10576814169063084,32.923577832914674,31.913124752044677,30.90267167117468,6.332523616668137
2015-05-07,31.1924991607666,31.520000457763672,31.0049991607666,31.315000534057617,27.919151306152344,175763600,0.00618503353588995,31.896874809265135,31.685399856567383,45.46341204445767,0.02004441055719397,0.14466880348278702,-0.12462439292559305,32.934463460605365,31.896874809265135,30.85928615792491,6.505895374043588
2015-05-08,31.670000076293945,31.905000686645508,31.52750015258789,31.905000686645508,28.445173263549805,222201600,0.018840900700357155,31.903374862670898,31.671399879455567,51.293732005417645,0.027698058782213764,0.12127465454267237,-0.09357659576045861,32.939455795883276,31.903374862670898,30.867293929458523,6.49511807244356
2015-05-11,31.84749984741211,31.88999938964844,31.40749931335449,31.57999992370605,28.15540885925293,168143200,-0.010186768827602277,31.896749877929686,31.66069984436035,48.23472035674009,0.007452872641039221,0.09851029816234576,-0.09105742552130654,32.93930238832899,31.896749877929686,30.85419736753038,6.537045400482504
2015-05-12,31.399999618530277,31.71999931335449,31.20499992370605,31.467500686645508,28.055116653442383,192640000,-0.003562093745890893,31.89137487411499,31.64459987640381,47.1857160709357,-0.017467971567171503,0.07531464421644232,-0.09278261578361383,32.9415875427303,31.89137487411499,30.841162205499682,6.586186219696212
2015-05-13,31.537500381469727,31.79750061035156,31.467500686645508,31.502500534057617,28.086315155029297,138776800,0.0011120431959810162,31.88174991607666,31.627849884033203,47.56776337436168,-0.034001773685265135,0.05345136063610083,-0.08745313432136596,32.942461044666274,31.88174991607666,30.821038787487048,6.654033303578108
2015-05-14,31.852500915527344,32.23749923706055,31.790000915527344,32.23749923706055,28.741613388061523,180814000,0.023331584418075035,31.916499900817872,31.62989990234375,54.939456876629556,0.012064252515155971,0.04517393901191186,-0.033109686496755886,32.976014509118166,31.916499900817872,30.856985292517578,6.639290721681817
2015-05-15,32.26750183105469,32.372501373291016,32.0525016784668,32.192501068115234,28.701496124267575,152832000,-0.0013957902520048693,31.966749954223634,31.64169990539551,54.43486645721457,0.0444287866022961,0.04502490852998871,-0.0005961219276926083,32.97740226413244,31.966749954223634,30.956097644314827,6.323147090999607
2015-05-18,32.095001220703125,32.68000030517578,32.09000015258789,32.54750061035156,29.01799964904785,203531600,0.011027422522154495,31.999125003814697,31.659649925231932,57.733038467247596,0.09759835614694268,0.055539598053379505,0.04205875809356317,33.04017671224972,31.999125003814697,30.958073295379677,6.50675109591849
2015-05-19,32.67250061035156,32.720001220703125,32.40999984741211,32.51750183105469,28.99125289916992,178532800,-0.0009217296230413785,32.03862504959106,31.674299964904787,57.35522786854308,0.13575012930898822,0.07158170430450125,0.06416842500448697,33.09528706892668,32.03862504959106,30.981963030255443,6.596175820279814
2015-05-20,32.5,32.744998931884766,32.334999084472656,32.51499938964844,28.9890193939209,145819600,-7.704065970481899e-05,32.056625080108645,31.7020499420166,57.321529218151134,0.16389448470201273,0.09004426038400355,0.07385022431800918,33.13269039043687,32.056625080108645,30.98055976978042,6.713528374488374
2015-05-21,32.51750183105469,32.907501220703125,32.45750045776367,32.84749984741211,29.28546905517578,158921600,0.010226274204951258,32.07812509536743,31.747799949645994,60.63133984879316,0.2106014152195499,0.11415569135111282,0.09644572386843707,33.19844560910247,32.07812509536743,30.957804581632395,6.984950089223446
2015-05-22,32.900001525878906,33.24250030517578,32.849998474121094,33.1349983215332,29.541784286499023,182384000,0.008752300700402893,32.10637502670288,31.78824993133545,63.28283830546554,0.26772949928460577,0.14487045293781142,0.12285904634679434,33.30091841140381,32.10637502670288,30.911831642001943,7.441160104231222
2015-05-26,33.150001525878906,33.227500915527344,32.279998779296875,32.404998779296875,28.89094352722168,282790400,-0.02203119327409031,32.06850004196167,31.818399925231933,53.44079289801915,0.25120333956419216,0.16613703026308757,0.08506630930110459,33.171202051546096,32.06850004196167,30.965798032377243,6.877166117165066
2015-05-27,32.584999084472656,33.064998626708984,32.51250076293945,33.0099983215332,29.430334091186523,183332800,0.01866988398826841,32.08699998855591,31.853849906921386,59.115864845444946,0.28365484925435425,0.18964059406134093,0.09401425519301332,33.23875700765826,32.08699998855591,30.93524296945356,7.178963564765367
2015-05-28,32.96500015258789,32.98749923706055,32.775001525878906,32.94499969482422,29.37238883972168,122933200,-0.0019688954697322236,32.12624998092652,31.877549896240236,58.293770313034095,0.3006622117042852,0.2118449175899298,0.0888172941143554,33.33726149481061,32.12624998092652,30.91523846704242,7.539077947803293
2015-05-29,32.807498931884766,32.86249923706055,32.474998474121094,32.56999969482422,29.038055419921875,203538000,-0.011382575030726483,32.19037494659424,31.886599884033203,53.657586790571266,0.2806461884191478,0.22560517175577338,0.05504101666337441,33.35174630213534,32.19037494659424,31.02900359105314,7.215643542318996
2015-06-01,32.56999969482422,32.84749984741211,32.51250076293945,32.6349983215332,29.09601211547852,128451200,0.001995887628097881,32.21024990081787,31.901799850463867,54.335501046838544,0.26695094736717806,0.23387432687805432,0.03307662048912374,33.38766113722078,32.21024990081787,31.032838664414957,7.310786100874157
2015-06-02,32.46500015258789,32.665000915527344,32.33000183105469,32.4900016784668,28.96673393249512,134670400,-0.004443158136940184,32.226000022888186,31.92209987640381,52.490833772829525,0.24161219783835008,0.2354219010701135,0.006190296768236597,33.409515398279396,32.226000022888186,31.042484647496977,7.345096347983801
2015-06-03,32.665000915527344,32.73500061035156,32.474998474121094,32.529998779296875,29.00239944458008,123934000,0.0012312576270447906,32.27999992370606,31.93664985656738,52.965194761424925,0.22219713775704264,0.23277694840749932,-0.010579810650456684,33.414501032178606,32.27999992370606,31.14549881523351,7.029127082738213
2015-06-04,32.39500045776367,32.64500045776367,32.227500915527344,32.34000015258789,28.832996368408203,153800400,-0.005841002103828874,32.33437490463257,31.94999984741211,50.39128327757037,0.18929716162815424,0.22408099105163032,-0.034783829423476076,33.366283436078064,32.33437490463257,31.302466373187073,6.38273375928262
2015-06-05,32.375,32.42250061035156,32.09000015258789,32.162498474121094,28.674745559692383,142507200,-0.005488531496824045,32.37674980163574,31.97634983062744,48.04238464250814,0.1472039163887615,0.20870557611905655,-0.06150165973029503,33.301809891403934,32.37674980163574,31.451689711867548,5.714348076541378
2015-06-08,32.224998474121094,32.3025016784668,31.707500457763672,31.950000762939453,28.48528289794922,210699200,-0.006607300537288419,32.37899980545044,31.994149856567383,45.318901406081,0.09559595621932004,0.18608365213910927,-0.09048769591978922,33.299667727407154,32.37899980545044,31.458331883493724,5.686821257534564
2015-06-09,31.674999237060547,32.02000045776367,31.405000686645508,31.854999542236328,28.40059280395508,224301600,-0.00297311753221996,32.39274978637695,32.014999847412106,44.114851239819785,0.04649451162912044,0.15816582403711152,-0.11167131240799108,33.27258401370751,32.39274978637695,31.512915559046395,5.432291072124903
2015-06-10,31.979999542236328,32.334999084472656,31.962499618530277,32.220001220703125,28.726016998291016,156349200,0.011458359217439096,32.43037481307984,32.02754985809326,49.64983631964737,0.036611809886245794,0.1338550212069384,-0.09724321132069261,33.207032350944814,32.43037481307984,31.65371727521486,4.789692023859901
2015-06-11,32.29499816894531,32.54499816894531,32.119998931884766,32.147499084472656,28.661375045776367,141563600,-0.002250292914555252,32.46262474060059,32.04834983825683,48.619750534334514,0.022668077597671754,0.11161763248508508,-0.08894955488741332,33.1280947247884,32.46262474060059,31.797154756412777,4.099914837480873
2015-06-12,32.04750061035156,32.08250045776367,31.77750015258789,31.792499542236328,28.344873428344727,147544800,-0.011042792501271936,32.440374755859374,32.06294982910156,43.82526714244322,-0.016833876454654728,0.08592733069713712,-0.10276120715179185,33.16186440263104,32.440374755859374,31.718885109087708,4.448096868186458
2015-06-15,31.524999618530277,31.809999465942383,31.427499771118164,31.729999542236328,28.28914833068848,175955600,-0.0019659674190155574,32.41724967956543,32.07094982147217,43.02091605415519,-0.0525766167924715,0.0582265411992154,-0.1108031579916869,33.196381600099514,32.41724967956543,31.63811775903135,4.806897119500034
2015-06-16,31.75749969482422,31.962499618530277,31.592500686645508,31.899999618530277,28.440710067749023,125976400,0.005357592787483378,32.38487462997436,32.07219982147217,45.927934728758714,-0.06641976491069812,0.0332972799772327,-0.09971704488793082,33.19294049262732,32.38487462997436,31.576808767321403,4.990390556615222
2015-06-17,31.93000030517578,31.96999931335449,31.684999465942383,31.825000762939453,28.37384986877441,131672400,-0.002350862507136564,32.3502495765686,32.078649826049805,44.841013716477676,-0.08249143052156427,0.010139537877473303,-0.09263096839903757,33.19128977512995,32.3502495765686,31.509209378007252,5.199590170522321
2015-06-18,31.8075008392334,32.07749938964844,31.80500030517578,31.96999931335449,28.50311851501465,141628800,0.004555907881309329,32.32299957275391,32.09004981994629,47.43126729699073,-0.08257628211495671,-0.008403626121012699,-0.07417265599394401,33.17615132778781,32.32299957275391,31.46984781772001,5.278914496246492
2015-06-19,31.927499771118164,31.95499992370605,31.600000381469727,31.649999618530277,28.217817306518555,218867600,-0.01000947346676484,32.263124561309816,32.09024982452392,42.669046456766004,-0.10722876221410615,-0.028168653339631394,-0.07906010887447476,33.128626455697926,32.263124561309816,31.39762266692171,5.36527014141727
2015-06-22,31.872499465942383,32.01499938964844,31.770000457763672,31.90250015258789,28.44293975830078,136157200,0.007978024995229482,32.20149965286255,32.09279983520508,47.17590845330003,-0.10517891043289396,-0.04357070475828391,-0.06160820567461005,32.98116639827681,32.20149965286255,31.42183290744829,4.842425066032304
2015-06-23,31.8700008392334,31.90250015258789,31.71999931335449,31.75749969482422,28.31365966796875,121075600,-0.004545243615133088,32.16912469863892,32.093699836730956,44.98874745751365,-0.11394126922440506,-0.05764481765150814,-0.05629645157289692,32.96588846345044,32.16912469863892,31.37236093382739,4.95359306338376
2015-06-24,31.802499771118164,32.45000076293945,31.780000686645508,32.02750015258789,28.55438232421875,221123600,0.008501997236419756,32.11999979019165,32.102749824523926,49.668078803548866,-0.09796939108589342,-0.0657097323383852,-0.03225965874750822,32.818410330540075,32.11999979019165,31.42158924984322,4.3487580629542775
2015-06-25,32.21500015258789,32.29999923706055,31.875,31.875,28.41842269897461,127752400,-0.004761427640086802,32.06649980545044,32.106349830627444,47.22469394312641,-0.09650460538797034,-0.07186870694830223,-0.02463589843966811,32.65997120350648,32.06649980545044,31.473028407394406,3.7015040722041195
2015-06-26,31.917499542236328,31.997499465942383,31.627500534057617,31.6875,28.251251220703125,176267200,-0.005882503756181934,32.02237482070923,32.10924983978271,44.33671697214916,-0.10921447864015832,-0.07933786128667344,-0.029876617353484874,32.59021809660791,32.02237482070923,31.45453154481055,3.5465406864918143
2015-06-29,31.364999771118164,31.61750030517578,31.1200008392334,31.13249969482422,27.75643920898437,196645600,-0.017514693698102324,31.94724988937378,32.1081498336792,37.10371473598555,-0.16220127571911291,-0.09591054417316133,-0.06629073154595158,32.56626927673747,31.94724988937378,31.328230502010083,3.8752593071843187
2015-06-30,31.39249992370605,31.530000686645508,31.21500015258789,31.357500076293945,27.957033157348636,177482800,0.007226933788370582,31.890624809265137,32.097299842834474,41.28562065457484,-0.1839179521085228,-0.11351202576023364,-0.07040592634828916,32.50788040513745,31.890624809265137,31.273369213392826,3.8710787233806796
2015-07-01,31.725000381469727,31.73500061035156,31.497499465942383,31.649999618530277,28.217817306518555,120955200,0.00932803376174296,31.846624851226807,32.09574981689453,46.285583151096255,-0.1755032142624735,-0.12591026346068163,-0.04959295080179188,32.39715256822077,31.846624851226807,31.29609713423284,3.457369310347849
2015-07-02,31.607500076293945,31.67250061035156,31.4424991607666,31.61000061035156,28.18215560913086,108844000,-0.0012638007043676014,31.81012487411499,32.08484985351563,45.71230667102653,-0.17010123837726354,-0.13474845844399802,-0.03535277993326552,32.3202877329525,31.81012487411499,31.299962015277483,3.207550180053812
2015-07-06,31.23500061035156,31.5575008392334,31.212499618530277,31.5,28.084089279174805,112241600,-0.003479731334826708,31.776999950408936,32.066499862670895,44.09483507563789,-0.17270542290119906,-0.14233985133543825,-0.030365571565760807,32.277279029491645,31.776999950408936,31.276720871326226,3.1486866593035394
2015-07-07,31.47249984741211,31.537500381469727,30.9424991607666,31.42250061035156,28.014989852905277,187787200,-0.0024604474648486363,31.75062494277954,32.043549880981445,42.94198324139338,-0.17895987293719529,-0.14966385565578966,-0.02929601728140563,32.26700144597369,31.75062494277954,31.234248439585393,3.2527013507592626
2015-07-08,31.1200008392334,31.15999984741211,30.63500022888184,30.64249992370605,27.31957626342773,243046400,-0.024822910632088968,31.689999961853026,31.993149909973145,33.460103574601945,-0.2440429313252963,-0.168539670789691,-0.0755032605356053,32.39381282048707,31.689999961853026,30.986187103218985,4.441860899219065
2015-07-09,30.962499618530277,31.01499938964844,29.80500030517578,30.01749992370605,26.762357711791992,314380000,-0.020396310186614364,31.579874897003172,31.940699920654296,28.105023079681075,-0.3421103653179678,-0.2032538096953464,-0.1388565556226214,32.55461251759123,31.579874897003172,30.605137276415117,6.17315694737319
2015-07-10,30.48500061035156,30.962499618530277,30.302499771118164,30.81999969482422,27.477827072143555,245418000,0.02673416774622628,31.51349992752075,31.91389991760254,41.1325880681052,-0.351028055618265,-0.23280865887993013,-0.11821939673833487,32.505232504192364,31.51349992752075,30.521767350849142,6.29401735099268
2015-07-13,31.25749969482422,31.440000534057617,31.07999992370605,31.415000915527344,28.008310317993164,165762000,0.019305865942631284,31.4946249961853,31.91644992828369,48.57324744194419,-0.30655004544852105,-0.24755693619364832,-0.05899310925487272,32.47873916922138,31.4946249961853,30.51051082314922,6.249410324176115
2015-07-14,31.51000022888184,31.592500686645508,31.26000022888184,31.40250015258789,27.997163772583008,127072400,-0.00039797279034703426,31.47825002670288,31.899749946594238,48.43473246567781,-0.26920636563037803,-0.2518868220809943,-0.017319543549383754,32.45703769981902,31.47825002670288,30.499462353586743,6.218818849750769
2015-07-15,31.43000030517578,31.787500381469727,31.395000457763672,31.70499992370605,28.266860961914062,134596800,0.009633018241482105,31.46850004196167,31.89034996032715,52.00169622105782,-0.2127495821437151,-0.24405937409353845,0.03130979194982336,32.43408464195856,31.46850004196167,30.502915441964774,6.1368326975187
2015-07-16,31.934999465942383,32.14250183105469,31.837499618530277,32.127498626708984,28.64354515075684,144889600,0.013325999988124337,31.483624935150146,31.90389991760254,56.525096880703344,-0.13238896256682153,-0.22172529178819506,0.08933632922137352,32.48005649040297,31.483624935150146,30.487193379897317,6.329840082298491
2015-07-17,32.27000045776367,32.404998779296875,32.07749938964844,32.404998779296875,28.89094352722168,184658800,0.008637142335654824,31.505374908447266,31.926949882507323,59.242002399484164,-0.04578289274809677,-0.1865368119801754,0.14075391923207864,32.56057988565818,31.505374908447266,30.450169931236353,6.6985711503340335
2015-07-20,32.74250030517578,33.24250030517578,32.67499923706055,33.01750183105469,29.43702507019043,235600800,0.018901478328467114,31.573750019073486,31.960999908447267,64.51344484815519,0.07145325032985284,-0.13493879951816976,0.2063920498480226,32.81788796382866,31.573750019073486,30.329612074318316,7.880837366506017
2015-07-21,33.212501525878906,33.22999954223633,32.58000183105469,32.6875,29.14281272888184,307025600,-0.009994635687779696,31.613000011444093,31.976649894714356,60.01011396827017,0.1361657149326625,-0.08071789662800331,0.21688361156066582,32.942732861275545,31.613000011444093,30.283267161612645,8.412569824756135
2015-07-22,30.497499465942383,31.375,30.497499465942383,31.30500030517578,27.910234451293945,461802400,-0.042294417119400185,31.59037504196167,31.97114990234375,45.63742228782493,0.07502974185848998,-0.049568368930704654,0.12459811078919464,32.92489316737527,31.59037504196167,30.255856916548073,8.448890674079996
2015-07-23,31.549999237060547,31.772499084472656,31.26499938964844,31.290000915527344,27.896862030029297,203998000,-0.000479122498522333,31.55350008010864,31.967599906921386,45.510067766922525,0.02507961515481938,-0.03463877211359985,0.05971838726841923,32.87838831181312,31.55350008010864,30.228611848404167,8.397725946984162
2015-07-24,31.32999992370605,31.434999465942383,30.975000381469727,31.125,27.749759674072266,168649200,-0.005273078950553067,31.516000080108643,31.960049896240236,44.05369337233706,-0.027503373275081344,-0.03321169234589615,0.005708319070814809,32.84481679077329,31.516000080108643,30.187183369444,8.43264822494608
2015-07-27,30.772499084472656,30.90250015258789,30.530000686645508,30.6924991607666,27.364154815673828,177822000,-0.013895790915938067,31.466250038146974,31.929149894714357,40.403854941983056,-0.10288893402623955,-0.047147140681964836,-0.05574179334427472,32.83942223862575,31.466250038146974,30.093077837668194,8.727904970017482
2015-07-28,30.84499931335449,30.977500915527344,30.637500762939453,30.84499931335449,27.5001163482666,134472400,0.004968599743299773,31.451875019073487,31.90219985961914,42.22156697241897,-0.14861391749633412,-0.0674404960448387,-0.08117342145149542,32.8446018270842,31.451875019073487,30.059148211062777,8.856240253823428
2015-07-29,30.787500381469727,30.875,30.5674991607666,30.747499465942383,27.41319465637207,148046800,-0.0031607754234105334,31.421374988555907,31.866199836730956,41.353139133988584,-0.19052249445311276,-0.09205689572649353,-0.09846559872661922,32.84735346395806,31.421374988555907,29.99539651315376,9.076486792328529
2015-07-30,30.57999992370605,30.64249992370605,30.427499771118164,30.592500686645508,27.274999618530277,134513200,-0.005041186901931227,31.36850004196167,31.827699813842774,39.946486068678105,-0.2335502280873385,-0.12035556219866253,-0.11319466588867597,32.83450967691915,31.36850004196167,29.90249040700419,9.347017759831653
2015-07-31,30.649999618530277,30.65999984741211,30.227500915527344,30.325000762939453,27.0365047454834,171540000,-0.008744083460402674,31.304250049591065,31.783899841308592,37.57121169185832,-0.28593889959968166,-0.15347222967886637,-0.1324666699208153,32.83355892874763,31.304250049591065,29.7749411704345,9.770615023416237
2015-08-03,30.375,30.64249992370605,29.3799991607666,29.61000061035156,26.399045944213867,279904000,-0.023577707520644697,31.20975008010864,31.719149856567384,32.08033974060271,-0.3807626413089622,-0.19893031200488553,-0.18183232930407667,32.90370913947048,31.20975008010864,29.515791020746803,10.85531960373802
2015-08-04,29.354999542236328,29.424999237060547,28.3125,28.65999984741211,25.55206680297852,496554400,-0.03208370268475513,31.07162504196167,31.629649887084963,26.532046915814874,-0.526499107881957,-0.26444407118029983,-0.26205503670165714,33.09260893164142,31.07162504196167,29.05064115228192,13.008549678045156
2015-08-05,28.237499237060547,29.36000061035156,28.024999618530277,28.850000381469727,25.72145271301269,397250400,0.006629049279662569,30.982000064849853,31.558549919128417,29.170504485862665,-0.6195233726182288,-0.33545993146788566,-0.2840634411503431,33.21863568319575,30.982000064849853,28.745364446503956,14.438290708568147
2015-08-06,28.99250030517578,29.125,28.530000686645508,28.78249931335449,25.77743148803711,211612000,0.002176345778327482,30.920250034332277,31.473999938964845,28.77512880071467,-0.6907302364906762,-0.4065139924724438,-0.2842162440182324,33.32208167516189,30.920250034332277,28.51841839350266,15.535654712770711
2015-08-07,28.645000457763672,29.0625,28.625,28.8799991607666,25.864749908447266,154681600,0.003387398021043264,30.823250007629394,31.39269992828369,30.245795909273966,-0.730869754699853,-0.4713851449179257,-0.25948460978192733,33.38482645768347,30.823250007629394,28.261673557575318,16.62106656124861
2015-08-10,29.13249969482422,29.997499465942383,29.13249969482422,29.93000030517578,26.80512809753418,219806400,0.036357521043719476,30.748999977111815,31.339899940490724,43.72260842522312,-0.6702283200709829,-0.5111537799485372,-0.1590745401224457,33.32371681982118,30.748999977111815,28.17428313440245,16.746670425873155
2015-08-11,29.45249938964844,29.545000076293945,28.332500457763672,28.372499465942383,25.410234451293945,388331200,-0.05203831301102979,30.597499942779542,31.254649963378906,33.410944462408054,-0.7393243761829851,-0.5567878991954267,-0.18253647698755837,33.35095163448739,30.597499942779542,27.844048251071694,17.99788673491026
2015-08-12,28.13249969482422,28.854999542236328,27.40749931335449,28.809999465942383,25.802059173583984,404870000,0.01541995698784615,30.452749919891357,31.18104991912842,37.8453057499366,-0.7501338289638078,-0.5954570851491029,-0.15467674381470486,33.26191461628287,30.452749919891357,27.643585223499837,18.449333500463986
2015-08-13,29.01000022888184,29.100000381469727,28.63500022888184,28.787500381469727,25.781911849975582,194143200,-0.000780841694566381,30.285750007629396,31.106199951171874,37.706242317243465,-0.7518490385481513,-0.6267354758289125,-0.1251135627192388,33.07385060974469,30.285750007629396,27.497649405514103,18.411963391449323
2015-08-14,28.57999992370605,29.07749938964844,28.502500534057617,28.989999771118164,25.963266372680664,171718000,0.007034176664646896,30.11500005722046,31.03919994354248,39.84859162343939,-0.7284709860448615,-0.6470825778721023,-0.08138840817275916,32.77853782663504,30.11500005722046,27.45146228780588,17.689110173360007
2015-08-17,29.01000022888184,29.412500381469727,28.875,29.290000915527344,26.23195075988769,163538800,0.01034863577449352,29.92862501144409,30.981749992370606,42.977384156150656,-0.6779214691615572,-0.6532503561299933,-0.024671113031563885,32.253858811663356,29.92862501144409,27.603391211224828,15.538527408660721
2015-08-18,29.107500076293945,29.36000061035156,29.002500534057617,29.125,26.084177017211918,138242800,-0.005633349346696015,29.750500011444093,30.925249977111818,41.69286429357798,-0.6437540122248357,-0.6513510873489619,0.007597075124126107,31.721967118572675,29.750500011444093,27.77903290431551,13.253337633789148
2015-08-19,29.024999618530277,29.1299991607666,28.670000076293945,28.752500534057617,25.75056266784668,193146000,-0.01278991279445385,29.622875022888184,30.863199996948243,38.86848849239562,-0.6393634661846335,-0.6489535631160962,0.009590096931462733,31.503682392717614,29.622875022888184,27.742067653058754,12.698344562276414
2015-08-20,28.520000457763672,28.587499618530277,27.90749931335449,28.162500381469727,25.22216415405273,274006400,-0.020519882249164678,29.466499996185302,30.782049980163574,34.842427850781164,-0.675702925576843,-0.6543034356082457,-0.021399489968597307,31.285923211596554,29.466499996185302,27.64707678077405,12.349096198373015
2015-08-21,27.607500076293945,27.975000381469727,26.412500381469727,26.440000534057617,23.67950439453125,513102000,-0.06116286255609049,29.232250022888184,30.667900009155275,26.28293144926883,-0.8338810889902071,-0.690218966284638,-0.1436621227055691,31.323332035421352,29.232250022888184,27.141168010355017,14.30667848623283
2015-08-24,23.717500686645508,27.200000762939453,23.0,25.780000686645508,23.088409423828125,648825200,-0.02496230330055549,28.986625099182127,30.547650032043457,23.86385429820234,-1.0009564915835192,-0.7523664713444143,-0.24859002023910493,31.454100966853378,28.986625099182127,26.519149231510877,17.024926904932247
2015-08-25,27.77750015258789,27.77750015258789,25.875,25.934999465942383,23.227224349975582,414406400,0.006012320883576949,28.741125106811523,30.431750030517577,25.595832044706242,-1.1080845369582022,-0.8235100844671719,-0.2845744524910303,31.390488998320794,28.741125106811523,26.091761215302252,18.436048565693643
2015-08-26,26.772499084472656,27.47249984741211,26.262500762939453,27.42250061035156,24.55942153930664,387098400,0.05735498866580935,28.574875164031983,30.342200050354005,39.75891818675909,-1.0607279622765766,-0.8709536600290528,-0.18977430224752379,31.114800232705,28.574875164031983,26.034950095358965,17.777330988098903
2015-08-27,28.0575008392334,28.309999465942383,27.5049991607666,28.229999542236328,25.28261375427246,338464400,0.029446630646750904,28.456750106811523,30.270300025939942,45.79142666809845,-0.9471212956688042,-0.8861871871570032,-0.06093410851180103,30.824244674260783,28.456750106811523,26.089255539362263,16.639247690357774
2015-08-28,28.042499542236328,28.32749938964844,27.88500022888184,28.32250022888184,25.365463256835938,212657600,0.00327693581718691,28.356625080108643,30.197350044250488,46.45292479149208,-0.8399408463073073,-0.876937918987064,0.036997072679756715,30.563537617146096,28.356625080108643,26.14971254307119,15.565410416809716
2015-08-31,28.00749969482422,28.63249969482422,28.0,28.190000534057617,25.24679183959961,224917200,-0.004678464415758143,28.285625076293947,30.128150062561033,45.5946446212336,-0.7569653605393185,-0.8529434072975149,0.09597804675819643,30.416742540882264,28.285625076293947,26.15450761170563,15.068554849610855
2015-09-01,27.537500381469727,27.96999931335449,26.84000015258789,26.93000030517578,24.118343353271484,307383600,-0.044696708140087416,28.19912509918213,30.028700065612792,38.34010660751972,-0.7838425297140716,-0.8391232317808264,0.05528070206675473,30.40167931505874,28.19912509918213,25.99657088330552,15.621436538401623
2015-09-02,27.5575008392334,28.084999084472656,27.28249931335449,28.084999084472656,25.15275382995605,247555200,0.04288895226065592,28.160875034332275,29.955250053405763,46.71028822708583,-0.7038308077308457,-0.8120647469708303,0.10823393923998459,30.34336673577351,28.160875034332275,25.97838333289104,15.500169641607059
2015-09-03,28.122499465942383,28.19499969482422,27.51000022888184,27.592500686645508,24.7116756439209,212935600,-0.01753597991762812,28.101375102996826,29.866550064086915,43.969404122198654,-0.6724103187361159,-0.7841338613238874,0.11172354258777151,30.277710461003917,28.101375102996826,25.925039744989736,15.489173394756747
2015-09-04,27.24250030517578,27.612499237060547,27.127500534057617,27.3174991607666,24.465377807617188,199985200,-0.00996686100338573,28.023250102996826,29.775400047302245,42.47081130278379,-0.6620677745085217,-0.7597206439608143,0.09765286945229257,30.194347231617687,28.023250102996826,25.852152974375965,15.494970216810666
2015-09-08,27.9375,28.13999938964844,27.57999992370605,28.07749938964844,25.146034240722656,219374400,0.027821210792565276,27.93062505722046,29.703200035095215,47.76896997432274,-0.5857929107782809,-0.7249350973243077,0.13914218654602684,29.918788651043663,27.93062505722046,25.942461463397258,14.236441825058504
2015-09-09,28.440000534057617,28.5049991607666,27.4424991607666,27.537500381469727,24.66241455078125,340043200,-0.01923244378464295,27.888875102996828,29.631300048828123,44.624320453495315,-0.5624345434280649,-0.6924349865450592,0.13000044311699432,29.873234204725506,27.888875102996828,25.90451600126815,14.230470712068605
2015-09-10,27.5674991607666,28.31999969482422,27.475000381469727,28.14249992370605,25.204254150390625,251571200,0.021970257555021577,27.85550012588501,29.567000045776368,48.69904790316077,-0.4894622460558793,-0.6518404384472233,0.162378192391344,29.79879541475857,27.85550012588501,25.912204837011448,13.952686400110501
2015-09-11,27.94750022888184,28.552499771118164,27.940000534057617,28.552499771118164,25.571439743041992,199662000,0.014568397480061002,27.843750095367433,29.505050048828124,51.31361823504305,-0.3940057603319076,-0.6002735028241601,0.20626774249225255,29.767101631800266,27.843750095367433,25.9203985589346,13.815319630762199
2015-09-14,29.145000457763672,29.22249984741211,28.71500015258789,28.82749938964844,25.817731857299805,233453600,0.009631530986628611,27.835625076293944,29.44940002441406,53.042299037469526,-0.2927905297499471,-0.5387769082093176,0.24598637845937044,29.740826362228507,27.835625076293944,25.93042379035938,13.688941999417267
2015-09-15,28.982500076293945,29.13249969482422,28.604999542236328,29.06999969482422,26.0349178314209,173364800,0.008412279410194845,27.82462501525879,29.400800018310548,54.57400921740317,-0.1908094497671513,-0.46918341652088436,0.27837396675373305,29.698391878553362,27.82462501525879,25.950858151964216,13.468406940018172
2015-09-16,29.0625,29.13500022888184,28.86000061035156,29.102500915527344,26.06402587890625,148694000,0.0011180387690803428,27.823500061035155,29.354400024414062,54.78687524836254,-0.10614258659329323,-0.3965752505353662,0.29043266394207295,29.69416719844952,27.823500061035155,25.95283292362079,13.446670140785791
2015-09-17,28.915000915527344,29.122499465942383,28.43000030517578,28.479999542236328,25.50650978088379,256450400,-0.02139025262684613,27.809875011444092,29.31115001678467,49.958138532093564,-0.08825677671569565,-0.33491155577143206,0.2466547790557364,29.657100744559813,27.809875011444092,25.96264927832837,13.28467483119263
2015-09-18,28.052499771118164,28.575000762939453,27.967500686645508,28.362499237060547,25.40128326416016,297141200,-0.004125476893059421,27.819874954223632,29.278050003051757,49.07884338033857,-0.08261114629324595,-0.2844514738757949,0.20184032758254894,29.676768244182167,27.819874954223632,25.962981664265097,13.34940069295042
2015-09-21,28.417499542236328,28.842500686645508,28.415000915527344,28.802499771118164,25.795345306396484,200888000,0.015513469856553552,27.93799991607666,29.237700004577636,52.45361817419049,-0.042146736307604016,-0.23599052636215673,0.1938437900545527,29.728122338401906,27.93799991607666,26.147877493751412,12.814964762707568
2015-09-22,28.34499931335449,28.545000076293945,28.1299991607666,28.350000381469727,25.390087127685547,201384800,-0.015710515749926657,28.06649990081787,29.176399993896485,48.86679574123309,-0.04606036371180622,-0.19800449383208663,0.1519441301202804,29.56351227366232,28.06649990081787,26.569487527973422,10.667609984391568
2015-09-23,28.40749931335449,28.68000030517578,28.325000762939453,28.57999992370605,25.59608459472656,143026800,0.008113302880965234,28.198749923706053,29.119949989318847,50.71169217818921,-0.030254149747964476,-0.1644544250152622,0.13420027526729772,29.345555663210355,28.198749923706053,27.05194418420175,8.133734598924246
2015-09-24,28.3125,28.875,28.092500686645508,28.75,25.748327255249023,200878000,0.005947888629569187,28.265124893188478,29.060849990844726,52.08770593894902,-0.003964327596172268,-0.13235640553144423,0.12839207793527196,29.377691110494663,28.265124893188478,27.152558675882293,7.872360171840589
2015-09-25,29.11000061035156,29.17250061035156,28.5049991607666,28.677499771118164,25.683395385742188,224607600,-0.002521789818155984,28.28749990463257,28.99185001373291,51.4282953107337,0.01089479489225198,-0.103706165446705,0.11460096033895698,29.414249598786554,28.28749990463257,27.160750210478582,7.9664141260462635
2015-09-28,28.462499618530277,28.64249992370605,28.11000061035156,28.11000061035156,25.17514038085937,208436000,-0.01978924504526247,28.276874923706053,28.905950050354004,46.46926208978034,-0.02285818800438122,-0.08753656995824025,0.06467838195385903,29.40610895956925,28.276874923706053,27.147640887842858,7.986979034352178
2015-09-29,28.207500457763672,28.377500534057617,26.96500015258789,27.26499938964844,24.41836929321289,293461600,-0.03006025293991421,28.230624866485595,28.79090000152588,40.24629392406064,-0.11644984533841196,-0.09331922503427459,-0.023130620304137373,29.443011860786434,28.230624866485595,27.018237872184756,8.589161593374028
2015-09-30,27.542499542236328,27.88500022888184,27.1825008392334,27.575000762939453,24.69600486755371,265892000,0.01136994739521735,28.26287488937378,28.688650016784667,43.24889141574536,-0.16372012435082084,-0.10739940489758384,-0.056320719453236995,29.364403695705388,28.26287488937378,27.161346083042172,7.794881523151479
2015-10-01,27.26749992370605,27.405000686645508,26.82749938964844,27.395000457763672,24.5347957611084,255716400,-0.006527740309004937,28.22837495803833,28.610450019836424,41.93134662571328,-0.21324848553581077,-0.12856922102522922,-0.08467926451058155,29.391524980840376,28.22837495803833,27.065224935236284,8.240998814356667
2015-10-02,27.002500534057617,27.752500534057617,26.887500762939453,27.59499931335449,24.713911056518555,232079200,0.0073004600141846065,28.22849988937378,28.53654998779297,43.97365651482109,-0.23366825028562843,-0.14958902687730907,-0.08407922340831936,29.391377198794213,28.22849988937378,27.065622579953345,8.239030157306962
2015-10-05,27.46999931335449,27.842500686645508,27.26749992370605,27.69499969482422,24.803476333618164,208258800,0.0036240834926848375,28.24737491607666,28.467949981689454,45.014973973759915,-0.23902651702040245,-0.16747652490592776,-0.07154999211447469,29.361735089559673,28.24737491607666,27.133014742593645,7.8900087303248085
2015-10-06,27.65749931335449,27.934999465942383,27.4424991607666,27.82749938964844,24.922143936157227,192787200,0.004784313333458856,28.23487491607666,28.41064998626709,46.43555300744454,-0.2299308641112887,-0.17996739274699997,-0.04996347136428875,29.362110982252645,28.23487491607666,27.107638849900674,7.9847073488124325
2015-10-07,27.934999465942383,27.9424991607666,27.352500915527344,27.69499969482422,24.803476333618164,187062400,-0.004761532669221857,28.242749881744384,28.347649993896486,45.17854543673673,-0.23075412179968424,-0.1901247385575368,-0.04062938324214743,29.352452495579133,28.242749881744384,27.133047267909635,7.858318460356731
2015-10-08,27.54750061035156,27.54750061035156,27.052499771118164,27.375,24.516883850097656,247918400,-0.011554528875940884,28.204374885559083,28.280200004577637,42.20694406791372,-0.2542964888429573,-0.20295908861462092,-0.05133740022833638,29.37661090721126,28.204374885559083,27.03213886390691,8.312441076312393
2015-10-09,27.5,28.06999969482422,27.372499465942383,28.030000686645508,25.103504180908203,211064400,0.023927197860759586,28.17824993133545,28.228950004577637,49.525232278267275,-0.21759263059639267,-0.20588579701097529,-0.011706833585417381,29.341542810444757,28.17824993133545,27.014957052226144,8.256672305370346
2015-10-12,28.1825008392334,28.1875,27.86000061035156,27.899999618530277,24.98706817626953,121868800,-0.0046382371082370755,28.13187494277954,28.180449981689453,48.22010797527463,-0.19672681397825542,-0.20405400040443133,0.007327186426175913,29.26140025892941,28.13187494277954,27.00234962662967,8.03021710033429
2015-10-13,27.70499992370605,28.112499237060547,27.670000076293945,27.94750022888184,25.029617309570312,132197200,0.0017028461682908613,28.075749969482423,28.147199974060058,48.75153443636368,-0.17434782846331487,-0.19811276601620806,0.02376493755289319,29.121699579290777,28.075749969482423,27.02980035967407,7.450911273574327
2015-10-14,27.82250022888184,27.8799991607666,27.38999938964844,27.552499771118164,24.675853729248047,177849600,-0.014133799008864578,27.99824991226196,28.12504997253418,44.64792164955931,-0.18633757344029434,-0.19575772750102532,0.00942015406073099,28.95423119019494,27.99824991226196,27.042268634328984,6.828864524952334
2015-10-15,27.732500076293945,28.024999618530277,27.622499465942383,27.96500015258789,25.0452823638916,150694000,0.014971260516335239,27.972499942779542,28.107349967956544,49.43468785630621,-0.16070172983276265,-0.1887465279673728,0.028044798134610138,28.902581943547524,27.972499942779542,27.04241794201156,6.649974100781514
2015-10-16,27.94499969482422,28.0,27.63249969482422,27.76000022888184,24.8616886138916,156930400,-0.007330472355332351,27.942374992370606,28.08689998626709,47.247908810459485,-0.15513857869990488,-0.1820249381138792,0.026886359413974326,28.85890857788583,27.942374992370606,27.02584140685538,6.560169532943965
2015-10-19,27.700000762939453,27.9375,27.52750015258789,27.9325008392334,25.01617813110352,119036800,0.006213959140554781,27.898875045776368,28.067950019836427,49.2810384895373,-0.13525129104697697,-0.17267020870049876,0.03741891765352179,28.726233133148167,27.898875045776368,27.07151695840457,5.931121495144682
2015-10-20,27.834999084472656,28.542499542236328,27.70499992370605,28.4424991607666,25.47293281555176,195871200,0.018258371924540384,27.90349998474121,28.038199996948244,54.82461511651507,-0.07744513072881887,-0.1536251931061628,0.07618006237734393,28.741854603310642,27.90349998474121,27.065145366171777,6.008956718891034
2015-10-21,28.5,28.895000457763672,28.424999237060547,28.440000534057617,25.47068977355957,167180800,-8.805589872329378e-05,27.896500015258788,28.039550018310546,54.79301692474325,-0.031472159040621506,-0.12919458629305455,0.09772242725243305,28.714227722130186,27.896500015258788,27.07877230838739,5.862582807335106
2015-10-22,28.582500457763672,28.875,28.524999618530277,28.875,25.86027717590332,166616400,0.015295518331355451,27.90275001525879,28.0408500289917,59.201625382861025,0.03960602015255077,-0.0954344650039335,0.13504048515648426,28.74792594476827,27.90275001525879,27.05757408574931,6.058011694526817
2015-10-23,29.174999237060547,29.8075008392334,29.082500457763672,29.770000457763672,26.661828994750977,237467600,0.030995484441077137,27.957375049591064,28.060500030517577,66.45092118885171,0.16623874953971907,-0.04309982209520299,0.20933857163492206,29.088597477093767,27.957375049591064,26.82615262208836,8.09247953712485
2015-10-26,29.520000457763672,29.53249931335449,28.729999542236328,28.81999969482422,25.811017990112305,265335200,-0.03191120177112283,27.992875003814696,28.057100028991698,55.23247208993333,0.1877744310810492,0.0030750285400474447,0.18469940254100176,29.18400410548203,27.992875003814696,26.801745902147363,8.51023056049093
2015-10-27,28.850000381469727,29.13500022888184,28.497499465942383,28.637500762939453,25.647573471069336,279537600,-0.006332354621021996,28.061500072479248,28.044050025939942,53.368506371749824,0.1879489171402149,0.040049806260080936,0.14789911088013397,29.23499861468875,28.061500072479248,26.888001530269747,8.363762016845179
2015-10-28,29.232500076293945,29.825000762939453,29.01499938964844,29.8174991607666,26.704376220703125,342205600,0.041204784960490404,28.173624992370605,28.057900009155272,62.241397040284596,0.2800746810629242,0.0880547812206496,0.19201989984227463,29.550643903606726,28.173624992370605,26.796606081134485,9.775234188777741
2015-10-29,29.674999237060547,30.17250061035156,29.5674991607666,30.13249969482422,26.98648452758789,204909200,0.010564122694843414,28.310499954223634,28.085499992370604,64.19973054882385,0.37418949960453673,0.14528172489742702,0.2289077747071097,29.88130511336242,28.310499954223634,26.739694795084848,11.096979295163862
2015-10-30,30.247499465942383,30.30500030517578,29.862499237060547,29.875,26.7558708190918,197461200,-0.008545526122913039,28.424499988555908,28.119749984741212,61.396465144399166,0.42312062679954465,0.20084950527785056,0.2222711215216941,30.09859337361422,28.424499988555908,26.750406603497595,11.779228382081135
2015-11-02,30.200000762939453,30.34000015258789,29.90250015258789,30.295000076293945,27.132022857666016,128813200,0.014058672996201338,28.554500007629393,28.196849975585938,64.14639240922943,0.4901393721205096,0.2587074786463824,0.23143189347412724,30.37886527313799,28.554500007629393,26.730134742120796,12.778127895926387
2015-11-03,30.19750022888184,30.872499465942383,30.174999237060547,30.64249992370605,27.4432373046875,182076000,0.011470373906660392,28.695250034332275,28.29409996032715,66.28627898314352,0.5647820877966439,0.3199224004764347,0.24485968732020913,30.699073652349867,28.695250034332275,26.691426416314684,13.966239120552201
2015-11-04,30.78249931335449,30.95499992370605,30.405000686645508,30.5,27.31561279296875,179544400,-0.004650490403220409,28.835500049591065,28.3853999710083,64.5840122505989,0.6054590695515749,0.37702973429146275,0.22842933526011217,30.930244225948428,28.835500049591065,26.740755873233702,14.528925614293758
2015-11-05,30.462499618530277,30.67250061035156,30.045000076293945,30.229999542236328,27.18969345092773,158210800,-0.004609793783335259,28.97825002670288,28.441549949645996,61.36826175235004,0.6088901831897999,0.4234018240711302,0.18548835911866973,31.04434698196608,28.97825002670288,26.912153071439683,14.259639235352935
2015-11-06,30.27750015258789,30.45249938964844,30.155000686645508,30.26499938964844,27.22117805480957,132169200,0.0011579609729202023,29.089999961853028,28.482249946594237,61.63493508903175,0.6074314687889242,0.460207753014689,0.14722371577423515,31.18048169077293,29.089999961853028,26.999518232933127,14.372511046141215
2015-11-09,30.239999771118164,30.45249938964844,30.012500762939453,30.14249992370605,27.11100196838379,135485600,-0.0040474400558250245,29.202124977111815,28.51864994049072,60.07193257441473,0.5895942682710142,0.4860850560659541,0.10350921220506015,31.26565516910787,29.202124977111815,27.13859478511576,14.13273995377678
2015-11-10,29.225000381469727,29.51749992370605,29.01499938964844,29.1924991607666,26.256534576416016,236511600,-0.0315173667489026,29.264374923706054,28.538699913024903,49.572855741715415,0.4931166939752565,0.4874913836478146,0.005625310327441901,31.246257490703695,29.264374923706054,27.282492356708413,13.544677254610937
2015-11-11,29.092500686645508,29.354999542236328,28.802499771118164,29.02750015258789,26.108139038085938,180872000,-0.005651756437933364,29.33812494277954,28.580649909973143,48.00359420959355,0.39874697335918796,0.4697425015900893,-0.07099552823090133,31.163288188066026,29.33812494277954,27.512961697493054,12.442262406655136
2015-11-12,29.065000534057617,29.20499992370605,28.912500381469727,28.93000030517578,26.020442962646484,130102400,-0.0033589554319257697,29.386374950408936,28.597549934387207,47.05567636956525,0.3124886919050738,0.4382917396530862,-0.12580304774801243,31.112100138576455,29.386374950408936,27.660649762241416,11.74507023121955
2015-11-13,28.799999237060547,28.89249992370605,28.0674991607666,28.084999084472656,25.26042366027832,183249600,-0.029208545890598625,29.402624893188477,28.60739990234375,39.732764494662845,0.1739387877820313,0.3854211492788753,-0.21148236149684396,31.071986467095783,29.402624893188477,27.73326331928117,11.35518736828178
2015-11-16,27.84499931335449,28.559999465942383,27.75,28.545000076293945,25.67416000366211,152426800,0.016378836275592112,29.433249855041502,28.631949920654296,44.771495627908934,0.10010132050576459,0.3283571835242532,-0.2282558630184886,31.01371422660813,29.433249855041502,27.852785483474875,10.739312711646866
2015-11-17,28.729999542236328,28.762500762939453,28.32999992370605,28.42250061035156,25.563980102539062,110467600,-0.0042914705333039205,29.43224992752075,28.63884994506836,43.72313354641599,0.03133866002319152,0.26895347882404086,-0.23761481880084934,31.015243626136865,29.43224992752075,27.849256228904636,10.756865020610805
2015-11-18,28.940000534057617,29.372499465942383,28.875,29.32250022888184,26.37346649169922,186698800,0.03166511575714126,29.476374912261964,28.6745499420166,52.519747535920914,0.04890248636520411,0.2249432803322735,-0.1760407939670694,30.99412924687918,29.476374912261964,27.958620577644748,10.298107139259113
2015-11-19,29.40999984741211,29.9375,29.190000534057617,29.69499969482422,26.708494186401367,173183200,0.012703210433395062,29.517374897003172,28.705599937438965,55.612294713188305,0.09182108278965018,0.19831884082374884,-0.10649775803409867,31.0120598896838,29.517374897003172,28.022689904322544,10.127492691312332
2015-11-20,29.799999237060547,29.979999542236328,29.712499618530277,29.825000762939453,26.82542610168457,137148400,0.004378079665110501,29.520124912261963,28.731049957275392,56.67293598958147,0.1347708252192561,0.18560923770285032,-0.05083841248359422,31.0168599512377,29.520124912261963,28.023389873286227,10.140438385164334
2015-11-23,29.8174991607666,29.9325008392334,29.334999084472656,29.4375,26.47689437866211,129930000,-0.012992588512902414,29.550999927520753,28.74324996948242,52.63559274853099,0.13597331668637835,0.17568205349955596,-0.0397087368131776,31.013782557249307,29.550999927520753,28.0882172977922,9.900055045963231
2015-11-24,29.332500457763672,29.837499618530277,29.280000686645508,29.71999931335449,26.730981826782227,171212800,0.009596572939645442,29.605124855041502,28.756249961853026,55.14439372500309,0.15790144392466132,0.17212593158457704,-0.014224487659915713,31.00756237752276,29.605124855041502,28.202687332560245,9.474288856055502
2015-11-25,29.802499771118164,29.8075008392334,29.479999542236328,29.50749969482422,26.53986167907715,85553200,-0.007149761611584093,29.589624881744385,28.764349937438965,52.8756007956526,0.15633061741748833,0.1689668687511593,-0.012636251333670967,30.989180372966352,29.589624881744385,28.190069390522417,9.459771773486978
2015-11-27,29.57250022888184,29.602500915527344,29.399999618530277,29.45249938964844,26.490386962890625,52185600,-0.001864166316493221,29.555624866485594,28.783799934387208,52.27610199553061,0.14893087865947052,0.16495967073282153,-0.016028792073351006,30.93364868211448,29.555624866485594,28.17760105085671,9.324951320460743
2015-11-30,29.497499465942383,29.852500915527344,29.4375,29.575000762939453,26.600568771362305,156721200,0.004159312909472801,29.54062490463257,28.808049964904786,53.53960546299651,0.15120833387045352,0.16220940336034795,-0.011001069489894433,30.91092583176837,29.54062490463257,28.170323977496768,9.277399727051208
2015-12-01,29.6875,29.70249938964844,29.21500015258789,29.334999084472656,26.384714126586918,139409600,-0.008114662758932134,29.492624855041505,28.818699951171876,50.70712130119848,0.13212405994016052,0.1561923346763105,-0.024068274736149975,30.82046092456429,29.492624855041505,28.16478878551872,9.00452961409302
2015-12-02,29.334999084472656,29.52750015258789,29.020000457763672,29.06999969482422,26.14635467529297,133546400,-0.00903399787279724,29.413999843597413,28.833099937438966,47.70601913903942,0.09452675372720876,0.14385921848649014,-0.04933246475928138,30.64269871977899,29.413999843597413,28.185300967415834,8.354517459134557
2015-12-03,29.137500762939453,29.19750022888184,28.55500030517578,28.799999237060547,25.903507232666016,166278000,-0.0092880038400317,29.32899980545044,28.837499923706055,44.796883722558384,0.04245444876750781,0.12357826454269369,-0.08112381577518588,30.478052016367844,29.32899980545044,28.179947594533036,7.835604477066867
2015-12-04,28.82250022888184,29.8125,28.77750015258789,29.75749969482422,26.76471900939941,231108000,0.03324691784004252,29.305374813079833,28.85764991760254,55.22460391064945,0.07755505035838439,0.11437362170583183,-0.03681857134744744,30.397368745415154,29.305374813079833,28.213380880744513,7.452516402198904
2015-12-07,29.7450008392334,29.96500015258789,29.45249938964844,29.56999969482422,26.596080780029297,128336800,-0.006300765919152407,29.270624828338622,28.87549991607666,53.108969538158625,0.08921443849529709,0.1093417850637249,-0.02012734656842781,30.2793120457236,29.270624828338622,28.261937610953645,6.892146807938366
2015-12-08,29.3799991607666,29.649999618530277,29.21500015258789,29.5575008392334,26.5848331451416,137238000,-0.0004229057273784642,29.24137487411499,28.904449920654297,52.963310716868165,0.09633553828768271,0.10674053570851647,-0.010404997420833756,30.17863364092835,29.24137487411499,28.304116107301628,6.4104972549908394
2015-12-09,29.40999984741211,29.42250061035156,28.770000457763672,28.905000686645508,25.997949600219727,185445600,-0.02207587844233394,29.226999950408935,28.93724994659424,45.887751858615026,0.04876561241103161,0.09514555104901949,-0.04637993863798788,30.175566866324925,29.226999950408935,28.278433034492945,6.49103170031461
2015-12-10,29.01000022888184,29.23500061035156,28.877500534057617,29.042499542236328,26.12162399291992,116850800,0.004757082562355075,29.22774991989136,28.966599922180176,47.480009747494336,0.02190856366692273,0.08049815357260014,-0.058589589905677406,30.175708247251016,29.22774991989136,28.2797915925317,6.486700686558914
2015-12-11,28.79750061035156,28.84749984741211,28.212499618530277,28.295000076293945,25.449296951293945,187544800,-0.025738332417930887,29.195999908447266,28.98459991455078,40.50255897069854,-0.05901254090767338,0.05259601467654543,-0.11160855558421881,30.221117572443582,29.195999908447266,28.17088224445095,7.02231584608081
2015-12-14,28.045000076293945,28.170000076293945,27.44750022888184,28.1200008392334,25.29190444946289,257274800,-0.006184552057853732,29.1977499961853,28.99509994506836,39.05552600471158,-0.13569981222413574,0.014936849296409191,-0.15063666152054495,30.215366921665744,29.1977499961853,28.18013307070486,6.970516054239761
2015-12-15,27.98500061035156,28.200000762939453,27.587499618530277,27.622499465942383,24.84444046020508,213292400,-0.017691984806913585,29.151624965667725,28.993649940490723,35.204815683074926,-0.23392271483176685,-0.03483506352922602,-0.19908765130254083,30.350833241275332,29.151624965667725,27.95241669006012,8.227385451205075
2015-12-16,27.76749992370605,27.997499465942383,27.200000762939453,27.834999084472656,25.035564422607425,224954000,0.007692826196205926,29.12224988937378,28.99379993438721,38.01598259835322,-0.2912606579626029,-0.0861201824159014,-0.2051404755467015,30.416477529690646,29.12224988937378,27.828022249056914,8.888239371842678
2015-12-17,28.0049991607666,28.0625,27.2450008392334,27.2450008392334,24.504905700683597,179091200,-0.021196195658550354,29.018374919891357,28.984799957275392,33.65067428167036,-0.3799297251871927,-0.1448820909701597,-0.235047634217033,30.54436899175935,29.018374919891357,27.492380848023366,10.517433013259204
2015-12-18,27.227500915527344,27.3799991607666,26.45249938964844,26.50749969482422,23.84157371520996,385813200,-0.02706935474781813,28.858999919891357,28.967449951171876,29.145452573159304,-0.5039021087469315,-0.21668609452551407,-0.28721601422141746,30.701929925842986,28.858999919891357,27.016069913939727,12.771960297081336
2015-12-21,26.81999969482422,26.842500686645508,26.39249992370605,26.832500457763672,24.133893966674805,190362400,0.012260946150478125,28.70937490463257,28.943499946594237,33.3784086743276,-0.5693630081248102,-0.2872214772453733,-0.28214153087943694,30.694708356302325,28.70937490463257,26.724041452962812,13.830558542390287
2015-12-22,26.850000381469727,26.93000030517578,26.612499237060547,26.8075008392334,24.11139869689941,131157600,-0.0009321027848410157,28.57787494659424,28.9216499710083,33.21403534025028,-0.6161558417865365,-0.35300835015360593,-0.26314749163293055,30.696783089881592,28.57787494659424,26.458966803306886,14.82901123506997
2015-12-23,26.8174991607666,27.212499618530277,26.799999237060547,27.15250015258789,24.42170143127441,130629600,0.012869545158942008,28.449499988555907,28.90574996948242,37.76858014426248,-0.6182738620597661,-0.406061452534838,-0.2122124095249281,30.587092149640974,28.449499988555907,26.31190782747084,15.027274025518441
2015-12-24,27.25,27.25,26.987499237060547,27.00749969482422,24.29129409790039,54281600,-0.005339813597386001,28.324499988555907,28.894849967956542,36.63768175059619,-0.6244544117585704,-0.4497400443795845,-0.17471436737898594,30.49217167515054,28.324499988555907,26.156828301961273,15.305983777086619
2015-12-28,26.897499084472656,26.92250061035156,26.545000076293945,26.70499992370605,24.01921844482422,106816800,-0.011200541724110447,28.18712501525879,28.869649963378905,34.32835053795077,-0.6463114690561405,-0.4890543293148957,-0.15725713974124478,30.39922640758854,28.18712501525879,25.97502362292904,15.695828440341133
2015-12-29,26.739999771118164,27.357500076293945,26.71500015258789,27.184999465942383,24.45093536376953,123724800,0.017973812092888508,28.067624950408934,28.85814994812012,40.71407660395387,-0.6177800095062551,-0.5147994653531676,-0.10298054415308755,30.224447338337356,28.067624950408934,25.910802562480512,15.368755936700643
2015-12-30,27.145000457763672,27.174999237060547,26.795000076293945,26.82999992370605,24.13164329528809,100855200,-0.01305848073830973,27.942374992370606,28.83609992980957,37.78754830285239,-0.6167051256554643,-0.535180597413627,-0.08152452824183731,30.08111955573491,27.942374992370606,25.8036304290063,15.30825181430189
2015-12-31,26.752500534057617,26.75749969482422,26.20499992370605,26.315000534057617,23.66843032836914,163649200,-0.019195251697152194,27.804625034332275,28.793549957275392,33.972506239964005,-0.6499175739419805,-0.5581279927192977,-0.09178958122268277,29.989502636203675,27.804625034332275,25.619747432460876,15.715929268411863
2016-01-04,25.65250015258789,26.342500686645508,25.5,26.337499618530277,23.68867301940918,270597600,0.0008552612386709679,27.681500053405763,28.751499938964844,34.28465400477623,-0.666737456043947,-0.5798498853842275,-0.08688757065971942,29.90532300676643,27.681500053405763,25.457677100045096,16.06721419771514
2016-01-05,26.4375,26.462499618530277,25.602500915527344,25.677499771118164,23.095054626464844,223164000,-0.025059166144847267,27.47750005722046,28.687549934387206,29.82965760641669,-0.7249668391818496,-0.608873276143752,-0.11609356303809759,29.650095983334474,27.47750005722046,25.304904131106447,15.813636041049554
2016-01-06,25.13999938964844,25.592500686645508,24.967500686645508,25.174999237060547,22.643085479736328,273829600,-0.019569953569652965,27.257750034332275,28.595649909973144,26.957522063152055,-0.8024119330844393,-0.6475810075318895,-0.15483092555254974,29.428372946452857,27.257750034332275,25.087127122211694,15.926647719540984
2016-01-07,24.670000076293945,25.03249931335449,24.107500076293945,24.112499237060547,21.687442779541016,324377600,-0.042204614784081995,26.985499954223634,28.501499900817873,22.10997523041563,-0.9387018279302382,-0.7058051716115593,-0.23289665631867884,29.29545085516617,26.985499954223634,24.6755490532811,17.119941486064583
2016-01-08,24.637500762939453,24.77750015258789,24.190000534057617,24.239999771118164,21.8021240234375,283192000,0.0052879099238325455,26.752249908447265,28.413549880981446,23.87892183378294,-1.0246132205720038,-0.7695667814036482,-0.25504643916835557,29.178957238983713,26.752249908447265,24.325542577910817,18.142080302338933
2016-01-11,24.74250030517578,24.76499938964844,24.334999084472656,24.63249969482422,22.1551456451416,198957600,0.01619207474118567,26.53174991607666,28.309849891662598,29.208881380743136,-1.0489356770689504,-0.8254405605367088,-0.22349511653224163,28.886329920696255,26.53174991607666,24.177169911457064,17.749149694742602
2016-01-12,25.137500762939453,25.17250061035156,24.709999084472656,24.989999771118164,22.476696014404297,196616800,0.014513575058948458,26.36649990081787,28.206999893188478,33.75845484042328,-1.027519525194748,-0.8658563534683166,-0.1616631717264314,28.666153179983443,26.36649990081787,24.0668466216523,17.44375087945775
2016-01-13,25.07999992370605,25.29750061035156,24.325000762939453,24.34749984741211,21.898805618286133,249758400,-0.025710646962873063,26.177874851226807,28.096449890136718,30.02388626884806,-1.050284419774755,-0.9027419667296044,-0.14754245304515057,28.49010466289556,26.177874851226807,23.865645039558053,17.66552728064855
2016-01-14,24.489999771118164,25.1200008392334,23.934999465942383,24.8799991607666,22.37775230407715,252680400,0.021870904474857733,26.04074983596802,27.98814987182617,36.312339411970186,-1.013672532471272,-0.9249280798779379,-0.08874445259333419,28.31906101506975,26.04074983596802,23.762438656866287,17.49804589693405
2016-01-15,24.049999237060547,24.427499771118164,23.84000015258789,24.28249931335449,21.840347290039062,319335600,-0.024015147130758696,25.86312484741211,27.86094985961914,32.7553713382447,-1.0210999871413478,-0.94416246133062,-0.07693752581072777,28.107879219160665,25.86312484741211,23.618370475663554,17.358725095998352
2016-01-19,24.602500915527344,24.662500381469727,23.875,24.165000915527344,21.73467254638672,212350800,-0.004838510223715176,25.709124851226807,27.734249877929688,32.08968443346653,-1.0246558424828471,-0.9602611375610655,-0.06439470492178168,27.976031757219534,25.709124851226807,23.44221794523408,17.635037513807497
2016-01-20,23.774999618530277,24.54750061035156,23.354999542236328,24.19750022888184,21.763898849487305,289337600,0.0013446856877281643,25.593624877929688,27.6135998916626,32.49831329278746,-1.0131722415570756,-0.9708433583602676,-0.042328883196808054,27.920645992296524,25.593624877929688,23.266603763562852,18.184380879736274
2016-01-21,24.26499938964844,24.46999931335449,23.73500061035156,24.075000762939453,21.653717041015625,208646000,-0.005062595136729131,25.455749893188475,27.48979991912842,31.723461661703666,-1.002401033082922,-0.9771548933047985,-0.02524613977812351,27.79952260424723,25.455749893188475,23.11197718212972,18.4144856929625
2016-01-22,24.65749931335449,25.364999771118164,24.592500686645508,25.354999542236328,22.80497360229492,263202000,0.053166694618694166,25.383124828338623,27.394049911499025,46.166810108535124,-0.8804305137580322,-0.9578100173954452,0.07737950363741308,27.64338077038206,25.383124828338623,23.122868886295187,17.809122850942337
2016-01-25,25.3799991607666,25.38249969482422,24.802499771118164,24.86000061035156,22.359764099121094,207178000,-0.019522473954059816,25.268499851226807,27.307399940490722,42.428831150998235,-0.8143232636822368,-0.9291126666528036,0.11478940297056672,27.386233395350715,25.268499851226807,23.1507663071029,16.761846224290917
2016-01-26,24.982500076293945,25.21999931335449,24.51749992370605,24.997499465942383,22.48343849182129,300308000,0.005531113483663974,25.167999839782716,27.226799926757813,43.79026953884384,-0.7422812272659556,-0.8917463787754341,0.14946515150947848,27.131226394530042,25.167999839782716,23.20477328503539,15.600973992729294
2016-01-27,24.01000022888184,24.15749931335449,23.334999084472656,23.354999542236328,21.006128311157227,533478800,-0.06570659470976636,25.00049982070923,27.115299911499022,33.575900001132396,-0.8084046259560616,-0.8750780282115597,0.06667340225549812,26.98215409022528,25.00049982070923,23.01884555119318,15.852917211475434
2016-01-28,23.44750022888184,23.6299991607666,23.09749984741211,23.522499084472656,21.15678024291992,222715200,0.007171808604190755,24.817374801635744,27.024049911499024,35.23498027377262,-0.8376363323758298,-0.8675896890444137,0.029953356668583897,26.627154912231212,24.817374801635744,23.007594691040275,14.584782839127561
2016-01-29,23.69750022888184,24.334999084472656,23.587499618530277,24.334999084472656,21.88756561279297,257666000,0.034541426506408346,24.69262475967407,26.939849891662597,42.71004001740968,-0.7861781384611071,-0.8513073789277524,0.06512924046664537,26.257699533265807,24.69262475967407,23.127549986082336,12.676455328861472
2016-02-01,24.11750030517578,24.177499771118164,23.850000381469727,24.107500076293945,21.68294906616211,163774000,-0.009348529217487078,24.58224973678589,26.853549880981447,41.273600502900116,-0.7550506636708256,-0.8320560358763671,0.07700537220554149,25.97608689104093,24.58224973678589,23.18841258253085,11.340191961106335
2016-02-02,23.854999542236328,24.01000022888184,23.56999969482422,23.6200008392334,21.24448013305664,149428800,-0.02022183106954456,24.446374797821044,26.739499893188476,38.30093618116353,-0.7609473030317524,-0.8178342893074443,0.056886986275691886,25.64551539638422,24.446374797821044,23.247234199257868,9.81037563630954
2016-02-03,23.75,24.209999084472656,23.520000457763672,24.087499618530277,21.66496086120605,183857200,0.01979246964462722,24.366874790191652,26.627349891662597,42.57247940127077,-0.719602063122391,-0.7981878440704336,0.0785857809480427,25.432370782280405,24.366874790191652,23.3013787981029,8.74544644122885
2016-02-04,23.96500015258789,24.332500457763672,23.79750061035156,24.149999618530277,21.839038848876957,185886800,0.008035001253227092,24.315624809265138,26.513849868774415,43.139244470613555,-0.6740227205937224,-0.7733548193750914,0.09933209878136906,25.31740792484881,24.315624809265138,23.313841693681468,8.239830343178797
2016-02-05,24.1299991607666,24.229999542236328,23.42250061035156,23.5049991607666,21.255754470825195,185672400,-0.02670833556769625,24.28524980545044,26.395199851989744,38.87521230117901,-0.682084266860457,-0.7551007088721646,0.07301644201170765,25.344990168004216,24.28524980545044,23.225509442896666,8.72744049201366
2016-02-08,23.28249931335449,23.924999237060547,23.26000022888184,23.752500534057617,21.479576110839844,216085600,0.010529931568501016,24.260874843597414,26.275849876403807,41.27394066716872,-0.6608835537657605,-0.7362572778508838,0.07537372408512333,25.345784021859245,24.260874843597414,23.175965665335582,8.943693788916647
2016-02-09,23.57250022888184,23.98500061035156,23.482500076293945,23.747499465942383,21.47505760192871,177324800,-0.00021036303918742227,24.21662483215332,26.160649871826173,41.23872476860051,-0.6371408175581301,-0.7164339857923331,0.07929316823420296,25.309458543516662,24.21662483215332,23.12379112078998,9.025483269760565
2016-02-10,23.979999542236328,24.087499618530277,23.524999618530277,23.5674991607666,21.312278747558597,169374400,-0.007579903038560154,24.145499801635744,26.042949867248534,39.91854610628282,-0.6256370933917239,-0.6982746073122112,0.07263751392048734,25.21259937947961,24.145499801635744,23.078400223791878,8.838910659215884
2016-02-11,23.44750022888184,23.68000030517578,23.147499084472656,23.424999237060547,21.18341827392578,200298800,-0.006046302000792703,24.099374771118164,25.919949836730957,38.857989431455216,-0.6208619519228904,-0.6827920762343471,0.061930124311456725,25.20655806411236,24.099374771118164,22.992191478123967,9.188481473146748
2016-02-12,23.54750061035156,23.625,23.252500534057617,23.497499465942383,21.248973846435547,161405600,0.003094664499471156,24.030249786376952,25.80319984436035,39.73525666165806,-0.6042619002980771,-0.6670860410470931,0.06282414074901599,25.106036790981896,24.030249786376952,22.95446278177201,8.953606509865088
2016-02-16,23.7549991607666,24.212499618530277,23.65250015258789,24.15999984741211,21.84807586669922,196231600,0.02819439774331367,24.024124813079833,25.70499984741211,47.19161115236019,-0.5315209530639784,-0.6399730234504702,0.10845207038649185,25.095483142016032,24.024124813079833,22.952766484143634,8.919020670030008
2016-02-17,24.167499542236328,24.552499771118164,24.037500381469727,24.530000686645508,22.182674407958984,179452800,0.01531478301802136,24.04237480163574,25.619599876403807,50.84920158443579,-0.43895722713757124,-0.5997698641878905,0.16081263705031923,25.134935685657684,24.04237480163574,22.9498139176138,9.088627001585628
2016-02-18,24.709999084472656,24.72249984741211,24.022499084472656,24.065000534057617,21.762176513671875,156084000,-0.018956140569607705,24.03574981689453,25.505749893188476,46.49110277612974,-0.3985274571493882,-0.55952138278019,0.16099392563080184,25.12607239701538,24.03574981689453,22.94542723677368,9.072507314537553
2016-02-19,24.0,24.190000534057617,23.950000762939453,24.01000022888184,21.712438583374023,141496800,-0.0022855218671075095,24.03249979019165,25.394549903869628,45.989033204558496,-0.36669757672082426,-0.5209566215683169,0.15425904484749264,25.12272250089373,24.03249979019165,22.94227707948957,9.072903112201672
2016-02-22,24.07749938964844,24.225000381469727,23.979999542236328,24.21999931335449,21.902341842651367,137123200,0.008746288840294492,23.97574977874756,25.28779987335205,48.285414936888415,-0.3208286827323015,-0.48093103380111385,0.16010235106881238,24.88840162865561,23.97574977874756,23.063097928839507,7.6131245807131265
2016-02-23,24.100000381469727,24.125,23.637500762939453,23.67250061035156,21.407236099243164,127770400,-0.022605150945277597,23.91637477874756,25.18314987182617,43.13605835386886,-0.3249104579639486,-0.4497269186336808,0.12481646066973223,24.74150745997446,23.91637477874756,23.09124209752066,6.900148445241171
2016-02-24,23.4950008392334,24.09499931335449,23.32999992370605,24.024999618530277,21.726003646850582,145022800,0.014890644739452785,23.867749786376955,25.08279987335205,47.05124306322005,-0.2962861677298818,-0.419038768452921,0.12275260072303917,24.531059770779173,23.867749786376955,23.204439801974736,5.5582113130816975
2016-02-25,24.012500762939453,24.190000534057617,23.8125,24.190000534057617,21.875215530395508,110330800,0.006867893698736305,23.909499835968017,25.000699882507323,48.82733905426187,-0.25732078277246373,-0.38669517131682957,0.12937438854436584,24.542898932231296,23.909499835968017,23.276100739704738,5.298304862993674
2016-02-26,24.299999237060547,24.5049991607666,24.145000457763672,24.227500915527344,21.909122467041016,115964400,0.001550016117482178,23.944749927520753,24.9228498840332,49.244046890724334,-0.22086843326952632,-0.3535298237073689,0.13266139043784259,24.566437276851442,23.944749927520753,23.323062578190065,5.192681913258621
2016-02-29,24.21500015258789,24.5575008392334,24.162500381469727,24.17250061035156,21.8593807220459,140865200,-0.0022703668332653137,23.936625003814697,24.853849906921386,48.618714057594566,-0.1941793697325913,-0.3216597329124134,0.1274803631798221,24.541725240620586,23.936625003814697,23.33152476700881,5.055852583306595
2016-03-01,24.412500381469727,25.1924991607666,24.354999542236328,25.13249969482422,22.727521896362305,201628400,0.03971481101662033,23.98787498474121,24.799799919128418,58.51990877755046,-0.09447514090973996,-0.27622281451187874,0.18174767360213878,24.785260494794617,23.98787498474121,23.190489474687805,6.648237999911425
2016-03-02,25.127500534057617,25.22249984741211,24.90999984741211,25.1875,22.777257919311523,132678400,0.002188361017801066,24.066249942779542,24.75864990234375,59.00728937141251,-0.010895163602487656,-0.22315728433000054,0.21226212072751288,25.00006302552865,24.066249942779542,23.132436860030435,7.760353897839196
2016-03-03,25.145000457763672,25.427499771118164,25.112499237060547,25.375,22.94681739807129,147822800,0.007444244577658576,24.130624961853027,24.735999908447265,60.70246498382113,0.06966915096704085,-0.1645919972705923,0.23426114823763314,25.225113579382487,24.130624961853027,23.036136344323566,9.071365696161507
2016-03-04,25.592500686645508,25.9375,25.342500686645508,25.752500534057617,23.288190841674805,184220400,0.014876722888473859,24.210750007629393,24.714399909973146,63.936036669890115,0.162109392723071,-0.09925171927185963,0.2613611119949306,25.51391777922958,24.210750007629393,22.907582236029207,10.765199518309238
2016-03-07,25.59749984741211,25.707500457763672,25.239999771118164,25.467500686645508,23.030467987060547,143315600,-0.011066675654042513,24.30887508392334,24.68759990692139,59.9269010796843,0.20995165250790393,-0.03741104491590692,0.24736269742381084,25.678546475468988,24.30887508392334,22.939203692377692,11.268899830346154
2016-03-08,25.19499969482422,25.440000534057617,25.100000381469727,25.25749969482422,22.84056663513184,126247600,-0.008245657536590345,24.38412504196167,24.649699897766112,57.086374252354055,0.22829007717970384,0.015729179503215236,0.2125608976764886,25.788196514007595,24.38412504196167,22.980053569915746,11.516275196503573
2016-03-09,25.32749938964844,25.395000457763672,25.0674991607666,25.280000686645508,22.86091041564941,108806800,0.0008906863320228275,24.460750102996826,24.61514991760254,57.31981056408701,0.24185114341053193,0.06095357228467858,0.18089757112585336,25.884615022165,24.460750102996826,23.03688518382865,11.642038066475555
2016-03-10,25.352500915527344,25.559999465942383,25.037500381469727,25.292499542236328,22.87220764160156,134054400,0.000494172180667718,24.547000122070312,24.586899909973145,57.45824428260749,0.25071683171930204,0.09890622417160327,0.15181060754769876,25.952851117607565,24.547000122070312,23.141149126533058,11.454360928390976
2016-03-11,25.559999465942383,25.56999969482422,25.375,25.565000534057617,23.118635177612305,109632800,0.010774103657686496,24.654000186920165,24.55449993133545,60.46874457400146,0.27654368279916497,0.1344337158971156,0.14210996690204936,26.02735692743237,24.654000186920165,23.28064344640796,11.141045916279493
2016-03-14,25.477500915527344,25.727500915527344,25.44499969482422,25.6299991607666,23.177417755126957,100304400,0.0025426491253937034,24.760625171661378,24.53049991607666,61.17451096924378,0.2988119758579053,0.16730936788927356,0.13150260796863175,26.0886497207912,24.760625171661378,23.432600622531556,10.72690644862837
2016-03-15,25.989999771118164,26.295000076293945,25.962499618530277,26.145000457763672,23.64314079284668,160270800,0.020093827648971052,24.859875202178955,24.52709991455078,66.30721379738938,0.35393610407339793,0.20463471512609843,0.1493013889472995,26.286548170798163,24.859875202178955,23.433202233559747,11.477716255745008
2016-03-16,26.15250015258789,26.57749938964844,26.147499084472656,26.49250030517578,23.95738220214844,153214000,0.01329101797663168,24.95800018310547,24.530199928283693,69.26019866164033,0.42081184928852267,0.24787014195858328,0.17294170732993938,26.54173349968652,24.95800018310547,23.37426686652442,12.691187634922033
2016-03-17,26.3799991607666,26.61750030517578,26.239999771118164,26.450000762939453,23.918949127197266,137682800,-0.0016042268152206551,25.07725019454956,24.54564994812012,68.46981533737952,0.46502152266284824,0.2913004180994363,0.17372110456341194,26.731654144174986,25.07725019454956,23.422846244924134,13.194460611036243
2016-03-18,26.584999084472656,26.625,26.29750061035156,26.479999542236328,23.946081161499023,176820800,0.0011343322048755766,25.200750160217286,24.571749954223634,68.74098019517191,0.49675240559048106,0.3323908155976453,0.1643615899928358,26.886508182918067,25.200750160217286,23.514992137516504,13.37863366751656
2016-03-21,26.482500076293945,26.912500381469727,26.28499984741211,26.477500915527344,23.94382095336914,142010800,-9.438739118272643e-05,25.313625240325926,24.61904998779297,68.68799308954846,0.5157524672283351,0.36906314592378325,0.14668932130455187,27.023730801329236,25.313625240325926,23.603519679322616,13.511344540876133
2016-03-22,26.3125,26.82250022888184,26.302499771118164,26.68000030517578,24.126934051513672,129777600,0.007647613908454476,25.46400022506714,24.66784999847412,70.66175869521982,0.5409148318769148,0.40343348311440963,0.13748134876250517,27.09763073377397,25.46400022506714,23.83036971636031,12.830902405496051
2016-03-23,26.6200008392334,26.76749992370605,26.475000381469727,26.53249931335449,23.993555068969727,102814000,-0.005528219302923687,25.58937520980835,24.705849990844726,67.33237015530196,0.5426982027596914,0.431286427043466,0.1114117757162254,27.145031535284442,25.58937520980835,24.033718884332256,12.158611241745469
2016-03-24,26.36750030517578,26.5625,26.22249984741211,26.417499542236328,23.889558792114254,104532000,-0.004334342141318115,25.700750160217286,24.73439998626709,64.77000688753276,0.5287370648406515,0.4507765546029031,0.07796051023774841,27.155383162058214,25.700750160217286,24.246117158376357,11.319770767567592
2016-03-28,26.5,26.54750061035156,26.26499938964844,26.29750061035156,23.781036376953125,77645600,-0.0045426713865034385,25.804250144958495,24.77340000152588,62.113752570691965,0.5022007933880275,0.461061402359928,0.04113939102809949,27.112010725198704,25.804250144958495,24.496489564718285,10.136009168208389
2016-03-29,26.22249984741211,26.94750022888184,26.21999931335449,26.920000076293945,24.34397315979004,124760400,0.02367166737032833,25.941625118255615,24.814200019836427,69.17584207132205,0.5253452584118534,0.4739181735703131,0.05142708484154035,27.104040050710317,25.941625118255615,24.779210185800913,8.961774192293671
2016-03-30,27.162500381469727,27.604999542236328,27.149999618530277,27.38999938964844,24.768999099731445,182404400,0.017459185365987784,26.054500102996826,24.876350021362306,73.23277557918146,0.5749843684455556,0.4941314125453616,0.08085295590019398,27.31500247995225,26.054500102996826,24.793997726041404,9.675889938187202
2016-03-31,27.43000030517578,27.475000381469727,27.21999931335449,27.247499465942383,24.64013290405273,103553600,-0.005202721158002355,26.157500076293946,24.937999992370607,70.21532163615122,0.5959553653735234,0.514496203110994,0.08145916226252947,27.4539343880089,26.157500076293946,24.861065764578992,9.912524575617898
2016-04-01,27.19499969482422,27.5,27.049999237060547,27.497499465942383,24.866209030151367,103496000,0.009175117966244928,26.263625049591063,25.003999977111818,72.36652155152163,0.6255371394296425,0.5367043903747237,0.08883274905491878,27.631963561705003,26.263625049591063,24.895286537477123,10.420027772481818
2016-04-04,27.604999542236328,28.04750061035156,27.5674991607666,27.780000686645508,25.121681213378903,149424800,0.010273869366969723,26.36500005722046,25.07809997558594,74.59907749598942,0.6641208245789372,0.5621876772155664,0.10193314736337078,27.861286151355312,26.36500005722046,24.868713963085607,11.350548764554782
2016-04-05,27.377500534057617,27.6825008392334,27.354999542236328,27.45249938964844,24.825517654418945,106314800,-0.011789161578972362,26.464249992370604,25.12004997253418,67.76400337897601,0.6606564194559184,0.5818814256636369,0.07877499379228148,27.972527093092438,26.464249992370604,24.95597289164877,11.398600762588446
2016-04-06,27.5575008392334,27.7450008392334,27.299999237060547,27.739999771118164,25.08550453186035,105616400,0.010472566214349666,26.5883749961853,25.177649955749512,70.33370754958199,0.6733477972180246,0.6001746999745144,0.07317309724351018,28.087551433347745,26.5883749961853,25.089198559022858,11.276931646838394
2016-04-07,27.487499237060547,27.604999542236328,27.030000686645508,27.13500022888184,24.538402557373047,127207600,-0.02180948658188031,26.68112497329712,25.2203999710083,59.57190918564162,0.6273556334376558,0.6056108866671427,0.02174474677051308,28.070553243830528,26.68112497329712,25.291696702763712,10.415065121309306
2016-04-08,27.227500915527344,27.4424991607666,27.042499542236328,27.165000915527344,24.565526962280277,94326800,0.0011053859290071077,26.77475004196167,25.29659999847412,59.899575010176534,0.586565752106381,0.6018018597549903,-0.015236107648609387,28.02239557373893,26.77475004196167,25.52710451018441,9.319568099212399
2016-04-11,27.24250030517578,27.65250015258789,27.207500457763672,27.2549991607666,24.64691734313965,117630000,0.0033131949900502278,26.859249973297118,25.37125,60.92277186152838,0.5551027050755337,0.592462028819099,-0.03735932374356532,27.99127801545364,26.859249973297118,25.727221931140594,8.429334722912674
2016-04-12,27.334999084472656,27.625,27.165000915527344,27.61000061035156,24.967945098876957,108929200,0.01302506724341601,26.958250045776367,25.43675003051758,64.74416716888388,0.5524454168550008,0.5844587064262794,-0.03201328957127858,27.984309119422363,26.958250045776367,25.93219097213037,7.6122082991566575
2016-04-13,27.700000762939453,28.084999084472656,27.700000762939453,28.01000022888184,25.329669952392575,133029200,0.014487570045637721,27.051500034332275,25.514800033569337,68.48393265718215,0.575976623096544,0.5827622897603323,-0.006785666663788326,28.103629157681908,27.051500034332275,25.99937091098264,7.77871187929933
2016-04-14,27.905000686645508,28.09749984741211,27.832500457763672,28.024999618530277,25.34322929382324,101895600,0.0005353145720472519,27.128125,25.602900009155274,68.61836003282882,0.5890454496896886,0.5840189217462036,0.005026527943485015,28.228367836556306,27.128125,26.027882163443696,8.111455078862287
2016-04-15,28.02750015258789,28.075000762939453,27.4325008392334,27.462499618530277,24.834556579589844,187756000,-0.020071345618033365,27.17874994277954,25.670400009155273,58.53500649978136,0.5476999953146375,0.5767551364598904,-0.029055141145252872,28.242081283892645,27.17874994277954,26.115418601666434,7.8247258858614
2016-04-18,27.22249984741211,27.237499237060547,26.73500061035156,26.8700008392334,24.298757553100582,243286000,-0.0215747369908591,27.198250007629394,25.724800033569338,50.17178120663985,0.4618003777798485,0.5537641847238821,-0.09196380694403361,28.22322186490795,27.198250007629394,26.17327815035084,7.537042692019077
2016-04-19,26.96999931335449,27.0,26.5575008392334,26.727500915527344,24.16989517211914,129539600,-0.005303249793732756,27.210750007629393,25.78925006866455,48.3813884659431,0.37786990998225534,0.5185853297755568,-0.1407154197933015,28.205922052555717,27.210750007629393,26.21557796270307,7.314550643751431
2016-04-20,26.65999984741211,27.022499084472656,26.51499938964844,26.78249931335449,24.21963119506836,122444000,0.0020577674249324662,27.21587495803833,25.849850044250488,49.13582187063962,0.31219354774548336,0.4773069733695422,-0.16511342562405884,28.201066827997952,27.21587495803833,26.23068308807871,7.239832424852027
2016-04-21,26.732500076293945,26.732500076293945,26.3799991607666,26.49250030517578,23.95738220214844,126210000,-0.010827951540951508,27.213875007629394,25.904750061035156,45.3703622404776,0.23404612314406492,0.4286548033244468,-0.19460868018038185,28.204753781627186,27.213875007629394,26.2229962336316,7.282158632094843
2016-04-22,26.252500534057617,26.6200008392334,26.155000686645508,26.420000076293945,23.891815185546875,134732400,-0.0027368189081896643,27.214000034332276,25.961800079345704,44.45319134566347,0.16436882209945125,0.3757976070794477,-0.21142878497999645,28.204477387519734,27.214000034332276,26.223522681144818,7.279175071197949
2016-04-25,26.25,26.412500381469727,26.127500534057617,26.270000457763672,23.75617027282715,112126400,-0.005677463669724991,27.21262502670288,26.018700103759766,42.537247136639984,0.09593941356807889,0.319825968377174,-0.22388655480909508,28.20825077259049,27.21262502670288,26.216999280815273,7.31738114136826
2016-04-26,25.977500915527344,26.325000762939453,25.977500915527344,26.087499618530277,23.59113883972168,224064800,-0.00694688711228153,27.171000003814697,26.070500106811522,40.263457046839534,0.026674830950025097,0.2611957408917442,-0.2345209099417191,28.27571517989188,27.171000003814697,26.066284827737515,8.131575399669385
2016-04-27,24.0,24.677499771118164,23.920000076293945,24.45499992370605,22.114856719970703,458408400,-0.06257782338448536,27.024250030517578,26.076400108337403,26.577648329223393,-0.15812417474468532,0.1773317577644583,-0.33545593250914363,28.636699267683003,27.024250030517578,25.411800793352153,11.933350493312785
2016-04-28,24.40250015258789,24.46999931335449,23.5625,23.707500457763672,21.43888092041016,328970800,-0.03056659186718158,26.847250080108644,26.059950103759764,22.76242177333637,-0.360737322646262,0.06971794168231425,-0.4304552643285763,29.007082040295703,26.847250080108644,24.687418119921585,16.0897816628698
2016-04-29,23.497499465942383,23.68000030517578,23.127500534057617,23.434999465942383,21.192462921142575,274126000,-0.011493976769701209,26.644125080108644,26.04735008239746,21.548044768644075,-0.5371068216586394,-0.051647010985876485,-0.48545981067276295,29.241038831423015,26.644125080108644,24.047211328794273,19.493331032686942
2016-05-02,23.49250030517578,23.520000457763672,23.100000381469727,23.40999984741211,21.16986083984375,192640400,-0.0010665150805230228,26.425625038146972,26.035350074768065,21.435062626895828,-0.6711614491817635,-0.17554989862505388,-0.4956115505567096,29.32163306366494,26.425625038146972,23.529617012629004,21.91817995856225
2016-05-03,23.549999237060547,23.934999465942383,23.420000076293945,23.795000076293945,21.518007278442383,227325200,0.016445381537104176,26.242750072479247,26.026850090026855,27.72041823878061,-0.7378291710149263,-0.2880057531030284,-0.4498234179118979,29.31296713692651,26.242750072479247,23.172533008031984,23.398592418612388
2016-05-04,23.799999237060547,23.975000381469727,23.45499992370605,23.54750061035156,21.294189453125,164102000,-0.010401419723545358,26.033125114440917,26.024350090026857,26.265670981457063,-0.801396954110217,-0.3906839933044661,-0.4107129608057509,29.235465653999125,26.033125114440917,22.83078457488271,24.602044706356264
2016-05-05,23.5,23.51749992370605,23.170000076293945,23.309999465942383,21.207763671875,143562000,-0.004058655598995653,25.841875076293945,26.0100500869751,24.9144830048228,-0.8610140041906185,-0.4847499954816966,-0.37626400870892185,29.21069319677335,25.841875076293945,22.473056955814542,26.07255170558262
2016-05-06,23.342500686645508,23.362499237060547,22.962499618530277,23.18000030517578,21.08948135375977,174799600,-0.005577312155363834,25.642625045776366,25.98985008239746,24.181211426546554,-0.9082806972299728,-0.5694561358313519,-0.33882456139862094,29.143641511370188,25.642625045776366,22.141608580182545,27.30622515708842
2016-05-09,23.25,23.4424991607666,23.147499084472656,23.19750022888184,21.10540580749512,131745600,0.0007550898700745545,25.439750099182127,25.96925006866455,24.503333908100046,-0.9335662241049931,-0.6422781534860802,-0.29128807061891293,29.01302035669655,25.439750099182127,21.866479841667704,28.092023259531167
2016-05-10,23.332500457763672,23.39249992370605,23.02750015258789,23.354999542236328,21.24870491027832,134747200,0.006789687158363478,25.227000045776368,25.952900047302247,27.48922481327412,-0.9301738429662052,-0.6998572913821053,-0.23031655158409992,28.76457683123722,25.227000045776368,21.689423260315515,28.045956943288086
2016-05-11,23.3700008392334,23.39249992370605,23.114999771118164,23.127500534057617,21.04171562194824,114876400,-0.009741266077348487,24.982875061035156,25.912800064086912,25.896043843775757,-0.93506379180943,-0.7468985914675703,-0.18816520034185968,28.39001801612824,24.982875061035156,21.57573210594207,27.275827516001772
2016-05-12,23.18000030517578,23.19499969482422,22.36750030517578,22.584999084472656,20.548141479492188,305258800,-0.023456934373792815,24.710875034332275,25.860750045776367,22.541109775015258,-0.971515419595832,-0.7918219570932227,-0.1796934625026093,27.968442306618016,24.710875034332275,21.453307762046535,26.36545462481446
2016-05-13,22.5,22.917499542236328,22.5,22.6299991607666,20.589092254638672,177571200,0.0019929186874323435,24.469250011444093,25.8058500289917,23.427289115720427,-0.9854132367657655,-0.8305402130277313,-0.15487302373803424,27.588534422409097,24.469250011444093,21.349965600479088,25.49554571150434
2016-05-16,23.09749984741211,23.59749984741211,22.912500381469727,23.46999931335449,21.353328704833984,245039200,0.0371185111389809,24.299249935150147,25.760200004577637,37.74504819112023,-0.9180635003048181,-0.8480448704831487,-0.0700186298216694,27.24226108307838,24.299249935150147,21.356238787221915,24.223061664722508
2016-05-17,23.637500762939453,23.674999237060547,23.252500534057617,23.372499465942383,21.264612197875977,187667600,-0.0041546921411800275,24.1314998626709,25.718299980163575,36.88299034877906,-0.8626121162579814,-0.8509583196381153,-0.011653796619866097,26.877632960548258,24.1314998626709,21.38536676479354,22.759738213581667
2016-05-18,23.540000915527344,23.802499771118164,23.47249984741211,23.63999938964844,21.50800323486328,168249600,0.011445825332832449,23.974374866485597,25.68594997406006,40.872937437457466,-0.7879979369369501,-0.8383662430978823,0.05036830616093224,26.44120458477665,23.974374866485597,21.507545148194545,20.578886682376
2016-05-19,23.65999984741211,23.65999984741211,23.39249992370605,23.549999237060547,21.42610740661621,121768400,-0.003807690902441485,23.827249813079835,25.65134994506836,39.95771711247374,-0.7277390002173796,-0.8162407945217818,0.08850179430440219,26.010479879669152,23.827249813079835,21.644019746490518,18.3254893763765
2016-05-20,23.65999984741211,23.857500076293945,23.6299991607666,23.80500030517578,21.65812110900879,128104000,0.010828551261762742,23.696499824523926,25.62159996032715,43.79768380113771,-0.6518922950721411,-0.7833710946318537,0.13147879955971264,25.52782161718385,23.696499824523926,21.865178031864,15.456475059364314
2016-05-23,23.967500686645508,24.29750061035156,23.917499542236328,24.107500076293945,21.933332443237305,152074400,0.012707073381081013,23.58837480545044,25.592449951171876,48.04274714675461,-0.5609082304381339,-0.7388785217931099,0.177970291354976,25.008296834579692,23.58837480545044,22.168452776321185,12.039167944721308
2016-05-24,24.30500030517578,24.522499084472656,24.209999084472656,24.475000381469727,22.267696380615234,140560800,0.015244557034060024,23.507749843597413,25.569349975585936,52.71543427803805,-0.45391603886825393,-0.6818860252081387,0.22796998633988474,24.455522520483267,23.507749843597413,22.55997716671156,8.06349125876878
2016-05-25,24.667499542236328,24.934999465942383,24.52750015258789,24.905000686645508,22.658916473388672,152675200,0.017568952175673003,23.530249881744385,25.544549980163573,57.528421094383205,-0.3306153967539771,-0.6116318995173063,0.28101650276332923,24.58251100951233,23.530249881744385,22.47798875397644,8.943901004505076
2016-05-26,24.920000076293945,25.1825008392334,24.65999984741211,25.102500915527344,22.838603973388672,225324800,0.007930101168386772,23.59999990463257,25.516749992370606,59.56426346317703,-0.21448962872795363,-0.5322034453594359,0.31771381663148224,24.855350185449176,23.59999990463257,22.34464962381596,10.638561744826006
2016-05-27,24.86000061035156,25.11750030517578,24.8125,25.087499618530277,22.8249568939209,145364800,-0.0005975443807193503,23.682624912261964,25.489499969482424,59.33162694522798,-0.12226026004946533,-0.4502148082974418,0.3279545482479765,25.091767492279633,23.682624912261964,22.273482332244296,11.900222929157385
2016-05-31,24.899999618530277,25.100000381469727,24.70499992370605,24.96500015258789,22.71350860595703,169228800,-0.004882738157264588,23.76037492752075,25.45919998168945,57.361462848083576,-0.05837954101699694,-0.37184775484135285,0.3134682138243559,25.268862553433273,23.76037492752075,22.251887301608228,12.697506924987936
2016-06-01,24.7549991607666,24.88500022888184,24.582500457763672,24.614999771118164,22.39505958557129,116693200,-0.014020247858238077,23.801374912261963,25.42194995880127,52.043984971613455,-0.035585509060176435,-0.30459530568511756,0.2690097966249411,25.355288637991077,23.801374912261963,22.24746118653285,13.057344220300235
2016-06-02,24.399999618530277,24.459999084472656,24.15749931335449,24.43000030517578,22.226749420166016,160766400,-0.007515504246021876,23.845499897003172,25.37694995880127,49.435370455090194,-0.032079196302401414,-0.25009208380857434,0.21801288750617293,25.418078465655558,23.845499897003172,22.272921328350787,13.18973035117643
2016-06-03,24.44750022888184,24.5674991607666,24.362499237060547,24.479999542236328,22.27224922180176,114019600,0.0020470740356870465,23.903999900817873,25.335899963378907,50.162436317218365,-0.024977967153411385,-0.20506926047754176,0.18009129332413037,25.479588733739217,23.903999900817873,22.32841106789653,13.182637545672307
2016-06-06,24.497499465942383,25.47249984741211,24.387500762939453,24.65749931335449,22.433738708496094,93170000,0.007250704007759401,23.977874851226808,25.30069995880127,52.75937481007785,-0.004970150982778421,-0.1650494385785891,0.1600792875958107,25.549296922878902,23.977874851226808,22.406452779574714,13.107267273702478
2016-06-07,24.8125,24.967500686645508,24.739999771118164,24.75749969482422,22.524721145629883,89638000,0.004055607418630203,24.055874824523926,25.269899940490724,54.20711751210811,0.01873936677223398,-0.12829167750842452,0.1470310442806585,25.619459620129454,24.055874824523926,22.492290028918397,12.999608677806398
2016-06-08,24.7549991607666,24.88999938964844,24.670000076293945,24.73500061035156,22.50424575805664,83392400,-0.0009090184708996363,24.124874877929688,25.226199951171875,53.80757130645016,0.0353068469725315,-0.09557197261223332,0.13087881958476483,25.680429607889273,24.124874877929688,22.569320147970103,12.895857390602785
2016-06-09,24.625,24.997499465942383,24.614999771118164,24.912500381469727,22.66574478149414,106405600,0.007176380189488629,24.214124870300292,25.176649971008302,56.52977264204768,0.062044235173384976,-0.06404873105510966,0.12609296622849464,25.734982504580863,24.214124870300292,22.69326723601972,12.561739418020187
2016-06-10,24.63249969482422,24.837499618530277,24.6200008392334,24.707500457763672,22.47922706604004,126851600,-0.008229057427946884,24.320249938964842,25.125849990844728,52.66924121046614,0.06593200426390311,-0.03805258399130711,0.10398458825521022,25.65660002475992,24.320249938964842,22.983899853169763,10.989608159034889
2016-06-13,24.67250061035156,24.780000686645508,24.274999618530277,24.334999084472656,22.14031791687012,152082000,-0.015076548147063162,24.405499935150146,25.062599983215332,46.4603860317894,0.038511406060735,-0.022739785980898687,0.061251192041633686,25.49426771260538,24.405499935150146,23.31673215769491,8.922314890891718
2016-06-14,24.32999992370605,24.6200008392334,24.1875,24.364999771118164,22.16761589050293,127727600,0.0012329531010035755,24.45024995803833,24.994299964904783,47.00226189062312,0.01898237214609111,-0.014395354355500729,0.033377726501591834,25.45159943999363,24.45024995803833,23.448900476083033,8.190914069785137
2016-06-15,24.45499992370605,24.602500915527344,24.25749969482422,24.28499984741211,22.09483337402344,117780800,-0.003283281198979582,24.495874977111818,24.93094997406006,45.67473399505405,-0.0029162366256478833,-0.01209953080953016,0.009183294183882277,25.37196088084506,24.495874977111818,23.619789073378577,7.1529259889824575
2016-06-16,24.112499237060547,24.4375,24.01749992370605,24.387500762939453,22.188087463378903,125307200,0.004220628767678258,24.533250045776366,24.863899993896485,47.71246078926749,-0.011863321614139721,-0.012052288970452074,0.00018896735631235284,25.319241977990497,24.533250045776366,23.747258113562236,6.407564678528574
2016-06-17,24.155000686645508,24.162500381469727,23.825000762939453,23.832500457763672,21.68313789367676,244032800,-0.022757687905077595,24.547375106811522,24.79784999847412,39.14955630350231,-0.06301148010502189,-0.022244127197366036,-0.04076735290765585,25.269759225242044,24.547375106811522,23.824990988381,5.8856322949990005
2016-06-20,24.0,24.14249992370605,23.75749969482422,23.774999618530277,21.630828857421875,137647600,-0.002412429257766302,24.545875072479248,24.73004997253418,38.381007762918365,-0.1069537056409402,-0.039186042886080866,-0.06776766275485933,25.27451663312992,24.545875072479248,23.817233511828576,5.936977667319937
2016-06-21,23.73500061035156,24.087499618530277,23.670000076293945,23.977500915527344,21.815065383911133,142185600,0.008517312383341302,24.53937511444092,24.664500007629396,42.65083099905085,-0.12400857995403669,-0.05615055029967204,-0.06785802965436466,25.285649082291542,24.53937511444092,23.793101146590296,6.082257305822399
2016-06-22,24.0625,24.22249984741211,23.837499618530277,23.887500762939453,21.73318099975586,116876400,-0.0037535704209102905,24.510000133514403,24.590050010681153,41.281675604849724,-0.14313695712995056,-0.07354783166572774,-0.06958912546422281,25.308519068702452,24.510000133514403,23.711481198326354,6.515862348741264
2016-06-23,23.98500061035156,24.07250022888184,23.8125,24.024999618530277,21.858274459838867,128960800,0.005755874397052718,24.466000080108643,24.510349998474123,44.22736485705428,-0.14552381735306597,-0.08794302880319539,-0.057580788549870573,25.269572406391237,24.466000080108643,23.662427753826048,6.568890081349385
2016-06-24,23.227500915527344,23.665000915527344,23.162500381469727,23.350000381469727,21.244150161743164,301245600,-0.028095735517643883,24.37837505340576,24.416850013732912,34.956333801435335,-0.1995815664403615,-0.11027073633062862,-0.0893108301097329,25.263293301111844,24.37837505340576,23.49345680569968,7.259862445856132
2016-06-27,23.25,23.262500762939453,22.875,23.01000022888184,20.934823989868164,181958400,-0.014560534053842278,24.27450008392334,24.32780002593994,31.387294226492713,-0.26678258924863485,-0.14157310691422986,-0.125209482334405,25.28139564468865,24.27450008392334,23.267604523158028,8.29591181926885
2016-06-28,23.225000381469727,23.415000915527344,23.03499984741211,23.397499084472656,21.28736686706543,161779600,0.01684002107530902,24.196125030517578,24.258349990844728,39.0279757063328,-0.28548111619661043,-0.170354708770706,-0.11512640742590444,25.21971486826795,24.196125030517578,23.172535192767207,8.46077490886958
2016-06-29,23.49250030517578,23.637500762939453,23.40749931335449,23.600000381469727,21.47160530090332,146124000,0.008654824947980533,24.145375061035157,24.195799980163574,42.62382288344823,-0.28072366357549683,-0.19242849973166418,-0.08829516384383265,25.18143279500263,24.145375061035157,23.109317327067682,8.581831769840043
2016-06-30,23.61000061035156,23.9424991607666,23.575000762939453,23.899999618530277,21.744552612304688,143345600,0.012712012333324862,24.11887502670288,24.13814998626709,47.55812614857996,-0.24986562151622493,-0.20391592408857634,-0.045949697427648595,25.151563816451198,24.11887502670288,23.086186236954564,8.56332468744906
2016-07-01,23.872499465942383,24.11750030517578,23.832500457763672,23.97249984741211,21.810516357421875,104106000,0.003033575640450703,24.09350004196167,24.087749977111816,48.70618238853786,-0.2170581273251848,-0.20654436473589805,-0.010513762589286768,25.114320071422302,24.09350004196167,23.072680012501035,8.473820969828004
2016-07-05,23.84749984741211,23.850000381469727,23.614999771118164,23.747499465942383,21.60580444335937,110820800,-0.009385926986219317,24.048000049591064,24.034299964904786,45.385476434199724,-0.20682940159673535,-0.2066013721080655,-0.0002280294886698453,25.045054099991507,24.048000049591064,23.05094599919062,8.292199337527848
2016-07-06,23.649999618530277,23.915000915527344,23.592500686645508,23.88249969482422,21.728628158569336,123796400,0.005684755480035664,24.004250049591064,23.986549949645998,47.68992798490412,-0.18568916344744935,-0.20241893037594227,0.01672976692849293,24.948316071428696,24.004250049591064,23.060184027753433,7.86582392607358
2016-07-07,23.924999237060547,24.125,23.905000686645508,23.98500061035156,21.8218994140625,100558400,0.00429255150451735,23.966750049591063,23.944499969482422,49.43451071667628,-0.15883347176765028,-0.1937018386542839,0.03486836688663361,24.84930910447645,23.966750049591063,23.084190994705676,7.364862178303114
2016-07-08,24.122499465942383,24.22249984741211,24.012500762939453,24.170000076293945,21.99020767211914,115648400,0.007712814309288829,23.929625034332275,23.93879997253418,52.51280530929829,-0.12122482747875196,-0.17920643641917752,0.05798160894042556,24.706008183910853,23.929625034332275,23.153241884753697,6.488886879461645
2016-07-11,24.1875,24.412500381469727,24.1825008392334,24.2450008392334,22.05844116210937,95179600,0.0031029033926197602,23.90650005340576,23.949549980163575,53.74228133862577,-0.08439491906944596,-0.1602441329492312,0.07584921387978524,24.613257494658303,23.90650005340576,23.19974261215322,5.912680147020147
2016-07-12,24.292499542236328,24.424999237060547,24.280000686645508,24.354999542236328,22.15852165222168,96670000,0.0045370608637667065,23.907500076293946,23.967949981689454,55.55958790393516,-0.045802986952868,-0.13735590374995857,0.09155291679709057,24.616732164509035,23.907500076293946,23.198267988078857,5.9331346728162915
2016-07-13,24.352500915527344,24.417499542236328,24.209999084472656,24.217500686645508,22.03342056274414,103568800,-0.005645732663983716,23.900125122070314,23.98409999847412,52.76885752995533,-0.026013741017457903,-0.11508747120345844,0.08907373018600054,24.593054755356086,23.900125122070314,23.207195488784542,5.798543980390239
2016-07-14,24.34749984741211,24.747499465942383,24.32999992370605,24.69750022888184,22.470129013061523,155676000,0.019820274799084325,23.9207501411438,24.00215000152588,60.27111061833369,0.028077668609103767,-0.086454443240946,0.11453211185004977,24.679687300854386,23.9207501411438,23.16181298143321,6.345429430369008
2016-07-15,24.729999542236328,24.825000762939453,24.625,24.69499969482422,22.46785926818848,120548000,-0.00010101165292486503,23.936125087738038,24.02509998321533,60.21744918741473,0.0699375319118225,-0.055176048210392306,0.1251135801222148,24.74319466475356,23.936125087738038,23.129055510722516,6.743527401007494
2016-07-18,24.674999237060547,25.03249931335449,24.649999618530277,24.957500457763672,22.70668601989746,145975600,0.010629706589231125,23.992375087738036,24.058050003051758,63.855568460702635,0.12287694399987714,-0.01956544976833842,0.14244239376821555,24.911722121591705,23.992375087738036,23.073028053884368,7.66366006276324
2016-07-19,24.88999938964844,25.0,24.834999084472656,24.967500686645508,22.715782165527344,95119600,0.0004005932711586002,24.0520001411438,24.093800010681154,63.990670961974004,0.16375112336428188,0.01709786485818564,0.14665325850609623,25.057834097861925,24.0520001411438,23.046166184425676,8.363827962877199
2016-07-20,25.0,25.114999771118164,24.934999465942383,24.989999771118164,22.736255645751957,105104000,0.00090128880772955,24.10262508392334,24.129650001525878,64.31386334333743,0.19570374215911812,0.052819040318372146,0.14288470184074598,25.187202901972565,24.10262508392334,23.018047265874113,8.999665507577005
2016-07-21,24.957500457763672,25.25,24.78249931335449,24.857500076293945,22.615697860717773,130808000,-0.005302446757837531,24.151125049591066,24.159700012207033,60.85014614460789,0.20793782690232732,0.08384279763516318,0.12409502926716413,25.27878262742703,24.151125049591066,23.0234674717551,9.338344077308802
2016-07-22,24.815000534057617,24.825000762939453,24.57749938964844,24.665000915527344,22.440563201904297,113254800,-0.007743942278149896,24.18312511444092,24.190450019836426,56.12120950063539,0.19979721577784915,0.10703368126370039,0.09276353451414876,25.330795691085452,24.18312511444092,23.035454537796387,9.491499309650454
2016-07-25,24.5625,24.709999084472656,24.229999542236328,24.334999084472656,22.14031791687012,161531600,-0.013379578860511776,24.232375049591063,24.225450019836426,49.07955547796476,0.16481742035940172,0.11859042908284065,0.046226991276561075,25.315536766262856,24.232375049591063,23.14921333291927,8.939789966564351
2016-07-26,24.20499992370605,24.49250030517578,24.104999542236328,24.167499542236328,21.987934112548828,224959200,-0.006882638492068827,24.29025001525879,24.25620002746582,45.929478725855475,0.12217154969236788,0.11930665320474611,0.002864896487621768,25.21860500322909,24.29025001525879,23.361895027288487,7.64384876555097
2016-07-27,26.0674991607666,26.087499618530277,25.6875,25.737499237060547,23.41633415222168,369379200,0.06496290339789779,24.407250022888185,24.301550025939942,67.18772650267626,0.2126094152846072,0.13796720562071835,0.07464220966388885,25.44000952716082,24.407250022888185,23.37449051861555,8.46272729049077
2016-07-28,25.707500457763672,26.112499237060547,25.70499992370605,26.084999084472656,23.73249626159668,159479200,0.013501776465937754,24.53149995803833,24.355800018310546,69.99923245768778,0.3087631791144254,0.17212640031945978,0.13663677879496564,25.730448661754068,24.53149995803833,23.332551254322595,9.774768813701275
2016-07-29,26.04750061035156,26.137500762939453,25.920000076293945,26.052499771118164,23.70293426513672,110934800,-0.0012456336718272842,24.639124965667726,24.40405002593994,69.40031307954243,0.3779861180398285,0.21329834386353352,0.164687774176295,25.971069024399448,24.639124965667726,23.307180906936004,10.811618193321873
2016-08-01,26.102500915527344,26.537500381469727,26.102500915527344,26.512500762939453,24.12144470214844,152671600,0.017656482203019186,24.766125011444093,24.46330005645752,72.93069333342171,0.46460831605499564,0.26356033830182596,0.20104797775316968,26.290129110843026,24.766125011444093,23.24212091204516,12.30716633058027
2016-08-02,26.512500762939453,26.51749992370605,26.0,26.1200008392334,23.764345169067383,135266400,-0.014804234882716316,24.884750080108642,24.50960006713867,65.94001912228211,0.4958694936224646,0.3100221693659537,0.18584732425651085,26.442112343150466,24.884750080108642,23.327387817066818,12.51659958832928
2016-08-03,26.20249938964844,26.459999084472656,26.1924991607666,26.44750022888184,24.062305450439453,120810400,0.012538122942260088,25.013000106811525,24.55640007019043,68.64102873334663,0.5408362422456001,0.356184983941883,0.1846512583037171,26.63999776491898,25.013000106811525,23.38600244870407,13.009216416741573
2016-08-04,26.395000457763672,26.5,26.31999969482422,26.467500686645508,24.21095466613769,109634800,0.006177679690934301,25.137125110626222,24.596250076293945,68.80373282888625,0.5714987029856609,0.3992477277506386,0.17225097523502225,26.809623573286867,25.137125110626222,23.464626647965577,13.306998754234064
2016-08-05,26.5674991607666,26.912500381469727,26.545000076293945,26.8700008392334,24.57913589477539,162213600,0.015207216473485552,25.272125148773192,24.635550079345702,71.95707295306457,0.6211174669857584,0.44362167559766263,0.1774957913880958,27.043524753085045,25.272125148773192,23.50072554446134,14.018604243876526
2016-08-08,26.8799991607666,27.092500686645508,26.790000915527344,27.092500686645508,24.782665252685547,112148800,0.008280574174026167,25.414500141143797,24.675350074768065,73.54877690945418,0.6706635808308405,0.48903005664429827,0.18163352418654227,27.28760733366464,25.414500141143797,23.541392948622956,14.740460619868328
2016-08-09,27.0575008392334,27.23500061035156,27.002500534057617,27.20249938964844,24.883283615112305,105260800,0.00406002992014165,25.556875133514403,24.71765007019043,74.32466242817063,0.7106136966945336,0.5333467846543454,0.17726691204018818,27.517060828691452,25.556875133514403,23.596689438337354,15.339791621132349
2016-08-10,27.177499771118164,27.225000381469727,26.940000534057617,27.0,24.69805145263672,96034000,-0.0074440401572680726,25.69600009918213,24.75835006713867,70.23999059978149,0.7176616857702633,0.5702097648775291,0.1474519208927343,27.651157900884403,25.69600009918213,23.740842297479855,15.217604250900546
2016-08-11,27.1299991607666,27.232500076293945,26.962499618530277,26.982500076293945,24.682037353515625,109938000,-0.0006483952449367614,25.810250091552735,24.80570007324219,69.88256129291649,0.7136091284738946,0.5988896375968022,0.11471949087709232,27.785609761727844,25.810250091552735,23.834890421377626,15.306784422221554
2016-08-12,26.94499969482422,27.11000061035156,26.94499969482422,27.045000076293945,24.739213943481445,74641600,0.002316526352622139,25.92775011062622,24.858000068664552,70.46070314951287,0.7072875051964118,0.6205692111167241,0.08671829407968767,27.903347646590536,25.92775011062622,23.952152574661906,15.239251593640105
2016-08-15,27.03499984741211,27.38500022888184,27.020000457763672,27.3700008392334,25.0365047454834,103472800,0.012016986581753875,26.048375129699707,24.915800094604492,73.32793054483304,0.7202003967639641,0.6404954482461721,0.07970494851779197,28.066424831332434,26.048375129699707,24.03032542806698,15.494630214625532
2016-08-16,27.40749931335449,27.5575008392334,27.302499771118164,27.34499931335449,25.013633728027344,135177600,-0.0009135068049057615,26.167250061035155,24.969550094604493,72.74297900999514,0.7201154989560195,0.6564194583881415,0.06369604056787792,28.19668065690633,26.167250061035155,24.13781946516398,15.511225605575868
2016-08-17,27.274999618530277,27.342500686645508,27.084999084472656,27.30500030517578,24.97704696655273,101424000,-0.0014626727916631221,26.28300008773804,25.020500106811525,71.75674365049497,0.7086517350756445,0.6668659137256421,0.04178582135000242,28.294643133439145,26.28300008773804,24.271357042036932,15.307560316446597
2016-08-18,27.3075008392334,27.399999618530277,27.2549991607666,27.270000457763672,24.945024490356445,87938800,-0.0012820761493209654,26.403625106811525,25.071200103759764,70.85155215037793,0.6888023398193894,0.6712531989443915,0.017549140874997926,28.347057650527002,26.403625106811525,24.460192563096047,14.72095241356928
2016-08-19,27.1924991607666,27.42250061035156,27.09000015258789,27.34000015258789,25.009063720703125,101472400,0.0025672145710435856,26.537375068664552,25.119750099182127,71.62257181976082,0.670985241244832,0.6711996074044796,-0.0002143661596475388,28.347394591309673,26.537375068664552,24.72735554601943,13.641285303928944
2016-08-22,27.21500015258789,27.274999618530277,26.962499618530277,27.127500534057617,24.814680099487305,103280800,-0.007772526928103485,26.6770001411438,25.168150100708008,65.92189527052048,0.6324278840031496,0.6634452627242136,-0.031017378721063915,28.19283246918313,26.6770001411438,25.16116781310447,11.364338718891185
2016-08-23,27.147499084472656,27.32999992370605,27.13249969482422,27.212499618530277,24.89242553710937,85030800,0.0031330421069450942,26.829250144958497,25.22570011138916,67.05156642027494,0.6017925267033206,0.6511147155200351,-0.04932218881671446,27.830679462961346,26.829250144958497,25.827820826955648,7.465205420144984
2016-08-24,27.14249992370605,27.1875,26.920000076293945,27.00749969482422,24.704910278320312,94700400,-0.007533024795414733,26.89275016784668,25.278550109863282,61.73611632865116,0.5545791613812803,0.6318076046922843,-0.07722844331100398,27.761486168456017,26.89275016784668,26.02401416723734,6.460744960535949
2016-08-25,26.84749984741211,26.96999931335449,26.670000076293945,26.89249992370605,24.599714279174805,100344800,-0.004258100837460699,26.93312520980835,25.33070011138916,58.914603458892394,0.5020948716365652,0.6058650580811404,-0.10377018644457525,27.719057339630716,26.93312520980835,26.147193079985982,5.8361747751141095
2016-08-26,26.852500915527344,26.987499237060547,26.57749938964844,26.73500061035156,24.455642700195312,111065200,-0.005856636274082949,26.967250251770018,25.377650108337402,55.19409963424876,0.4426887749406454,0.5732298014530415,-0.13054102651239607,27.64973224967172,26.967250251770018,26.284768253868315,5.061561646292865
2016-08-29,26.655000686645508,26.86000061035156,26.57250022888184,26.70499992370605,24.428207397460938,99881200,-0.0011218393673275706,26.976875209808348,25.43510009765625,54.48823928871399,0.38870743329615465,0.5363253278216642,-0.14761789452550955,27.638544874812375,26.976875209808348,26.31520554480432,4.905458173772881
2016-08-30,26.450000762939453,26.625,26.375,26.5,24.24067687988281,99455600,-0.007676802252694959,26.99587516784668,25.489600105285646,49.801451201898075,0.32563137475145965,0.49418653720762334,-0.1685551624561637,27.57466529191672,26.99587516784668,26.41708504377664,4.287989335195954
2016-08-31,26.415000915527344,26.64249992370605,26.40999984741211,26.524999618530277,24.26354217529297,118649600,0.0009432614247308901,26.9997501373291,25.540550079345703,50.36217584703924,0.27449618307068846,0.4502484663802364,-0.17575228330954795,27.564674634955924,26.9997501373291,26.43482563970228,4.18466463395729
2016-09-01,26.53499984741211,26.700000762939453,26.405000686645508,26.6825008392334,24.40761947631836,106806000,0.005938015974110478,27.010500144958495,25.59645008087158,53.85905177550213,0.2438690370171095,0.40897258050761104,-0.16510354349050155,27.541677107223084,27.010500144958495,26.479323182693907,3.933114599240269
2016-09-02,26.924999237060547,27.0,26.70499992370605,26.9325008392334,24.63629913330078,107210000,0.009369191338151506,27.013625144958496,25.654600105285645,58.81826615624471,0.23703729538518914,0.3745855234831267,-0.13754822809793754,27.542187979536852,27.013625144958496,26.48506231038014,3.9133054652385333
2016-09-06,26.975000381469727,27.075000762939453,26.877500534057617,26.924999237060547,24.629438400268555,107521600,-0.0002784806676970897,27.00525007247925,25.726100082397462,58.61468783566909,0.22838509313118038,0.34534543741273743,-0.11696034428155705,27.533856488289956,27.00525007247925,26.476643656668543,3.9148418503215683
2016-09-07,26.957500457763672,27.190000534057617,26.76749992370605,27.09000015258789,24.78037643432617,169457200,0.006128358739027062,26.99962511062622,25.807700080871584,61.75058034525133,0.2321660892633446,0.32270956778285886,-0.09054347851951428,27.522074379592873,26.99962511062622,26.477175841659566,3.870048319752658
2016-09-08,26.8125,26.8174991607666,26.309999465942383,26.3799991607666,24.130903244018555,212008000,-0.026209173699555,26.96862506866455,25.86735008239746,45.702798522895996,0.17584438501346966,0.29333653122898107,-0.1174921462155114,27.556754700358763,26.96862506866455,26.38049543697034,4.361584101501511
2016-09-09,26.15999984741211,26.43000030517578,25.78249931335449,25.78249931335449,23.58435440063477,186228000,-0.022649332180272208,26.908625030517577,25.911000061035157,36.99058202375354,0.08204996354250582,0.25107921769168606,-0.16902925414918024,27.691463969048904,26.908625030517577,26.12578609198625,5.818498252091995
2016-09-12,25.662500381469727,26.43000030517578,25.63249969482422,26.36000061035156,24.11260986328125,181171200,0.022398555146892818,26.87437505722046,25.960200080871584,47.42293058365172,0.05369774290784335,0.21160292273491754,-0.1579051798270742,27.689618996943928,26.87437505722046,26.05913111749699,6.067072726250683
2016-09-13,26.877500534057617,27.19750022888184,26.809999465942383,26.987499237060547,24.686613082885746,248704800,0.023805105414100858,26.855249977111818,26.02050006866455,55.95604272006923,0.08092939504940233,0.1854682171978145,-0.10453882214841217,27.640482451830554,26.855249977111818,26.070017502393082,5.847888032231863
2016-09-14,27.1825008392334,28.25749969482422,27.149999618530277,27.9424991607666,25.560192108154297,443554800,0.03538675080034248,26.885124969482423,26.104400062561034,65.21022312313872,0.1775247928343049,0.1838795323251126,-0.006354739490807698,27.78037423850078,26.885124969482423,25.989875700464065,6.659811103980838
2016-09-15,28.46500015258789,28.9325008392334,28.372499465942383,28.89249992370605,26.429197311401367,359934400,0.03399838309391412,26.964499950408936,26.20460006713867,71.60227725311697,0.32696540987651446,0.21249670783539298,0.11446870204112147,28.208252934386742,26.964499950408936,25.72074696643113,9.225114400528271
2016-09-16,28.780000686645508,29.03249931335449,28.51000022888184,28.729999542236328,26.280548095703125,319547600,-0.005624431720221645,27.03749990463257,26.299500045776366,69.25818332260812,0.4273594194661108,0.25546925016153654,0.17189016930457424,28.49706736166798,27.03749990463257,25.577932447597156,10.796615531640422
2016-09-19,28.79750061035156,29.045000076293945,28.3125,28.395000457763672,25.9741153717041,188092000,-0.011660058339845847,27.090249919891356,26.38400005340576,64.56548624889888,0.4744219282810427,0.29925978578543777,0.1751621424956049,28.66170376125777,27.090249919891356,25.518796078524943,11.601619372382041
2016-09-20,28.262500762939453,28.530000686645508,28.127500534057617,28.39249992370605,25.971826553344727,138057200,-8.811920354634406e-05,27.15349988937378,26.466950035095216,64.5303391721523,0.5056882737436332,0.3405454833770769,0.16514279036655632,28.8245350277904,27.15349988937378,25.48246475095716,12.308064486895564
2016-09-21,28.462499618530277,28.497499465942383,28.11000061035156,28.387500762939453,25.96725273132324,144012800,-0.00017610706016746303,27.212249946594238,26.54760005950928,64.45479637927559,0.5240230754694792,0.3772410017955574,0.14678207367392182,28.96792861722662,27.212249946594238,25.456571275961856,12.903590655517364
2016-09-22,28.587499618530277,28.73500061035156,28.5,28.655000686645508,26.21195411682129,124296000,0.009423460696051045,27.294624996185302,26.636350059509276,66.70110853687552,0.5537552009295936,0.4125438416223647,0.14121135930722895,29.155588834038333,27.294624996185302,25.43366115833227,13.636119478564881
2016-09-23,28.604999542236328,28.69750022888184,27.887500762939453,28.177499771118164,25.775156021118164,209924800,-0.01666407982237439,27.358874988555907,26.705950050354005,59.475677970325435,0.5326477595137717,0.43656462520064615,0.0960831343131256,29.248379372932256,27.358874988555907,25.46937060417956,13.812734516069971
2016-09-26,27.90999984741211,28.34749984741211,27.887500762939453,28.21999931335449,25.81403541564941,119477600,0.0015084057880927482,27.433124923706053,26.77645004272461,59.89212053119424,0.5134308072494171,0.4519378616104004,0.06149294563901675,29.335396665517464,27.433124923706053,25.530853181894642,13.868429113356918
2016-09-27,28.25,28.295000076293945,28.084999084472656,28.272499084472656,25.862060546875,98429600,0.001860427106893825,27.511499881744385,26.84275001525879,60.43303663675033,0.4967117431172632,0.460892637911773,0.0358191052054902,29.41647857893018,27.511499881744385,25.606521184558588,13.848599352083093
2016-09-28,28.42250061035156,28.65999984741211,28.357500076293945,28.487499237060547,26.05872917175293,118564400,0.007604522637377098,27.61087484359741,26.91314998626709,62.6543328443772,0.4951032378854947,0.46773475790651736,0.027368479978977345,29.50172937283023,27.61087484359741,25.720020314364593,13.696447794165293
2016-09-29,28.290000915527344,28.450000762939453,27.950000762939453,28.045000076293945,25.653961181640625,143548000,-0.015532913652253733,27.686874866485596,26.974249992370606,55.72087259810157,0.45290173249591703,0.4647681528243973,-0.011866420328480287,29.518293655144838,27.686874866485596,25.855456077826354,13.229508909841881
2016-09-30,28.114999771118164,28.342500686645508,27.950000762939453,28.262500762939453,25.852916717529297,145516400,0.00775535343177558,27.7658748626709,27.042350006103515,58.171109783502914,0.43202708381772936,0.4582199390230638,-0.02619285520533443,29.55295247124722,27.7658748626709,25.978797254094577,12.872474700798364
2016-10-03,28.177499771118164,28.262500762939453,28.06999969482422,28.1299991607666,25.73170280456543,86807200,-0.004688597201169209,27.825749778747557,27.1116499710083,56.133249354998064,0.400178988140766,0.44661174884660426,-0.04643276070583824,29.57701252461945,27.825749778747557,26.074487032875663,12.58735351102348
2016-10-04,28.26499938964844,28.57749938964844,28.15749931335449,28.25,25.84147834777832,118947200,0.004266159299547656,27.891999816894533,27.189949989318848,57.582553210761745,0.38023904863879565,0.43333720880504256,-0.05309816016624691,29.601705135725098,27.891999816894533,26.182294498063968,12.259467446252994
2016-10-05,28.350000381469727,28.415000915527344,28.17250061035156,28.262500762939453,25.852916717529297,85812400,0.0004426360441549537,27.950624847412108,27.27185001373291,57.73919177714471,0.36128059224195397,0.4189258854924249,-0.05764529325047091,29.626380855403493,27.950624847412108,26.274868839420723,11.990830381357574
2016-10-06,28.424999237060547,28.584999084472656,28.28249931335449,28.47249984741211,26.04500770568848,115117200,0.007430147640901996,28.055249881744384,27.32655002593994,60.38569131577532,0.3590620067352148,0.4069531097409829,-0.0478911030057681,29.58019915981824,28.055249881744384,26.53030060367053,10.871043989995918
2016-10-07,28.57749938964844,28.63999938964844,28.377500534057617,28.51499938964844,26.083881378173828,97433600,0.0014925575344275632,28.19187488555908,27.375150032043457,60.919087923296594,0.3566222008700386,0.3968869279667941,-0.04026472709675549,29.314371935358672,28.19187488555908,27.06937783575949,7.963266397543327
2016-10-10,28.7549991607666,29.1875,28.68000030517578,29.012500762939453,26.538969039916992,144944000,0.01744708370449688,28.324499893188477,27.434350051879882,66.59018357230543,0.3903333206299955,0.3955762064994344,-0.00524288586943894,29.13269216629299,28.324499893188477,27.516307620083964,5.706665792174277
2016-10-11,29.424999237060547,29.67250061035156,29.049999237060547,29.075000762939453,26.59614562988281,256164000,0.0021544390017493864,28.428874969482422,27.48560005187988,67.233468200571,0.4172826786113859,0.39991750092182476,0.01736517768956114,29.032807320249013,28.428874969482422,27.82494261871583,4.248724941911315
2016-10-12,29.337499618530277,29.4950008392334,29.1875,29.334999084472656,26.83397102355957,150347200,0.008942099993975994,28.498499965667726,27.54990001678467,69.83543285304003,0.4543820966551628,0.4108104200684924,0.04357167658667044,29.1783849712531,28.498499965667726,27.818614960082353,4.771373976907088
2016-10-13,29.19750022888184,29.36000061035156,28.93000030517578,29.2450008392334,26.75164794921875,140769600,-0.003067867751237463,28.516125011444093,27.6058500289917,67.82760901675043,0.47109110152331013,0.42286655635945597,0.04822454516385416,29.25192836107317,28.516125011444093,27.780321661815016,5.160612455821287
2016-10-14,29.46999931335449,29.542499542236328,29.28249931335449,29.40749931335449,26.900285720825195,142608800,0.005556209916061761,28.55,27.664650001525878,69.53097608620216,0.4917764838823899,0.4366485418640428,0.05512794201834714,29.37859982872533,28.55,27.72140017127467,5.804552215238743
2016-10-17,29.332500457763672,29.459999084472656,29.19499969482422,29.387500762939453,26.881999969482425,94499600,-0.000679760487771075,28.599625015258788,27.715,69.04646881948224,0.5007833636590213,0.44947550622303856,0.05130785743598276,29.500848429053637,28.599625015258788,27.69840160146394,6.302344267199435
2016-10-18,29.545000076293945,29.552499771118164,29.362499237060547,29.36750030517578,26.86370086669922,98214000,-0.0006807195448248482,28.648375034332275,27.760499992370605,68.53213823164685,0.5005376248172944,0.45968792994188973,0.04084969487540463,29.6033848330235,28.648375034332275,27.69336523564105,6.667113213553925
2016-10-19,29.3125,29.440000534057617,28.450000762939453,29.280000686645508,26.783662796020508,80138400,-0.002979413412763532,28.693000030517577,27.802050018310545,66.2085153886645,0.4876609353597665,0.46528253102546513,0.022378404334301383,29.678016411241867,28.693000030517577,27.707983649793288,6.865900252163497
2016-10-20,29.21500015258789,29.34499931335449,29.082500457763672,29.26499938964844,26.769943237304688,96503200,-0.000512236090347562,28.723499965667724,27.847350006103515,65.79662438972788,0.47081828676097004,0.46638968217256616,0.004428604588403884,29.739218504171774,28.723499965667724,27.707781427163674,7.072386998228668
2016-10-21,29.20249938964844,29.227500915527344,29.06999969482422,29.149999618530277,26.664743423461918,92770800,-0.003929773511666235,28.77212495803833,27.890699996948243,62.58241884043039,0.44308325797743464,0.4617283973335399,-0.018645139356105234,29.77161669798288,28.77212495803833,27.77263321809378,6.947639365547189
2016-10-24,29.274999618530277,29.434999465942383,29.25,29.412500381469727,26.90487289428711,94154800,0.00900550464753036,28.831750011444093,27.938050003051757,66.59397694613793,0.4372443845156795,0.4568315947699678,-0.019587210254288334,29.83465117373592,28.831750011444093,27.828848849152266,6.956921878788136
2016-10-25,29.487499237060547,29.59000015258789,29.32749938964844,29.5625,27.04207420349121,192516000,0.005099496650409208,28.89625005722046,27.98189998626709,68.66154238424892,0.4396527081020096,0.4533958174363762,-0.013743109334366566,29.912821012440457,28.89625005722046,27.879679102000463,7.036006078345665
2016-10-26,28.57749938964844,28.924999237060547,28.32749938964844,28.897499084472656,26.43376922607422,264536800,-0.02249476030719777,28.916750049591066,28.012949981689452,53.000206022548134,0.38348077795690116,0.43941280954048123,-0.055932031583580066,29.915909883484346,28.916750049591066,27.917590215697786,6.910595638719852
2016-10-27,28.84749984741211,28.96500015258789,28.524999618530277,28.6200008392334,26.179929733276367,138248000,-0.0096028489401907,28.945500087738036,28.039249992370607,48.072604346811566,0.31296466750552554,0.4141231811334901,-0.10115851362796457,29.873205068037652,28.945500087738036,28.01779510743842,6.41001176340092
2016-10-28,28.467500686645508,28.802499771118164,28.362499237060547,28.43000030517578,26.00613021850586,151446800,-0.006638654745875661,28.953875064849854,28.062449989318846,44.98843520210064,0.23899371594494667,0.37909728809578147,-0.1401035721508348,29.859527514267125,28.953875064849854,28.048222615432582,6.255828951315314
2016-10-31,28.412500381469727,28.5575008392334,28.299999237060547,28.38500022888184,25.96497344970703,105677600,-0.001582579509255111,28.966625118255614,28.083349990844727,44.2641070640053,0.17472594193022317,0.33822301886266987,-0.1634970769324467,29.831798810887232,28.966625118255614,28.101451425623996,5.973589875241355
2016-11-01,28.364999771118164,28.4424991607666,27.63249969482422,27.872499465942383,25.49616050720215,175303200,-0.018055591060508913,28.947750091552734,28.09824996948242,36.964699707472725,0.08149926676191654,0.28687826844251924,-0.2053790016806027,29.887863025447746,28.947750091552734,28.007637157657722,6.49524008547626
2016-11-02,27.850000381469727,28.087499618530277,27.8075008392334,27.897499084472656,25.51902198791504,113326800,0.0008966636645715287,28.929500007629393,28.11194995880127,37.50607353261312,0.009523929384467777,0.23140740063090895,-0.22188347124644117,29.934075626149674,28.929500007629393,27.924924389109112,6.944991225256923
2016-11-03,27.7450008392334,27.864999771118164,27.387500762939453,27.457500457763672,25.245502471923828,107730400,-0.010718260132411839,28.878750038146972,28.120949974060057,32.25536395813529,-0.08207514481549794,0.16871089154162758,-0.2507860363571255,30.057926293584977,28.878750038146972,27.699573782708967,8.16639400168213
2016-11-04,27.13249969482422,27.5625,27.02750015258789,27.209999084472656,25.0179386138916,123348000,-0.009014035600412584,28.813500022888185,28.12729995727539,29.733758254303154,-0.1726491712481959,0.10043887898366288,-0.2730880502318588,30.19332226710839,28.813500022888185,27.43367777866798,9.577609406175116
2016-11-07,27.520000457763672,27.627500534057617,27.364999771118164,27.602500915527344,25.378812789916992,130240000,0.014424616735809304,28.743000030517578,28.144649963378907,38.01020944102669,-0.21033352826947294,0.038284397533035724,-0.24861792580250866,30.215892402228906,28.743000030517578,27.27010765880625,10.248703128744392
2016-11-08,27.57749938964844,27.93000030517578,27.424999237060547,27.76499938964844,25.528223037719727,97016800,0.005887203985447842,28.677499961853027,28.165849952697755,41.10321908727123,-0.22449850488594691,-0.014272182950760805,-0.21022632193518612,30.201147905476333,28.677499961853027,27.15385201822972,10.626086274257318
2016-11-09,27.46999931335449,27.82999992370605,27.012500762939453,27.71999931335449,25.48684310913086,236705600,-0.0016209482551028387,28.59674997329712,28.190249938964843,40.50056127114938,-0.23662778319425826,-0.0587433029994603,-0.17788448019479797,30.143463034154344,28.59674997329712,27.050036912439893,10.817404511362339
2016-11-10,27.772499084472656,27.772499084472656,26.457500457763672,26.94750022888184,24.77657890319824,228538000,-0.027867876884217324,28.48187494277954,28.198699951171875,31.863627638024553,-0.30505802469637544,-0.10800624733884334,-0.1970517773575321,30.1550441837513,28.48187494277954,26.80870570180778,11.749010515165722
2016-11-11,26.780000686645508,27.217500686645508,26.637500762939453,27.107500076293945,24.92368698120117,136575600,0.005937384599289386,28.366874980926514,28.207199935913085,34.95749763215994,-0.34243149645351423,-0.15489129716177752,-0.1875401992917367,30.085310462308993,28.366874980926514,26.648439499544036,12.115789860800176
2016-11-14,26.927499771118164,26.95249938964844,26.020000457763672,26.427499771118164,24.298480987548828,204702000,-0.025084811654226935,28.21887493133545,28.19709991455078,28.94252457815479,-0.4220553918732399,-0.20832411610407003,-0.2137312757691699,30.065305078527686,28.21887493133545,26.372444784143212,13.086490171455287
2016-11-15,26.64249992370605,26.920000076293945,26.540000915527344,26.77750015258789,24.620275497436523,129058000,0.01324340027891413,28.089374923706053,28.19414993286133,35.12958190012495,-0.4517087793142025,-0.2570010487460965,-0.19470773056810597,29.95856391394547,28.089374923706053,26.220185933466638,13.308868533503118
2016-11-16,26.674999237060547,27.5575008392334,26.649999618530277,27.497499465942383,25.282272338867188,235362000,0.02688827919490966,28.0002498626709,28.202299919128418,45.61937270168805,-0.412357969214721,-0.2880724328398214,-0.12428553637489959,29.802648194128107,28.0002498626709,26.19785153121369,12.874158911418231
2016-11-17,27.45249938964844,27.587499618530277,27.207500457763672,27.487499237060547,25.2730770111084,110528000,-0.0003637065385397875,27.911374855041505,28.224449920654298,45.509299190759016,-0.3776260653813175,-0.30598315934812065,-0.07164290603319684,29.62884655638916,27.911374855041505,26.19390315369385,12.306607684267735
2016-11-18,27.43000030517578,27.63500022888184,27.415000915527344,27.51499938964844,25.29836654663086,113715600,0.0010006512270486212,27.82962484359741,28.259099922180177,45.89590952387246,-0.3439172845033305,-0.3135699843791626,-0.030347300124167864,29.45675766805065,27.82962484359741,26.202492019144174,11.693530427360987
2016-11-21,27.530000686645508,27.997499465942383,27.502500534057617,27.9325008392334,25.68223190307617,117058400,0.015173523386885712,27.755624866485597,28.290549926757812,51.51963964240292,-0.2802830267602019,-0.3069125928553705,0.02662956609516859,29.213937227531638,27.755624866485597,26.297312505439557,10.508229362956447
2016-11-22,27.987499237060547,28.104999542236328,27.850000381469727,27.950000762939453,25.69832420349121,103862000,0.0006265927539232941,27.674999904632568,28.30979995727539,51.74604678305331,-0.22583701294205127,-0.29069747687270664,0.06486046393065537,28.881345730955346,27.674999904632568,26.46865407830979,8.717946381064634
2016-11-23,27.84000015258789,27.877500534057617,27.582500457763672,27.8075008392334,25.56730079650879,109705600,-0.0050985194966378655,27.620499992370604,28.307099990844726,49.71025466515352,-0.19197375371701142,-0.2709527322415676,0.07897897852455615,28.69194749063276,27.620499992370604,26.549052494108448,7.758349765993473
2016-11-25,27.78249931335449,27.967500686645508,27.737499237060547,27.94750022888184,25.696020126342773,45903600,0.005034529489775563,27.586874961853027,28.288199996948244,51.719905274447,-0.1520869326004579,-0.24717957231334564,0.09509263971288773,28.569250965826452,27.586874961853027,26.604498957879603,7.122053551421454
2016-11-28,27.857500076293945,28.11750030517578,27.84749984741211,27.89249992370605,25.645456314086918,108776000,-0.0019677682383202333,27.55999994277954,28.271450004577638,50.860018485341094,-0.12349087849067786,-0.22244183354881208,0.09895095505813423,28.47579620895063,27.55999994277954,26.644203676608452,6.6458364881892456
2016-11-29,27.69499969482422,28.00749969482422,27.51749992370605,27.864999771118164,25.62016868591309,114115200,-0.000986047113536337,27.533999919891357,28.260849990844726,50.40874055959195,-0.10187300350010631,-0.19832806753907092,0.09645506403896462,28.38161933980557,27.533999919891357,26.686380499977144,6.156892731752126
2016-11-30,27.899999618530277,28.049999237060547,27.5674991607666,27.6299991607666,25.40410614013672,144649200,-0.008433299109976922,27.52187490463257,28.245599975585936,46.60331721812039,-0.10252146348140556,-0.17916674672753788,0.07664528324613232,28.35661881706918,27.52187490463257,26.687130992195957,6.0660395800004485
2016-12-01,27.592500686645508,27.73500061035156,27.25749969482422,27.372499465942383,25.16734504699707,148347600,-0.009319796250007895,27.495624923706053,28.225299949645997,42.79137922793273,-0.1224024666039405,-0.1678138907028184,0.04541142409887791,28.314334306085467,27.495624923706053,26.67691554132664,5.9551974879722955
2016-12-02,27.292499542236328,27.522499084472656,27.212499618530277,27.475000381469727,25.26158905029297,106112000,0.0037446938928165086,27.496499919891356,28.20169994354248,44.7294019710538,-0.1284071399871749,-0.1599325405596897,0.031525400572514795,28.315081845962656,27.496499919891356,26.677917993820056,5.954080908160431
2016-12-05,27.5,27.50749969482422,27.0625,27.27750015258789,25.079998016357425,137298000,-0.007188424828462492,27.499874973297118,28.183699951171874,41.79167322249454,-0.1474033309533631,-0.1574266986384244,0.01002336768506129,28.314249849889773,27.499874973297118,26.685500096704462,5.922753302576308
2016-12-06,27.375,27.59000015258789,27.29750061035156,27.487499237060547,25.2730770111084,104782000,0.007698525120498179,27.49412488937378,28.169049949645995,45.86309858620791,-0.1438545127956843,-0.15471226146987638,0.010857748674192091,28.307142970802815,27.49412488937378,26.681106807944744,5.914122269396247
2016-12-07,27.315000534057617,27.79750061035156,27.290000915527344,27.75749969482422,25.521329879760746,119994800,0.009822819300682406,27.49374990463257,28.158749961853026,50.64323039614286,-0.11789623398677662,-0.14734905597325643,0.029452821986479805,28.306274671594,27.49374990463257,26.681225137671138,5.910614374392956
2016-12-08,27.71500015258789,28.107500076293945,27.649999618530277,28.030000686645508,25.771883010864254,108273200,0.009817401063500375,27.50924997329712,28.149599990844727,54.96521160311757,-0.0744770334756808,-0.13277465147374132,0.05829761799806052,28.349791887578494,27.50924997329712,26.668708059015746,6.110976599487645
2016-12-09,28.07749938964844,28.674999237060547,28.07749938964844,28.487499237060547,26.192522048950195,137610400,0.01632162608795862,27.586249923706056,28.15844997406006,61.12068024098976,-0.003114789355812775,-0.10684267905015561,0.10372788969434284,28.486847785991156,27.586249923706056,26.685652061420956,6.529324317555588
2016-12-12,28.32250022888184,28.75,28.122499465942383,28.325000762939453,26.043115615844727,105497600,-0.005704163685583574,27.64712495803833,28.159699974060057,58.08390233382898,0.039868455701157046,-0.07750045209989308,0.11736890780105012,28.574251544620147,27.64712495803833,26.719998371456512,6.706857136060056
2016-12-13,28.459999084472656,28.979999542236328,28.4375,28.79750061035156,26.47754669189453,174935200,0.0166812251828079,27.765625,28.173050003051756,63.72731293874771,0.11078274144304245,-0.039843813391305966,0.15062655483434842,28.643446380885756,27.765625,26.887803619114244,6.323080290004318
2016-12-14,28.76000022888184,29.049999237060547,28.7450008392334,28.79750061035156,26.47754669189453,136127200,0.0,27.866625022888183,28.18400001525879,63.72731293874771,0.16507988564032416,0.0011409264150200604,0.1639389592253041,28.73117211268697,27.866625022888183,27.002077933089396,6.20489269216271
2016-12-15,28.84499931335449,29.1825008392334,28.8075008392334,28.95499992370605,26.62235450744629,186098000,0.0054690797919010326,27.939500045776366,28.197849998474123,65.52184484720408,0.2183031787617402,0.044573376884364094,0.17372980187737613,28.906898538758284,27.939500045776366,26.97210155279445,6.924952067123049
2016-12-16,29.11750030517578,29.125,28.912500381469727,28.99250030517578,26.65683937072754,177404400,0.0012953348386823826,28.01475009918213,28.208250007629395,65.95374416521861,0.2605060379483355,0.08775990909715839,0.1727461288511771,29.060747482121734,28.01475009918213,26.968752716242527,7.467476091961574
2016-12-19,28.950000762939453,29.34499931335449,28.9375,29.15999984741211,26.81084442138672,111117600,0.005777318477909965,28.097000122070312,28.22115001678467,67.88864937326551,0.3039640131823482,0.13100072991419637,0.17296328326815186,29.228114396971105,28.097000122070312,26.96588584716952,8.051494963779405
2016-12-20,29.184999465942383,29.375,29.170000076293945,29.237499237060547,26.88209724426269,85700000,0.0026576120377295176,28.16225004196167,28.22564998626709,68.7729315896577,0.3407305945122019,0.17294670283379748,0.1677838916784044,29.393966299120336,28.16225004196167,26.930533784803004,8.747285854812118
2016-12-21,29.200000762939453,29.350000381469727,29.19499969482422,29.26499938964844,26.907384872436523,95132800,0.0009406865820049681,28.22799997329712,28.22944995880127,69.09812271631552,0.3678470952532926,0.21192678131769652,0.1559203139355961,29.544827220031525,28.22799997329712,26.911172726562715,9.32993657347376
2016-12-22,29.087499618530277,29.127500534057617,28.90999984741211,29.07250022888184,26.73039054870605,104343600,-0.006577908799743071,28.29124994277954,28.224199981689452,64.06855326472996,0.3695441688183152,0.2434502588178203,0.1260939100004949,29.64228806036574,28.29124994277954,26.94021182519334,9.550925606459531
2016-12-23,28.897499084472656,29.1299991607666,28.897499084472656,29.1299991607666,26.783252716064453,56998000,0.0019776054997056036,28.35037488937378,28.221899948120118,64.89061309471384,0.3712492646812251,0.26901005999050126,0.10223920469072384,29.739039080208123,28.35037488937378,26.961710698539434,9.79644323049033
2016-12-27,29.1299991607666,29.450000762939453,29.122499465942383,29.315000534057617,26.953357696533203,73187600,0.006351169601096274,28.421499919891357,28.22004997253418,67.46942860215422,0.38311234945536654,0.2918305178834743,0.09128183157189224,29.854093297329765,28.421499919891357,26.98890654245295,10.081054001205468
2016-12-28,29.3799991607666,29.5049991607666,29.049999237060547,29.190000534057617,26.838424682617188,83623600,-0.0042641445718949456,28.48774995803833,28.21609996795654,64.0463927654477,0.37806932642136815,0.30907827959105305,0.0689910468303151,29.933760909082732,28.48774995803833,27.041739006993925,10.151808782191207
2016-12-29,29.112499237060547,29.27750015258789,29.100000381469727,29.1825008392334,26.831527709960938,60158000,-0.00025698127732198817,28.56537504196167,28.212399978637695,63.83712804573173,0.3692114913925586,0.3211049219513542,0.048106569441204394,29.98531642359125,28.56537504196167,27.14543366033209,9.94169605365748
2016-12-30,29.162500381469727,29.299999237060547,28.857500076293945,28.95499992370605,26.62235450744629,122345200,-0.007795799209636356,28.644500064849854,28.205899963378908,57.680350360084745,0.33991583260834446,0.32486710408275227,0.015048728525592192,29.962438429113558,28.644500064849854,27.32656170058615,9.202034326170473
2017-01-03,28.950000762939453,29.082500457763672,28.690000534057617,29.037500381469727,26.698211669921875,115127600,0.0028493784219711937,28.722625064849854,28.201349983215334,59.216462487111166,0.3196709417858088,0.3238278716233636,-0.004156929837554779,29.935015850605627,28.722625064849854,27.51023427909408,8.442061148787342
2017-01-04,28.962499618530277,29.127500534057617,28.9375,29.0049991607666,26.668331146240234,84472400,-0.001119195699362252,28.80900001525879,28.198449974060058,58.318383918503606,0.2975738964210599,0.31857707658290285,-0.021003180161842938,29.82797926566276,28.80900001525879,27.79002076485482,7.074034155050598
2017-01-05,28.979999542236328,29.21500015258789,28.95249938964844,29.15250015258789,26.80394554138184,88774400,0.005085222408479195,28.892250061035156,28.193249969482423,61.19473859913895,0.28863670186267143,0.3125890016388566,-0.023952299776185182,29.719850230066115,28.892250061035156,28.064649892004198,5.728873087299502
2017-01-06,29.19499969482422,29.540000915527344,29.11750030517578,29.477500915527344,27.102767944335938,127007600,0.011148448369019182,28.978250122070314,28.191549987792968,66.65488439213077,0.3042713059974176,0.3109254625105688,-0.00665415651315121,29.661119093104624,28.978250122070314,28.295381151036004,4.712975891627256
2017-01-09,29.487499237060547,29.857500076293945,29.48500061035156,29.747499465942383,27.35101127624512,134247600,0.009159335032459692,29.064125061035156,28.208549995422363,70.38320628919162,0.3345915063526519,0.31565867127898545,0.018932835073666443,29.676763227725267,29.064125061035156,28.451486894345045,4.215768858711972
2017-01-10,29.6924991607666,29.84499931335449,29.575000762939453,29.77750015258789,27.378597259521484,97848400,0.001008590980338786,29.128625106811523,28.231699981689452,70.7742286576138,0.3569268576300111,0.32391230854919056,0.03301454908082052,29.756292085184207,29.128625106811523,28.50095812843884,4.309623101475588
2017-01-11,29.684999465942383,29.982500076293945,29.649999618530277,29.9375,27.52570343017578,110354400,0.005373035340703547,29.209250068664552,28.26184997558594,72.83419091285086,0.38312204252543225,0.3357542553444389,0.047367787180993326,29.817244804824046,29.209250068664552,28.60125533250506,4.1630287304893585
2017-01-12,29.725000381469727,29.825000762939453,29.552499771118164,29.8125,27.41077423095703,108344800,-0.0041753410411577985,29.260000038146973,28.290399971008302,68.75678480894337,0.3893077624004704,0.3464649567556452,0.04284280564482518,29.891054658789926,29.260000038146973,28.62894541750402,4.3134287069052055
2017-01-13,29.77750015258789,29.905000686645508,29.70249938964844,29.76000022888184,27.36250877380371,104447600,-0.0017608206447087271,29.308125019073486,28.32814998626709,67.05878960513414,0.3855295524994027,0.3542778759043967,0.031251676595005995,29.9375571227057,29.308125019073486,28.67869291544127,4.295273772870738
2017-01-17,29.584999084472656,30.059999465942383,29.55500030517578,30.0,27.58316993713379,137759200,0.008064361537686748,29.360375022888185,28.370200004577637,70.62961518140956,0.39732119825016454,0.3628865403735503,0.03443465787661426,30.0356995765208,29.360375022888185,28.68505046925557,4.600244738741634
2017-01-18,30.0,30.125,29.927499771118164,29.997499465942383,27.580873489379883,94852000,-8.325539664733039e-05,29.410624980926514,28.42099998474121,70.54381372720967,0.40183231743776204,0.3706756957863927,0.031156621651369343,30.11778986213082,29.410624980926514,28.703460099722207,4.808907540475047
2017-01-19,29.850000381469727,30.022499084472656,29.842500686645508,29.94499969482422,27.53260612487793,102389200,-0.0017500303070726586,29.44987497329712,28.475699996948244,68.65795992117197,0.39659936847915844,0.37586043032494587,0.02073893815421257,30.183679168614344,29.44987497329712,28.716070777979898,4.9834112775187
2017-01-20,30.112499237060547,30.112499237060547,29.9325008392334,30.0,27.58316993713379,130391600,0.001836506577928665,29.488000011444093,28.523649978637696,69.57558176438688,0.39236731750305864,0.37916180776056846,0.013205509742490185,30.252304493481773,29.488000011444093,28.723695529406413,5.183833978167788
2017-01-23,30.0,30.20249938964844,29.9424991607666,30.020000457763672,27.601566314697266,88200800,0.0006669421101854756,29.525750064849852,28.56875,69.92046110204365,0.38617566373936185,0.38056457895632717,0.005611084783034681,30.316395443415317,29.525750064849852,28.735104686284387,5.355632807491121
2017-01-24,29.887500762939453,30.024999618530277,29.875,29.99250030517578,27.576276779174805,92844000,-0.000916235522075981,29.57175006866455,28.614200019836424,68.76621121363132,0.3747300463250163,0.37939767243006506,-0.004667626105048783,30.358604685382893,29.57175006866455,28.784895451946205,5.32166418890526
2017-01-25,30.104999542236328,30.524999618530277,30.06999969482422,30.46999931335449,28.015308380126957,129510400,0.015920626430747875,29.638750076293945,28.684650001525878,76.13348252851765,0.39958334334712475,0.38343480661347706,0.01614853673364769,30.489353245787857,29.638750076293945,28.788146906800034,5.739804595702249
2017-01-26,30.417499542236328,30.61000061035156,30.399999618530277,30.48500061035156,28.02909469604492,105350400,0.0004920993811989849,29.697250080108642,28.75220001220703,76.32243822622769,0.41569832802976947,0.38988751089673557,0.025810817133033903,30.60944632556612,29.697250080108642,28.785053834651162,6.143304467563973
2017-01-27,30.53499984741211,30.587499618530277,30.399999618530277,30.487499237060547,28.031394958496094,82251600,8.206695493084837e-05,29.76212501525879,28.833400001525877,76.35601576447662,0.42378604604532555,0.3966672179264536,0.02711882811887195,30.704836682208242,29.76212501525879,28.819413348309336,6.334975519833566
2017-01-30,30.232500076293945,30.40749931335449,30.165000915527344,30.40749931335449,27.957841873168945,121510000,-0.0026239538002319485,29.823374938964843,28.90599998474121,72.7964661583768,0.4189113463482528,0.40111604361081343,0.017795302737439345,30.766671199017065,29.823374938964843,28.88007867891262,6.325885396825334
2017-01-31,30.287500381469727,30.34749984741211,30.155000686645508,30.337499618530277,27.89348030090332,196804000,-0.0023020937223123816,29.892499923706055,28.96279998779297,69.73321412162716,0.4047341974674339,0.4018396743821376,0.0028945230852963078,30.771558843215505,29.892499923706055,29.013441004196604,5.88146807227935
2017-02-01,31.75749969482422,32.622501373291016,31.752500534057617,32.1875,29.594444274902344,447940000,0.06098070071033557,30.049999904632568,29.05680000305176,86.22770828039884,0.536592767122869,0.42879029293028387,0.1078024741925851,31.307266715852318,30.049999904632568,28.792733093412817,8.367832380764352
2017-02-02,31.9950008392334,32.34749984741211,31.94499969482422,32.13249969482422,29.54387855529785,134841600,-0.001708622035095142,30.20637493133545,29.149150009155274,84.7489908328285,0.6293982572705339,0.4689118857983339,0.16048637147219996,31.666464998072065,30.20637493133545,28.746284864598834,9.667429938585242
2017-02-03,32.07749938964844,32.29750061035156,32.040000915527344,32.27000045776367,29.670305252075195,98029200,0.004279285691643597,30.36224994659424,29.235900001525877,85.42205927056042,0.705905203492275,0.5163105493371222,0.18959465415515286,31.994504391913473,30.36224994659424,28.729995501275006,10.751867520953104
2017-02-06,32.282501220703125,32.625,32.224998474121094,32.5724983215332,29.948421478271484,107383600,0.009373554597212452,30.516999816894533,29.328349952697753,86.80202940494249,0.7819329231006975,0.5694350240898373,0.21249789901086025,32.357909345095706,30.516999816894533,28.67609028869336,12.064813312231475
2017-02-07,32.6349983215332,33.022499084472656,32.61249923706055,32.88249969482422,30.23345184326172,152735200,0.009517375237857895,30.67374982833862,29.42984992980957,88.05042429243261,0.8573173380638366,0.6270114868846371,0.23030585117919944,32.74530900035011,30.67374982833862,28.602190656327128,13.507048754095505
2017-02-08,32.837501525878906,33.05500030517578,32.80500030517578,33.0099983215332,30.35068130493164,92016400,0.0038774752640773347,30.835374736785887,29.5310998916626,88.5309311153976,0.9167800341050345,0.6849651963287167,0.23181483777631784,33.09763592134365,30.835374736785887,28.57311355222812,14.673155126984344
2017-02-09,32.912498474121094,33.11249923706055,32.779998779296875,33.10499954223633,30.569997787475582,113399600,0.0072260810339142,30.993749713897706,29.635349884033204,88.88943317225477,0.960498425713574,0.7400718422056881,0.2204265835078859,33.41996047897307,30.993749713897706,28.56753894882235,15.656129300079089
2017-02-10,33.1150016784668,33.23500061035156,33.01250076293945,33.029998779296875,30.500736236572266,80262000,-0.0022656707856123504,31.154624652862548,29.738649864196777,86.5882890087468,0.9778219089819196,0.7876218555609344,0.19020005342098512,33.671203196554536,31.154624652862548,28.63804610917056,16.155409167869784
2017-02-13,33.27000045776367,33.45500183105469,33.1875,33.3224983215332,30.770841598510746,92141600,0.008855699739293676,31.332749557495116,29.85249984741211,87.90350596455423,1.0035844658066608,0.8308143776100798,0.17277008819658102,33.93220977681755,31.332749557495116,28.733289338172682,16.59260841154374
2017-02-14,33.36750030517578,33.772499084472656,33.3125,33.755001068115234,31.17023277282715,132904800,0.012979533661365172,31.520499610900877,29.980149879455567,89.53732616738303,1.0468335887920546,0.8740182198464748,0.1728153689455798,34.24711093288353,31.520499610900877,28.79388828891823,17.300559037076265
2017-02-15,33.880001068115234,34.067501068115234,33.654998779296875,33.877498626708984,31.283348083496094,142492400,0.003628953030070159,31.71449956893921,30.108199844360353,89.95130456260686,1.0785603868161004,0.9149266532403999,0.16363373357570055,34.530711270868565,31.71449956893921,28.89828786700986,17.759773858689645
2017-02-16,33.91749954223633,33.974998474121094,33.709999084472656,33.837501525878906,31.24639892578125,90338400,-0.001181112635905368,31.909124660491944,30.239399871826173,88.71698523819877,1.0879356263776536,0.9495284478678506,0.138407178509803,34.747211013295804,31.909124660491944,29.07103830768808,17.78855661507893
2017-02-17,33.775001525878906,33.95750045776367,33.775001525878906,33.93000030517578,31.33182144165039,88792800,0.0027338355396422376,32.10562467575073,30.368249893188477,89.08984303814741,1.0902615927429835,0.9776750768428772,0.11258651590010627,34.931951161205,32.10562467575073,29.279298190296466,17.606425752488047
2017-02-21,34.057498931884766,34.1875,33.994998931884766,34.17499923706055,31.55805778503418,98028800,0.00722065724155585,32.31337461471558,30.496599884033202,90.02965533066474,1.0992033718662526,1.0019807358475523,0.09722263601870029,35.1065766827889,32.31337461471558,29.520172546642257,17.28821023107435
2017-02-22,34.10749816894531,34.279998779296875,34.02750015258789,34.27750015258789,31.65271377563477,83347600,0.0029994238316364275,32.52762460708618,30.621549873352052,90.40216011900559,1.1018592163283571,1.0219564319437133,0.07990278438464382,35.23181244629668,32.52762460708618,29.823436767875688,16.627023164927852
2017-02-23,34.345001220703125,34.369998931884766,34.07500076293945,34.13249969482422,31.51881980895996,83152800,-0.004230094380655469,32.71074962615967,30.734449882507324,85.53376743105923,1.079816217879305,1.0335283891308318,0.04628782874847315,35.327398861127705,32.71074962615967,30.094100391191635,15.998711523721425
2017-02-24,33.977500915527344,34.165000915527344,33.81999969482422,34.165000915527344,31.548837661743164,87106400,0.0009523787046958887,32.89474964141846,30.85124988555908,85.71940593117363,1.052833154445345,1.0373893421937344,0.015443812251610733,35.37337967081962,32.89474964141846,30.416119612017294,15.070064715010126
2017-02-27,34.28499984741211,34.36000061035156,34.06999969482422,34.23249816894531,31.61115455627441,81029600,0.00197525167802981,33.08199958801269,30.959949836730956,86.11782599728738,1.0250788753387496,1.0349272488227375,-0.009848373483987816,35.3628546854213,33.08199958801269,30.801144490604088,13.789100573201601
2017-02-28,34.27000045776367,34.36000061035156,34.17499923706055,34.247501373291016,31.62500762939453,93931600,0.0004382336967623246,33.27399969100952,31.068949851989746,86.209922732576,0.9928490960396346,1.026511618266117,-0.03366252222648236,35.24781132225493,33.27399969100952,31.300188059764114,11.863987795724624
2017-03-01,34.47249984741211,35.037498474121094,34.400001525878906,34.9474983215332,32.27140426635742,145658400,0.020439414419684887,33.50449962615967,31.18879981994629,89.65747069788758,1.0121235372344017,1.023634002059774,-0.011510464825372324,35.09161161759618,33.50449962615967,31.91738763472316,9.474022947039169
2017-03-02,35.0,35.06999969482422,34.689998626708984,34.7400016784668,32.079795837402344,104844000,-0.0059374059887077335,33.632124710083005,31.30374984741211,83.03098281893605,0.9991379850229123,1.0187347986524018,-0.019596813629489507,35.18524005878248,33.632124710083005,32.07900936138353,9.23590383948505
2017-03-03,34.69499969482422,34.95750045776367,34.647499084472656,34.94499969482422,32.26909255981445,84432400,0.005900808202507379,33.772749710083005,31.41944984436035,84.26807499296255,0.9939310495806168,1.013774048838045,-0.01984299925742805,35.26540467078215,33.772749710083005,32.28009474938386,8.839404392669293
2017-03-06,34.842498779296875,34.942501068115234,34.650001525878906,34.834999084472656,32.167518615722656,87000000,-0.0031477161591549896,33.90099964141846,31.531399841308595,80.86150505013997,0.9697497147236476,1.0049691820151654,-0.035219467291517814,35.29249176707298,33.90099964141846,32.509507515763936,8.209151000694805
2017-03-07,34.76499938964844,34.994998931884766,34.6974983215332,34.880001068115234,32.209075927734375,69785200,0.0012919029443385632,34.01637477874756,31.643699874877928,81.19640597669537,0.9433428474798546,0.9926439151081032,-0.049301067628248596,35.3285143497579,34.01637477874756,32.70423520773722,7.714752553997188
2017-03-08,34.73749923706055,34.95000076293945,34.70500183105469,34.75,32.08903503417969,74828800,-0.003726927584759565,34.10974979400635,31.757249870300292,77.00438021060017,0.9015329050605132,0.9744217130985853,-0.07288880803807207,35.34964548791611,34.10974979400635,32.86985410009658,7.270036874487048
2017-03-09,34.685001373291016,34.6974983215332,34.26250076293945,34.66999816894531,32.01514434814453,88623600,-0.002302677096910233,34.19274978637695,31.868049850463866,74.45679247084118,0.8521200359576895,0.9499613776704062,-0.09784134171271675,35.34629663194712,34.19274978637695,33.03920294080678,6.74731838051682
2017-03-10,34.8125,34.84000015258789,34.65999984741211,34.78499984741211,32.1213493347168,78451200,0.0033173358650941953,34.276749801635745,31.97744983673096,75.70126774263349,0.8128694030516002,0.9225429827466451,-0.10967357969504499,35.34256321068284,34.276749801635745,33.21093639258865,6.218870897708235
2017-03-13,34.712501525878906,34.85749816894531,34.70500183105469,34.79999923706055,32.13520812988281,69686800,0.000431451214007339,34.36524982452393,32.089649810791016,75.86642081858997,0.7740505462105105,0.8928444954394184,-0.11879394922890785,35.28639562117809,34.36524982452393,33.44410402786977,5.360914303592843
2017-03-14,34.82500076293945,34.912498474121094,34.709999084472656,34.747501373291016,32.08671951293945,61236400,-0.0015088938197437285,34.436499977111815,32.200949821472165,73.97137603993056,0.7306279593111142,0.8604011882137576,-0.1297732289026433,35.23647519649521,34.436499977111815,33.63652475772842,4.646089003906327
2017-03-15,34.852500915527344,35.1875,34.75749969482422,35.1150016784668,32.42607879638672,102767200,0.010576315952474102,34.504500007629396,32.32414985656738,78.09607758392109,0.7175974331297468,0.8318404371969554,-0.11424300406720866,35.29231286242523,34.504500007629396,33.716687152833565,4.566435419273634
2017-03-16,35.18000030517578,35.255001068115234,35.064998626708984,35.17250061035156,32.47917938232422,76928000,0.0016375888762540924,34.56925010681152,32.44684986114502,78.66572478759868,0.7037973922761225,0.8062318282127889,-0.10243443593666646,35.353149084689015,34.56925010681152,33.78535112893403,4.535238545559495
2017-03-17,35.25,35.25,34.97249984741211,34.997501373291016,32.317569732666016,175540000,-0.0049757922685126355,34.62725009918213,32.56669990539551,72.4869159202966,0.6710048582546264,0.7791864342211564,-0.10818157596653,35.35569381242721,34.62725009918213,33.89880638593704,4.207343702769456
2017-03-20,35.099998474121094,35.375,35.057498931884766,35.3650016784668,32.65694046020508,86168000,0.010501121536871993,34.69900016784668,32.69094993591309,76.63697694143947,0.6669821866192791,0.756745584700781,-0.08976339808150191,35.42126187765264,34.69900016784668,33.976738458040714,4.163011650550302
2017-03-21,35.52750015258789,35.70000076293945,34.932498931884766,34.959999084472656,32.282955169677734,158119600,-0.011451939013793155,34.738250160217284,32.800599899291996,65.00060964270776,0.6239216849724585,0.7301808047551166,-0.10625911978265812,35.42687808707655,34.738250160217284,34.049622233358015,3.9646667502434814
2017-03-22,34.962501525878906,35.400001525878906,34.939998626708984,35.35499954223633,32.64771270751953,103440800,0.011298765429764712,34.792125129699706,32.91274990081787,69.81455461755779,0.6145846141024265,0.7070615666245785,-0.09247695252215204,35.49655129221898,34.792125129699706,34.08769896718043,4.049342544574575
2017-03-23,35.314998626708984,35.39500045776367,35.15250015258789,35.22999954223633,32.53226852416992,81385200,-0.0035360573153726538,34.84700012207031,33.02179988861084,66.68855413081849,0.5902939219495167,0.6837080376895662,-0.09341411574004954,35.506921948239786,34.84700012207031,34.18707829590084,3.787538805967474
2017-03-24,35.375,35.435001373291016,35.087501525878906,35.15999984741211,32.46762466430664,89582400,-0.001987068925588531,34.89675006866455,33.12624988555908,64.93510396790178,0.5589517353827773,0.6587567772282085,-0.09980504184543115,35.49018563380881,34.89675006866455,34.3033145035203,3.4010935916759104
2017-03-27,34.84749984741211,35.30500030517578,34.654998779296875,35.220001220703125,32.523033142089844,94300400,0.0017065762696251152,34.946125221252444,33.23439990997314,65.76600525556648,0.5328125051969153,0.6335679228219498,-0.1007554176250346,35.470592847906836,34.946125221252444,34.42165759459805,3.001578133963977
2017-03-28,35.227500915527344,36.0099983215332,35.154998779296875,35.95000076293945,33.19713592529297,133499200,0.020726934669901054,35.031250190734866,33.3581999206543,73.87659936722736,0.5644946956832939,0.6197532773942187,-0.05525858171092479,35.6228745767623,35.031250190734866,34.43962580470743,3.3776949598213735
2017-03-29,35.91999816894531,36.122501373291016,35.79750061035156,36.02999877929688,33.270999908447266,116760000,0.002225010715397824,35.085375213623045,33.47879989624023,74.58714163575718,0.5892655448543209,0.6136557308862391,-0.024390186031918226,35.81776733212495,35.085375213623045,34.35298309512114,4.174913986483637
2017-03-30,36.04750061035156,36.125,35.875,35.98249816894531,33.22715377807617,84829200,-0.0013178482910566336,35.14750003814697,33.598499870300294,73.31205337852433,0.5981684059733254,0.6105582659036565,-0.012389859930331037,35.95871491941528,35.14750003814697,34.33628515687867,4.616060205635463
2017-03-31,35.93000030517578,36.067501068115234,35.752498626708984,35.915000915527344,33.16482925415039,78646800,-0.0018757105812325925,35.19600009918213,33.71789989471436,71.44305932408213,0.5929424518084545,0.6070351030846162,-0.01409265127616166,36.066787559735076,35.19600009918213,34.32521263862918,4.948218309461716
2017-04-03,35.9275016784668,36.02999877929688,35.76250076293945,35.92499923706055,33.174049377441406,79942800,0.00027800906859365426,35.25050010681152,33.83639987945557,71.55872573712982,0.5828884512396613,0.6022057727156253,-0.01931732147596399,36.159682926826875,35.25050010681152,34.34131728679617,5.158410900613973
2017-04-04,35.8125,36.22249984741211,35.79249954223633,36.192501068115234,33.42107391357422,79565600,0.007446318455798462,35.316125106811526,33.9598498916626,74.53101804572738,0.5897079592401084,0.5997062100205219,-0.009998250780413498,36.29561787983005,35.316125106811526,34.336632333793006,5.547000244540436
2017-04-05,36.05500030517578,36.3650016784668,35.95249938964844,36.005001068115234,33.247928619384766,110871600,-0.0051807220389507025,35.378875160217284,34.08009990692139,69.08143803651046,0.5733732950325887,0.5944396270229353,-0.021066331990346576,36.366025759814804,35.378875160217284,34.391724560619764,5.580452149069723
2017-04-06,36.0724983215332,36.130001068115234,35.86249923706055,35.915000915527344,33.16482925415039,84596000,-0.002499384734179322,35.441125297546385,34.18899993896484,66.56548942543773,0.5468618132386922,0.5849240642660867,-0.03806225102739447,36.39817850152522,35.441125297546385,34.48407209356755,5.4008059616837
2017-04-07,35.932498931884766,36.04499816894531,35.817501068115234,35.834999084472656,33.0909538269043,66688800,-0.0022275232198534223,35.493625259399415,34.295999908447264,64.32291193613463,0.5134767533645999,0.5706346020857893,-0.05715784872118945,36.415500002523785,35.493625259399415,34.571750516275046,5.19459331858607
2017-04-10,35.900001525878906,35.970001220703125,35.724998474121094,35.79249954223633,33.051700592041016,75733600,-0.0011862225268153281,35.543250274658206,34.40209991455078,63.10660782788777,0.4780785036168709,0.5521233823920056,-0.07404487877513477,36.41597258391127,35.543250274658206,34.67052796540514,4.9107625358353975
2017-04-11,35.73500061035156,35.837501525878906,35.01499938964844,35.407501220703125,32.69617462158203,121517600,-0.010756661959614777,35.57625026702881,34.502099952697755,53.2781595222686,0.41418452726922794,0.5245356113674502,-0.11035108409822225,36.3726989655692,35.57625026702881,34.77980156848842,4.477417898527192
2017-04-12,35.400001525878906,35.537498474121094,35.252498626708984,35.45000076293945,32.73542785644531,81400000,0.001200545180517043,35.59300022125244,34.60434997558594,54.12748235105099,0.36279536937161794,0.49218756296828375,-0.12939219359666582,36.3636142756968,35.59300022125244,34.82238616680808,4.330143846565808
2017-04-13,35.477500915527344,35.595001220703125,35.26250076293945,35.26250076293945,32.562286376953125,71291600,-0.00528911612982319,35.597500228881835,34.66584999084473,49.82424514569791,0.3034415235045813,0.4544383550755433,-0.150996831570962,36.35923969514835,35.597500228881835,34.83576076261532,4.279735719467621
2017-04-17,35.369998931884766,35.470001220703125,35.217498779296875,35.45750045776367,32.74235534667969,66328400,0.005529985445187124,35.62050018310547,34.732350006103516,53.926702699718184,0.269036730762771,0.4173580302129889,-0.14832129945021788,36.334678931551124,35.62050018310547,34.906321434659816,4.009931049673378
2017-04-18,35.352500915527344,35.5099983215332,35.27750015258789,35.29999923706055,32.596923828125,58790000,-0.004441693855400497,35.61725006103516,34.79294998168945,50.34614189871655,0.22645126322220932,0.379176676814833,-0.1527254135926237,36.33662291683814,35.61725006103516,34.89787720523218,4.039463207127074
2017-04-19,35.470001220703125,35.5,35.11249923706055,35.16999816894531,32.47686767578125,69313600,-0.0036830515964259014,35.62775001525879,34.8448999786377,47.54033911709912,0.18013548392372059,0.33936843823661056,-0.15923295431288997,36.31380204773771,35.62775001525879,34.94169798277987,3.8512228933070105
2017-04-20,35.30500030517578,35.72999954223633,35.290000915527344,35.61000061035156,32.883182525634766,93278400,0.012510900186242901,35.64050006866455,34.89944999694824,56.397511058190915,0.1768952762786995,0.3068738058450284,-0.12997852956632888,36.315186351309436,35.64050006866455,34.965813786019666,3.786065186206941
2017-04-21,35.61000061035156,35.66999816894531,35.462501525878906,35.567501068115234,32.84392547607422,69283600,-0.0011938336421647433,35.65737514495849,34.95060005187988,55.424131233224735,0.16895047459746593,0.2792891395955159,-0.11033866499804995,36.30654857445644,35.65737514495849,35.008201715460544,3.64117340022284
2017-04-24,35.875,35.98749923706055,35.79499816894531,35.90999984741211,33.16020584106445,68537200,0.0096297979125739,35.694875144958495,35.0067000579834,61.231284326435905,0.188122393285731,0.2610557903335589,-0.07293339704782792,36.31057681971845,35.694875144958495,35.07917347019854,3.4498043333087
2017-04-25,35.977500915527344,36.22499847412109,35.967498779296875,36.13249969482422,33.36566162109375,75486000,0.006195853578655042,35.74050006866455,35.068750076293945,64.46959827179063,0.2187485579400601,0.2525943438548591,-0.03384578591479903,36.343794373453655,35.74050006866455,35.13720576387545,3.375970138246835
2017-04-26,36.11750030517578,36.150001525878906,35.845001220703125,35.91999816894531,33.16944885253906,80164800,-0.005880679687485735,35.738999938964845,35.12070007324219,59.36907387647906,0.2232988665542237,0.24673524839473207,-0.023436381840508363,36.340349107131765,35.738999938964845,35.137650770797926,3.365226610671284
2017-04-27,35.97999954223633,36.040000915527344,35.82749938964844,35.9474983215332,33.194828033447266,56985200,0.0007651372508790111,35.73487491607666,35.16455001831055,59.812184335116804,0.22651295109878333,0.24269078893554233,-0.016177837836758996,36.32927462072964,35.73487491607666,35.140475211423684,3.3267204995060218
2017-04-28,36.022499084472656,36.07500076293945,35.817501068115234,35.912498474121094,33.16252136230469,83441600,-0.000973244118331551,35.73137493133545,35.20525001525879,58.931303708012734,0.2236577537136455,0.23888418189116298,-0.015226428177517487,36.32070385470593,35.73137493133545,35.14204600796497,3.29866356670006
2017-05-01,36.275001525878906,36.79999923706055,36.2400016784668,36.64500045776367,33.838924407958984,134411600,0.02039661092908185,35.76787490844727,35.26139999389648,69.1661705914251,0.2773051760675642,0.24656838072644324,0.030736795341120976,36.4765202405412,35.76787490844727,35.05922957635334,3.962468186370053
2017-05-02,36.8849983215332,37.022499084472656,36.709999084472656,36.87749862670898,34.05360794067383,181408800,0.006344277676401333,35.81549987792969,35.32034996032715,71.58658706513214,0.334723321861091,0.2641993689533728,0.07052395290771818,36.672483544123544,35.81549987792969,34.958516211735834,4.785546308803288
2017-05-03,36.397499084472656,36.872501373291016,36.067501068115234,36.76499938964844,33.949737548828125,182788000,-0.00305020225835273,35.84412479400635,35.37214996337891,68.77340471707566,0.36692023971886556,0.2847435431064714,0.08217669661239418,36.78382014139934,35.84412479400635,34.904429446613356,5.243232204961644
2017-05-04,36.630001068115234,36.78499984741211,36.45249938964844,36.63249969482422,33.8273811340332,93487600,-0.0036040459699855365,35.8754997253418,35.41924995422363,65.50818953532189,0.377394541704426,0.30327374282606234,0.07412079887836365,36.87460961037972,35.8754997253418,34.87638984030387,5.569872992359583
2017-05-05,36.68999862670898,37.244998931884766,36.68999862670898,37.2400016784668,34.38835906982422,109310800,0.016583546138800198,35.94174976348877,35.48139999389648,72.0584586999655,0.42976180786170914,0.3285713558331917,0.10119045202851745,37.10481697537885,35.94174976348877,34.77868255159869,6.471956538251657
2017-05-08,37.25749969482422,38.42499923706055,37.25749969482422,38.25249862670898,35.323333740234375,195009600,0.027188696864300033,36.06262474060058,35.56314994812012,79.16145091509479,0.5466617096069726,0.3721894265879479,0.17447228301902468,37.59882629615481,36.06262474060058,34.526423185046355,8.519632537033381
2017-05-09,38.46749877929688,38.720001220703125,38.36249923706055,38.497501373291016,35.549564361572266,156521600,0.006404565973347154,36.19787483215332,35.64845001220703,80.45613370838339,0.6515645672873589,0.42806445472783017,0.22350011255952873,38.057411384349386,36.19787483215332,34.33833827995725,10.274285774060452
2017-05-10,38.407501220703125,38.48500061035156,38.02750015258789,38.31499862670898,35.38104248046875,103222800,-0.00474047668740718,36.34324970245361,35.72979995727539,76.63655881894981,0.7117695550043379,0.48480547478313174,0.22696408022120618,38.37913902175692,36.34324970245361,34.307360383150304,11.20367240668553
2017-05-11,38.11249923706055,38.51750183105469,38.07749938964844,38.48749923706055,35.6870231628418,109020400,0.00864815338728242,36.495124626159665,35.80059997558594,77.71352760708221,0.7645881034145816,0.5407620005094218,0.2238261029051598,38.68888027125649,36.495124626159665,34.30136898106284,12.022184703127934
2017-05-12,38.67499923706055,39.10499954223633,38.66749954223633,39.025001525878906,36.18542098999024,130108000,0.01396579997368308,36.68324966430664,35.88629997253418,80.69904419556877,0.8401345777338776,0.600636515954313,0.23949806177956456,39.05962985661459,36.68324966430664,34.306869471998695,12.95621415253296
2017-05-15,39.00249862670898,39.16249847412109,38.76250076293945,38.92499923706055,36.09269714355469,104038800,-0.002562464216215754,36.856624603271484,35.96589996337891,78.58964966697488,0.8817718371069745,0.6568635801848454,0.22490825692212912,39.35293054334966,36.856624603271484,34.36031866319331,13.54603665934506
2017-05-16,38.98500061035156,39.01499938964844,38.68000030517578,38.86750030517578,36.03937911987305,80194000,-0.0014772524056479996,37.03499965667724,36.04654998779297,77.33790330309091,0.899758130230623,0.7054424901940008,0.19431564003662216,39.57042475304966,37.03499965667724,34.49957456030483,13.692048710011468
2017-05-17,38.400001525878906,38.64250183105469,37.4275016784668,37.5625,34.8293342590332,203070800,-0.03357563005774966,37.15462474822998,36.100199966430665,55.66673752511952,0.799493712974666,0.7242527347501339,0.07524097822453213,39.548605738503646,37.15462474822998,34.76064375795631,12.88658414125265
2017-05-18,37.817501068115234,38.334999084472656,37.782501220703125,38.1349983215332,35.36018371582031,134272800,0.015241447133013564,37.28087463378906,36.16789993286133,60.84964939442258,0.757497312420945,0.7309016502842961,0.02659566213664888,39.60088380846055,37.28087463378906,34.96086545911757,12.446109150930589
2017-05-19,38.345001220703125,38.494998931884766,38.157501220703125,38.26499938964844,35.48072052001953,107843200,0.003408828561750177,37.41574954986572,36.23979995727539,61.93781558289093,0.7263321571652952,0.729987751660496,-0.003655594495200809,39.63301094864625,37.41574954986572,35.19848815108519,11.852021811432541
2017-05-22,38.5,38.64500045776367,38.227500915527344,38.497501373291016,35.69630432128906,91865600,0.006076082957444218,37.54512462615967,36.31404998779297,63.87187334203203,0.7121848899801861,0.7264271793244341,-0.014242289344247983,39.69683962523991,37.54512462615967,35.39340962707943,11.462020810984484
2017-05-23,38.72499847412109,38.72499847412109,38.32749938964844,38.45000076293945,35.652252197265625,79675600,-0.0012340808064313924,37.66099967956543,36.387050018310546,63.16569527885568,0.6891955591378363,0.7189808552871145,-0.029785296149278273,39.744464978176445,37.66099967956543,35.57753438095441,11.064312239919056
2017-05-24,38.459999084472656,38.54249954223633,38.16749954223633,38.334999084472656,35.54561996459961,76712000,-0.002990897519629776,37.7817497253418,36.45879997253418,61.39585809883727,0.6541559716299403,0.7060158785556797,-0.051859906925739385,39.72266269192815,37.7817497253418,35.840836758755444,10.274341345734456
2017-05-25,38.432498931884766,38.587501525878906,38.25749969482422,38.46749877929688,35.66849136352539,76942400,0.0034567240365521723,37.90774974822998,36.52584991455078,62.6928564213949,0.6298183106723556,0.6907763649790148,-0.06095805430665924,39.675458386925,37.90774974822998,36.14004110953496,9.32637073123845
2017-05-26,38.5,38.560001373291016,38.32749938964844,38.40250015258789,35.60820388793945,87710400,-0.0016902165827957782,38.03224983215332,36.59044990539551,61.59951255491613,0.5983878504049045,0.6722986620641928,-0.07391081165928826,39.55394060589322,38.03224983215332,36.51055905841342,8.00210758214691
2017-05-30,38.35499954223633,38.60749816894531,38.33250045776367,38.41749954223633,35.62211608886719,80507600,0.0003907021250360021,38.12087478637695,36.65884986877441,61.76522356328466,0.5681401436669731,0.6514669583847489,-0.08332681471777581,39.50972920038709,38.12087478637695,36.73202037236681,7.286582072384486
2017-05-31,38.49250030517578,38.54249954223633,38.095001220703125,38.18999862670898,35.41118621826172,97804800,-0.0059213178150129275,38.186499786376956,36.71534980773926,57.698248604912315,0.5198190451987017,0.6251373757475395,-0.10531833054883777,39.452773369371464,38.186499786376956,36.92022620338245,6.632048446850587
2017-06-01,38.29249954223633,38.33250045776367,38.05500030517578,38.29499816894531,35.50852966308594,65616400,0.002748946172665079,38.2629997253418,36.78204978942871,59.03881680752911,0.4844128028142123,0.5969924611608741,-0.11257965834666184,39.3484772831786,38.2629997253418,37.177522167504996,5.673771348971814
2017-06-02,38.39500045776367,38.86249923706055,38.22249984741211,38.86249923706055,36.03474044799805,111082800,0.01481927835100283,38.37449970245361,36.8521997833252,65.41774651123976,0.4964232359772822,0.5768786161241558,-0.08045538014687359,39.192244413222326,38.37449970245361,37.5567549916849,4.261917247699929
2017-06-05,38.584999084472656,38.61249923706055,38.3650016784668,38.48249816894531,35.68239974975586,101326800,-0.00977780591345323,38.43662452697754,36.91724975585937,58.81306399512203,0.4698623991359909,0.5554753727265229,-0.085612973590532,39.06764276535785,38.43662452697754,37.805606288597225,3.283421716375852
2017-06-06,38.47499847412109,38.95249938964844,38.44499969482422,38.61249923706055,35.802940368652344,106499600,0.0033781533680987685,38.454624557495116,36.986299743652346,60.29013562554975,0.45406852500302364,0.5351940031818231,-0.08112547817879945,39.0841433626737,38.454624557495116,37.82510575231653,3.274086341617323
2017-06-07,38.755001068115234,38.994998931884766,38.619998931884766,38.84249877929688,36.01619338989258,84278400,0.005956299092879869,38.47187442779541,37.05874969482422,62.82993891423668,0.4548673788378892,0.5191286783130363,-0.06426129947514714,39.12366065969439,38.47187442779541,37.82008819589644,3.3883778297429017
2017-06-08,38.8125,38.8849983215332,38.59999847412109,38.747501373291016,35.9281120300293,85003200,-0.002445604367728671,38.49349956512451,37.11469970703125,61.09191839777548,0.44273144698910016,0.5038492320482492,-0.061117785059149,39.15169918914324,38.49349956512451,37.83529994110578,3.419796232894675
2017-06-09,38.79750061035156,38.79750061035156,36.505001068115234,37.244998931884766,34.534934997558594,259530800,-0.038776794931675296,38.43137454986572,37.138999710083006,41.52611495648006,0.3083201210467976,0.46474340984795887,-0.15642328880116124,39.28550114494834,38.43137454986572,37.577247954783104,4.444944294013563
2017-06-12,36.435001373291016,36.522499084472656,35.627498626708984,36.35499954223633,33.70969772338867,289229200,-0.023895723974238336,38.297874450683594,37.14644973754883,34.48147281012133,0.1285013802249182,0.39749500392335074,-0.26899362369843255,39.50204685180911,38.297874450683594,37.093702049558075,6.288455526043037
2017-06-13,36.790000915527344,36.86249923706055,36.28749847412109,36.647499084472656,33.98092269897461,136661600,0.008045903520450537,38.1839994430542,37.161099700927736,38.192539026024015,0.009486644998993654,0.3198933321384793,-0.31040668713948566,39.54937549840435,38.1839994430542,36.818623387704044,7.151561257413127
2017-06-14,36.875,36.875,35.959999084472656,36.290000915527344,33.64942169189453,126124800,-0.009755503404564103,38.05512447357178,37.16839973449707,35.54270672559842,-0.11238500029329401,0.23343766565212468,-0.34582266594541866,39.611346867780846,38.05512447357178,36.498902079362715,8.178779682036348
2017-06-15,35.83000183105469,36.119998931884766,35.5525016784668,36.0724983215332,33.447750091552734,128661600,-0.005993315492562434,37.98062438964844,37.16599967956543,33.99724284840816,-0.22393837660680305,0.14196245720033915,-0.3659008338071422,39.75185351304738,37.98062438964844,36.2093952662495,9.3270142440401
2017-06-16,35.94499969482422,36.125,35.54999923706055,35.567501068115234,32.9794921875,201444400,-0.013999683170647481,37.85224952697754,37.15724967956543,30.66344982675588,-0.3490704224059158,0.043755881279088166,-0.39282630368500393,39.90923731423586,37.85224952697754,35.795261739719216,10.868510130645175
2017-06-19,35.915000915527344,36.685001373291016,35.915000915527344,36.584999084472656,33.92295837402344,130165600,0.02860766263954284,37.76824951171875,37.17064964294433,42.82826572459871,-0.36196240658576073,-0.03738777629388161,-0.3245746302918791,39.88723204908304,37.76824951171875,35.64926697435446,11.220972985294488
2017-06-20,36.71749877929688,36.71749877929688,36.23500061035156,36.25249862670898,33.61465072631836,99600400,-0.009088465820279557,37.65599937438965,37.17899963378906,40.3377011046145,-0.39446228932222027,-0.10880267889954935,-0.2856596104226709,39.845251555819075,37.65599937438965,35.46674719296023,11.62764084236927
2017-06-21,36.380001068115234,36.51750183105469,36.15250015258789,36.46749877929688,33.813995361328125,85063200,0.005930290236622726,37.55687427520752,37.19249961853027,42.65968192174391,-0.39827885434438315,-0.16669791398851613,-0.23158094035586702,39.77271295720705,37.55687427520752,35.34103559320799,11.799910001894242
2017-06-22,36.442501068115234,36.67499923706055,36.27999877929688,36.407501220703125,33.758384704589844,76425200,-0.0016446047307938638,37.460499382019044,37.21249961853027,42.16650163492141,-0.401516380282672,-0.21366160724734734,-0.18785477303532466,39.70012091799838,37.460499382019044,35.220877846039706,11.957243351936478
2017-06-23,36.282501220703125,36.790000915527344,36.27750015258789,36.56999969482422,33.909053802490234,141757600,0.004463160758989337,37.36562442779541,37.23489959716797,44.05303722496742,-0.38651437696788804,-0.2482321611914555,-0.13828221577643254,39.58726525790768,37.36562442779541,35.14398359768314,11.891361989174438
2017-06-26,36.79249954223633,37.06999969482422,36.345001220703125,36.45500183105469,33.80241775512695,102769600,-0.003144766232181073,37.26824951171875,37.258749618530274,42.98442093927743,-0.37952956718471853,-0.2744916423901081,-0.10503792479461044,39.470199767720096,37.26824951171875,35.066299255717404,11.81676244444461
2017-06-27,36.25249862670898,36.540000915527344,35.904998779296875,35.932498931884766,33.31793975830078,99047600,-0.014332643313737181,37.14399948120117,37.268249588012694,38.423744769571826,-0.41141315754838814,-0.3018759454217641,-0.10953721212662404,39.35296381892742,37.14399948120117,34.93503514347492,11.89405755211806
2017-06-28,36.122501373291016,36.52750015258789,35.790000915527344,36.45750045776367,33.80475616455078,88329600,0.01461123976396883,37.05737457275391,37.29139961242676,44.76518107740686,-0.38982424585381636,-0.3194656055081746,-0.07035864034564177,39.2310675790563,37.05737457275391,34.883681566451514,11.73150030925602
2017-06-29,36.1775016784668,36.282501220703125,35.56999969482422,35.91999816894531,33.30634689331055,125997600,-0.014743761759858143,36.93862457275391,37.30639961242676,40.20050177790521,-0.4113450902626212,-0.3378415024590639,-0.07350358780355731,39.088256545735824,36.93862457275391,34.788992599771994,11.638938903900026
2017-06-30,36.11249923706055,36.2400016784668,35.94499969482422,36.005001068115234,33.38516998291016,92096400,0.0023666086782831997,36.79574966430664,37.31429962158203,41.22127250849428,-0.41673759930710474,-0.3536207218286721,-0.06311687747843264,38.78907264021934,36.79574966430664,34.80242668839394,10.834528412102449
2017-07-03,36.220001220703125,36.32500076293945,35.775001525878906,35.875,33.26463317871094,57111200,-0.0036104894556753253,36.665374755859375,37.320449600219725,40.09405300456266,-0.4265838087009257,-0.3682133392031228,-0.05837046949780289,38.537773726318115,36.665374755859375,34.792975785400635,10.21344515323421
2017-07-05,35.92250061035156,36.1974983215332,35.68000030517578,36.022499084472656,33.401397705078125,86278400,0.004111409424911949,36.53587474822998,37.32269958496094,42.030966595553615,-0.4176704126418471,-0.3781047538908677,-0.03956565875097945,38.19816111747703,36.53587474822998,34.87358837898293,9.099474862457372
2017-07-06,35.755001068115234,35.875,35.602500915527344,35.682498931884766,33.086116790771484,96515200,-0.009439153327967076,36.377874755859374,37.31369956970215,38.908090877178395,-0.43304972519354834,-0.38909374815140385,-0.04395597704214449,37.69881652432369,36.377874755859374,35.05693298739506,7.262336116826351
2017-07-07,35.724998474121094,36.1875,35.724998474121094,36.04499816894531,33.4222526550293,76806800,0.01015942325246133,36.24274959564209,37.31619956970215,43.71015590974134,-0.4112466864848514,-0.39352433581809343,-0.01772235066675798,36.99838656085335,36.24274959564209,35.48711263043083,4.169865551824019
2017-07-10,36.02750015258789,36.48749923706055,35.842498779296875,36.26499938964844,33.6262321472168,84362400,0.006103104248923463,36.193749618530276,37.32254959106445,46.4607065964039,-0.3719280067967645,-0.38920507001382765,0.017277063217063127,36.79423400336701,36.193749618530276,35.59326523369354,3.3181662091694433
2017-07-11,36.182498931884766,36.462501525878906,36.095001220703125,36.38249969482422,33.73519515991211,79127200,0.0032404169524040682,36.19512462615967,37.331949615478514,47.924309397997376,-0.3275110339012386,-0.37686626279130986,0.04935522889007127,36.7972034785785,36.19512462615967,35.59304577374083,3.3268505559098873
2017-07-12,36.46749877929688,36.54499816894531,36.20500183105469,36.435001373291016,33.78388595581055,99538000,0.0014433233798598621,36.184499740600586,37.32774963378906,48.600437360345474,-0.2847909237048114,-0.35845119497401023,0.07366027126919883,36.761238010887446,36.184499740600586,35.607761470313726,3.1877642328697706
2017-07-13,36.375,37.122501373291016,36.36000061035156,36.942501068115234,34.25444030761719,100797600,0.013928366690028726,36.21712474822998,37.32904968261719,54.720337319832,-0.20759096514665032,-0.3282791490085383,0.12068818386188795,36.88124564900242,36.21712474822998,35.55300384745753,3.667441329974174
2017-07-14,36.99250030517578,37.33250045776367,36.83250045776367,37.2599983215332,34.5488395690918,80528400,0.008594484651647916,36.27649974822998,37.33894966125488,58.08286136716052,-0.11941354189939801,-0.28650602758671023,0.16709248568731222,37.07668016892385,36.27649974822998,35.47631932753611,4.4115635535256565
2017-07-17,37.20500183105469,37.72499847412109,37.14250183105469,37.38999938964844,34.66937255859375,95174000,0.0034887709979638526,36.36762466430664,37.354099655151366,59.41194434121341,-0.03859737247541517,-0.23692429656445124,0.19832692408903607,37.236252414812455,36.36762466430664,35.49899691380082,4.7769287025134695
2017-07-18,37.29999923706055,37.532501220703125,37.16749954223633,37.52000045776367,34.789920806884766,71475200,0.003477081913936475,36.41437473297119,37.3596996307373,60.75211888488115,0.03553045085428863,-0.18243334708070327,0.2179637979349919,37.415332054453415,36.41437473297119,35.413417411488965,5.497594446271869
2017-07-19,37.619998931884766,37.85499954223633,37.48749923706055,37.755001068115234,35.00782012939453,83692000,0.006263288833547653,36.4894998550415,37.34974967956543,63.122567507429984,0.11194938732749193,-0.12355680019906423,0.23550618752655617,37.644296565681586,36.4894998550415,35.334703144401416,6.329474041725098
2017-07-20,37.875,37.935001373291016,37.54750061035156,37.584999084472656,34.85020065307617,68974800,-0.0045024076259467805,36.54537487030029,37.331499633789065,60.28595409531747,0.15698458515890223,-0.06744852312747095,0.2244331082863732,37.79477243571113,36.54537487030029,35.295977304889455,6.837514021103661
2017-07-21,37.497501373291016,37.61000061035156,37.220001220703125,37.567501068115234,34.833961486816406,105010400,-0.00046597052399843797,36.6033748626709,37.316549682617186,59.98714541806001,0.1890837207856748,-0.016142074344841793,0.20522579513051661,37.92726490500667,36.6033748626709,35.27948482033512,7.233704800733633
2017-07-24,37.64500045776367,38.11000061035156,37.47499847412109,38.022499084472656,35.255859375,85972800,0.01211168268482088,36.67599983215332,37.30724967956543,64.86395017819777,0.24837395403988438,0.036761131332103444,0.21161282270778092,38.136871910893156,36.67599983215332,35.21512775341349,7.96636539113029
2017-07-25,37.95000076293945,38.459999084472656,37.95000076293945,38.185001373291016,35.40652847290039,75415600,0.004273590278931927,36.76249980926514,37.290449676513674,66.43730723817026,0.30495908912723735,0.09040072289113023,0.21455836623610713,38.35933021767221,36.76249980926514,35.165669400858064,8.687278703526186
2017-07-26,38.337501525878906,38.48249816894531,38.26499938964844,38.3650016784668,35.573455810546875,63124000,0.004714592049718913,36.88412494659424,37.2792497253418,68.13918990614631,0.3601758536213566,0.14435574903717552,0.2158201045841811,38.577204629881685,36.88412494659424,35.1910452633068,9.18053328221239
2017-07-27,38.4375,38.497501373291016,36.82500076293945,37.63999938964844,34.90119171142578,129905200,-0.01889791373380656,36.94324989318848,37.25469970703125,55.854091727038,0.3414973428933834,0.1837840678084171,0.1577132750849663,38.65509197719042,36.94324989318848,35.231407809186535,9.267414691188659
2017-07-28,37.47249984741211,37.557498931884766,37.29750061035156,37.375,34.655487060546875,68854800,-0.007040007484858113,37.015999984741214,37.25094970703125,52.152830570227216,0.3018319220047232,0.20739363864767832,0.09443828335704488,38.67042007347001,37.015999984741214,35.361579896012415,8.938945804034935
2017-07-31,37.47499847412109,37.58250045776367,37.032501220703125,37.182498931884766,34.47697830200195,79383600,-0.0051509522354439286,37.07487487792969,37.23189971923828,49.582459893013485,0.25195913471233666,0.21630673786061,0.035652396851726664,38.66369879384793,37.07487487792969,35.48605096201145,8.570892935711845
2017-08-01,37.275001525878906,37.55500030517578,37.102500915527344,37.51250076293945,34.782981872558594,141474400,0.0088755913547931,37.15674991607666,37.2168497467041,53.787278880078844,0.2363386168356243,0.22031311365561287,0.01602550318001142,38.65605331659846,37.15674991607666,35.65744651555487,8.070153627043094
2017-08-02,39.81999969482422,39.9375,39.040000915527344,39.28499984741211,36.42650604248047,279747200,0.04725081293902811,37.319874954223636,37.23259971618652,68.82603809285416,0.3628029401455848,0.24881107895360727,0.11399186119197752,38.99022106769275,37.319874954223636,35.64952884075452,8.951509701026348
2017-08-03,39.26250076293945,39.3025016784668,38.755001068115234,38.89250183105469,36.06257629394531,108389200,-0.009990794837988148,37.480375099182126,37.24144973754883,63.86948239402517,0.4264397854209392,0.2843368202470737,0.1421029651738655,39.10685779619884,37.480375099182126,35.853892402165414,8.679116432066895
2017-08-04,39.01750183105469,39.34999847412109,38.92250061035156,39.09749984741211,36.25264358520508,82239600,0.005270485661105662,37.633000183105466,37.25669975280762,65.2760269890798,0.48779111809059117,0.3250276798157772,0.162763438274814,39.26493933718587,37.633000183105466,36.00106102902506,8.67291550575354
2017-08-07,39.26499938964844,39.72999954223633,39.16749954223633,39.70249938964844,36.813621520996094,87481200,0.01547412492753919,37.804875183105466,37.28139976501465,69.09931880395642,0.578561600125937,0.3757344638778092,0.20282713624812787,39.54480089965695,37.804875183105466,36.06494946655398,9.204769004654901
2017-08-08,39.650001525878906,40.45750045776367,39.567501068115234,40.02000045776367,37.108028411865234,144823600,0.007997227078059499,37.98675022125244,37.31374977111816,70.90954709438053,0.6684125006001409,0.43427007122227557,0.23414242937786534,39.85001428511096,37.98675022125244,36.12348615739393,9.810073528301327
2017-08-09,39.81499862670898,40.317501068115234,39.77750015258789,40.26499938964844,37.335205078125,104526000,0.006122035472709841,38.17825012207031,37.350699768066406,72.25998811325285,0.7507353431094828,0.49756312559971705,0.2531722175097657,40.148418409512516,38.17825012207031,36.2080818346281,10.320893603781382
2017-08-10,39.97499847412109,40.0,38.657501220703125,38.83000183105469,36.14599990844727,163217200,-0.031852112963871027,38.27262516021729,37.36349983215332,55.89342424228091,0.6922051684000863,0.5364915341597909,0.15571363424029538,40.1766938046481,38.27262516021729,36.36855651578647,9.950028964357587
2017-08-11,39.150001525878906,39.64250183105469,39.01750183105469,39.369998931884766,36.6486701965332,105028400,0.013906664343471542,38.37812519073486,37.38499984741211,59.601509500521054,0.6815365077293194,0.5655005288736966,0.11603597885562278,40.279892682572864,38.37812519073486,36.47635769889686,9.91068470586531
2017-08-14,39.83000183105469,40.0525016784668,39.6875,39.962501525878906,37.200225830078125,88490800,0.01504981301059849,38.50675029754639,37.40699989318848,63.25209454566077,0.7126762368360318,0.5949356704661637,0.11774056636986807,40.470754644568316,38.50675029754639,36.54274595052446,10.20083144823089
2017-08-15,40.165000915527344,40.54999923706055,40.03499984741211,40.400001525878906,37.60747909545898,117862000,0.010947601964597986,38.65075035095215,37.44534996032715,65.71566796502356,0.7638520788787773,0.6287189521486864,0.1351331267300908,40.723553768319995,38.65075035095215,36.57794693358431,10.725812040111045
2017-08-16,40.48500061035156,40.62749862670898,40.03749847412109,40.23749923706055,37.45619583129883,110686400,-0.004022690906139936,38.774875259399415,37.47784996032715,63.999439125484095,0.7822790992757191,0.6594309815740931,0.12284811770162607,40.91449370328989,38.774875259399415,36.63525681550894,11.03610742562898
2017-08-17,40.130001068115234,40.1775016784668,39.459999084472656,39.46500015258789,36.73710250854492,111762400,-0.01919824762751332,38.86887531280517,37.490299987792966,56.45185962374589,0.7261775033977145,0.6727802859388174,0.05339721745889703,40.955671051870965,38.86887531280517,36.78207957373938,10.737618324543117
2017-08-18,39.46500015258789,39.875,39.18000030517578,39.375,36.65332412719727,109712400,-0.002280484187019427,38.95925025939941,37.50284996032715,55.62874419923541,0.6667682351569653,0.6715778757824471,-0.004809640625481837,40.9678725204392,38.95925025939941,36.95062799835962,10.311401003181185
2017-08-21,39.375,39.47249984741211,38.77750015258789,39.3025016784668,36.58583068847656,105474000,-0.0018414002093367632,39.02325038909912,37.54400001525879,54.93389230064861,0.6068406718812938,0.6586304350022165,-0.05178976312092276,40.98952683856682,39.02325038909912,37.05697393963142,10.07746115386106
2017-08-22,39.557498931884766,40.0,39.505001068115234,39.94499969482422,37.18392562866211,86418400,0.01634772065935164,39.11125030517578,37.615800018310544,59.73408910230271,0.6042267170940292,0.647749691420579,-0.043522974326549835,41.07712395544773,39.11125030517578,37.14537665490383,10.052727207300752
2017-08-23,39.76750183105469,40.11750030517578,39.720001220703125,39.994998931884766,37.23047256469727,77596400,0.0012518026337511312,39.19275016784668,37.68275001525879,60.09034595413674,0.5992815153926685,0.638056056214997,-0.03877454082232845,41.16326157934397,39.19275016784668,37.2222387563494,10.055489359937141
2017-08-24,40.10749816894531,40.185001373291016,39.63750076293945,39.817501068115234,37.065242767333984,79275600,-0.004438025788583766,39.30162525177002,37.75330001831055,58.12428158672415,0.574418276888423,0.6253285003496822,-0.050910223461259285,41.154017172741916,39.30162525177002,37.44923333079812,9.426541060860941
2017-08-25,39.91249847412109,40.13999938964844,39.817501068115234,39.96500015258789,37.20254135131836,101920400,0.003704240785531221,39.431125259399415,37.83115005493164,59.31553062062196,0.5601587631249245,0.6122945529047307,-0.05213578977980615,41.077306021233696,39.431125259399415,37.784944497565135,8.349651454300666
2017-08-28,40.03499984741211,40.5,39.98249816894531,40.36750030517578,37.57722854614258,103864000,0.010071548373158157,39.59037532806396,37.92715003967285,62.45431665597455,0.5747114780394469,0.604777937931674,-0.030066459892227115,40.92175218540629,39.59037532806396,38.258998470721636,6.725760219800543
2017-08-29,40.025001525878906,40.77999877929688,40.0,40.727500915527344,37.91233825683594,118067600,0.008917893193795878,39.75112533569336,38.01000007629395,65.05139344742504,0.6082817566126124,0.6054787016678617,0.002803054944750749,40.78277472143922,39.75112533569336,38.7194759499475,5.19054178735171
2017-08-30,40.95000076293945,40.97249984741211,40.65250015258789,40.837501525878906,38.01473236083984,109078400,0.0027008121554052966,39.828750419616696,38.101700134277344,65.8291735033907,0.63642624855283,0.6116682110448554,0.024758037507974673,40.93905933683239,39.828750419616696,38.718441502401,5.575414269933214
2017-08-31,40.90999984741211,41.130001068115234,40.869998931884766,41.0,38.16600799560547,107140400,0.003979394970605288,39.93412532806396,38.192350158691404,66.99762583016943,0.6641868968854041,0.6221719482129652,0.042014948672438934,41.06877207411329,39.93412532806396,38.799478582014636,5.682592202674072
2017-09-01,41.20000076293945,41.23500061035156,40.907501220703125,41.01250076293945,38.17762756347656,66364400,0.0003044480804079708,40.02987537384033,38.284450149536134,67.09085333293966,0.6793648230000002,0.6336105231703723,0.045754299829627976,41.18890135715088,40.02987537384033,38.870849390529784,5.790804855055716
2017-09-05,40.9375,41.0625,40.13999938964844,40.52000045776367,37.71917343139648,117874000,-0.012008450009572513,40.0707504272461,38.36345016479492,59.91034256104317,0.6442265376569551,0.6357337260676889,0.008492811589266291,41.23834096446294,40.0707504272461,38.90315989002925,5.827644976785575
2017-09-06,40.6775016784668,40.747501373291016,40.130001068115234,40.477500915527344,37.67962646484375,86606800,-0.0010484579314723463,40.093625450134276,38.443900146484374,59.32033436542059,0.6059646521795088,0.6297799112900528,-0.02381525911054405,41.27419678468915,40.093625450134276,38.9130541155794,5.889072496191152
2017-09-07,40.522499084472656,40.560001373291016,40.09000015258789,40.31499862670898,37.52833938598633,87714000,-0.004015089666522531,40.0961254119873,38.53155014038086,57.008504840867964,0.5561186658492332,0.615047662201889,-0.058928996352655805,41.27834835541551,40.0961254119873,38.913902468559094,5.89694356390239
2017-09-08,40.21500015258789,40.28749847412109,39.63249969482422,39.657501220703125,36.916290283203125,114446000,-0.016308984431422813,40.13750038146973,38.59555015563965,48.73299819810336,0.4582780724806099,0.5836937442576332,-0.12541567177702329,41.190433421775026,40.13750038146973,39.08456734116443,5.246629861342365
2017-09-11,40.125,40.51250076293945,39.97249984741211,40.375,37.584205627441406,126323200,0.018092699431995207,40.18775043487549,38.68465019226074,56.204328496122656,0.43363616465730104,0.5536822283375668,-0.12004606368026571,41.18376109477568,40.18775043487549,39.1917397749753,4.956787325104125
2017-09-12,40.65250015258789,40.9900016784668,39.692501068115234,40.21500015258789,37.43525695800781,286856000,-0.0039630655203961584,40.200375366210935,38.7688501739502,54.303804492676726,0.39662458335365613,0.5222706993407846,-0.1256461159871285,41.19103210509286,40.200375366210935,39.20971862732901,4.928594471357036
2017-09-13,39.96749877929688,39.9900016784668,39.477500915527344,39.91249847412109,37.15366744995117,179629600,-0.007522040208579495,40.17600021362305,38.84960014343262,50.805879646200715,0.33897577939642076,0.4856117153519119,-0.14663593595549113,41.169795304329654,40.17600021362305,39.18220512291644,4.94720771317412
2017-09-14,39.747501373291016,39.84999847412109,39.522499084472656,39.56999969482422,36.83485412597656,95042800,-0.008580938191473986,40.14262523651123,38.920550155639646,47.106120293890996,0.2626245257607067,0.4410142774336709,-0.17838975167296417,41.17017768077081,40.14262523651123,39.115072792251645,5.119507945509185
2017-09-15,39.61750030517578,40.24250030517578,39.5,39.970001220703125,37.20719528198242,196458400,0.010108392305082647,40.16787528991699,39.00630020141602,51.54417636599894,0.23172124904203173,0.39915567175534306,-0.16743442271331133,41.1514597673312,40.16787528991699,39.18429081250279,4.897368707281889
2017-09-18,40.02750015258789,40.125,39.5,39.66749954223633,36.92561340332031,113077600,-0.007567941537331202,40.18250026702881,39.07875022888184,48.247239322450476,0.1807373940822785,0.35547201622073016,-0.17473462213845165,41.12638998362143,40.18250026702881,39.238610550436185,4.698013863348955
2017-09-19,39.87749862670898,39.942501068115234,39.61000061035156,39.682498931884766,36.93956756591797,83242400,0.00037789927672271517,40.20150012969971,39.14710021972656,48.42340213002842,0.13992962547798982,0.3123635380721821,-0.17243391259419227,41.08727921153568,40.20150012969971,39.31572104786374,4.406696660464082
2017-09-20,39.47499847412109,39.56499862670898,38.45750045776367,39.01750183105469,36.32053756713867,211805600,-0.016757911355476773,40.15512523651123,39.19980026245117,41.65375933835965,0.05331488561663633,0.26055380758107294,-0.2072389219644366,41.17650369651801,40.15512523651123,39.13374677650445,5.087163613565755
2017-09-21,38.95000076293945,38.95000076293945,38.1875,38.34749984741211,35.69684600830078,150046800,-0.017171870258940847,40.0727502822876,39.23805023193359,36.1675698551887,-0.06860069428743998,0.19472290720737037,-0.2633236014948104,41.36288409279291,40.0727502822876,38.78261647178229,6.438958151946745
2017-09-22,37.8849983215332,38.067501068115234,37.63999938964844,37.97249984741211,35.34777069091797,186581600,-0.009778884030864798,39.98050022125244,39.25865020751953,33.507469090478935,-0.193251354391343,0.1171280548876277,-0.3103794092789707,41.56150777959517,39.98050022125244,38.399492662909715,7.908893333467148
2017-09-25,37.497501373291016,37.95750045776367,37.290000915527344,37.63750076293945,35.035926818847656,177549200,-0.008822165188211883,39.86412525177002,39.26620025634766,31.293222031959957,-0.3154334070302127,0.030615762504059618,-0.34604916953427234,41.74648908678014,39.86412525177002,37.9817614167599,9.443898859546847
2017-09-26,37.94499969482422,38.47999954223633,37.92250061035156,38.28499984741211,35.638671875,146640000,0.01720362812917209,39.760000228881836,39.28410026550293,39.60116042546853,-0.3559130551280276,-0.04669000102235783,-0.3092230541056698,41.746951573391215,39.760000228881836,37.77304888437246,9.994725015449314
2017-09-27,38.45000076293945,38.68000030517578,38.3849983215332,38.557498931884766,35.892337799072266,102016800,0.007117715412122472,39.651500129699706,39.30485023498535,42.73922227725806,-0.361834071199695,-0.10971881505782527,-0.25211525614186975,41.65221922979386,39.651500129699706,37.650781029605554,10.091517816727324
2017-09-28,38.47249984741211,38.56999969482422,38.17499923706055,38.31999969482422,35.67124557495117,88022000,-0.006159872487514817,39.52562503814697,39.316150207519534,40.75192478110923,-0.3812953867911659,-0.1640341294044934,-0.2172612573866725,41.528811894647106,39.52562503814697,37.522438181646834,10.136142588848731
2017-09-29,38.3025016784668,38.532501220703125,38.0,38.52999877929688,35.866729736328125,105199200,0.005480160791307531,39.40212497711182,39.33505020141602,43.264012245615504,-0.37544554597992175,-0.2063164127195791,-0.16912913326034265,41.32962245975264,39.40212497711182,37.474627494470994,9.783723511158254
2017-10-02,38.56499862670898,38.61249923706055,38.18000030517578,38.45249938964844,35.79458236694336,74795200,-0.0020115402188923825,39.27412490844726,39.35275016784668,42.54705123170711,-0.37276604313987605,-0.2396063388036385,-0.13315970433623756,41.09385186385329,39.27412490844726,37.45439795304124,9.266798227321573
2017-10-03,38.50249862670898,38.772499084472656,38.477500915527344,38.619998931884766,35.950523376464844,64921200,0.0043565534002569795,39.17912483215332,39.364700164794925,44.680806533207495,-0.35305688463220974,-0.26229644796935275,-0.09076043666285699,40.92567603839199,39.17912483215332,37.43257362591465,8.915723430378007
2017-10-04,38.407501220703125,38.46500015258789,38.1150016784668,38.369998931884766,35.717796325683594,80655200,-0.00647353720957522,39.073749732971194,39.3684001159668,42.16380678819762,-0.3535348158910878,-0.2805441215536998,-0.07299069433738803,40.747011913152406,39.073749732971194,37.40048755278998,8.564635805963
2017-10-05,38.54499816894531,38.86000061035156,38.51250076293945,38.84749984741211,36.16228103637695,85135200,0.012444348655791693,39.00037479400635,39.378050079345705,48.1695409691207,-0.3117891355431084,-0.28679312435158155,-0.024996011191526835,40.575293469955824,39.00037479400635,37.42545611805687,8.076428415203399
2017-10-06,38.74250030517578,38.872501373291016,38.63999938964844,38.82500076293945,36.14134216308594,69630400,-0.0005790252354367365,38.958749771118164,39.40175010681153,47.91705812495283,-0.2773240521452962,-0.2848993099103245,0.00757525776502832,40.50575541033044,38.958749771118164,37.41174413190589,7.941762239809534
2017-10-09,38.95249938964844,39.182498931884766,38.872501373291016,38.959999084472656,36.26700592041016,65051600,0.0034770085946773666,38.8879997253418,39.433450088500976,49.62328742443744,-0.2363920089945566,-0.275197849727171,0.038805840732614394,40.29229725145241,38.8879997253418,37.48370219923119,7.222266694244419
2017-10-10,39.01499938964844,39.5,38.775001525878906,38.97499847412109,36.28097534179688,62468000,0.0003851826483105558,38.825999641418456,39.4693000793457,49.81998661053191,-0.2004322858817673,-0.26024473695809025,0.05981245107632294,40.093281468752046,38.825999641418456,37.558717814084865,6.528006176467847
2017-10-11,38.99250030517578,39.244998931884766,38.9375,39.13750076293945,36.4322509765625,67622400,0.004169558104226034,38.78724975585938,39.501800079345706,52.00637287830216,-0.15701143948160023,-0.23959807746279227,0.08258663798119203,39.96339076033781,38.78724975585938,37.61110875138095,6.064575404966722
2017-10-12,39.087501525878906,39.34249877929688,38.932498931884766,39.0,36.30425643920898,64500400,-0.0035132206746122385,38.75874977111816,39.49610008239746,50.02039879390682,-0.13217167550534015,-0.21811279707130188,0.08594112156596173,39.884170450589195,38.75874977111816,37.63332909164713,5.807311567669107
2017-10-13,39.182498931884766,39.31999969482422,39.102500915527344,39.247501373291016,36.534645080566406,65576800,0.006346050407153081,38.72262477874756,39.50320007324219,53.465110544488105,-0.09146039274853024,-0.19278231620674757,0.10132192345821733,39.73044483033758,38.72262477874756,37.714804727157535,5.205329222120052
2017-10-16,39.47499847412109,40.0,39.41249847412109,39.970001220703125,37.20719528198242,96486000,0.018408559873317687,38.737749862670896,39.52065010070801,61.75234684530327,-0.0008864894532152334,-0.15440315085604112,0.15351666140282588,39.808925906832506,38.737749862670896,37.666573818509285,5.530398889760166
2017-10-17,39.94499969482422,40.21749877929688,39.807498931884766,40.11750030517578,37.34450912475586,75989200,0.003690518506777485,38.75949993133545,39.52895011901855,63.19344146375786,0.08185238157031449,-0.10715204437077,0.1890044259410845,39.92042971026286,38.75949993133545,37.59857015240804,5.990427022970167
2017-10-18,40.10499954223633,40.1775016784668,39.900001525878906,39.93999862670898,37.17927551269531,65496800,-0.004424575819394372,38.80562477111816,39.52735008239746,60.25137493728672,0.1315838146418784,-0.05940487256824032,0.19098868721011872,40.0723727279448,38.80562477111816,37.53887681429152,6.528682191296367
2017-10-19,39.1875,39.27000045776367,38.755001068115234,38.994998931884766,36.299583435058594,170336800,-0.023660818171035602,38.837999725341795,39.501950073242185,47.55705771980139,0.0936630664396958,-0.028791284766653095,0.1224543512063489,40.089260953419135,38.837999725341795,37.586738497264456,6.443489556239385
2017-10-20,39.15250015258789,39.4375,38.9900016784668,39.0625,36.3624382019043,95896400,0.0017315561474184893,38.89249973297119,39.506600036621094,48.3934516217855,0.06827039374986299,-0.009378949063349878,0.07764934281321287,40.08163207400319,38.89249973297119,37.70336739193919,6.114969977226281
2017-10-23,39.22249984741211,39.42250061035156,38.875,39.04249954223633,36.34381103515625,87937200,-0.0005122639643859728,38.96274967193604,39.50005004882812,48.148421297777794,0.04600236132226598,0.001697313013773294,0.04430504830849269,40.00380251132015,38.96274967193604,37.92169683255192,5.343836603677697
2017-10-24,39.0724983215332,39.35499954223633,39.04999923706055,39.275001525878906,36.560245513916016,71028800,0.00595519491751717,39.01224975585937,39.48630004882813,51.239250575243055,0.04657882052202922,0.010673614515424479,0.03590520600660474,40.013060057707705,39.01224975585937,38.01143945401104,5.130748973009523
2017-10-25,39.227500915527344,39.38750076293945,38.817501068115234,39.102500915527344,36.399658203125,84828400,-0.004392402417809027,39.039499855041505,39.460350036621094,48.909779124936534,0.03273891712601795,0.015086675037543174,0.017652242088474778,40.018744656226154,39.039499855041505,38.06025505385686,5.016687226120754
2017-10-26,39.307498931884766,39.45750045776367,39.19499969482422,39.352500915527344,36.63237762451172,68002000,0.006393450732093298,39.09112491607666,39.44265007019043,52.2947494093863,0.041465614839957254,0.020362462998025993,0.02110315184193126,40.020811760988494,39.09112491607666,38.161438071164824,4.756511084844687
2017-10-27,39.8224983215332,40.900001525878906,39.67499923706055,40.76250076293945,37.94493103027344,177816800,0.03583041808576071,39.202750015258786,39.46860008239746,65.98364915443358,0.16030884885565655,0.0483517401695521,0.11195710868610445,40.34739140650418,39.202750015258786,38.05810862401339,5.839597430281638
2017-10-30,40.97249984741211,42.01750183105469,40.93000030517578,41.68000030517578,38.79899597167969,178803200,0.022508011431747077,39.36412506103515,39.51470008850097,71.67858442246037,0.3247836099425925,0.10363811412416019,0.2211454958184323,40.88754716028666,39.36412506103515,37.84070296178365,7.740154757101281
2017-10-31,41.97499847412109,42.41249847412109,41.73500061035156,42.2599983215332,39.33889389038086,144187200,0.01391525489719525,39.54612503051758,39.573850021362304,74.5762365406673,0.4962120125555387,0.1821528938104359,0.31405911874510284,41.483853232789,39.54612503051758,37.60839682824616,9.799838546892197
2017-11-01,42.46749877929688,42.48500061035156,41.40250015258789,41.72249984741211,38.838565826416016,134551200,-0.012718407013654898,39.71375007629395,39.609400024414064,67.66680425804097,0.5819898056978303,0.2621202761879148,0.31986952950991554,41.79054205209157,39.71375007629395,37.63695810049633,10.458805687238808
2017-11-02,41.650001525878906,42.125,41.31999969482422,42.02750015258789,39.12248229980469,165573600,0.007310168832124209,39.87275009155273,39.65005004882813,69.39933325683023,0.6668927756017169,0.3430747760706752,0.3238179995310417,42.13826347324586,39.87275009155273,37.607236709859606,11.363717709419232
2017-11-03,43.5,43.56499862670898,42.77999877929688,43.125,40.14412689208984,237594400,0.026114002287892957,40.08775005340576,39.71620002746582,74.66086850638808,0.8133621241735156,0.4371322456912433,0.3762298784822723,42.7037624980475,40.08775005340576,37.47173760876402,13.05143062983895
2017-11-06,43.09249877929688,43.747501373291016,42.93000030517578,43.5625,40.5513801574707,140105200,0.010144778250517072,40.31787509918213,39.788150024414065,76.4026852187754,0.9537485126651077,0.5404554990860162,0.41329301357909154,43.28302331679816,40.31787509918213,37.352726881566106,14.708851646182985
2017-11-07,43.477500915527344,43.8125,43.400001525878906,43.70249938964844,40.68169021606445,97446000,0.0032134555738356774,40.554250144958495,39.85485000610352,76.94874239683098,1.0640369619377026,0.6451717916563535,0.41886517028134906,43.79447916384962,40.554250144958495,37.31402112606737,15.979725958730063
2017-11-08,43.665000915527344,44.060001373291016,43.58250045776367,44.060001373291016,41.014495849609375,97638000,0.008180722870100965,40.80037517547608,39.921500015258786,78.32789889344158,1.1668381905536904,0.749505071435821,0.4173331191178694,44.30942013742451,40.80037517547608,37.291330213527644,17.201042622066957
2017-11-09,43.77750015258789,44.025001525878906,43.28499984741211,43.970001220703125,40.93070983886719,117930400,-0.0020428389769658883,41.04887523651123,39.98415000915527,77.07764890950685,1.2269036630172678,0.8449847897521104,0.3819188732651574,44.71322007869788,41.04887523651123,37.38453039432458,17.853570023898595
2017-11-10,43.77750015258789,43.845001220703125,43.567501068115234,43.66749954223633,40.79524612426758,100582000,-0.0033095862527889874,41.2698751449585,40.0375,72.86762812155341,1.2358505099641164,0.9231579337945117,0.31269257616960466,45.005448511419566,41.2698751449585,37.53430177849743,18.10314837803624
2017-11-13,43.375,43.625,43.34999847412109,43.49250030517578,40.63175582885742,67928400,-0.004007582033263013,41.44600009918213,40.08709999084473,70.4696194059096,1.2148163282912776,0.9814896126938649,0.2333267155974127,45.25132616339614,41.44600009918213,37.640674034968114,18.362814530269265
2017-11-14,43.2599983215332,43.369998931884766,42.79499816894531,42.834999084472656,40.01751327514648,99130000,-0.015117302739713234,41.581875038146975,40.133399963378906,62.18879867272221,1.1320422557759429,1.0116001413102804,0.12044211446566244,45.3818144790492,41.581875038146975,37.781935597244754,18.276902796789123
2017-11-15,42.49250030517578,42.58000183105469,42.095001220703125,42.27000045776367,39.48965835571289,116632400,-0.013190597721658537,41.698375129699706,40.16924995422363,56.089390594773235,1.0092188924919725,1.0111238915466187,-0.0019049990546462503,45.43211351873211,41.698375129699706,37.9646367406673,17.90831598314748
2017-11-16,42.79499816894531,42.96749877929688,42.57500076293945,42.775001525878906,39.96146011352539,94550000,0.011947476312978766,41.88737525939941,40.21845001220703,59.87726555585329,0.9417736772047007,0.9972538486782352,-0.055480171473534456,45.43252609788791,41.88737525939941,38.34222442091092,16.927061275786066
2017-11-17,42.7599983215332,42.84749984741211,42.40999984741211,42.53749847412109,39.73956298828125,87598000,-0.005552778217156162,42.06112518310547,40.27604995727539,57.3707064565631,0.8592534083669818,0.9696537606159845,-0.11040035224900269,45.368070346895585,42.06112518310547,38.75418001931535,15.724473129969457
2017-11-20,42.5724983215332,42.63999938964844,42.38999938964844,42.494998931884766,39.69987106323242,65049600,-0.0009988012465192986,42.23375015258789,40.31844993591309,56.91159672176068,0.7814184375793616,0.9320066960086599,-0.15058825842929835,45.23906509947665,42.23375015258789,39.22843520569913,14.231816668094806
2017-11-21,42.69499969482422,43.42499923706055,42.69499969482422,43.28499984741211,40.43791198730469,100525200,0.018590511865812953,42.434250068664554,40.37984992980957,62.86113138104048,0.7745515854934624,0.9005156739056205,-0.12596408841215812,45.143734071490385,42.434250068664554,39.72476606583872,12.77026929162885
2017-11-22,43.34000015258789,43.75,43.26250076293945,43.7400016784668,40.862979888916016,102355600,0.010511618447183402,42.66612510681152,40.45639999389648,65.79090718880411,0.7966412168437031,0.8797407824932371,-0.08309956564953391,44.95678579703181,42.66612510681152,40.37546441659123,10.73760827581971
2017-11-24,43.775001525878906,43.875,43.66249847412109,43.74250030517578,40.865333557128906,56106800,5.759903509949815e-05,42.88562507629395,40.539850006103514,65.80685928021796,0.8050686963359936,0.8648063652617884,-0.059737668925794796,44.6434934185276,42.88562507629395,41.1277567340603,8.197937369952681
2017-11-27,43.76250076293945,43.77000045776367,43.334999084472656,43.522499084472656,40.65977478027344,82867200,-0.0050301504713794465,43.02362499237061,40.610899963378905,63.020320596408816,0.784946895468039,0.8488344713030386,-0.0638875758349996,44.504677162871666,43.02362499237061,41.54257282186955,6.884832092896376
2017-11-28,43.57500076293945,43.71749877929688,42.96500015258789,43.26750183105469,40.42155838012695,105715200,-0.00585877323309858,43.10300006866455,40.682900009155276,59.8565797250784,0.7398950267607347,0.8270465823945778,-0.08715155563384314,44.45175640072777,43.10300006866455,41.75424373660133,6.2582944570661105
2017-11-29,43.157501220703125,43.22999954223633,41.790000915527344,42.369998931884766,39.58308792114258,166665600,-0.020743150254112996,43.10850009918213,40.73665000915528,50.287588661493956,0.6245704536031624,0.7865513566362948,-0.1619809030331324,44.4442958867592,43.10850009918213,41.77270431160506,6.197366108789355
2017-11-30,42.60749816894531,43.03499984741211,42.11000061035156,42.962501525878906,40.13661956787109,166108800,0.013984044090528114,43.17050018310547,40.815550003051754,55.36108090789742,0.5743639954809083,0.7441138844052175,-0.1697498889243092,44.34907479745223,43.17050018310547,41.9919255687587,5.4600924675317675
2017-12-01,42.48749923706055,42.91749954223633,42.125,42.76250076293945,39.94977569580078,159037200,-0.004655197026604441,43.20725021362305,40.9038500213623,53.38068335780128,0.51252851591439,0.697796810707052,-0.18526829479266205,44.282256610826785,43.20725021362305,42.13224381641931,4.976046343559221
2017-12-04,43.119998931884766,43.15499877929688,42.407501220703125,42.45000076293945,39.6578254699707,130169600,-0.007307931540170509,43.17350025177002,40.99340003967285,50.34993560679995,0.4333123593774957,0.6448999204411408,-0.21158756106364507,44.29796227465589,43.17350025177002,42.04903822888416,5.209038027162342
2017-12-05,42.26499938964844,42.880001068115234,42.09999847412109,42.40999984741211,39.620452880859375,109400800,-0.0009423761557382226,43.115875244140625,41.088850021362305,49.95892964372875,0.363119430260916,0.5885438224050958,-0.22542439214417986,44.27235900432136,43.115875244140625,41.95939148395989,5.364538020542206
2017-12-06,41.875,42.54999923706055,41.6150016784668,42.25249862670898,39.47333526611328,114240000,-0.0037131734760449397,43.043375205993655,41.16819999694824,48.36626020964627,0.29142265701935344,0.5291195893279474,-0.237696932308594,44.225190726505865,43.043375205993655,41.861559685481446,5.491277181942022
2017-12-07,42.25749969482422,42.61000061035156,42.227500915527344,42.33000183105469,39.54573822021485,102693200,0.0018342243849793771,42.956875228881835,41.24365005493164,49.22406966209337,0.2381115073104425,0.4709179729244465,-0.23280646561400398,44.08018885470937,42.956875228881835,41.8335616030543,5.229959673939603
2017-12-08,42.622501373291016,42.75,42.20500183105469,42.34249877929688,39.557395935058594,93420800,0.0002947906745052187,42.87550010681152,41.3241000366211,49.370130252468826,0.19462689862550775,0.41565975806465877,-0.22103285943915102,43.92695276352135,42.87550010681152,41.824047450101695,4.904678215253218
2017-12-11,42.29999923706055,43.22249984741211,42.1974983215332,43.16749954223633,40.32813262939453,141095200,0.019484009908065092,42.85050010681152,41.416850051879884,57.96634703210139,0.22415181708547038,0.3773581698688211,-0.1532063527833507,43.847822924266936,42.85050010681152,41.85317728935611,4.654894645194013
2017-12-12,43.03749847412109,43.09749984741211,42.8650016784668,42.92499923706055,40.10158157348633,77636800,-0.005617692690860543,42.82212505340576,41.50630004882812,55.00981004273882,0.22538468535676515,0.3469634729664099,-0.12157878760964475,43.77612159466559,42.82212505340576,41.86812851214594,4.455624470154372
2017-12-13,43.125,43.3849983215332,43.0,43.067501068115234,40.23471832275391,95273600,0.003319987492852672,42.83375015258789,41.595250091552735,56.416575118619534,0.23514978878328918,0.3246007361297858,-0.08945094734649661,43.79373846428522,42.83375015258789,41.87376184089056,4.482392077637547
2017-12-14,43.09999847412109,43.282501220703125,42.91249847412109,43.05500030517578,40.2230339050293,81906000,-0.00029040635082588917,42.873000144958496,41.68895011901856,56.250413685228544,0.23912352930994274,0.3075052947658172,-0.06838176545587449,43.80124736058171,42.873000144958496,41.94475292933528,4.33021814421527
2017-12-15,43.407501220703125,43.54249954223633,43.1150016784668,43.49250030517578,40.63175582885742,160677200,0.010161389734875792,42.90887508392334,41.78185012817383,60.6216768383556,0.2744120892176056,0.30088665365617495,-0.026474564438569326,43.873929586095564,42.90887508392334,41.94382058175112,4.498158016423036
2017-12-18,43.720001220703125,44.29999923706055,43.71500015258789,44.10499954223633,41.2039794921875,117684400,0.014083163566455337,42.9872501373291,41.88745010375977,65.77707595506949,0.3477929560422055,0.31026791413338106,0.03752504190882444,44.06674919840821,42.9872501373291,41.90775107624999,5.022415053907812
2017-12-19,43.75749969482422,43.84749984741211,43.522499084472656,43.6349983215332,40.76488494873047,109745600,-0.010656605232518546,43.044250106811525,41.980950088500975,59.35546617322968,0.36382866080833054,0.320980063468371,0.04284859733995955,44.13410125672253,43.044250106811525,41.95439895690052,5.063864033902835
2017-12-20,43.71749877929688,43.85499954223633,43.3125,43.587501525878906,40.720516204833984,93902400,-0.0010884059639144628,43.05937519073486,42.073200149536135,58.73145819785669,0.3684571334269222,0.3304754774600812,0.037981655966841,44.1703624947359,43.05937519073486,41.948387886733826,5.160257430953565
2017-12-21,43.54249954223633,44.005001068115234,43.525001525878906,43.75249862670898,40.874656677246094,83799600,0.003785327072887368,43.060000038146974,42.16550010681152,60.29313688829556,0.3810466498361791,0.3405897119353008,0.04045693790087829,44.17253083064361,43.060000038146974,41.94746924565034,5.16735156298672
2017-12-22,43.66999816894531,43.85499954223633,43.625,43.75249862670898,40.874656677246094,65397600,0.0,43.06049995422363,42.260550079345705,60.29313688829556,0.38656781910455607,0.34978533336915185,0.03678248573540421,44.17426532481209,43.06049995422363,41.94673458363517,5.1730257278595095
2017-12-26,42.70000076293945,42.86750030517578,42.41999816894531,42.64250183105469,39.837669372558594,132742000,-0.025369933082881824,43.016500091552736,42.32845008850098,46.549483209738064,0.29794143732127054,0.3394165541595756,-0.04147511683830507,44.123290584819735,43.016500091552736,41.90970959828574,5.145888163432163
2017-12-27,42.525001525878906,42.69499969482422,42.4275016784668,42.650001525878906,39.84467315673828,85992800,0.00017580808039219242,42.98562507629394,42.382050094604494,46.63798928016611,0.22570773565571756,0.316674790458804,-0.09096705480308642,44.097126760862565,42.98562507629394,41.87412339172532,5.171504113739654
2017-12-28,42.75,42.962501525878906,42.619998931884766,42.77000045776367,39.95678329467773,65920800,0.002813679447148054,43.00562515258789,42.43510009765625,48.11830310385715,0.17611477608910775,0.28856278758486475,-0.112448011495757,44.08605824532388,43.00562515258789,41.925192059851895,5.024612891464867
2017-12-29,42.630001068115234,42.647499084472656,42.30500030517578,42.307498931884766,39.52470779418945,103999600,-0.01081357068465083,42.97287502288818,42.48245010375977,43.149848181643165,0.09835817862534668,0.25052186579296115,-0.15216368716761447,44.09543882885568,42.97287502288818,41.85031121692069,5.22452270354076
2018-01-02,42.540000915527344,43.07500076293945,42.31499862670898,43.06499862670898,40.23237991333008,102223600,0.017904550308773137,42.98799991607666,42.56385009765625,51.90843324321113,0.09674420266534156,0.21976633316743724,-0.12302213050209568,44.10696387202822,42.98799991607666,41.8690359601251,5.2059363456595085
2018-01-03,43.13249969482422,43.63750076293945,42.9900016784668,43.057498931884766,40.225364685058594,118071600,-0.00017436771790768635,43.018374824523924,42.64375007629395,51.82330508386613,0.09377892729572324,0.19456885199309443,-0.10078992469737119,44.109918318549894,43.018374824523924,41.926831330497954,5.074777922125048
2018-01-04,43.1349983215332,43.36750030517578,43.02000045776367,43.25749969482422,40.41221618652344,89738400,0.004645116406719607,43.06074981689453,42.72805007934571,53.990297977809895,0.10634147694379692,0.17692337698323493,-0.07058190003943801,44.119851680551115,43.06074981689453,42.00164795323794,4.919105534205335
2018-01-05,43.36000061035156,43.84249877929688,43.26250076293945,43.75,40.872314453125,94640000,0.011385128310656523,43.13562488555908,42.817550048828124,58.8936082587991,0.15425983532091436,0.17239066865077085,-0.01813083332985649,44.16694967420021,43.13562488555908,42.10430009691795,4.781777435135269
2018-01-08,43.587501525878906,43.90250015258789,43.48249816894531,43.587501525878906,40.720516204833984,82271200,-0.0037139626253636093,43.198499870300296,42.90725006103516,56.744819891599434,0.17708192061159878,0.17332891904293646,0.0037530015686623175,44.17770902225118,43.198499870300296,42.21929071834941,4.533533131432215
2018-01-09,43.63750076293945,43.76499938964844,43.352500915527344,43.58250045776367,40.7158432006836,86336000,-0.00011475797916893349,43.26049995422363,42.99185005187988,56.67628290490357,0.19254549857532055,0.17717223494941328,0.015373263625907269,44.1695754397104,43.26049995422363,42.351424468736866,4.202796946168957
2018-01-10,43.290000915527344,43.57500076293945,43.25,43.5724983215332,40.70649337768555,95839600,-0.00022963599088365871,43.28074989318848,43.048050003051756,56.529225634783565,0.2016686955305076,0.18207152706563215,0.019597168464875442,44.198637020843876,43.28074989318848,42.36286276553308,4.24154909478523
2018-01-11,43.647499084472656,43.872501373291016,43.622501373291016,43.81999969482422,40.93771743774414,74670800,0.00568027459189957,43.32549991607666,43.090849990844724,59.34058157134039,0.22626197995415964,0.19090961764333764,0.035352362310822005,44.2568177376431,43.32549991607666,42.39418209451022,4.299167111149047
2018-01-12,44.04499816894531,44.34000015258789,43.91249847412109,44.272499084472656,41.3604621887207,101672400,0.01032653448789489,43.38574981689453,43.131100006103516,63.93311344430403,0.27904855604203505,0.20853740532307713,0.07051115071895792,44.395146412119445,43.38574981689453,42.37635322166962,4.653125044444209
2018-01-16,44.47499847412109,44.84749984741211,44.03499984741211,44.04750061035156,41.15025329589844,118263600,-0.005082363244954036,43.43537483215332,43.1776000213623,60.28675638696634,0.2992769233486072,0.22668530892818317,0.07259161442042406,44.47206894929765,43.43537483215332,42.39868071500899,4.773501419754799
2018-01-17,44.03749847412109,44.8125,43.76750183105469,44.775001525878906,41.82990646362305,137547200,0.016516378716734392,43.49949989318848,43.232550048828124,66.86688347205421,0.3697490571112283,0.2552980585647922,0.11445099854643609,44.68969057979522,43.49949989318848,42.30930920658174,5.472204000180291
2018-01-18,44.84249877929688,45.025001525878906,44.5625,44.81499862670898,41.86726760864258,124773600,0.0008931682659156781,43.5349998474121,43.26635002136231,67.18876874078242,0.42393925477366423,0.28902629780656663,0.1349129569670976,44.83280349283205,43.5349998474121,42.237196201992155,5.962116228178159
2018-01-19,44.65250015258789,44.89500045776367,44.352500915527344,44.6150016784668,41.680423736572266,129700400,-0.004462767281993463,43.58400001525878,43.28740005493164,63.848590319809254,0.4456105732559905,0.32034315289645143,0.12526742035953908,44.96456913280425,43.58400001525878,42.20343089771331,6.335210706048695
2018-01-22,44.32500076293945,44.44499969482422,44.150001525878906,44.25,41.33943939208984,108434400,-0.008180923174810117,43.617124938964835,43.29835006713867,58.165379989247725,0.4283944003002773,0.3419534023772166,0.0864409979230607,45.027901600898915,43.617124938964835,42.206348277030756,6.468911758435407
2018-01-23,44.32500076293945,44.86000061035156,44.20500183105469,44.2599983215332,41.34877395629883,130756400,0.00022580287363016538,43.64249992370605,43.30235000610352,58.27494106696112,0.41082154514047886,0.35572703092986907,0.05509451421060979,45.080104619229715,43.64249992370605,42.20489522818238,6.588095081797911
2018-01-24,44.3125,44.32500076293945,43.29999923706055,43.55500030517578,40.69014739990234,204420400,-0.015928563132067475,43.632625007629386,43.29404998779297,48.60828540851045,0.336132753666071,0.35180817547710946,-0.01567542181103848,45.06978487989055,43.632625007629386,42.195465135368224,6.587547148537901
2018-01-25,43.62749862670898,43.73749923706055,42.63249969482422,42.77750015258789,39.96378707885742,166116000,-0.017851012283299328,43.63937492370605,43.27625,40.60803390781195,0.21176251736240204,0.323799043854168,-0.11203652649176599,45.05903163416581,43.63937492370605,42.21971821324629,6.506310931087913
2018-01-26,43.0,43.0,42.51499938964844,42.87749862670898,40.05721282958984,156572000,0.0023377601964513772,43.65074977874755,43.263949966430665,41.93179410740247,0.11988528722687875,0.2830162925287102,-0.16313100530183144,45.04187406527416,43.65074977874755,42.25962549222095,6.373884955368661
2018-01-29,42.540000915527344,42.540000915527344,41.76750183105469,41.9900016784668,39.22808837890625,202561600,-0.0206985057650122,43.61174983978271,43.247050018310546,34.56782650313336,-0.024261989089232827,0.2215606362051216,-0.24582262529435442,45.136746815793366,43.61174983978271,42.086752863772055,6.9935142782074315
2018-01-30,41.38249969482422,41.84249877929688,41.17499923706055,41.74250030517578,38.996864318847656,184192800,-0.0058943494219037,43.58349990844726,43.23650001525879,32.83596318878821,-0.15666509872662004,0.14591548921877326,-0.30258058794539333,45.220884475595405,43.58349990844726,41.94611534129911,7.513781915576688
2018-01-31,41.71749877929688,42.11000061035156,41.625,41.85749816894531,39.10430145263672,129915600,0.002755019811609305,43.523124885559085,43.218149948120114,34.478526204703996,-0.24944075277171152,0.0668442408206763,-0.3162849935923878,45.31435221124945,43.523124885559085,41.73189755986872,8.231152199665202
2018-02-01,41.79249954223633,42.15499877929688,41.68999862670898,41.94499969482422,39.18605422973633,188923200,0.0020906338705124483,43.46749992370606,43.20629997253418,35.765774362324436,-0.3123054226483646,-0.00898569187313187,-0.3033197307752327,45.3782204957821,43.46749992370606,41.55677935163001,8.791490540885636
2018-02-02,41.5,41.70000076293945,40.025001525878906,40.125,37.48575210571289,346375200,-0.0433904907612046,43.310874938964844,43.15889999389648,24.83618440096012,-0.5031844938180683,-0.10782545226211916,-0.39535904155594914,45.71469870329176,43.310874938964844,40.90705117463793,11.100324192085548
2018-02-05,39.775001525878906,40.970001220703125,39.0,39.122501373291016,36.54920196533203,290954000,-0.02498416298917283,43.07950000762939,43.07565002441406,21.024929918378675,-0.7269707278472524,-0.23165450737914584,-0.4953162204681065,46.08518790157682,43.07950000762939,40.07381211368196,13.95414474826831
2018-02-06,38.70750045776367,40.93000030517578,38.5,40.75749969482422,38.07666397094727,272975200,0.041791938632862236,42.93799991607666,43.015999984741214,37.791706232159456,-0.7635900396526907,-0.3380416138338548,-0.4255484258188359,46.09723947556074,42.93799991607666,39.778760356592585,14.715355003301909
2018-02-07,40.772499084472656,40.84999847412109,39.76750183105469,39.8849983215332,37.26154708862305,206434400,-0.021407255713004836,42.75312480926514,42.93884994506836,33.68216754103581,-0.8531797520174607,-0.441069241470576,-0.41211051054688463,46.16269471342386,42.75312480926514,39.343554905106416,15.950038362668762
2018-02-08,40.0724983215332,40.25,38.75749969482422,38.78749847412109,36.236236572265625,217562000,-0.02751658469571372,42.51387481689453,42.84414993286133,29.357621950262157,-1.0011981213045829,-0.5530950174373774,-0.4481031038672054,46.30955243115841,42.51387481689453,38.71819720263065,17.856182860826987
2018-02-09,39.26750183105469,39.47249984741211,37.560001373291016,39.102500915527344,36.67945098876953,282690400,0.0122312485630236,42.27799987792969,42.76084991455078,32.05410566759552,-1.0806288640663126,-0.6586017867631645,-0.42202707730314815,46.29930843904929,42.27799987792969,38.256691316810084,19.02317315261094
2018-02-12,39.625,40.97249984741211,39.37749862670898,40.6775016784668,38.156856536865234,243278000,0.040278834831744215,42.098250007629396,42.72699996948242,43.638350296081036,-1.0049049821315705,-0.7278624258368458,-0.27704255629472474,46.06793462489544,42.098250007629396,38.12856539036335,18.859143154628175
2018-02-13,40.48749923706055,41.1875,40.41249847412109,41.084999084472656,38.53910446166992,130196800,0.010017804386883267,41.95012493133545,42.6894499206543,46.194351950639216,-0.9016183301978202,-0.7626136067090408,-0.13900472348877946,45.838061622160474,41.95012493133545,38.06218824051043,18.53599576730153
2018-02-14,40.7599983215332,41.8849983215332,40.720001220703125,41.84249877929688,39.24966430664063,162579600,0.018437373023999948,41.80349979400635,42.67104988098144,50.67259821040963,-0.7499935608028068,-0.760089597527794,0.010096036724987267,45.46906756873334,41.80349979400635,38.13793201927936,17.537133459110738
2018-02-15,42.4474983215332,43.272499084472656,42.25,43.247501373291016,40.56760025024414,204588800,0.03357827300908989,41.72512493133545,42.68699989318848,57.704233712533394,-0.5105723116327852,-0.7101861403487923,0.1996138287160072,45.191393775935325,41.72512493133545,38.25885608673558,16.6147799451966
2018-02-16,43.09000015258789,43.70500183105469,42.942501068115234,43.10749816894531,40.436279296875,160704400,-0.0032370895137764366,41.649749755859375,42.70094985961914,56.834816754673334,-0.3283414197621184,-0.6338171962314575,0.3054757764693391,44.92147829985893,41.649749755859375,38.37802121185982,15.710675637561467
2018-02-20,43.01250076293945,43.56499862670898,42.85499954223633,42.962501525878906,40.30026245117188,135722000,-0.0033637329662432602,41.58537483215332,42.71514991760254,55.8955215679934,-0.1933928301962382,-0.5457323230244137,0.35233949282817545,44.69665018446788,41.58537483215332,38.47409947983876,14.963315179301716
2018-02-21,43.20750045776367,43.52999877929688,42.75249862670898,42.76750183105469,40.11735153198242,149886400,-0.004538702928078342,41.5107500076294,42.72389991760254,54.588891712329115,-0.1010155025713857,-0.4567889589338081,0.3557734563624224,44.42734417660405,41.5107500076294,38.59415583865474,14.05223547364769
2018-02-22,42.95000076293945,43.48749923706055,42.9275016784668,43.125,40.45269775390625,123967600,0.008359131625538252,41.4892499923706,42.7395499420166,56.5922887411892,0.0010294428348558426,-0.3652252785800753,0.36625472141493115,44.351074811544976,41.4892499923706,38.62742517319623,13.795500375160458
2018-02-23,43.41749954223633,43.91249847412109,43.3849983215332,43.875,41.156227111816406,135249600,0.01739140766803926,41.54412498474121,42.753699951171875,60.526706015560094,0.14079651467353216,-0.26402091992935384,0.404817434602886,44.54153038962266,41.54412498474121,38.54671957985976,14.429984533227591
2018-02-26,44.087501525878906,44.84749984741211,44.0525016784668,44.74250030517578,41.96995544433594,152648800,0.019771694094036674,41.637375068664554,42.79004997253418,64.53124504460303,0.3178984156475053,-0.14763705281398204,0.46553546846148736,44.89927646706086,41.637375068664554,38.37547367026825,15.668141389879043
2018-02-27,44.775001525878906,45.119998931884766,44.540000915527344,44.59749984741211,41.833946228027344,155712400,-0.0032406328495864223,41.76774997711182,42.82064994812012,63.37394930543884,0.44146370421693604,-0.029816901407798427,0.47128060562473445,45.274829802523854,41.76774997711182,38.260670151699784,16.793242764256483
2018-02-28,44.81499862670898,45.15499877929688,44.51250076293945,44.52999877929688,41.77061462402344,151128400,-0.0015138807048873382,41.90712490081787,42.850149917602536,62.80924147022475,0.5278584894947116,0.08171817677270359,0.446140312722008,45.61492527357633,41.90712490081787,38.19932452805941,17.69532212736503
2018-03-01,44.6349983215332,44.94499969482422,43.165000915527344,43.75,41.0389518737793,195208000,-0.01751620743026705,42.001749992370605,42.855299911499024,56.53971659233546,0.5273091053724812,0.17083636249265913,0.3564727428798221,45.79525933546654,42.001749992370605,38.20824064927467,18.063577559435046
2018-03-02,43.20000076293945,44.07500076293945,43.11249923706055,44.0525016784668,41.32272720336914,153816000,0.00691478014503466,42.10712509155273,42.85424995422363,58.279053770959806,0.5450006436686863,0.24566921872786457,0.2993314249408217,46.00414573127181,42.10712509155273,38.21010445183365,18.510029508050536
2018-03-05,43.8025016784668,44.435001373291016,43.630001068115234,44.20500183105469,41.46577072143555,113605600,0.003461618526831911,42.31112518310547,42.865650024414066,59.16628594461069,0.5648159562876103,0.30949856623981375,0.2553173900477965,46.19889563724733,42.31112518310547,38.4233547289636,18.37706011039491
2018-03-06,44.477500915527344,44.5625,44.032501220703125,44.16749954223633,41.43059921264648,95154000,-0.0008482058376618751,42.563375091552736,42.87724998474121,58.83493319669937,0.5709124892167807,0.3617813508352072,0.20913113838157354,46.239786362207354,42.563375091552736,38.88696382089812,17.274998811756596
2018-03-07,43.73500061035156,43.962501525878906,43.567501068115234,43.75749969482422,41.045997619628906,126814000,-0.00928303235595429,42.713375091552734,42.87735000610351,55.19552521655355,0.5364763093624063,0.39672034254064703,0.13975596682175928,46.327091925357244,42.713375091552734,39.099658257748224,16.920774001393212
2018-03-08,43.869998931884766,44.27999877929688,43.76750183105469,44.23500061035156,41.49390411376953,95096400,0.010912306195876909,42.93087520599365,42.88700004577637,58.4213519668168,0.5414739473606005,0.4256710635046378,0.11580288385596271,46.356200003593074,42.93087520599365,39.50555040839423,15.957395609401448
2018-03-09,44.4900016784668,45.0,44.34749984741211,44.994998931884766,42.20682144165039,128740800,0.017181254526596357,43.24125022888184,42.93404998779297,62.98882160358992,0.5998454791639816,0.46050594663650657,0.139339532527475,46.20201475049291,43.24125022888184,40.28048570727077,13.69416705548215
2018-03-12,45.0724983215332,45.59749984741211,45.0525016784668,45.43000030517578,42.61485290527344,128828400,0.00966742933217879,43.557625198364256,42.98964996337891,65.33600283590329,0.673443279111055,0.5030934131314163,0.17034986597963864,45.986211262457445,43.557625198364256,41.12903913427107,11.151140830259914
2018-03-13,45.647499084472656,45.875,44.810001373291016,44.99250030517578,42.2044792175293,126774000,-0.009629827625038168,43.77337512969971,43.03409996032715,61.136603897165124,0.6885305209030861,0.5401808346857503,0.1483496862173358,45.88633257264047,43.77337512969971,41.66041768675895,9.654075961381123
2018-03-14,45.08000183105469,45.130001068115234,44.45249938964844,44.61000061035156,41.84566879272461,117473600,-0.008501714307510233,43.949625205993655,43.080149993896484,57.647963075337216,0.6619917116555598,0.5645430100797122,0.09744870157584762,45.691706743973235,43.949625205993655,42.207543668014075,7.927628642175553
2018-03-15,44.625,45.060001373291016,44.51750183105469,44.66249847412109,41.89491271972656,90975200,0.0011767986609527714,44.09062519073486,43.112099990844726,58.0021861547328,0.637842995974232,0.5792030072586162,0.05863998871561582,45.563365970996806,44.09062519073486,42.61788441047292,6.680516658091859
2018-03-16,44.66249847412109,44.77999877929688,44.40499877929688,44.505001068115234,41.74718475341797,157618800,-0.003526155246983853,44.153500175476076,43.141050033569336,56.47608407279591,0.5990903003490828,0.5831804658767096,0.015909834472373263,45.58364781480022,44.153500175476076,42.72335253615193,6.478071426457312
2018-03-19,44.33000183105469,44.36750030517578,43.415000915527344,43.82500076293945,41.10931396484375,133787200,-0.015279372545522252,44.18937530517578,43.15240005493164,50.3200543356811,0.5076562233028312,0.5680756173619339,-0.06041939405910268,45.54692180670516,44.18937530517578,42.8318288036464,6.144221284659671
2018-03-20,43.810001373291016,44.20000076293945,43.73500061035156,43.810001373291016,41.095245361328125,78597600,-0.000342224234820776,44.231750297546384,43.15360008239746,50.19009624431496,0.4290380495390522,0.5402681037973576,-0.11123005425830534,45.482146637062186,44.231750297546384,42.98135395803058,5.653840651135907
2018-03-21,43.7599983215332,43.772499084472656,42.81499862670898,42.817501068115234,40.164249420166016,148219600,-0.022654590159430055,44.23425025939942,43.13820007324219,42.38897719115978,0.28337947823387566,0.48889037868466123,-0.20551090045078557,45.47307287337694,44.23425025939942,42.99542764542189,5.6011918669935445
2018-03-22,42.5,43.16999816894531,42.150001525878906,42.212501525878906,39.59674453735352,165963200,-0.014129602594479374,44.18862533569336,43.11080009460449,38.46428483302049,0.1177680474518894,0.4146659124381069,-0.2968978649862175,45.63699037771564,44.18862533569336,42.74026029367108,6.555374968192843
2018-03-23,42.09749984741211,42.47999954223633,41.23500061035156,41.23500061035156,38.67981719970703,164115200,-0.023156634424365663,44.05662536621094,43.06405014038086,33.1274104470442,-0.09130386505415089,0.31347195693965535,-0.40477582199380624,45.99393612098703,44.05662536621094,42.119314611434845,8.79463980126769
2018-03-26,42.01750183105469,43.275001525878906,41.61000061035156,43.192501068115234,40.51600646972656,150164800,0.047471508475315005,43.97912540435791,43.05150016784668,48.52888432991655,-0.09791226295033084,0.23119511296165815,-0.329107375911989,45.92448019419809,43.97912540435791,42.03377061451773,8.846718855611508
2018-03-27,43.41999816894531,43.78749847412109,41.72999954223633,42.084999084472656,39.477142333984375,163690400,-0.025640832506985234,43.85350036621094,43.00775016784668,42.55698692034072,-0.19032170999204112,0.1468917483709183,-0.33721345836295946,45.94212291954324,43.85350036621094,41.76487781287864,9.52545423234484
2018-03-28,41.8125,42.505001068115234,41.29750061035156,41.619998931884766,39.04094696044922,166674000,-0.01104931481222371,43.708000373840335,42.959200134277346,40.31383145959896,-0.2976473948039029,0.05798391973595408,-0.35563131453985697,45.98480490871258,43.708000373840335,41.43119583896809,10.418250733954592
2018-03-29,41.95249938964844,42.9375,41.72499847412109,41.94499969482422,39.34580993652344,153594000,0.0078088007543224425,43.617750358581546,42.90260009765625,42.59145029325554,-0.35241648990859176,-0.024096162192955094,-0.3283203277156367,46.02036146196902,43.617750358581546,41.215139255194075,11.016666763579526
2018-04-02,41.65999984741211,42.23500061035156,41.11750030517578,41.66999816894531,39.08784866333008,150347200,-0.006556257797451059,43.49862518310547,42.839700088500976,41.16018522692571,-0.4132480509307044,-0.10192653994050496,-0.31132151099019945,46.03569492215682,43.49862518310547,40.96155544405411,11.665057129376736
2018-04-03,41.90999984741211,42.1875,41.220001220703125,42.09749984741211,39.48886489868164,121112000,0.010259358063053892,43.39325008392334,42.789350051879886,44.29409358025087,-0.4220960283674131,-0.1659604376258866,-0.2561355907415265,45.97881463778974,43.39325008392334,40.80768553005694,11.916897438499621
2018-04-04,41.220001220703125,43.00249862670898,41.192501068115234,42.90250015258789,40.24398422241211,138422000,0.019122335515794342,43.33000011444092,42.76240005493164,49.72429646243311,-0.36000144471130113,-0.2047686390429695,-0.15523280566833164,45.89854376443673,43.33000011444092,40.76145646444511,11.855728793962186
2018-04-05,43.14500045776367,43.557498931884766,43.02000045776367,43.20000076293945,40.52305603027344,107732800,0.006934497497042447,43.30212516784668,42.741200103759766,51.60196545837586,-0.28351701914401417,-0.22051831506317845,-0.06299870408083572,45.863596857984184,43.30212516784668,40.74065347770918,11.830697362814343
2018-04-06,42.74250030517578,43.119998931884766,42.04999923706055,42.095001220703125,39.48652267456055,140021200,-0.025578854539957008,43.19512519836426,42.712000122070314,44.895111448430754,-0.30851047234924067,-0.23811674652039092,-0.07039372582884976,45.77053187926083,43.19512519836426,40.61971851746769,11.924524672955908
2018-04-09,42.470001220703125,43.272499084472656,42.462501525878906,42.51250076293945,39.87814331054688,116070800,0.009917830425687058,43.071000289916995,42.70670013427734,47.662948087004025,-0.29127164203420364,-0.24874772562315348,-0.04252391641105016,45.52383084522712,43.071000289916995,40.61816973460687,11.389707872117075
2018-04-10,43.25,43.5,42.88249969482422,43.3125,40.62857818603516,113634400,0.01881819997597045,42.965125274658206,42.71540016174316,52.57820852946912,-0.21062849803858086,-0.24112388010623897,0.030495382067658117,45.171984550922694,42.965125274658206,40.75826599839372,10.272793397700825
2018-04-11,43.057498931884766,43.47999954223633,42.92499923706055,43.11000061035156,40.43861389160156,89726400,-0.004675632348337899,42.87100028991699,42.73780014038086,51.26575638337008,-0.16120002031551195,-0.2251391081480936,0.06393908783258165,44.875230237784685,42.87100028991699,40.8667703420493,9.350049844015771
2018-04-12,43.352500915527344,43.75,43.2599983215332,43.53499984741211,40.8372917175293,91557200,0.009858840043242223,42.81725025177002,42.77365013122559,53.86846025720947,-0.08673389469500137,-0.19745806545747516,0.11072417076247379,44.685066109156125,42.81725025177002,40.949434394383914,8.724595093814516
2018-04-13,43.69499969482422,43.959999084472656,43.462501525878906,43.682498931884766,40.97563934326172,100497200,0.0033877767088319466,42.7682502746582,42.810150146484375,54.771258876233965,-0.01563675939684117,-0.1610938042453484,0.14545704484850722,44.48518793844954,42.7682502746582,41.05131261086686,8.029029257756152
2018-04-16,43.75749969482422,44.04750061035156,43.70750045776367,43.95500183105469,41.23126220703125,86313600,0.0062384106231541114,42.740750312805176,42.85035018920898,56.46631789124023,0.06198244408275855,-0.11647855457972701,0.17846099866248555,44.360400008679186,42.740750312805176,41.121100616931166,7.578948352662686
2018-04-17,44.122501373291016,44.73500061035156,44.102500915527344,44.560001373291016,41.79878234863281,106421600,0.013764316473066529,42.77750034332276,42.93905021667481,60.04641403833604,0.17035092944793462,-0.05911265777419469,0.2294635872221293,44.522400900622536,42.77750034332276,41.03259978602298,8.158029540275113
2018-04-18,44.45249938964844,44.70500183105469,44.220001220703125,44.459999084472656,41.70497512817383,83018000,-0.0022442572531554683,42.81000022888183,43.04580017089844,59.180081895825786,0.24533630172918208,0.0017771341264806659,0.2435591676027014,44.652119039392375,42.81000022888183,40.96788141837129,8.606021026216922
2018-04-19,43.43999862670898,43.84749984741211,43.165000915527344,43.20000076293945,40.52305603027344,139235200,-0.028340002464165126,42.829125213623044,43.094650192260744,49.49126747687643,0.20077698311805392,0.041577103924795314,0.15919987919325862,44.679083992262875,42.829125213623044,40.97916643498321,8.638788531928258
2018-04-20,42.650001525878906,42.80500030517578,41.35749816894531,41.43000030517578,38.86272430419922,261964400,-0.04097252005953944,42.79000015258789,43.125550231933595,39.666776098116664,0.022381161557042617,0.037737915451244775,-0.015356753894202158,44.721758302174074,42.79000015258789,40.85824200300171,9.0290167922299
2018-04-23,41.70750045776367,41.72999954223633,41.022499084472656,41.310001373291016,38.75016784667969,146062000,-0.0028962575201494367,42.79375019073486,43.17600028991699,39.10008307630376,-0.12721526484830292,0.004747279391335235,-0.13196254423963816,44.713674110951814,42.79375019073486,40.87382627051791,8.972917361342306
2018-04-24,41.41749954223633,41.58250045776367,40.30500030517578,40.73500061035156,38.21079254150391,134768000,-0.013919302422376267,42.67087516784668,43.208650283813476,36.41546480530665,-0.28883970235366974,-0.05397011695766576,-0.23486958539600397,44.77838656495122,42.67087516784668,40.56336377074214,9.877985341592376
2018-04-25,40.65499877929688,41.35499954223633,40.602500915527344,40.91249847412109,38.377288818359375,113528400,0.004357310220001853,42.6122501373291,43.213350219726564,37.83440582392098,-0.39801754086937535,-0.12277960174000768,-0.27523793912936767,44.84330017587739,42.6122501373291,40.38120009878081,10.471402150124193
2018-04-26,41.02999877929688,41.432498931884766,40.84249877929688,41.05500030517578,38.51096725463867,111852000,0.0034832694125945807,42.584000205993654,43.21275024414062,39.01113199547981,-0.46765225357253826,-0.19175413210651382,-0.27589812146602444,44.878010876638335,42.584000205993654,40.28998953534897,10.774049687900394
2018-04-27,41.0,41.08250045776367,40.157501220703125,40.58000183105469,38.06539916992188,142623200,-0.011569901160120022,42.515750312805174,43.18750030517578,36.52902843135629,-0.5547716104228897,-0.264357627769789,-0.2904139826531007,44.95816516946802,42.515750312805174,40.07333545614233,11.489459029620939
2018-04-30,40.532501220703125,41.81499862670898,40.459999084472656,41.31499862670898,38.75484848022461,169709600,0.018112231195187567,42.49800033569336,43.14885025024414,42.61345100566565,-0.5580731101773964,-0.3231007242513105,-0.23497238592608588,44.96972679099973,42.49800033569336,40.026273880386995,11.632201213149342
2018-05-01,41.602500915527344,42.29999923706055,41.317501068115234,42.275001525878906,39.65536880493164,214277600,0.02323632680867105,42.5068754196167,43.13220031738281,49.43199746642591,-0.4777185199068086,-0.3540242833824101,-0.12369423652439848,44.974056435881174,42.5068754196167,40.03969440335222,11.608385664244262
2018-05-02,43.807498931884766,44.4375,43.45000076293945,44.14250183105469,41.40714263916016,266157600,0.04417494747925965,42.56887550354004,43.155800323486325,59.51051709500031,-0.2603441753228708,-0.33528826177050225,0.07494408644763145,45.13312141434516,42.56887550354004,40.00462959273492,12.047515375837806
2018-05-03,43.970001220703125,44.375,43.61000061035156,44.22249984741211,41.482181549072266,136272800,0.0018122213977918022,42.62000045776367,43.18490028381348,59.879402572901206,-0.08068814706110317,-0.28436823882862244,0.20368009176751928,45.271817367511055,42.62000045776367,39.96818354801629,12.444002258401317
2018-05-04,44.5625,46.0625,44.54249954223633,45.95750045776367,43.109676361083984,224805200,0.03923358780170316,42.813125419616696,43.24155029296875,66.91880260484902,0.19939213057444505,-0.18761616494800895,0.38700829552245397,45.82237787321316,42.813125419616696,39.80387296602023,14.057616322575914
2018-05-07,46.29499816894531,46.91749954223633,46.1875,46.290000915527344,43.42156600952149,169805600,0.0072347944768857975,43.002000427246095,43.289850311279295,68.07485734810007,0.44308022357974863,-0.06147688724245744,0.5045571108222061,46.365415783906734,43.002000427246095,39.63858507058546,15.643064616731534
2018-05-08,46.247501373291016,46.55500030517578,45.91749954223633,46.51250076293945,43.630279541015625,113611200,0.004806679046268636,43.162000465393064,43.32525032043457,68.85910006031145,0.6467038714705637,0.08015926450014679,0.566544606970417,46.85734934432683,43.162000465393064,39.4666515864593,17.12315851484532
2018-05-09,46.63750076293945,46.84999847412109,46.30500030517578,46.84000015258789,43.93748474121094,92844800,0.007041100892019703,43.348500442504886,43.370100326538086,70.02624362289134,0.8249935312832335,0.22912611785676412,0.5958674134264694,47.376089040413355,43.348500442504886,39.32091184459642,18.58236643387674
2018-05-10,46.935001373291016,47.59249877929688,46.91249847412109,47.5099983215332,44.56595230102539,111957200,0.01430367631456586,43.54725036621094,43.42970031738281,72.31249872530074,1.008724673886718,0.38504582906275486,0.6236788448239631,47.96540838727977,43.54725036621094,39.129092345142105,20.29132945898673
2018-05-11,47.372501373291016,47.51499938964844,46.86249923706055,47.147499084472656,44.396484375,104848800,-0.0038026322175436222,43.72050037384033,43.49765029907226,69.23547832208254,1.1122608188517162,0.5304888270205472,0.581771991831169,48.40971755481267,43.72050037384033,39.03128319286799,21.450885240911298
2018-05-14,47.25249862670898,47.38249969482422,46.96500015258789,47.03749847412109,44.29288864135742,83115200,-0.0023334220062909417,43.87462520599365,43.55735023498535,68.28592170502917,1.1719285667153159,0.658776774959501,0.5131517917558148,48.78209267991002,43.87462520599365,38.96715773207728,22.37041319840593
2018-05-15,46.69499969482422,46.76750183105469,46.275001525878906,46.61000061035156,43.89033508300781,94780800,-0.009088446716788212,43.97712516784668,43.60545021057129,64.57905160161488,1.1712190972283736,0.7612652394132756,0.40995385781509797,49.02130197494226,43.97712516784668,38.9329483607511,22.940002502862868
2018-05-16,46.51750183105469,47.1150016784668,46.5,47.04499816894531,44.299949645996094,76732400,0.009332682519137547,44.10637512207031,43.66300018310547,66.56779506938872,1.1920166788317914,0.8474155272969789,0.3446011515348125,49.32294803585923,44.10637512207031,38.889802208281395,23.654507537068508
2018-05-17,47.0,47.227500915527344,46.59000015258789,46.747501373291016,44.01982116699219,69176000,-0.006323449151577676,44.28375015258789,43.722800216674806,63.92438058384752,1.1709949066018623,0.9121314031579557,0.25886350344390663,49.605177784179915,44.28375015258789,38.96232252099587,24.03331973130575
2018-05-18,46.79750061035156,46.95249938964844,46.532501220703125,46.57749938964844,43.85973358154297,73190800,-0.00363671594307291,44.54112510681152,43.76965019226074,62.39949057930183,1.1276187740331096,0.9552288773329866,0.17238989670012306,49.78289046251058,44.54112510681152,39.29935975111246,23.5367442700609
2018-05-21,47.0,47.317501068115234,46.727500915527344,46.907501220703125,44.17048645019531,73603200,0.007085151761685893,44.82100009918213,43.80790023803711,64.18547720410072,1.1071092005772485,0.985604941981839,0.12150425859540948,49.939075818141795,44.82100009918213,39.70292438022246,22.837847025430648
2018-05-22,47.095001220703125,47.220001220703125,46.69499969482422,46.790000915527344,44.05982971191406,60962800,-0.0025052189182027673,45.12375011444092,43.83510025024414,63.03735067000944,1.0690505736610305,1.0022940683176773,0.0667565053433532,49.94706673855514,45.12375011444092,40.3004334903267,21.3781727444263
2018-05-23,46.587501525878906,47.125,46.43999862670898,47.09000015258789,44.34233474731445,80233600,0.0064118503690901996,45.432625198364256,43.877050247192386,64.77007904462704,1.0509812116698427,1.0120314969881103,0.03894971468173236,49.91693871923512,45.432625198364256,40.94831167749339,19.740499261452825
2018-05-24,47.192501068115234,47.209999084472656,46.5525016784668,47.03749847412109,44.29288864135742,92936000,-0.0011150992891736378,45.731750106811525,43.92560020446777,64.20284875349867,1.0206591421788787,1.013757026026264,0.006902116152614601,49.785583923731735,45.731750106811525,41.677916289891314,17.728749971090267
2018-05-25,47.057498931884766,47.41249847412109,46.91249847412109,47.14500045776367,44.39412689208984,69844000,0.0022856547368619307,46.060000038146974,43.975250244140625,64.88104371924658,0.9938467486269218,1.0097749705463956,-0.01592822191947385,49.39075517730979,46.060000038146974,42.729244898984156,14.46267970648841
2018-05-29,46.900001525878906,47.1875,46.71749877929688,46.97499847412109,44.23403930664063,90056400,-0.003606053247501295,46.34300003051758,44.024650192260744,62.8531040991452,0.9479525869081513,0.9974104938187468,-0.049457906910595484,48.88032353432819,46.34300003051758,43.80567652670697,10.95019097658652
2018-05-30,46.93000030517578,47.0,46.69499969482422,46.875,44.13986587524414,74762000,-0.0021289810488176464,46.57299995422363,44.08565017700195,61.63278597992214,0.8932156578606083,0.9765715266271191,-0.0833558687665108,48.297323917441666,46.57299995422363,44.8486759910056,7.404822385987001
2018-05-31,46.80500030517578,47.057498931884766,46.53499984741211,46.71749877929688,43.99155807495117,109931200,-0.003359951312768894,46.70174980163574,44.14380012512207,59.66779065911042,0.827587303731832,0.9467746820480617,-0.11918737831622972,48.0169299391216,46.70174980163574,45.38656966414988,5.632252080798035
2018-06-01,46.997501373291016,47.56499862670898,46.9375,47.560001373291016,44.78489685058594,93770000,0.018033886735339122,46.86862487792969,44.23865013122558,65.92593620266445,0.8339460673543186,0.9242089591093131,-0.09026289175499447,47.60094496821197,46.86862487792969,46.13630478764741,3.124990725414377
2018-06-04,47.90999984741211,48.35499954223633,47.837501525878906,47.95750045776367,45.15920639038086,105064800,0.008357941317665984,46.968624877929685,44.35355010986328,68.41599932323162,0.8611336744540381,0.9115939021782582,-0.0504602277242201,47.72187993333802,46.968624877929685,46.215369822521346,3.207481834377865
2018-06-05,48.26750183105469,48.48500061035156,48.09000015258789,48.32749938964844,45.50762176513672,86264000,0.007715267884558674,47.07049980163574,44.49540008544922,70.57175624681136,0.902136601369655,0.9097024420165376,-0.007565840646882593,47.966647707635744,47.07049980163574,46.17435189563574,3.8076838349987567
2018-06-06,48.407501220703125,48.52000045776367,47.97999954223633,48.494998931884766,45.665340423583984,83734400,0.0034657635870589676,47.169624710083006,44.60145004272461,71.51947289454301,0.9373424295147643,0.915230439516183,0.022111989998581327,48.221929346824815,47.169624710083006,46.1173200733412,4.461789311276278
2018-06-07,48.53499984741211,48.54999923706055,48.084999084472656,48.3650016784668,45.54292678833008,85388800,-0.0026806684044927698,47.24587478637695,44.72705009460449,69.6448731556328,0.9438732270251364,0.9209589970179738,0.02291423000716264,48.406970605634214,47.24587478637695,46.08477896711969,4.915120418479614
2018-06-08,47.79249954223633,48.0,47.442501068115234,47.92499923706055,45.12861633300781,106627200,-0.009097141631846717,47.26662483215332,44.85315010070801,63.57121490721015,0.903133648813963,0.9173939273771716,-0.014260278563208661,48.46023741563105,47.26662483215332,46.07301224867559,5.050551367762439
2018-06-11,47.837501525878906,47.99250030517578,47.5525016784668,47.807498931884766,45.01796340942383,73234000,-0.002451945851108417,47.299624824523924,44.97040008544922,62.0158493151146,0.8515498107847606,0.9042251040586895,-0.05267529327392895,48.514542834535504,47.299624824523924,46.084706814512344,5.13711478481609
2018-06-12,47.84749984741211,48.15250015258789,47.78749847412109,48.06999969482422,45.26515197753906,67644400,0.005490887401260913,47.351249885559085,45.0984001159668,64.12744398527809,0.8223710833236026,0.8878542999116722,-0.06548321658806955,48.60437343365237,47.351249885559085,46.0981263374658,5.292884775468009
2018-06-13,48.10499954223633,48.220001220703125,47.61000061035156,47.67499923706055,44.89319610595703,86553600,-0.00821726770665876,47.40449981689453,45.209950103759766,58.827847457124655,0.758628498701114,0.8620091396695606,-0.10338064096844657,48.61695560452448,47.40449981689453,46.19204402926458,5.115361589356296
2018-06-14,47.88750076293945,47.89250183105469,47.55500030517578,47.70000076293945,44.9167366027832,86440400,0.0005243666940222269,47.437249946594235,45.3059001159668,59.05847780920114,0.7020368119735352,0.8300146741303556,-0.1279778621568204,48.64446766839218,47.437249946594235,46.23003222479629,5.089745814342335
2018-06-15,47.50749969482422,47.540000915527344,47.06499862670898,47.209999084472656,44.45533752441406,246876800,-0.010272319702330113,47.46037483215332,45.38610008239746,52.81423710971733,0.6106097233836536,0.7861336839810152,-0.17552396059736164,48.6310214733251,47.46037483215332,46.28972819098154,4.9331537954002505
2018-06-18,46.970001220703125,47.30500030517578,46.79999923706055,47.185001373291016,44.43178176879883,73939600,-0.0005298746320910874,47.49074993133545,45.48790008544922,52.50922271358543,0.5300261787430784,0.734912182933428,-0.20488600419034952,48.59799663865003,47.49074993133545,46.38350322402087,4.662999463750284
2018-06-19,46.28499984741211,46.58250045776367,45.86249923706055,46.42250061035156,43.71377182006836,134314000,-0.01615982794628046,47.46649990081787,45.56610008239746,44.13609115804359,0.4000244669099402,0.6679346397287305,-0.26791017281879026,48.64286656372711,47.46649990081787,46.290133237908634,4.956618521977725
2018-06-20,46.587501525878906,46.79999923706055,46.432498931884766,46.625,43.90446853637695,82514800,0.00436239446674902,47.4582498550415,45.63235008239746,46.572688495578674,0.3097663879595203,0.5963009893748884,-0.28653460141536813,48.6556054888356,47.4582498550415,46.260894221247405,5.045932529966235
2018-06-21,46.8125,47.087501525878906,46.23500061035156,46.3650016784668,43.65962600708008,102847600,-0.005576710923946404,47.42199993133545,45.69745010375976,43.92368390101247,0.21478066070557844,0.5199969236410265,-0.305216262935448,48.702750114762736,47.42199993133545,46.14124974790816,5.401502194263193
2018-06-22,46.52999877929688,46.53749847412109,46.17499923706055,46.22999954223633,43.53251266479492,108801600,-0.0029114620052984597,47.38162498474121,45.75135009765625,42.56972033129769,0.12714459958846192,0.44142645883051357,-0.31428185924205165,48.7558175471216,47.38162498474121,46.007432422360814,5.800529478771313
2018-06-25,45.84999847412109,46.22999954223633,45.182498931884766,45.54249954223633,42.88511657714844,126652400,-0.014871553421037409,47.301499938964845,45.78855010986328,36.41382450607637,0.0021916217948430017,0.3535794914233795,-0.3513878696285365,48.89146954620871,47.301499938964845,45.71153033172098,6.722702702009331
2018-06-26,45.747501373291016,46.63249969482422,45.6349983215332,46.10749816894531,43.41716384887695,98276800,0.01240633847342787,47.258124923706056,45.8316000366211,43.628391416557754,-0.050659870605656465,0.2727316190175723,-0.3233914896232288,48.926742671489336,47.258124923706056,45.589507175922776,7.061717960571273
2018-06-27,46.307498931884766,46.81999969482422,46.00749969482422,46.040000915527344,43.35359954833984,101141200,-0.001464036222134757,47.21637496948242,45.86120002746582,43.00069958842761,-0.0968748108433104,0.19881033304539578,-0.29568514388870615,48.96128792775111,47.21637496948242,45.47146201121374,7.391134789133994
2018-06-28,46.025001525878906,46.5525016784668,45.95000076293945,46.375,43.66904830932617,69460800,0.007276183852614304,47.199250030517575,45.899500045776364,47.070884264335625,-0.10525553721581105,0.13799715899315443,-0.24325269620896547,48.96994341307236,47.199250030517575,45.42855664796279,7.503057279130099
2018-06-29,46.5724983215332,46.79750061035156,45.727500915527344,46.27750015258789,43.57723236083984,90950800,-0.002102540633264205,47.13512496948242,45.961050033569336,46.04042944517767,-0.11839990568051917,0.08671774605841971,-0.20511765173893887,48.94144809186179,47.13512496948242,45.32880184710305,7.6644460942826385
2018-07-02,45.95500183105469,46.82500076293945,45.85499954223633,46.79499816894531,44.06454086303711,70925200,0.011182640011695444,47.07699985504151,46.06834999084472,52.041535527834796,-0.0860670203445224,0.0521607927778313,-0.13822781312235372,48.84820454848347,47.07699985504151,45.30579516159954,7.524713549698671
2018-07-03,46.9474983215332,46.98749923706055,45.8849983215332,45.97999954223633,43.29708480834961,55819200,-0.017416635681577475,46.9596248626709,46.16174995422363,43.78302936047133,-0.12476830239317138,0.016774973743630763,-0.14154327613680215,48.6945573197952,46.9596248626709,45.2246924055466,7.389038827281742
2018-07-05,46.31499862670898,46.602500915527344,46.06999969482422,46.34999847412109,43.6455078125,66416800,0.008047262435627145,46.85237483978271,46.27404991149902,47.83060931413956,-0.12415237436191973,-0.011410495877479337,-0.1127418784844404,48.454509204118516,46.85237483978271,45.25024047544691,6.839074304406098
2018-07-06,46.35499954223633,47.10749816894531,46.29999923706055,46.99250030517578,44.2505111694336,69940800,0.013861755476249238,46.78374977111817,46.395649948120116,54.021352294363126,-0.0710012604714052,-0.023328648796264513,-0.04767261167514069,48.23092493666575,46.78374977111817,45.33657460557058,6.186657429674413
2018-07-09,47.375,47.66999816894531,47.32500076293945,47.64500045776367,44.864933013916016,79026400,0.013885079024958946,46.76974983215332,46.527449951171874,59.303117410956915,0.02350177552357735,-0.013962563932296142,0.03746433945587349,48.17736925762326,46.76974983215332,45.362130406683384,6.019358369551196
2018-07-10,47.6775016784668,47.81999969482422,47.54499816894531,47.587501525878906,44.810794830322266,63756400,-0.0012066926206477646,46.75874996185303,46.66759994506836,58.66359552649144,0.09268797980778487,0.007367544815720059,0.0853204349920648,48.13688906444513,46.75874996185303,45.380610859260926,5.8946789797264545
2018-07-11,47.125,47.44499969482422,46.90250015258789,46.970001220703125,44.22933197021485,75326000,-0.01297595506415683,46.70375003814697,46.78069999694824,52.15834838522379,0.09657813853714003,0.025209663560004054,0.07136847497713598,47.94963031573886,46.70375003814697,45.457869760555084,5.335247283459119
2018-07-12,47.38249969482422,47.852500915527344,47.32749938964844,47.75749969482422,44.97087478637695,72164400,0.016765860643372932,46.70787506103515,46.89034996032715,58.48150518121384,0.1613457692260667,0.052436884693216584,0.10890888453285011,47.96706617812126,46.70787506103515,45.44868394394905,5.391772224451083
2018-07-13,47.77000045776367,47.959999084472656,47.72499847412109,47.83250045776367,45.041500091552734,50055600,0.0015704676751624458,46.71450004577637,46.964149932861325,59.03679834146836,0.21623390804331422,0.08519628936323612,0.1310376186800781,47.99570279420255,46.71450004577637,45.43329729735019,5.485246538743682
2018-07-16,47.880001068115234,48.16249847412109,47.60499954223633,47.727500915527344,44.94264221191406,60172400,-0.0021948176556670917,46.7403751373291,47.03424995422363,57.86988198284098,0.24839719966711726,0.11783647142401235,0.1305607282431049,48.08012611944361,46.7403751373291,45.400624155214594,5.732735255881676
2018-07-17,47.4375,47.96749877929688,47.29999923706055,47.86249923706055,45.06975936889648,62138000,0.0028284308782520196,46.77425003051758,47.07234992980957,58.99218267781242,0.2815347193275386,0.15057612100471762,0.13095859832282097,48.18939548651182,46.77425003051758,45.359104574523336,6.0509594705246545
2018-07-18,47.94499969482422,47.95000076293945,47.48249816894531,47.59999847412109,44.82257843017578,65573600,-0.00548440777545578,46.83312492370605,47.098549880981444,55.87528060457528,0.2833485588346534,0.17713060857070478,0.10621795026394859,48.28239998970789,46.83312492370605,45.38384985770421,6.189102556631846
2018-07-19,47.42250061035156,48.13750076293945,47.42250061035156,47.970001220703125,45.17098617553711,81147200,0.0077730411226581975,46.90037498474121,47.12769989013672,59.15143638207798,0.3110565033743029,0.20391578753142442,0.10714071584287849,48.427510302995266,46.90037498474121,45.37323966648716,6.512252060888208
2018-07-20,47.94499969482422,48.10749816894531,47.54249954223633,47.86000061035156,45.06739807128906,82704800,-0.002293244248542603,46.97512493133545,47.14809989929199,57.77796486330599,0.3204452260098023,0.22722167522710002,0.09322355078270228,48.53610008009564,46.97512493133545,45.41414978257526,6.645964863497025
2018-07-23,47.66999816894531,47.9900016784668,47.38999938964844,47.90250015258789,45.107421875,63957600,0.0008880877402246412,47.058749961853025,47.155949935913085,58.181974502269455,0.32753954225864135,0.24728524863340828,0.08025429362523306,48.63025669847021,47.058749961853025,45.48724322523584,6.678914071840369
2018-07-24,48.11249923706055,48.415000915527344,48.01250076293945,48.25,45.43464279174805,74791600,0.007254258903442334,47.19412498474121,47.17799995422363,61.431640869651964,0.3570859084322393,0.2692453805931745,0.08784052783906482,48.68420555290682,47.19412498474121,45.7040444165756,6.314686705802394
2018-07-25,48.26499938964844,48.712501525878906,48.10749816894531,48.70500183105469,45.86309814453125,66839600,0.009430146831945985,47.32400016784668,47.21135002136231,65.2404768577259,0.4124618581004569,0.297888676094631,0.11457318200582589,48.86454164682797,47.32400016784668,45.78345868886538,6.510613952824664
2018-07-26,48.65250015258789,48.9900016784668,48.40250015258789,48.5525016784668,45.7194938659668,76304000,-0.0031311508461967508,47.449625205993655,47.25020004272461,62.99499788575436,0.43898189927964637,0.32610732073163406,0.1128745785480123,48.960338224389936,47.449625205993655,45.938912187597374,6.367649952292788
2018-07-27,48.747501373291016,48.79750061035156,47.525001525878906,47.744998931884766,44.9590950012207,96096000,-0.016631830329865704,47.51812515258789,47.2642000579834,52.659587378963586,0.3903408930769743,0.3389540352007021,0.051386857876272174,48.94989682228118,47.51812515258789,46.0863534828946,6.026212798150832
2018-07-30,47.97499847412109,48.04999923706055,47.26750183105469,47.477500915527344,44.70721435546875,84118000,-0.005602440301458733,47.578125190734866,47.278800048828124,49.74781820003797,0.3264446402677166,0.336452156214105,-0.010007515946388434,48.89268598561204,47.578125190734866,46.26356439585769,5.525904140220999
2018-07-31,47.57500076293945,48.03499984741211,47.334999084472656,47.5724983215332,44.79667282104492,157492000,0.002000985005795375,47.61700019836426,47.29870002746582,50.788509387638555,0.2802414473461923,0.3252100144405225,-0.044968567094330225,48.881663696863114,47.61700019836426,46.352336699865404,5.311815079616455
2018-08-01,49.782501220703125,50.43999862670898,49.32749938964844,50.375,47.43564224243164,271742800,0.058909942529190795,47.836750221252444,47.368050003051756,70.3176750137857,0.4644101173013695,0.35305003501269194,0.11136008228867755,49.38322098584187,47.836750221252444,46.29027945666302,6.465617992178621
2018-08-02,50.14500045776367,52.095001220703125,50.087501525878906,51.84749984741211,48.82223510742188,249616000,0.029231033869083323,48.111625289916994,47.46919998168946,75.76060763175475,0.7208737625891288,0.4266147805279793,0.29425898206114953,50.317182583089114,48.111625289916994,45.90606799674487,9.16850046067494
2018-08-03,51.75749969482422,52.185001373291016,51.369998931884766,51.997501373291016,48.963478088378906,133789600,0.002893005218754352,48.36187534332275,47.56735000610352,76.23861209114676,0.9255576660888138,0.5264033576401462,0.3991543084486676,51.07913518686359,48.36187534332275,45.644615499781914,11.23719799635936
2018-08-06,52.0,52.3125,51.76750183105469,52.26750183105469,49.21772384643555,101701600,0.005192559188661461,48.593000411987305,47.671950073242186,77.11348194270494,1.0969133800929214,0.6405053621307013,0.4564080179622201,51.77385369371603,48.593000411987305,45.41214713025858,13.091816742166204
2018-08-07,52.33000183105469,52.375,51.68999862670898,51.77750015258789,48.75631713867188,102349600,-0.009374807929015572,48.802500343322755,47.76460006713867,71.93692198639216,1.1795775420122538,0.7483197981070119,0.43125774390524196,52.23299139163495,48.802500343322755,45.372009295010564,14.058669224645811
2018-08-08,51.51250076293945,51.95249938964844,51.130001068115234,51.8125,48.78926849365234,90102000,0.0006758376537492339,49.0446252822876,47.86135009765625,72.08108793452293,1.2336924425458946,0.8453943269947884,0.38829811555110616,52.60470672349568,49.0446252822876,45.484543841079514,14.517723076554129
2018-08-09,52.38249969482422,52.44499969482422,51.79999923706055,52.220001220703125,49.17299270629883,93970400,0.007864930639335466,49.267750358581544,47.968250122070316,73.77060692215679,1.2945382033899264,0.935223102273816,0.3593151011161104,53.03076838721529,49.267750358581544,45.5047323299478,15.275785889331948
2018-08-10,51.84000015258789,52.275001525878906,51.66749954223633,51.88249969482422,49.02653121948242,98444800,-0.002978494469335957,49.47025032043457,48.07155014038086,69.99271989729672,1.3005336127743732,1.0082852043739274,0.29224840840044575,53.33698978778137,49.47025032043457,45.603510853087776,15.632585007355706
2018-08-13,52.32749938964844,52.73749923706055,51.92499923706055,52.21749877929688,49.34309387207031,103563600,0.006456966151056065,49.694750213623045,48.16470008850098,71.55011460356917,1.3171335486571607,1.0700548732305741,0.24707867542658657,53.651025358434666,49.694750213623045,45.738475068811425,15.922306190512126
2018-08-14,52.540000915527344,52.63999938964844,52.06499862670898,52.4375,49.55098342895508,82992000,0.00421314393912442,49.92350025177002,48.254300079345704,72.55742446128323,1.3326790824258978,1.122579715069639,0.21009936735625878,53.957841988851364,49.92350025177002,45.88915851468868,16.162094872097054
2018-08-15,52.30500030517578,52.685001373291016,52.08250045776367,52.560001373291016,49.66673278808594,115230400,0.002335964921802658,50.17150039672852,48.338950119018556,73.12796134863277,1.3394435949867187,1.165952491053055,0.17349110393366374,54.21382553142111,50.17150039672852,46.12917526203593,16.114029290446226
2018-08-16,52.9375,53.45249938964844,52.86750030517578,53.33000183105469,50.39434051513672,114001600,0.014649800504399568,50.439500427246095,48.43565017700195,76.44316699034586,1.3909036502336178,1.2109427228891676,0.17996092734445024,54.572175464901214,50.439500427246095,46.306825389590976,16.386661258138695
2018-08-17,53.36000061035156,54.48749923706055,53.290000915527344,54.39500045776367,51.40073013305664,141708000,0.01997029046580412,50.766250419616696,48.55625015258789,80.10000393263667,1.5003277588940591,1.268819730090146,0.23150802880391308,55.06164015443868,50.766250419616696,46.470860684794715,16.922225688593265
2018-08-20,54.525001525878906,54.79499816894531,53.77750015258789,53.8650016784668,50.899898529052734,121150800,-0.009743667117323995,51.064375495910646,48.67505020141601,73.94788196867849,1.5266820410186384,1.3203921922758446,0.20628984874279377,55.35099391653271,51.064375495910646,46.777757075288584,16.789076059357054
2018-08-21,54.20000076293945,54.29750061035156,53.50749969482422,53.7599983215332,50.80067825317383,104639200,-0.001949321683269667,51.33987541198731,48.79410018920898,72.75561931935337,1.5215555607509685,1.3606248659708695,0.16093069478009903,55.575513647978475,51.33987541198731,47.10423717599614,16.50038377382658
2018-08-22,53.525001525878906,54.09000015258789,53.459999084472656,53.76250076293945,50.80304336547852,76072400,4.6556707233413874e-05,51.59275035858154,48.907950210571286,72.7668884102584,1.5003990480522802,1.3885797023871516,0.11181934566512863,55.772482320375985,51.59275035858154,47.413018396787095,16.20278792173064
2018-08-23,53.66249847412109,54.26250076293945,53.650001525878906,53.872501373291016,50.906982421875,75532800,0.002045921848593535,51.858750343322754,49.0319002532959,73.28989055599847,1.4754998455038333,1.405963731010488,0.06953611449334529,55.905720300629405,51.858750343322754,47.8117803860161,15.607664783722393
2018-08-24,54.150001525878906,54.22499847412109,53.77750015258789,54.040000915527344,51.06526184082031,73905600,0.003109188787377315,52.17350044250488,49.15870025634766,74.10538112218417,1.4525388970701627,1.415278764222423,0.03726013284773977,55.854353062799376,52.17350044250488,48.49264782221039,14.110046629325893
2018-08-27,54.28749847412109,54.685001373291016,54.08250045776367,54.48500061035156,51.48577117919922,82100400,0.008234743604952133,52.5238754272461,49.30420028686523,76.18562051298136,1.4534949513366513,1.4229220016452686,0.03057294969138269,55.64088517800331,52.5238754272461,49.406865676488884,11.868925228393573
2018-08-28,54.75249862670898,55.1349983215332,54.72999954223633,54.92499923706055,51.901554107666016,91107200,0.008075686135100124,52.89150047302246,49.459000244140626,78.06222464640034,1.4727795572220899,1.432893512760633,0.03988604446145683,55.2206653771465,52.89150047302246,50.56233556889842,8.807331549658125
2018-08-29,55.03749847412109,55.872501373291016,54.852500915527344,55.744998931884766,52.67641067504883,109019200,0.014929351937620794,53.1600004196167,49.64545021057129,81.0579823734984,1.5365178473778798,1.4536183796840825,0.0828994676937973,55.50490468847718,53.1600004196167,50.81509615075622,8.822062642404282
2018-08-30,55.8125,57.06499862670898,55.59999847412109,56.25749969482422,53.16069412231445,195175200,0.00919355440242664,53.380500411987306,49.83810020446777,82.65245690671223,1.6098283310406671,1.4848603699553995,0.12496796108526764,56.00318297858835,53.380500411987306,50.75781784538626,9.826369353450588
2018-08-31,56.62749862670898,57.21749877929688,56.5,56.907501220703125,53.7749137878418,173360400,0.011554018916948738,53.62600040435791,50.0489501953125,84.44128874147158,1.700771671233582,1.528042630211036,0.17272904102254616,56.582821760623204,53.62600040435791,50.669179048092616,11.027566232685174
2018-09-04,57.102500915527344,57.29499816894531,56.657501220703125,57.09000015258789,53.947364807128906,109560400,0.003206904616667172,53.86712532043457,50.26615020751953,84.91172602738915,1.7671998819483719,1.5758740805585032,0.19132580138986865,57.113813295690065,53.86712532043457,50.62043734517907,12.054431922781154
2018-09-05,57.247501373291016,57.41749954223633,56.275001525878906,56.71749877929688,53.59537506103516,133332000,-0.006524688413459434,54.11412525177002,50.48965019226074,79.61994091530372,1.7693905371239396,1.6145773718715906,0.154813165252349,57.43806358557337,54.11412525177002,50.79018691796667,12.284919393369016
2018-09-06,56.557498931884766,56.837501525878906,55.32500076293945,55.775001525878906,52.70476150512695,137160000,-0.016617358398816395,54.31225032806397,50.683000259399414,68.06209859212117,1.6757579015942667,1.6268134778161258,0.0489444237781409,57.53463424422974,54.31225032806397,51.08986641189819,11.86614031531196
2018-09-07,55.462501525878906,56.34249877929688,55.1775016784668,55.32500076293945,52.279541015625,150479200,-0.008067971040160882,54.46750030517578,50.86870025634766,63.33477849256984,1.5474045462115242,1.6109316914952054,-0.0635271452836812,57.56862579518882,54.46750030517578,51.36637481516274,11.387067416855018
2018-09-10,55.23749923706055,55.462501525878906,54.11750030517578,54.58250045776367,51.577903747558594,158066000,-0.013420876588352337,54.60250034332275,51.03285026550293,56.37687011043239,1.3699777671231317,1.5627409066207907,-0.192763139497659,57.46785872222151,54.60250034332275,51.737141964424,10.495337615978439
2018-09-11,54.50249862670898,56.07500076293945,54.13999938964844,55.962501525878906,52.88194274902344,142996000,0.025282900364607563,54.789750480651854,51.22655029296875,64.24008875116797,1.325441455412097,1.5152810163790522,-0.1898395609669552,57.49202773049796,54.789750480651854,52.08747323080575,9.864170674770174
2018-09-12,56.23500061035156,56.25,54.959999084472656,55.26750183105469,52.225196838378906,197114800,-0.012419095753751552,54.93125057220459,51.396000366210934,58.51910061886311,1.2200020166734689,1.4562252164379357,-0.23622319976446682,57.41343631006045,54.93125057220459,52.44906483434873,9.03742664512303
2018-09-13,55.880001068115234,57.087501525878906,55.64250183105469,56.602500915527344,53.48670959472656,166825600,0.024155251348341622,55.133375549316405,51.608450393676755,64.97208029684862,1.2299852663755075,1.41097722642545,-0.18099196004994256,57.46401473225888,55.133375549316405,52.80273636637393,8.45454920806631
2018-09-14,56.4375,56.709999084472656,55.630001068115234,55.959999084472656,52.87957382202149,127997200,-0.011351152039551393,55.264875411987305,51.800650405883786,60.12432765844073,1.1725362673243112,1.3632890346052224,-0.19075276728091128,57.46690631226285,55.264875411987305,53.06284451171176,7.969007018870111
2018-09-17,55.53749847412109,55.73749923706055,54.317501068115234,54.470001220703125,51.47159957885742,148780400,-0.02662605125946993,55.26862545013428,51.950200424194335,50.680454609349944,0.9953039026692565,1.2896920082180294,-0.2943881055487729,57.464966121209855,55.26862545013428,53.072284779058705,7.947875139602331
2018-09-18,54.4474983215332,55.462501525878906,54.27999877929688,54.560001373291016,51.556636810302734,126286800,0.001652119462792978,55.30337543487549,52.08850044250488,51.17927752086523,0.8522836416482988,1.2022103349040834,-0.3499266932557845,57.43069294188779,55.30337543487549,53.17605792786319,7.693264616433407
2018-09-19,54.625,54.90499877929688,53.82500076293945,54.59249877929688,51.58735275268555,108495200,0.000595770870311485,55.345000457763675,52.228600387573245,51.37053435361625,0.7331104821634256,1.1083903643559518,-0.3752798821925263,57.38048952592661,55.345000457763675,53.309511389600736,7.355638454520619
2018-09-20,55.060001373291016,55.56999969482422,54.78749847412109,55.00749969482422,51.97949981689453,106435200,0.007601612474456232,55.40725040435791,52.38935035705566,53.85657174759747,0.6644921483963842,1.0196107211640384,-0.35511857276765424,57.31765240901035,55.40725040435791,53.49684839970547,6.895855653223975
2018-09-21,55.19499969482422,55.34000015258789,54.3224983215332,54.415000915527344,51.41962432861328,384986800,-0.010771082643224572,55.43437538146973,52.522500381469726,49.93184972168295,0.5558939256048347,0.9268673620521977,-0.3709734364473629,57.270815866155125,55.43437538146973,53.59793489678433,6.625637871981044
2018-09-24,54.20500183105469,55.31499862670898,54.157501220703125,55.1974983215332,52.15905380249024,110773600,0.014380297085630156,55.49225025177002,52.66980033874512,54.63384609258929,0.5268963199013328,0.8468731536220248,-0.31997683372069197,57.21894703157614,55.49225025177002,53.76555347196389,6.223199715174823
2018-09-25,54.9375,55.70500183105469,54.92499923706055,55.54750061035156,52.489776611328125,98217600,0.006340659669368698,55.54537525177002,52.826200332641605,56.59725432566107,0.5260932920917725,0.7827171813159743,-0.2566238892242019,57.20907379997218,55.54537525177002,53.881676703567855,5.990412489468769
2018-09-26,55.25,55.9375,54.93999862670898,55.10499954223633,52.07162857055664,95938800,-0.007966275868684924,55.55437526702881,52.971050338745115,53.447791183205595,0.48416954359256437,0.7230076537712924,-0.23883811017872802,57.20645932402332,55.55437526702881,53.9022912100343,5.947628963708328
2018-09-27,55.95500183105469,56.61000061035156,55.8849983215332,56.23749923706055,53.14180755615234,120724800,0.02055205521651038,55.579000282287595,53.14380035400391,59.63821008559377,0.5361475562518905,0.6856356342674121,-0.14948807801552166,57.2562063999831,55.579000282287595,53.90179416459209,6.03539505632314
2018-09-28,56.1974983215332,56.459999084472656,56.005001068115234,56.435001373291016,53.32844161987305,91717600,0.0035120006695952277,55.58787536621094,53.31310035705567,60.621667270656815,0.5865162829492192,0.6658117640037736,-0.07929548105455442,57.28115046960493,55.58787536621094,53.894600262816944,6.09224616785138
2018-10-01,56.98749923706055,57.35499954223633,56.587501525878906,56.81499862670898,53.6875,94403200,0.006732962172161905,55.58325023651123,53.49220031738281,62.51420733600322,0.6496081855294733,0.6625710483089136,-0.012962862779440254,57.262529495180615,55.58325023651123,53.90397097784185,6.0423931724896
2018-10-02,56.8125,57.5,56.657501220703125,57.31999969482422,54.16470718383789,99152800,0.008888608779285434,55.594750213623044,53.68055030822754,64.92667354064494,0.7319212065399654,0.6764410799551239,0.05548012658484147,57.31772743488094,55.594750213623044,53.871772992365145,6.19834504026856
2018-10-03,57.51250076293945,58.36750030517578,57.44499969482422,58.01750183105469,54.82381057739258,114619200,0.012168502846653606,55.659750366210936,53.87590034484863,67.99080388369758,0.843711678808269,0.709895199725753,0.13381647908251604,57.62789229128565,55.659750366210936,53.691608441136225,7.072047259017175
2018-10-04,57.69499969482422,58.087501525878906,56.682498931884766,56.997501373291016,53.85996627807617,128168000,-0.01758076078925208,55.720875358581544,54.04175033569336,59.7676908026836,0.8403143008628859,0.7359790199531796,0.10433528090970634,57.7736531263624,55.720875358581544,53.66809759080069,7.368074369150074
2018-10-05,56.9900016784668,57.102500915527344,55.14500045776367,56.0724983215332,52.985877990722656,134322000,-0.01622890521023801,55.75825023651123,54.192150268554684,53.45386388652052,0.7542868889322563,0.7396405937489949,0.014646295183261326,57.80805350522126,55.75825023651123,53.7084469678012,7.352466262894998
2018-10-08,55.5525016784668,56.20000076293945,55.04999923706055,55.942501068115234,52.863040924072266,118655600,-0.0023182982203654445,55.82625026702881,54.3561003112793,52.61267738879476,0.6679204817175659,0.7252965713427092,-0.05737608962514329,57.80450949907023,55.82625026702881,53.847991034987395,7.087200815311731
2018-10-09,55.90999984741211,56.817501068115234,55.5625,56.71749877929688,53.59537506103516,107564000,0.013853424323711394,55.864000129699704,54.54090026855469,56.9610411982142,0.6544660429773259,0.7111304656696326,-0.05666442269230665,57.87967899341951,55.864000129699704,53.8483212659799,7.216378558785606
2018-10-10,56.3650016784668,56.587501525878906,54.01250076293945,54.09000015258789,51.11251068115234,167962400,-0.0463260939410407,55.805125045776364,54.67125030517578,42.66632101291006,0.4268654835091539,0.6542774692375368,-0.22741198572838295,57.951598739843014,55.805125045776364,53.658651351709715,7.692747547132704
2018-10-11,53.630001068115234,54.875,53.08000183105469,53.61249923706055,50.66129684448242,212497600,-0.008827855072208401,55.65562496185303,54.736000289916994,40.66886955264525,0.20559015182098506,0.5645400057542265,-0.3589498539332414,57.96913055960397,55.65562496185303,53.34211936410209,8.313645204187866
2018-10-12,55.10499954223633,55.720001220703125,54.209999084472656,55.52750015258789,52.47088241577149,161351600,0.03571929034592314,55.63400001525879,54.809600296020506,50.64766659563043,0.18264698604671992,0.4881614018127252,-0.3055144157660053,57.943803485169134,55.63400001525879,53.32419654534845,8.303567851590143
2018-10-15,55.290000915527344,55.45750045776367,54.317501068115234,54.34000015258789,51.348751068115234,123164000,-0.021385791433135348,55.627499961853026,54.85645027160645,45.53348893286863,0.06786077940254387,0.40410127733068896,-0.3362404979281451,57.95106006587569,55.627499961853026,53.303939857830365,8.35399795286885
2018-10-16,54.73249816894531,55.747501373291016,54.18999862670898,55.53749847412109,52.48031997680664,116736000,0.022036931476490107,55.67637481689453,54.92185020446777,50.915970556474264,0.0726821556366346,0.33781745299187815,-0.26513529735524355,57.94861731219007,55.67637481689453,53.404132321598986,8.162322000196214
2018-10-17,55.57500076293945,55.65999984741211,54.834999084472656,55.29750061035156,52.2535400390625,91541600,-0.004321237710523951,55.71162490844726,54.992250213623045,49.85266394219406,0.056486171751402026,0.2815511967437829,-0.2250650249923809,57.936904073296034,55.71162490844726,53.48634574359849,7.988563135631551
2018-10-18,54.46500015258789,54.935001373291016,53.25,54.005001068115234,51.03220748901367,130325200,-0.023373202066995113,55.661499977111816,55.036100234985355,44.466880826303694,-0.059952083057886796,0.21325054078344902,-0.2732026238413358,57.990699807467834,55.661499977111816,53.3323001467558,8.3691594057429
2018-10-19,54.51499938964844,55.31499862670898,54.35749816894531,54.82749938964844,51.80941009521485,132314800,0.015229648969594223,55.68212490081787,55.08825019836426,48.29497446816636,-0.08488301963165412,0.1536238287004284,-0.23850684833208252,57.973811989774525,55.68212490081787,53.39043781186121,8.231320528944096
2018-10-22,54.9474983215332,55.84000015258789,54.73500061035156,55.16249847412109,52.125972747802734,115168400,0.006110138139116206,55.68037490844726,55.1538501739502,49.81244344285896,-0.07672490314740088,0.10755408233086255,-0.18427898547826344,57.97359256148239,55.68037490844726,53.387157255412134,8.237076911948826
2018-10-23,53.95750045776367,55.8125,53.67499923706055,55.682498931884766,52.61734390258789,155071200,0.009426608826323957,55.68712482452393,55.223150177001955,52.15952064655176,-0.027977340574338427,0.08044779774982236,-0.10842513832416079,57.9795328914265,55.68712482452393,53.39471675762135,8.233170859965195
2018-10-24,55.650001525878906,56.057498931884766,53.6349983215332,53.772499084472656,50.8124885559082,163702000,-0.03430152897913419,55.620499801635745,55.24985015869141,44.01688632657436,-0.141830635895289,0.03599211102080009,-0.17782274691608907,58.05006016238793,55.620499801635745,53.19093944088356,8.736204706598961
2018-10-25,54.4275016784668,55.345001220703125,54.1875,54.95000076293945,51.92518615722656,119423200,0.021898112706959294,55.55612487792969,55.29765014648437,49.27430136133472,-0.1354838742787834,0.001696913960883395,-0.13718078823966678,57.985108853761005,55.55612487792969,53.127140902098375,8.744252703615969
2018-10-26,53.97499847412109,55.04750061035156,53.16749954223633,54.07500076293945,51.09835052490234,189033600,-0.015923594954876275,55.43812484741211,55.31255012512207,45.830035931901925,-0.19876793427407335,-0.038396055686107954,-0.1603718785879654,57.91371125794561,55.43812484741211,52.96253843687862,8.930988980407612
2018-10-29,54.79750061035156,54.92250061035156,51.522499084472656,53.060001373291016,50.13920974731445,183742000,-0.018770484129824405,55.250374984741214,55.28585014343262,42.149500670916694,-0.32705291339591724,-0.09612742722806981,-0.23092548616784742,57.84642313589259,55.250374984741214,52.654326833589835,9.397395590051085
2018-10-30,52.78749847412109,53.79499816894531,52.317501068115234,53.32500076293945,50.38961791992188,146640000,0.004994258462975409,55.050625038146975,55.27505012512207,43.426922592456,-0.4026944367428271,-0.15744082913102128,-0.24525360761180584,57.59318471868889,55.050625038146975,52.50806535760506,9.237169164855304
2018-10-31,54.220001220703125,55.11249923706055,54.15499877929688,54.71500015258789,51.70309829711914,153435600,0.026066488126276655,54.88549995422363,55.29415016174316,49.70088633301593,-0.3464854859259461,-0.19524976049000625,-0.15123572543593983,57.03436053314845,54.88549995422363,52.736639375298815,7.830339819139994
2018-11-01,54.76250076293945,55.59000015258789,54.20249938964844,55.55500030517578,52.496864318847656,233292800,0.015352387920101629,54.81337490081787,55.33000015258789,53.086805938914445,-0.231490022419365,-0.202497812875878,-0.028992209543486996,56.76127886136071,54.81337490081787,52.86547094027503,7.1074038556008485
2018-11-02,52.38750076293945,53.41249847412109,51.35749816894531,51.869998931884766,49.01472091674805,365314800,-0.06633050273155905,54.60324993133545,55.289950103759764,40.2775852565977,-0.43271602212922033,-0.24854145472654648,-0.18417456740267385,56.84675921134263,54.60324993133545,52.359740651328266,8.21749358446039
2018-11-05,51.07500076293945,51.09749984741211,49.54249954223633,50.397499084472656,47.62327575683594,264654800,-0.02838831138660347,54.32599983215332,55.217100067138674,36.48881588593037,-0.7029048584803235,-0.3394141354773019,-0.36349072300302154,57.13754971348152,54.32599983215332,51.514449950825124,10.350660420479391
2018-11-06,50.47999954223633,51.18000030517578,50.42250061035156,50.942501068115234,48.13826751708984,127531600,0.010813866792436677,54.03724994659424,55.146250076293946,38.78404926385495,-0.8631050152342752,-0.4441523114286966,-0.4189527038055786,56.98971774217928,54.03724994659424,51.08478215100919,10.927527949712498
2018-11-07,51.49250030517578,52.51499938964844,51.032501220703125,52.48749923706055,49.59823226928711,133697600,0.030328568673124057,53.957124900817874,55.09750007629395,44.86685538637792,-0.8555342867896272,-0.5264287065008827,-0.3291055802887445,56.985519678190485,53.957124900817874,50.92873012344526,11.22518956649118
2018-11-08,52.494998931884766,52.52999877929688,51.6875,52.122501373291016,49.425174713134766,101450400,-0.0034891879858288677,53.88262500762939,55.02505012512207,43.760564516178825,-0.8689697646133112,-0.5949369181233684,-0.27403284648994286,57.012862909004355,53.88262500762939,50.75238710625443,11.61872830409336
2018-11-09,51.38750076293945,51.50249862670898,50.5625,51.11750030517578,48.47217559814453,137463200,-0.019281653945008248,53.66212501525879,54.9222501373291,40.7790195708166,-0.9497643721639832,-0.6659024089314913,-0.2838619632324919,56.91665545883832,53.66212501525879,50.407594571679255,12.129711384534659
2018-11-12,49.75,49.962501525878906,48.4474983215332,48.54249954223633,46.03044128417969,204542000,-0.05037393687891967,53.37224998474121,54.75495010375977,34.325822610011585,-1.207654631281038,-0.7742528534014006,-0.4334017778796373,57.297306459667155,53.37224998474121,49.447193509815264,14.70822937405897
2018-11-13,47.907501220703125,49.29499816894531,47.86249923706055,48.057498931884766,45.57052993774414,187531600,-0.00999146072913304,52.998250007629395,54.574300079345704,33.258274489324606,-1.434632465531493,-0.9063287758274192,-0.5283036897040738,57.420717638540324,52.998250007629395,48.575782376718465,16.689108150832492
2018-11-14,48.47499847412109,48.619998931884766,46.48249816894531,46.70000076293945,44.28329086303711,243204000,-0.028247182476604626,52.56837501525879,54.37395011901855,30.407703990944512,-1.704405466349776,-1.0659441139318906,-0.6384613524178855,57.63743093850686,52.56837501525879,47.499319092010715,19.285572064103942
2018-11-15,47.09749984741211,47.99250030517578,46.72499847412109,47.852500915527344,45.37614059448242,185915200,0.024678602473907407,52.2607500076294,54.215500106811525,35.464950710614275,-1.8044053212989652,-1.2136363554053056,-0.5907689658936597,57.67849032934055,52.2607500076294,46.84300968591825,20.73349625070528
2018-11-16,47.625,48.74250030517578,47.3650016784668,48.38249969482422,45.87870788574219,147713200,0.011075584760526613,51.938500022888185,54.07665008544922,37.706828726590416,-1.8199106574970259,-1.3348912158236497,-0.4850194416733762,57.47267156003516,51.938500022888185,46.40432848574121,21.310478872929266
2018-11-19,47.5,47.67499923706055,46.247501373291016,46.46500015258789,44.06044387817383,167701200,-0.03963197943796981,51.503625106811526,53.9143000793457,33.21160529333913,-1.9642819167765069,-1.4607693560142212,-0.5035125607622857,57.31599095862799,51.503625106811526,45.69125925499506,22.570705808619913
2018-11-20,44.59249877929688,45.36750030517578,43.87749862670898,44.244998931884766,41.955326080322266,271300800,-0.04777795257061335,50.93175010681152,53.67995002746582,28.913866005708925,-2.23210243761536,-1.6150359723344492,-0.617066465280911,57.218272693516525,50.93175010681152,44.645227520106516,24.68606546416027
2018-11-21,44.932498931884766,45.067501068115234,44.13750076293945,44.19499969482422,41.90792083740234,124496800,-0.0011298980927754165,50.4528751373291,53.45849998474121,28.823398995079685,-2.4204848083216888,-1.7761257395318972,-0.6443590687897915,57.24005949900889,50.4528751373291,43.66569077564931,26.905044928383422
2018-11-23,43.73500061035156,44.150001525878906,43.025001525878906,43.0724983215332,40.84350204467773,94496000,-0.02539898834051979,49.859000015258786,53.18789993286133,26.79633412559022,-2.6300382304387853,-1.946908237713275,-0.6831299927255103,57.035648643072335,49.859000015258786,42.68235138744524,28.787776030875932
2018-11-26,43.560001373291016,43.73749923706055,42.56499862670898,43.65499877929688,41.39586639404297,179994000,0.013523922330681337,49.33799991607666,52.94179992675781,29.564598240329587,-2.717779043381988,-2.1010823988470175,-0.6166966445349704,56.72457658730818,49.33799991607666,41.951423244845145,29.94274872834729
2018-11-27,42.87749862670898,43.692501068115234,42.720001220703125,43.560001373291016,41.3057746887207,165549600,-0.002176345446298744,48.86299991607666,52.72359992980957,29.36953656696349,-2.7631281452452825,-2.2334915481266706,-0.5296365971186119,56.4501871012308,48.86299991607666,41.27581273092252,31.054938084789363
2018-11-28,44.182498931884766,45.3224983215332,43.73249816894531,45.23500061035156,42.89410018920898,184250000,0.03845286796962055,48.458499908447266,52.53709991455078,37.233080683387676,-2.6335512557687224,-2.313503489655081,-0.3200477661136416,55.912459516525786,48.458499908447266,41.004540300368745,30.76430191673824
2018-11-29,45.665000915527344,45.70000076293945,44.42499923706055,44.88750076293945,42.564579010009766,167080000,-0.007682202861131748,47.967124938964844,52.342999954223636,36.32941180403169,-2.529739706191549,-2.3567507329623747,-0.17298897322917428,54.98975723140249,47.967124938964844,40.944492646527195,29.281022372608355
2018-11-30,45.0724983215332,45.08250045776367,44.25749969482422,44.64500045776367,42.33462905883789,158126000,-0.005402378139762631,47.421624946594235,52.13574996948242,35.678636655021336,-2.4389216822212703,-2.373184922814154,-0.0657367594071161,53.65213175159589,47.421624946594235,41.19111814159258,26.277070058305206
2018-12-03,46.1150016784668,46.23500061035156,45.3025016784668,46.20500183105469,43.81389617919922,163210000,0.03494224830233894,47.13837509155273,51.97154998779297,42.779652175081765,-2.215529426458133,-2.3416538235429503,0.12612439708481737,53.04063917104791,47.13837509155273,41.236111012057556,25.042289082013227
2018-12-04,45.23749923706055,45.59749984741211,44.067501068115234,44.17250061035156,41.88657379150391,165377200,-0.043988838148804166,46.82712516784668,51.751050033569335,37.041817550737896,-2.177395654774351,-2.3088021897892306,0.13140653501487964,52.66528580724963,46.82712516784668,40.98896452844373,24.934952203350967
2018-12-06,42.93999862670898,43.69499969482422,42.60499954223633,43.68000030517578,41.4195671081543,172393600,-0.011149316859244807,46.464000129699706,51.51370002746582,35.789187046783255,-2.161992916064335,-2.2794403350442516,0.1174474189799164,52.13412320581569,46.464000129699706,40.79387705358372,24.40652143719177
2018-12-07,43.372501373291016,43.622501373291016,42.07500076293945,42.122501373291016,39.942665100097656,169126400,-0.03565710873317851,45.94575023651123,51.25405006408691,32.09305336574113,-2.2495320764155124,-2.2734586833185038,0.02392660690299131,51.19829037269753,45.94575023651123,40.69321010032493,22.864095630817737
2018-12-10,41.25,42.522499084472656,40.83250045776367,42.400001525878906,40.20580291748047,248104000,0.006587888332523217,45.459625244140625,50.97730010986328,33.412550255860694,-2.2703444311689367,-2.2728358328885907,0.0024914017196540073,50.0994446061489,45.459625244140625,40.81980588213235,20.412923938946506
2018-12-11,42.915000915527344,42.9474983215332,41.75,42.157501220703125,39.97585678100586,189126800,-0.005719227568879992,45.01162528991699,50.691750106811526,32.812527665956395,-2.2801222897941145,-2.2742931242696955,-0.005829165524418922,49.074087898742505,45.01162528991699,40.94916268109148,18.05072615200829
2018-12-12,42.59999847412109,42.97999954223633,42.255001068115234,42.275001525878906,40.0872802734375,142510800,0.0027872696523312257,44.69825038909912,50.40095016479492,33.43627255254671,-2.252425461924659,-2.2699195918006883,0.017494129876029163,48.58607683356605,44.69825038909912,40.8104239446322,17.39587751477215
2018-12-13,42.622501373291016,43.14250183105469,42.38750076293945,42.73749923706055,40.525840759277344,127594400,0.010940140684236876,44.43225040435791,50.10930015563965,35.95655188829106,-2.1681625974663064,-2.249568192933812,0.0814055954675057,48.08521760327576,44.43225040435791,40.77928320544006,16.442863756275404
2018-12-14,42.25,42.27000045776367,41.31999969482422,41.369998931884766,39.229103088378906,162814800,-0.03199779811111214,44.16575031280517,49.77635009765625,32.08793803485577,-2.1865246214805794,-2.2369594786431657,0.05043485716258633,47.894961843349236,44.16575031280517,40.43653878226111,16.887345982494658
2018-12-17,41.36249923706055,42.087501525878906,40.682498931884766,40.98500061035156,38.864036560058594,177151600,-0.009306012617669501,43.82237529754639,49.45610008239746,31.07427312849279,-2.206705279944771,-2.230908638903487,0.02420335895871606,47.39174509734639,43.82237529754639,40.253005497746386,16.29017037787018
2018-12-18,41.345001220703125,41.88249969482422,41.09749984741211,41.51750183105469,39.36897277832031,135366000,0.012992377090871976,43.47912540435791,49.16500015258789,34.171772433987016,-2.1548899687715135,-2.2157049048770925,0.060814936105578976,46.50776540386372,43.47912540435791,40.450485404852095,13.931466980254633
2018-12-19,41.5,41.86249923706055,39.772499084472656,40.22249984741211,38.1409797668457,196189200,-0.031191898716515176,43.16700038909912,48.85060012817383,30.573385177601367,-2.193041778156875,-2.211172279533049,0.018130501376174113,46.187100478038644,43.16700038909912,40.1469003001596,13.992633547464104
2018-12-20,40.09999847412109,40.52750015258789,38.82500076293945,39.20750045776367,37.17851638793945,259092000,-0.02523436431863446,42.91512546539307,48.500400161743165,28.0777414005925,-2.278909480089929,-2.2247197196444253,-0.05418976044550394,46.34592018499439,42.91512546539307,39.484330745791745,15.988743746621129
2018-12-21,39.21500015258789,39.540000915527344,37.407501220703125,37.682498931884766,35.73244094848633,382978400,-0.03889545845143583,42.589500427246094,48.1722501373291,24.801964411504443,-2.4418668101065677,-2.268149137736854,-0.17371767236971358,46.65086549645302,42.589500427246094,38.528135358039165,19.072142328341197
2018-12-24,37.03749847412109,37.88750076293945,36.647499084472656,36.70750045776367,34.807891845703125,148676800,-0.025874221806343356,42.271250534057614,47.83415016174317,22.95779555619933,-2.619490045974203,-2.338417319384324,-0.2810727265898789,47.06316889545918,42.271250534057614,37.47933217265605,22.6722337326678
2018-12-26,37.07500076293945,39.307498931884766,36.68000030517578,39.29249954223633,37.25911712646485,234330000,0.07042153807037632,42.05312557220459,47.509450149536136,36.44970237495773,-2.52259105826613,-2.375252067160685,-0.1473389911054448,46.96879513386338,42.05312557220459,37.137456010545804,23.378379108676032
2018-12-27,38.959999084472656,39.192501068115234,37.51750183105469,39.03749847412109,37.01731491088867,212468400,-0.006489746248024453,41.82700042724609,47.203400115966794,35.783970353582916,-2.4382675370537186,-2.387855161139292,-0.05041237591442638,46.85929049615586,41.82700042724609,36.794710358336324,24.062399968952757
2018-12-28,39.375,39.630001068115234,38.63750076293945,39.057498931884766,37.03628158569336,169165600,0.0005123730570504303,41.51812534332275,46.873800125122074,35.88288532967249,-2.3428200974553874,-2.3788481484025112,0.0360280509471238,46.43274259441421,41.51812534332275,36.603508092231294,23.674562425212493
2018-12-31,39.63249969482422,39.84000015258789,39.119998931884766,39.435001373291016,37.39425277709961,140014000,0.00966541931532694,41.24550037384033,46.55655014038086,37.82944558796332,-2.211226380535919,-2.345323794829193,0.13409741429327404,45.9840136617847,41.24550037384033,36.50698708589596,22.97711626720737
2019-01-02,38.72249984741211,39.712501525878906,38.557498931884766,39.47999954223633,37.43692779541016,148158800,0.0011412186403330082,40.987250328063965,46.26605010986328,38.0707966066468,-2.079337131517498,-2.2921264621668542,0.21278933064935623,45.51481195752981,40.987250328063965,36.45968869859812,22.09253654844869
2019-01-03,35.994998931884766,36.43000030517578,35.5,35.54750061035156,33.707916259765625,365248800,-0.09960784057984917,40.45437526702881,45.880450134277346,27.883307816295684,-2.266012567661761,-2.2869036832658356,0.02089111560407453,44.9081579553508,40.45437526702881,36.000592578706815,22.01879356150593
2019-01-04,36.13249969482422,37.13750076293945,35.95000076293945,37.06499862670898,35.14689636230469,234428400,0.042689678336974346,40.09900016784668,45.5185001373291,35.10038727713314,-2.265390773391154,-2.2826011012908993,0.017210327899745526,44.44223605582,40.09900016784668,35.75576427987337,21.662564501824814
2019-01-07,37.17499923706055,37.20750045776367,36.47499847412109,36.98249816894531,35.06866455078125,219111200,-0.002225852624851976,39.76412506103516,45.14450012207031,34.8959249440135,-2.2456684266657945,-2.2752145663658787,0.02954613970008424,43.982292574903276,39.76412506103516,35.54595754716704,21.21594531449403
2019-01-08,37.38999938964844,37.95500183105469,37.130001068115234,37.6875,35.73717498779297,164101200,0.01906289975894815,39.542374992370604,44.822800140380856,38.20837682162247,-2.148385320324863,-2.2498487171576755,0.10146339683281269,43.70726771200018,39.542374992370604,35.37748227274103,21.065465695639986
2019-01-09,37.8224983215332,38.63249969482422,37.407501220703125,38.32749938964844,36.34406661987305,180396400,0.016982081887764844,39.33874988555908,44.49035011291504,41.136321078928596,-1.9966292564068837,-2.1992048250075173,0.20257556860063364,43.31900833125621,39.33874988555908,35.35849143986196,20.235815613237083
2019-01-10,38.125,38.49250030517578,37.71500015258789,38.45000076293945,36.4602165222168,143122800,0.003195842214317235,39.1533748626709,44.17785011291504,41.70570517796283,-1.8452062562495541,-2.128405111255925,0.28319885500637065,42.931457032345925,39.1533748626709,35.37529269299588,19.298883853187704
2019-01-11,38.220001220703125,38.42499923706055,37.87749862670898,38.0724983215332,36.10225677490234,108092800,-0.009817817376271964,38.94324970245361,43.87810005187988,40.408542021938146,-1.7356561659108536,-2.049855322186911,0.3141991562760573,42.46206239476009,38.94324970245361,35.42443701014714,18.0714897662214
2019-01-14,37.712501525878906,37.817501068115234,37.30500030517578,37.5,35.55937957763672,129756800,-0.015037209464506818,38.68137474060059,43.561600036621094,38.45513556471105,-1.675716147381351,-1.975027487225799,0.2993113398444478,41.78702391839074,38.68137474060059,35.57572556281044,16.057594636265137
2019-01-15,37.567501068115234,38.34749984741211,37.51250076293945,38.26750183105469,36.28715515136719,114843600,0.020466486827800834,38.52624988555908,43.23265007019043,42.47028355716737,-1.5484328967982322,-1.8897085691402855,0.34127567234205336,41.37884871497088,38.52624988555908,35.673651056147285,14.808598490044291
2019-01-16,38.27000045776367,38.970001220703125,38.25,38.73500061035156,36.73047256469727,122278800,0.01221692390822171,38.413749885559085,42.896250076293946,44.83124380593836,-1.3937702434709962,-1.7905209040064278,0.3967506605354316,41.037929648694295,38.413749885559085,35.789570122423875,13.662710727034334
2019-01-17,38.54999923706055,39.415000915527344,38.31499862670898,38.96500015258789,36.94856643676758,119284800,0.00593768217074131,38.286124801635744,42.63815010070801,46.00527318146817,-1.2383648365721527,-1.6800896905195728,0.4417248539474201,40.51217217862684,38.286124801635744,36.060077424644646,11.62848101511695
2019-01-18,39.375,39.470001220703125,38.994998931884766,39.20500183105469,37.1761474609375,135004000,0.006159400651156499,38.23524990081787,42.41430015563965,47.26636148993313,-1.0833506108156215,-1.5607418745787824,0.477391263763161,40.32424277728579,38.23524990081787,36.14625702434995,10.92705229800648
2019-01-22,39.102500915527344,39.182498931884766,38.15499877929688,38.32500076293945,36.34169006347656,121576000,-0.022446042811126055,38.19112491607666,42.16195014953613,43.27530485420324,-1.0197543583396111,-1.4525443713309483,0.4327900129913371,40.23285457378703,38.19112491607666,36.14939525836629,10.692168205031836
2019-01-23,38.53749847412109,38.78499984741211,37.92499923706055,38.47999954223633,36.4886589050293,92522400,0.0040440838413411395,38.23099994659424,41.881800155639645,44.169509504231094,-0.9459425273294286,-1.3512240025306443,0.4052814752012157,40.2625632743071,38.23099994659424,36.19943661888138,10.627832547151774
2019-01-24,38.52750015258789,38.619998931884766,37.935001373291016,38.17499923706055,36.1994514465332,101766000,-0.007925954726065054,38.304374885559085,41.602850112915036,42.7416905958362,-0.9016632820525174,-1.261311858435019,0.3596485763825015,40.21281170799665,38.304374885559085,36.39593806312152,9.96458930939011
2019-01-25,38.869998931884766,39.532501220703125,38.58000183105469,39.43999862670898,37.39899063110352,134142000,0.03313694370043274,38.31174983978271,41.369300079345706,49.96591517480797,-0.7557845684071722,-1.1602064004294497,0.40442183202227744,40.23647416661561,38.31174983978271,36.38702551294982,10.047697298515304
2019-01-28,38.9474983215332,39.08250045776367,38.415000915527344,39.07500076293945,37.05287551879883,104768400,-0.009254664536770707,38.313624954223634,41.179950103759765,48.08092027704366,-0.6619958380922029,-1.0605642879620003,0.39856844986979745,40.241244690680176,38.313624954223634,36.38600521776709,10.062319807951475
2019-01-29,39.0625,39.532501220703125,38.52750015258789,38.66999816894531,36.66881942749024,166348800,-0.010365081951972499,38.29424991607666,40.99220008850098,46.00690698629695,-0.6132784262484776,-0.9711071156192957,0.35782868937081813,40.19922943162793,38.29424991607666,36.38927040052539,9.949167406209053
2019-01-30,40.8125,41.53749847412109,40.057498931884766,41.3125,39.17458724975586,244439200,0.06833511035774076,38.38812484741211,40.884450073242185,58.565545603391655,-0.3573227190360839,-0.8483502363026534,0.49102751726656946,40.65867563524538,38.38812484741211,36.117574059578835,11.829443594124077
2019-01-31,41.52750015258789,42.25,41.13999938964844,41.61000061035156,39.45669555664063,162958400,0.007201308978348697,38.49462490081787,40.75960006713867,59.701982397645374,-0.12898332459335649,-0.7044768539607941,0.5754935293674376,41.13047209880799,38.49462490081787,35.858777702827744,13.694624663996255
2019-02-01,41.7400016784668,42.244998931884766,41.48249816894531,41.630001068115234,39.47566604614258,130672400,0.00048079265722367204,38.798749923706055,40.62455009460449,59.78184483588221,0.052980434915205876,-0.5529853961855942,0.6059658311008,41.40772113059304,38.798749923706055,36.18977871681907,13.448738487798039
2019-02-04,41.852500915527344,42.915000915527344,41.81999969482422,42.8125,40.59695816040039,125982000,0.02840464079686833,39.08612499237061,40.55150009155273,64.288114417499,0.28927126744502374,-0.3845340634594706,0.6738053309044943,42.10229015048572,39.08612499237061,36.06995983425549,15.433431473208733
2019-02-05,43.21500015258789,43.77000045776367,43.087501525878906,43.54499816894531,41.29156112670898,144406400,0.017109729343863123,39.41424999237061,40.53750007629394,66.7717770824649,0.5295357762951411,-0.2017200955085483,0.7312558718036895,42.84322200115635,39.41424999237061,35.985277983584865,17.39965626365838
2019-02-06,43.66249847412109,43.89250183105469,43.212501525878906,43.560001373291016,41.3057746887207,112958400,0.00034422437960413,39.70787506103515,40.52480010986328,66.8226730511406,0.7129394416805539,-0.01878818807072788,0.7317276297512818,43.48333584198539,39.70787506103515,35.93241428008492,19.016181425709412
2019-02-07,43.09999847412109,43.48500061035156,42.584999084472656,42.73500061035156,40.52347183227539,126966800,-0.018939309632629464,39.92825012207031,40.51805015563964,61.265578139156936,0.7826950794354275,0.14150846543050322,0.6411866140049243,43.86670843184355,39.92825012207031,35.98979181229707,19.7276780110945
2019-02-08,42.247501373291016,42.665000915527344,42.10499954223633,42.602500915527344,40.57108688354492,95280000,0.0011749993057506014,40.135875129699706,40.497000198364255,60.39685082688138,0.8178575541071353,0.27677828316582964,0.5410792709413057,44.177199233301934,40.135875129699706,36.09455102609748,20.138213458870034
2019-02-11,42.76250076293945,42.8025016784668,42.3125,42.35749816894531,40.33776092529297,83973600,-0.00575104036334273,40.35012512207031,40.47295013427734,58.73829893843931,0.8165418088478589,0.3847309883022355,0.43181082054562336,44.38550680025622,40.35012512207031,36.314743443884396,20.00182981330425
2019-02-12,42.525001525878906,42.75,42.42499923706055,42.72249984741211,40.68536758422852,89134000,0.00861740094050667,40.61125011444092,40.42270011901855,60.47948797212626,0.8353225775526383,0.47484930615231613,0.36047327140032215,44.549847576390185,40.61125011444092,36.67265265249166,19.396583216967958
2019-02-13,42.84749984741211,43.119998931884766,42.47999954223633,42.54499816894531,40.51631927490234,89960800,-0.004155014919705824,40.82512493133545,40.375850067138664,59.171794896613925,0.8263578313604256,0.545151011193938,0.28120682016648757,44.69537367302521,40.82512493133545,36.954876189645695,18.96013177277082
2019-02-14,42.4275016784668,42.81499862670898,42.345001220703125,42.70000076293945,40.66393280029297,87342800,0.003643310350801565,41.02337493896484,40.336950073242186,59.98544355192328,0.8222818658434434,0.6005771821238391,0.22170468371960428,44.85102709163021,41.02337493896484,37.19572278629948,18.660834991563714
2019-02-15,42.8125,42.92499923706055,42.4375,42.60499954223633,40.57347106933594,98507200,-0.0022246183467128366,41.20537490844727,40.264950027465815,59.206650588064875,0.8021392670963436,0.6408895991183401,0.16124966797800355,44.969860394026085,41.20537490844727,37.44088942286845,18.271817664287685
2019-02-19,42.4275016784668,42.86000061035156,42.372501373291016,42.73249816894531,40.69488525390625,75891200,0.00299245249100899,41.3817497253418,40.23614997863769,59.958018611869214,0.7873876711533612,0.6701892135253443,0.11719845762801684,45.08486210114066,41.3817497253418,37.67863734954294,17.897321405581398
2019-02-20,42.79750061035156,43.33000183105469,42.747501373291016,43.00749969482422,40.95677947998047,104457600,0.006435556322132108,41.615874671936034,40.22269996643066,61.60087264475198,0.7887945177507234,0.6939102743704202,0.09488424338030321,45.1020836522108,41.615874671936034,38.129665691661266,16.754226639507436
2019-02-21,42.95000076293945,43.09249877929688,42.57500076293945,42.76499938964844,40.72584533691406,68998800,-0.005638483933515515,41.83012466430664,40.235549926757805,59.29076436199775,0.7615628829881942,0.707440796093975,0.05412208689421916,45.03440239490099,41.83012466430664,38.62584693371229,15.32043117876977
2019-02-22,42.89500045776367,43.25,42.845001220703125,43.24250030517578,41.18056106567383,75652800,0.011165286441521927,42.0834997177124,40.25239990234375,62.289603524430795,0.7696400184386576,0.7198806405629116,0.049759377875746025,44.8651489976241,42.0834997177124,39.3018504378007,13.219667083633432
2019-02-25,43.540000915527344,43.96749877929688,43.48749923706055,43.557498931884766,41.48055267333984,87493600,0.007284786799956144,42.28937473297119,40.28039985656738,64.16497404197102,0.7923255276209318,0.7343696179745156,0.05795590964641617,44.8593844142469,42.28937473297119,39.71936505169548,12.15439905415287
2019-02-26,43.4275016784668,43.82500076293945,43.29249954223633,43.58250045776367,41.50436401367188,68280800,0.0005740362361987827,42.514749717712405,40.306549835205075,64.31665605018976,0.8030641476757765,0.7481085239147678,0.05495562376100871,44.675714560333155,42.514749717712405,40.353784875091655,10.16571828350881
2019-02-27,43.3025016784668,43.75,43.182498931884766,43.71749877929688,41.63291931152344,111341600,0.0030973923081729637,42.76712474822998,40.32614982604981,65.1738485606989,0.8130949651324926,0.7611058121583127,0.05198915297417983,44.08920439545513,42.76712474822998,41.44504510100484,6.1826912845239255
2019-02-28,43.58000183105469,43.727500915527344,43.22999954223633,43.28749847412109,41.223419189453125,112861600,-0.00983596944058085,42.865874671936034,40.36449981689453,60.21223803824568,0.7773858095631141,0.7643618116392731,0.013023997923841013,44.02339768905753,42.865874671936034,41.708351654814535,5.4006737339682465
2019-03-01,43.56999969482422,43.78749847412109,43.22249984741211,43.74250030517578,41.65673065185547,103544800,0.010511293602574412,42.97249965667724,40.419649810791014,63.38836255225014,0.776845895744593,0.766858628460337,0.009987267284255918,44.03675270653909,42.97249965667724,41.908246606815396,4.953181957598685
2019-03-04,43.92250061035156,44.4375,43.49250030517578,43.962501525878906,41.86624526977539,109744800,0.005029550198524468,43.08912467956543,40.4685498046875,64.84945178746736,0.7851198965896486,0.7705108820861994,0.014609014503449202,44.04504790788029,43.08912467956543,42.13320145125057,4.436958213580029
2019-03-05,43.98500061035156,44.0,43.6349983215332,43.88249969482422,41.7900505065918,78949600,-0.0018199569293261275,43.14262466430664,40.54174980163574,63.851548299588636,0.7762732281466356,0.7716633512982867,0.004609876848348904,44.14906629960453,43.14262466430664,42.13618302900875,4.665648616091515
2019-03-06,43.66749954223633,43.872501373291016,43.48500061035156,43.630001068115234,41.549598693847656,83241600,-0.005753805267744605,43.146874809265135,40.63019981384277,60.67791560352693,0.7403533185105431,0.7654013447407381,-0.025048026230194975,44.16076769053182,43.146874809265135,42.13298192799845,4.699728013899939
2019-03-07,43.46749877929688,43.61000061035156,43.005001068115234,43.125,41.06867599487305,99185600,-0.011574665317906407,43.12512474060058,40.73904983520507,54.81025468482508,0.6634888788205373,0.745018851556698,-0.0815299727361607,44.12114055503875,43.12512474060058,42.12910892616242,4.619190415931516
2019-03-08,42.58000183105469,43.26750183105469,42.375,43.227500915527344,41.16628646850586,95997600,0.0023767621251047366,43.149749755859375,40.869449844360346,55.74568219236005,0.6038830360989706,0.7167916884651525,-0.11290865236618186,44.1301979931177,43.149749755859375,42.16930151860105,4.54439825401391
2019-03-11,43.872501373291016,44.77999877929688,43.837501525878906,44.72499847412109,42.59238815307617,128044000,0.03464246612726041,43.25587463378906,40.97809982299805,66.61768877682674,0.6697599385143533,0.7073853384749926,-0.037625399960639294,44.418894080448766,43.25587463378906,42.09285518712936,5.377394199081656
2019-03-12,45.0,45.66749954223633,44.84249877929688,45.227500915527344,43.07091522216797,129870400,0.011235037288164662,43.39937477111816,41.10189987182617,69.33968434948586,0.753825969196825,0.7166734646193592,0.03715250457746577,44.77279788877197,43.39937477111816,42.025951653464354,6.329229971155283
2019-03-13,45.5625,45.82500076293945,45.22999954223633,45.4275016784668,43.26139068603516,124130000,0.004422368618931971,43.534624862670896,41.22929992675781,70.37508005143252,0.8270535359295721,0.7387494788814019,0.08830405704817024,45.12966358603772,43.534624862670896,41.93958613930407,7.327678731117332
2019-03-14,45.97499847412109,46.025001525878906,45.63999938964844,45.932498931884766,43.7423095703125,94318000,0.011116584017549336,43.70399990081787,41.359249877929685,72.86666111929043,0.9152851308113199,0.7740566092673855,0.1412285215439344,45.543425008460275,43.70399990081787,41.864574793175464,8.417651070001869
2019-03-15,46.212501525878906,46.83250045776367,45.935001373291016,46.52999877929688,44.311302185058594,156171600,0.013007832012881693,43.895499801635744,41.5002498626709,75.49294915157279,1.0216456544488537,0.8235744183036793,0.1980712361451744,46.0478118043512,43.895499801635744,41.74318779892029,9.806526921628764
2019-03-18,46.45000076293945,47.09749984741211,46.4474983215332,47.005001068115234,44.763668060302734,104879200,0.010208814747869832,44.115499877929686,41.729399871826175,77.36836520400348,1.131225783991411,0.8851046914412257,0.24612109255018533,46.57305318642599,44.115499877929686,41.657946569433385,11.141450579939038
2019-03-19,47.087501525878906,47.247501373291016,46.47999954223633,46.63249969482422,44.40892028808594,126585600,-0.007924904003373978,44.31049995422363,41.92074989318848,72.6717086043532,1.1744724906469415,0.942978251282369,0.23149423936457247,46.91280412847405,44.31049995422363,41.70819577997321,11.745767603339225
2019-03-20,46.557498931884766,47.372501373291016,46.182498931884766,47.040000915527344,44.797000885009766,124140800,0.008738798295619521,44.51212501525879,42.12189994812012,74.49570677842182,1.2274781560240697,0.9998782322307093,0.22759992379336047,47.29777566074971,44.51212501525879,41.72647436976787,12.516367819042543
2019-03-21,47.505001068115234,49.08250045776367,47.45249938964844,48.772499084472656,46.4468879699707,204136800,0.036830302305193685,44.8125,42.34359992980957,80.46532611519014,1.3932234383177473,1.078547273448117,0.31467616486963035,48.04028822794864,44.8125,41.58471177205136,14.405749413438853
2019-03-22,48.834999084472656,49.42250061035156,47.69499969482422,47.76250076293945,45.48504257202149,169630800,-0.020708500396648177,45.038500022888186,42.53229995727539,70.15599092811452,1.4266339963649273,1.148164618031479,0.2784693783334482,48.424033052563274,45.038500022888186,41.6529669932131,15.033951077209892
2019-03-25,47.87749862670898,47.994998931884766,46.650001525878906,47.185001373291016,44.93507766723633,175381200,-0.012091115533515051,45.21987514495849,42.706999969482425,65.02591364001756,1.390484094847423,1.196628513394668,0.19385558145275517,48.65688938969802,45.21987514495849,41.782860900218964,15.201343363827124
2019-03-26,47.915000915527344,48.220001220703125,46.14500045776367,46.6974983215332,44.470829010009766,199202000,-0.010331542334577115,45.37562503814697,42.879499969482424,60.97265126638546,1.3074264175086299,1.2187880942174605,0.08863832329116939,48.78392515385955,45.37562503814697,41.96732492243439,15.02260349184058
2019-03-27,47.1875,47.43999862670898,46.63750076293945,47.11750030517578,44.87080001831055,119393600,0.008994008369188622,45.54562511444092,43.071849975585934,63.106328934939185,1.260957724072128,1.227222020188394,0.033735703883733814,48.945310236055306,45.54562511444092,42.14593999282653,14.928701112662823
2019-03-28,47.23749923706055,47.38999938964844,46.88249969482422,47.18000030517578,44.93031692504883,83121600,0.0013264061865176924,45.740250205993654,43.25009994506836,63.426761422223514,1.215166494467205,1.2248109150441564,-0.009644420576951473,49.04490638919215,45.740250205993654,42.43559402279516,14.449663778907201
2019-03-29,47.45750045776367,47.52000045776367,47.1349983215332,47.48749923706055,45.2231559753418,94256000,0.0065176270797615565,45.92750015258789,43.42514991760254,65.03576488616753,1.1899719530813044,1.217843122651586,-0.027871169570281573,49.18217021593119,45.92750015258789,42.67283008924459,14.173077361189257
2019-04-01,47.90999984741211,47.91999816894531,47.095001220703125,47.810001373291016,45.53028106689453,111448000,0.006791323713015496,46.1198751449585,43.6020499420166,66.6908879228165,1.1823983722294784,1.2107541725671647,-0.028355800337686254,49.34188739184099,46.1198751449585,42.897862898076006,13.972337248335764
2019-04-02,47.772499084472656,48.6150016784668,47.76250076293945,48.505001068115234,46.19213485717773,91062800,0.014536562805548714,46.351000213623045,43.788049926757814,69.9880285971674,1.2184316008104048,1.2122896582158127,0.006141942594592109,49.56102873101819,46.351000213623045,43.1409716962279,13.85095684063225
2019-04-03,48.3125,49.125,48.28749847412109,48.837501525878906,46.50879287719727,93087200,0.0068552367410301684,46.61137523651123,43.9982999420166,71.44435496536013,1.2593017554368942,1.221692077660029,0.03760967777686508,49.74009269858943,46.61137523651123,43.48265777443303,13.42469492136949
2019-04-04,48.6974983215332,49.09249877929688,48.28499984741211,48.92250061035156,46.5897216796875,76457200,0.0017400753165948135,46.90125026702881,44.2071499633789,71.82079825423307,1.283752068444791,1.2341040758169814,0.0496479926278095,49.745553426857704,46.90125026702881,44.05694710719991,12.128901228155184
2019-04-05,49.11249923706055,49.275001525878906,48.98249816894531,49.25,46.90160751342773,74106400,0.006694305578481385,47.20237522125244,44.428649978637694,73.28226249473539,1.3144039508195817,1.2501640508175016,0.06423990000208013,49.67854034395383,47.20237522125244,44.72621009855105,10.491697127929774
2019-04-08,49.10499954223633,50.057498931884766,49.084999084472656,50.025001525878906,47.6396598815918,103526800,0.01573618490480877,47.46737537384033,44.64035003662109,76.40132369495,1.3852634795215693,1.277183936558315,0.10807954296325417,49.9606579757659,47.46737537384033,44.97409277191477,10.505247371649004
2019-04-09,50.08000183105469,50.712501525878906,49.807498931884766,49.875,47.49681091308594,143072800,-0.0029985304022092096,47.69975032806396,44.8563500213623,74.58638655497913,1.41302779220063,1.3043527076867782,0.10867508451385177,50.180957575748124,47.69975032806396,45.2185430803798,10.403439140117896
2019-04-10,49.66999816894531,50.185001373291016,49.54499816894531,50.15499877929688,47.763465881347656,86781200,0.005614165733140775,47.93612518310547,45.086050033569336,75.74466538721167,1.4410136629648704,1.3316848987423968,0.10932876422247362,50.40714184106508,47.93612518310547,45.46510852514586,10.309622016885463
2019-04-11,50.212501525878906,50.25,49.61000061035156,49.73749923706055,47.36585998535156,83603200,-0.008324477477907766,48.12637519836426,45.254550018310546,70.5792163524255,1.4132133000750997,1.3479905790089375,0.06522272106616223,50.53619451030993,48.12637519836426,45.71655588641858,10.01454733298751
2019-04-12,49.79999923706055,50.03499984741211,49.0525016784668,49.71749877929688,47.346824645996094,111042800,-0.0004018788925473915,48.285750198364255,45.416699981689455,70.33177276166388,1.3737319159942771,1.3531388464060055,0.020593069588271673,50.67369468461501,48.285750198364255,45.8978057121135,9.890886965370779
2019-04-15,49.64500045776367,49.962501525878906,49.50249862670898,49.807498931884766,47.43251800537109,70146400,0.0018099072116388726,48.42587509155273,45.58024993896484,70.82740823874411,1.3343236424508547,1.3493758056149754,-0.015052163164120724,50.82562905838319,48.42587509155273,46.02612112472227,9.911040171369317
2019-04-16,49.8650016784668,50.34249877929688,49.63999938964844,49.8125,47.43729019165039,102785600,0.00010061001355143873,48.58487510681152,45.72024993896484,70.85654330819867,1.288641192630287,1.3372288830180379,-0.048587690387750904,50.90845031466178,48.58487510681152,46.26129989896127,9.565014637752945
2019-04-17,49.8849983215332,50.845001220703125,49.65250015258789,50.782501220703125,48.36103820800781,115627200,0.019473035087489432,48.77200012207031,45.865,75.88679940979651,1.3155437445063853,1.3328918553157074,-0.01734811080932208,51.16939944531756,48.77200012207031,46.37460079882306,9.83104780302983
2019-04-18,50.77999877929688,51.03749847412109,50.630001068115234,50.96500015258789,48.53484344482422,96783200,0.003593910371999076,48.881625175476074,46.01309997558594,76.70159370329083,1.3361876102632948,1.333551006305225,0.002636603958069861,51.46257513290392,48.881625175476074,46.30067521804823,10.560000606210249
2019-04-22,50.70750045776367,51.23500061035156,50.584999084472656,51.13249969482422,48.69435501098633,77758000,0.0032865371522923237,49.05012512207031,46.18104995727539,77.45458395643747,1.3504961567724507,1.33694003639867,0.013556120373780622,51.75392487148978,49.05012512207031,46.346325372650846,11.024639560818901
2019-04-23,51.10749816894531,51.9375,50.97499847412109,51.869998931884766,49.39669418334961,93292000,0.014423420788812535,49.284375,46.366399917602536,80.45051070694028,1.4051481348368995,1.3505816560863162,0.05456647875058329,52.11026271976592,49.284375,46.458487280234074,11.46768207881676
2019-04-24,51.84000015258789,52.119998931884766,51.76250076293945,51.790000915527344,49.32050323486328,70162400,-0.0015424301108799554,49.53900012969971,46.55504997253418,79.22076784448815,1.4255719438692935,1.3655797136429118,0.05999223022638178,52.30369751527716,49.53900012969971,46.77430274412226,11.161700390961071
2019-04-25,51.70750045776367,51.93999862670898,51.27999877929688,51.31999969482422,48.8729133605957,74172800,-0.009075127886188916,49.74912509918213,46.72699996948242,72.23465554771462,1.3878346946634252,1.3700307098470146,0.017803984816410656,52.38134872812775,49.74912509918213,47.11690147023651,10.581989627748813
2019-04-26,51.22499847412109,51.25,50.52999877929688,51.07500076293945,48.63959503173828,74596400,-0.004773980366915009,49.94387512207031,46.89760002136231,68.82737712441138,1.322908619441101,1.360606291765832,-0.03769767232473087,52.353937312312084,49.94387512207031,47.533812931828535,9.651082077036358
2019-04-29,51.09999847412109,51.49250030517578,50.96500015258789,51.15250015258789,48.71339797973633,88818800,0.001517342978490932,50.12712516784668,47.066650009155275,69.32035912519912,1.2631470175785608,1.3411144369283778,-0.07796741934981699,52.30874746304629,50.12712516784668,47.94550287264707,8.704358320548492
2019-04-30,50.76499938964844,50.84999847412109,49.77750015258789,50.16749954223633,47.77536392211914,186139600,-0.019256182005767508,50.24500007629395,47.21790000915527,56.985248124175286,1.1233548646658633,1.297562522475875,-0.17420765781001157,52.150363911604266,50.24500007629395,48.33963624098363,7.584292297411245
2019-05-01,52.470001220703125,53.82749938964844,52.307498931884766,52.630001068115234,50.12044906616211,259309200,0.04908565736654147,50.451250076293945,47.41585006713867,70.91787673986762,1.1974682014606088,1.2775436582728217,-0.08007545681221284,52.44934460143872,50.451250076293945,48.45315555114917,7.92089203785116
2019-05-02,52.459999084472656,53.16249847412109,52.032501220703125,52.28749847412109,49.79427337646485,127985200,-0.00650783653727216,50.62374992370606,47.60145004272461,67.63640841280574,1.214565700551418,1.2649480667285409,-0.05038236617712277,52.63045909568288,50.62374992370606,48.617040751729235,7.927935702120409
2019-05-03,52.72249984741211,52.959999084472656,52.557498931884766,52.9375,50.41328048706055,83569600,0.012431291163057079,50.824499893188474,47.80490005493164,70.43256411127751,1.2659719460567658,1.265152842594186,0.00081910346257974,52.91196666844008,50.824499893188474,48.73703311793687,8.214411473358616
2019-05-06,51.0724983215332,52.209999084472656,50.875,52.119998931884766,49.634761810302734,129772400,-0.015442729956001044,50.96799983978271,47.98245002746582,63.05393821876619,1.226606703385876,1.257443614752524,-0.030836911366648012,52.99654665171771,50.96799983978271,48.93945302784772,7.960080122083293
2019-05-07,51.470001220703125,51.85499954223633,50.20750045776367,50.71500015258789,48.2967643737793,155054800,-0.02695686224177085,51.00249977111817,48.125600051879886,52.813486144663486,1.0697068903706395,1.2198962698761473,-0.15018937950550781,52.98875096155257,51.00249977111817,49.016248580683765,7.7888385837871486
2019-05-08,50.47499847412109,51.334999084472656,50.4375,50.72499847412109,48.3062744140625,105358000,0.0001969084348922845,51.04499969482422,48.26845001220703,52.8721432244207,0.9353868814311923,1.1629943921871564,-0.22760751075596408,52.96830909911535,51.04499969482422,49.12169029053309,7.535740682886706
2019-05-09,50.09999847412109,50.41999816894531,49.165000915527344,50.18000030517578,47.78726959228516,139634400,-0.010744045738833585,51.04624977111816,48.39770004272461,49.27635776209609,0.7760150902216765,1.0855985317940604,-0.30958344157238393,52.96727482997665,51.04624977111816,49.12522471225967,7.526606038531751
2019-05-10,49.35499954223633,49.712501525878906,48.192501068115234,49.29499816894531,47.1252555847168,164834800,-0.013853354946130714,51.024124717712404,48.51785003662109,44.038719518991314,0.5717092134183872,0.9828206681189258,-0.41111145470053856,53.01389607330903,51.024124717712404,49.03435336211578,7.799335575494541
2019-05-13,46.9275016784668,47.369998931884766,45.712501525878906,46.43000030517578,44.38636016845703,229722400,-0.05811948141768841,50.85974979400635,48.57160003662109,32.13185594960419,0.17657846367443852,0.8215722272300283,-0.6449937635555898,53.640191330950486,50.85974979400635,48.07930825706221,10.933760186416821
2019-05-14,46.602500915527344,47.42499923706055,46.352500915527344,47.165000915527344,45.089012145996094,146118800,0.015830358129667044,50.72762489318848,48.63565002441406,36.84911995259691,-0.07637667291940176,0.6419824472001424,-0.7183591201195442,53.91663957837527,50.72762489318848,47.538610208001685,12.573088891512446
2019-05-15,46.567501068115234,47.9375,46.505001068115234,47.72999954223633,45.6291389465332,106178800,0.011979122514110596,50.62349987030029,48.712600021362306,40.28510494778821,-0.22861939179057345,0.46786207940199925,-0.6964814711925726,54.05221791290437,50.62349987030029,47.19478182769622,13.545954157213966
2019-05-16,47.477500915527344,48.11750030517578,47.209999084472656,47.52000045776367,45.42837524414063,132125600,-0.004399901182177035,50.46037483215332,48.79040000915527,39.42645862663524,-0.36204458976106224,0.301880745569387,-0.6639253353304493,54.14425237330938,50.46037483215332,46.77649729099726,14.601070853753123
2019-05-17,46.73249816894531,47.72499847412109,46.68999862670898,47.25,45.17026901245117,131516400,-0.00568160825260311,50.274624824523926,48.87290000915527,38.29625195049402,-0.48399263506084367,0.14470606944334086,-0.6286987045041845,54.20442296777208,50.274624824523926,46.34482668127577,15.633326581608637
2019-05-20,45.880001068115234,46.087501525878906,45.06999969482422,45.772499084472656,43.7578010559082,154449200,-0.031269859299567604,50.00662479400635,48.92379997253418,32.76167818265222,-0.6918837107074651,-0.02261188658682034,-0.6692718241206448,54.37270481600262,50.00662479400635,45.64054477201008,17.462006444072482
2019-05-21,46.30500030517578,47.0,46.17499923706055,46.650001525878906,44.59667205810547,113459200,0.01917077599775774,49.74562492370605,48.962300033569335,38.450924064776814,-0.7768764246693323,-0.17346479420332273,-0.6034116304660095,54.25662507296031,49.74562492370605,45.234624774451795,18.136268892682303
2019-05-22,46.165000915527344,46.4275016784668,45.63750076293945,45.69499969482422,43.68370056152344,118994400,-0.020471740478583467,49.440874862670896,48.971650009155276,34.98179481516394,-0.9107953474908825,-0.3209309048608347,-0.5898644426300479,54.176194308870066,49.440874862670896,44.705555416471725,19.155484037659924
2019-05-23,44.95000076293945,45.1349983215332,44.45249938964844,44.915000915527344,42.93803787231445,146118800,-0.017069586129929704,49.12062492370605,48.961399993896485,32.409830925184664,-1.067560271155493,-0.4702567781197664,-0.5973034930357266,54.160812929529605,49.12062492370605,44.0804369178825,20.52167704971975
2019-05-24,45.04999923706055,45.53499984741211,44.65499877929688,44.74250030517578,42.77313232421875,94858800,-0.003840546896578867,48.80399990081787,48.93760002136231,31.85207788758497,-1.1919765959788222,-0.6146007416915775,-0.5773758542872447,54.10231732849736,48.80399990081787,43.505682473138386,21.71263600707734
2019-05-28,44.72999954223633,45.147499084472656,44.477500915527344,44.557498931884766,42.59626770019531,111792800,-0.004134946739060674,48.474249839782715,48.898150024414065,31.23131681588282,-1.2906279389835262,-0.7498061811499672,-0.540821757833559,53.964303624834244,48.474249839782715,42.984196054731186,22.651423397772124
2019-05-29,44.10499954223633,44.837501525878906,44.0,44.345001220703125,42.39312744140625,113924800,-0.0047689684978698965,48.18312492370605,48.84495002746582,30.496133780360253,-1.370162250902169,-0.8738773951004075,-0.4962848558017614,53.89612725316281,48.18312492370605,42.4701225942493,23.713706151283535
2019-05-30,44.48749923706055,44.807498931884766,44.16749954223633,44.57500076293945,42.61301803588867,84873600,0.0051869396705006565,47.780374908447264,48.80380004882812,32.35229480102143,-1.398513531789341,-0.9788046224381942,-0.4197089093511467,53.315565584510104,47.780374908447264,42.245184232384425,23.169306170865784
2019-05-31,44.057498931884766,44.497501373291016,43.747501373291016,43.76750183105469,41.84105682373047,108174400,-0.018115619304599817,47.35437507629395,48.73835006713867,29.38517777491765,-1.4692044668594022,-1.0768845913224359,-0.39231987553696634,52.74605662217519,47.35437507629395,41.96269353041271,22.771630022335014
2019-06-03,43.900001525878906,44.47999954223633,42.567501068115234,43.32500076293945,41.41801834106445,161584400,-0.010110607015692885,46.87375011444092,48.62940010070801,27.876406446144486,-1.5431452622555781,-1.1701367255090644,-0.3730085367465137,51.88963918469099,46.87375011444092,41.85786104419084,21.401697359413003
2019-06-04,43.86000061035156,44.95750045776367,43.630001068115234,44.90999984741211,42.93325424194336,123872000,0.036583978702250164,46.51325016021728,48.57235008239746,39.799628843135835,-1.4570517104598224,-1.227519722499216,-0.22953198796060637,50.97485749260526,46.51325016021728,42.051642827829305,19.184242412730747
2019-06-05,46.06999969482422,46.247501373291016,45.28499984741211,45.6349983215332,43.62635040283203,119093600,0.016143573859620286,46.25925006866455,48.541350021362305,44.332860886038596,-1.3151602835052287,-1.2450478347004186,-0.07011244880481016,50.29300767927232,46.25925006866455,42.22549245805678,17.439788170453678
2019-06-06,45.77000045776367,46.36750030517578,45.53749847412109,46.30500030517578,44.26685333251953,90105200,0.014681561115548192,46.03825016021729,48.533500061035156,48.21388043312745,-1.1355567533384843,-1.2231496184280317,0.08759286508954744,49.51498332162931,46.03825016021729,42.56151699880527,15.10367205231595
2019-06-07,46.62749862670898,47.97999954223633,46.442501068115234,47.53749847412109,45.44511413574219,122737600,0.02661722518137699,45.90612506866455,48.54190002441406,54.49835411273844,-0.883581976872172,-1.1552360901168597,0.2716541132446877,48.91221481534323,45.90612506866455,42.90003532198587,13.096682598160022
2019-06-10,47.95249938964844,48.84249877929688,47.90499877929688,48.14500045776367,46.02586364746094,104883600,0.01277914078913045,45.84862518310547,48.56120002746582,57.25205571708359,-0.6276348344855123,-1.0497158389905903,0.422081004505078,48.62872788648729,45.84862518310547,43.06852247972365,12.127311090698736
2019-06-11,48.71500015258789,49.0,48.400001525878906,48.70249938964844,46.55882263183594,107731600,0.011579554236227807,45.9622501373291,48.58550003051758,59.6645049639091,-0.3754810635822423,-0.9148688839089207,0.5393878203266784,49.00176468924416,45.9622501373291,42.92273558541404,13.226134677190068
2019-06-12,48.48749923706055,48.99250030517578,48.34749984741211,48.54750061035156,46.41065979003906,73012800,-0.0031822720898351253,46.031375122070315,48.60025001525879,58.67310040835732,-0.18601027887449817,-0.7690971629020363,0.5830868840275382,49.23557826357099,46.031375122070315,42.82717198056964,13.921822378773049
2019-06-13,48.67499923706055,49.1974983215332,48.400001525878906,48.53749847412109,46.401100158691406,86698400,-0.00020597921664777807,46.07175006866455,48.60089996337891,58.60542640484124,-0.03624262333126893,-0.6225262549878829,0.586283631656614,49.3792359860548,46.07175006866455,42.7642641512743,14.357978207733947
2019-06-14,47.88750076293945,48.397499084472656,47.57500076293945,48.185001373291016,46.06411361694336,75046000,-0.007262468790514731,46.10500011444092,48.58784996032715,56.147544202389035,0.05339030243644771,-0.4873429435030168,0.5407332459394645,49.48267997034115,46.10500011444092,42.727320258540686,14.652119499040117
2019-06-17,48.22499847412109,48.7400016784668,48.04249954223633,48.47249984741211,46.33895111083984,58676400,0.005966412296173784,46.16612510681152,48.578849945068356,57.705557698526576,0.14594144389447194,-0.3606860660235191,0.5066275099179911,49.666493973048716,46.16612510681152,42.665756240574325,15.16423073471565
2019-06-18,49.01250076293945,50.0724983215332,48.8025016784668,49.61249923706055,47.42877960205078,106204000,0.02351862666472848,46.35812511444092,48.58609992980957,63.27701748175065,0.3077299938532647,-0.22700285404816237,0.534732847901427,50.15939290664412,46.35812511444092,42.55685732223771,16.399575189114284
2019-06-19,49.91999816894531,49.970001220703125,49.32749938964844,49.46749877929688,47.29016876220703,84496800,-0.002922504880090937,46.498999977111815,48.57494987487793,62.155478053002966,0.4194135221890818,-0.09771957880071352,0.5171331009897953,50.53469774452954,46.498999977111815,42.46330220969409,17.358213163311955
2019-06-20,50.09249877929688,50.15250015258789,49.50749969482422,49.8650016784668,47.670169830322266,86056000,0.008035519391483392,46.70750007629395,48.57474990844727,64.03729142267377,0.5338448537570315,0.028593307710835472,0.505251546046196,50.979464203533986,46.70750007629395,42.43553594905391,18.29241179794268
2019-06-21,49.70000076293945,50.212501525878906,49.53749847412109,49.69499969482422,47.50764846801758,191202400,-0.0034092885106801196,46.94650001525879,48.56554992675781,62.6035499155064,0.6038539170737423,0.14364542958341683,0.4602084874903254,51.324126514515996,46.94650001525879,42.56887351600159,18.64942646559111
2019-06-24,49.6349983215332,50.040000915527344,49.54249954223633,49.64500045776367,47.45984649658203,72881600,-0.0010061952754349957,47.19162502288818,48.56369995117188,62.16272914522582,0.647834253558365,0.2444831943784065,0.4033510591799585,51.59709056840868,47.19162502288818,42.78615947736768,18.670539712857213
2019-06-25,49.60749816894531,49.81499862670898,48.8224983215332,48.89250183105469,46.7404670715332,84281200,-0.015157643316453528,47.40837516784668,48.54720001220703,55.794989392976326,0.6148806751287026,0.3185626905284657,0.2963179846002369,51.69918820293232,47.40837516784668,43.11756213276104,18.101497973276913
2019-06-26,49.442501068115234,50.247501373291016,49.337501525878906,49.95000076293945,47.751426696777344,104270000,0.021629215294253212,47.68862514495849,48.550050048828126,61.72823862479135,0.6664140464224388,0.38813296170726036,0.2782810847151785,51.87336366110197,47.68862514495849,43.50388662881502,17.550258592790964
2019-06-27,50.0724983215332,50.39250183105469,49.89250183105469,49.935001373291016,47.73707962036133,83598800,-0.0003004533562341871,47.95662517547608,48.552500076293946,61.60194139495316,0.6979982002968939,0.4501060094251871,0.24789219087170677,51.993337978791146,47.95662517547608,43.91991237216101,16.83484936041476
2019-06-28,49.66999816894531,49.875,49.26250076293945,49.47999954223633,47.30210876464844,124442400,-0.009111802799251278,48.24225006103516,48.52645004272461,57.742455741989495,0.6784927821907871,0.49578336397830713,0.18270941821248,51.8371223770918,48.24225006103516,44.64737774497851,14.903418938828441
2019-07-01,50.79249954223633,51.122501373291016,50.16249847412109,50.38750076293945,48.16966247558594,109012000,0.018340698408479295,48.595375061035156,48.514900054931644,62.75462918390683,0.7278719077513074,0.5422010727329072,0.1856708350184002,51.51237178525856,48.595375061035156,45.678378336811754,12.00524420506969
2019-07-02,50.352500915527344,50.782501220703125,50.34000015258789,50.682498931884766,48.45167541503906,67740800,0.0058545757840022805,48.88400001525879,48.50590003967285,64.23947876930214,0.7817970377473316,0.590120265735792,0.19167677201153954,51.4000428506939,48.88400001525879,46.367957179823684,10.293931898575172
2019-07-03,50.81999969482422,51.11000061035156,50.67250061035156,51.102500915527344,48.85319137573242,45448000,0.008286936566258118,49.15737514495849,48.4905500793457,66.29946205908224,0.8486411350120378,0.6418244395910412,0.20681669542099657,51.37202693504268,49.15737514495849,46.9427233548743,9.010455841279073
2019-07-05,50.837501525878906,51.27000045776367,50.72499847412109,51.057498931884766,48.81016540527344,69062000,-0.0008807197492599617,49.39500007629395,48.47590003967285,65.86168029902859,0.8877508406124832,0.6910097197953297,0.19674112081715356,51.33760290630268,49.39500007629395,47.452397246285216,7.865584885143227
2019-07-08,50.20249938964844,50.34999847412109,49.602500915527344,50.005001068115234,47.80399703979492,101354400,-0.020613910178837624,49.51837520599365,48.449600067138675,56.47006684916544,0.824315585604289,0.7176708929571215,0.10664469264716747,51.27825527754224,49.51837520599365,47.758495134445056,7.1079879508469
2019-07-09,49.79999923706055,50.37749862670898,49.70249938964844,50.310001373291016,48.0955810546875,82312000,0.006099573946710901,49.62662525177002,48.434300079345704,58.32466669244463,0.7895521983542935,0.732047154036556,0.05750504431773751,51.29946963620223,49.62662525177002,47.95378086733781,6.741721307646423
2019-07-10,50.462501525878906,50.932498931884766,50.38999938964844,50.807498931884766,48.571170806884766,71588400,0.009888429285353606,49.73187522888183,48.42740005493164,61.22650078442119,0.7930045953727003,0.7442386423037849,0.0487659530689154,51.423675722931705,49.73187522888183,48.04007473483196,6.803686715064214
2019-07-11,50.82749938964844,51.09749984741211,50.4275016784668,50.4375,48.21746444702149,80767200,-0.0072822284080732436,49.82637519836426,48.43280006408691,57.99236311573213,0.7571567911157047,0.7468222720661688,0.010334519049535862,51.45287467603342,49.82637519836426,48.199875720695104,6.5286686867904145
2019-07-12,50.61249923706055,51.0,50.54999923706055,50.82500076293945,48.58790969848633,70380800,0.007682802397705135,49.94075031280518,48.396700057983395,60.35431868560209,0.7513540789423985,0.7477286334414147,0.0036254455009837594,51.50931138755809,49.94075031280518,48.372189238052265,6.28168806006394
2019-07-15,51.022499084472656,51.46749877929688,51.0,51.3025016784668,49.04438781738281,67789600,0.00939489106918101,50.096625328063965,48.377000122070314,63.107105224744025,0.7763365959547457,0.753450225944081,0.022886370010664736,51.55180169275573,50.096625328063965,48.6414489633722,5.809478603248676
2019-07-16,51.147499084472656,51.52750015258789,50.875,51.125,48.87470245361328,67467200,-0.003459832435901866,50.22925033569336,48.34075012207031,61.40039131429297,0.7729029742952207,0.757340775614309,0.015562198680911687,51.5449763176357,50.22925033569336,48.913524353751015,5.238883611238674
2019-07-17,51.01250076293945,51.272499084472656,50.817501068115234,50.837501525878906,48.59986114501953,56430000,-0.00562338581712285,50.290500450134275,48.31510017395019,58.63438840948165,0.7384704525603567,0.7535667110035187,-0.01509625844316198,51.599716273450476,50.290500450134275,48.98128462681807,5.206612825872984
2019-07-18,51.0,51.470001220703125,50.92499923706055,51.415000915527344,49.15193557739258,74162400,0.011359588677129828,50.3878755569458,48.32910018920899,62.30752298672392,0.7491461153034535,0.7526825918635057,-0.003536476560052182,51.7271112851165,50.3878755569458,49.0486398287751,5.315706262143017
2019-07-19,51.4474983215332,51.625,50.59000015258789,50.647499084472656,48.41823959350586,83717200,-0.014927102570182038,50.42700042724609,48.32755020141602,55.28178395426765,0.6877477435758408,0.7396956222059727,-0.05194787863013195,51.74845067994379,50.42700042724609,49.1055501745484,5.241042463369306
2019-07-22,50.91249847412109,51.807498931884766,50.90250015258789,51.80500030517578,49.5247802734375,89111600,0.02285379826324907,50.532500457763675,48.360050201416016,62.20371627932921,0.7241423047732383,0.7365849587194259,-0.012442653946187598,51.93760595659982,50.532500457763675,49.12739495892753,5.561195215386443
2019-07-23,52.1150016784668,52.227500915527344,51.8224983215332,52.209999084472656,49.911956787109375,73420800,0.007817834052653794,50.66075038909912,48.41835021972656,64.28671778872828,0.7767118230937768,0.7446103315942961,0.03210149149948072,52.18186786051002,50.66075038909912,49.139632917688225,6.005112280129989
2019-07-24,51.91749954223633,52.28749847412109,51.79249954223633,52.16749954223633,49.871315002441406,59966400,-0.0008142695114382592,50.824500274658206,48.53310020446777,63.88881176237191,0.805657073985941,0.7568196800726251,0.048837393913315874,52.251125758532545,50.824500274658206,49.39787479078387,5.613928228176498
2019-07-25,52.22249984741211,52.310001373291016,51.682498931884766,51.755001068115234,49.47697830200195,55638400,-0.007907084471707848,50.914750289916995,48.62490020751953,60.00658455032029,0.7862478387267231,0.7627053118034447,0.023542526923278406,52.33703594207988,50.914750289916995,49.49246463775411,5.586929697441919
2019-07-26,51.869998931884766,52.432498931884766,51.78499984741211,51.935001373291016,49.649051666259766,70475600,0.0034778470748051404,51.01475028991699,48.709000244140626,61.11691545114977,0.7764400822985991,0.7654522659024756,0.010987816396123451,52.42864467884694,51.01475028991699,49.600855900987035,5.543080700757281
2019-07-29,52.1150016784668,52.65999984741211,52.11000061035156,52.41999816894531,50.11269760131836,86693600,0.0093384650763364,51.16175022125244,48.80700019836426,64.01577019832104,0.7985968256928828,0.7720811778605571,0.02651564783232574,52.51693056814304,51.16175022125244,49.80656987436184,5.2976309099279435
2019-07-30,52.18999862670898,52.540000915527344,51.82749938964844,52.19499969482422,49.897605895996094,135742800,-0.004292159784202165,51.25212516784668,48.905900192260745,61.71699805535235,0.7889066828303868,0.7754462788545231,0.013460403975863677,52.629612626554945,51.25212516784668,49.87463770913841,5.375337917001893
2019-07-31,54.10499954223633,55.34249877929688,52.82500076293945,53.2599983215332,50.91572570800781,277125600,0.020404181598087767,51.3810001373291,49.05565017700195,67.64034293159219,0.8572814564182565,0.7918133143672699,0.06546814205098661,52.98488690963628,51.3810001373291,49.777113365021926,6.243112310077159
2019-08-01,53.47499847412109,54.50749969482422,51.685001373291016,52.10749816894531,49.81395721435547,216071600,-0.021639060984238512,51.43125,49.16480010986328,57.30690943742906,0.8091445123684835,0.7952795539675127,0.013864958400970795,53.059869077091925,51.43125,49.80263092290807,6.333188779553001
2019-08-02,51.38249969482422,51.60749816894531,50.407501220703125,51.005001068115234,48.75999069213867,163448400,-0.021158056519811286,51.42862510681152,49.2710001373291,49.51418016859454,0.6742608756550936,0.771075818305029,-0.0968149426499354,53.05981246460151,51.42862510681152,49.79743774902154,6.3434997704184735
2019-08-05,49.497501373291016,49.66249847412109,48.14500045776367,48.334999084472656,46.20750045776367,209572000,-0.05234804597258724,51.34512500762939,49.339400100708005,36.5512397660351,0.347907316849394,0.6864421180139021,-0.33853480116450807,53.38022855351296,51.34512500762939,49.310021461745826,7.927153923887296
2019-08-06,49.07749938964844,49.51750183105469,48.5099983215332,49.25,47.08222961425781,143299200,0.01893045821194539,51.29212493896485,49.429550094604494,42.141543484605215,0.16124397695141113,0.581402489801404,-0.42015851284999284,53.48165091168125,51.29212493896485,49.10259896624844,8.53747422366234
2019-08-07,48.852500915527344,49.88999938964844,48.45500183105469,49.7599983215332,47.56978988647461,133457600,0.010355505170663193,51.239749908447266,49.53360008239746,45.04777015773109,0.053843859068713584,0.4758907636548659,-0.4220469045861523,53.52131983525943,51.239749908447266,48.9581799816351,8.905468628901458
2019-08-08,50.04999923706055,50.88249969482422,49.84749984741211,50.85749816894531,48.61897659301758,108038000,0.02205573556340812,51.26074981689453,49.66385002136231,50.777648523979494,0.05663470771123258,0.39203955246613925,-0.3354048447549067,53.52001953113058,51.26074981689453,49.00148010265848,8.814813370097982
2019-08-09,50.32500076293945,50.68999862670898,49.8224983215332,50.247501373291016,48.21833801269531,98478800,-0.008240374610842816,51.23187484741211,49.77730003356933,47.79468815255577,0.009515147219858022,0.315534671416883,-0.306019524197025,53.52715775378819,51.23187484741211,48.93659194103603,8.96037052406261
2019-08-12,49.90499877929688,50.51250076293945,49.78749847412109,50.119998931884766,48.09598922729492,89927600,-0.002537391176115955,51.17274971008301,49.90434997558594,47.17091762098816,-0.03768145700630754,0.24489144573224492,-0.28257290273855246,53.51808475508159,51.17274971008301,48.82741466508443,9.166343642997383
2019-08-13,50.255001068115234,53.03499984741211,50.119998931884766,52.24250030517578,50.13276290893555,188874000,0.04234809834173725,51.228624725341795,50.08269996643067,57.187694496174316,0.09508691370018596,0.21493053932583314,-0.11984362562564718,53.6195504172351,51.228624725341795,48.837699033448494,9.334334875129127
2019-08-14,50.790000915527344,51.61000061035156,50.647499084472656,50.6875,48.64056396484375,146189600,-0.02976494526747564,51.22112464904785,50.19824996948242,49.74587414816807,0.07397849701802528,0.18674013086427158,-0.1127616338462463,53.61784498772348,51.22112464904785,48.82440431037222,9.35832766303846
2019-08-15,50.8650016784668,51.28499984741211,49.91749954223633,50.435001373291016,48.39826965332031,108909600,-0.004981322003144606,51.17212467193603,50.29425003051758,48.639059278701275,0.0364551633327892,0.1566831373579751,-0.1202279740251859,53.59095594972085,51.17212467193603,48.753293394151214,9.453706654909956
2019-08-16,51.06999969482422,51.790000915527344,50.959999084472656,51.625,49.54020309448242,110481600,0.023594509666189367,51.2209997177124,50.40065002441406,53.85049179806559,0.10156976199683498,0.14566046228574708,-0.0440907002889121,53.634951349610006,51.2209997177124,48.8070480858148,9.425632631933386
2019-08-19,52.65499877929688,53.182498931884766,52.50749969482422,52.587501525878906,50.46384048461914,97654400,0.01864419870009759,51.26012477874756,50.50165008544922,57.59805984709722,0.22820873153882104,0.1621701161363619,0.06603861540245914,53.73525982569955,51.26012477874756,48.78498973179557,9.657155762438492
2019-08-20,52.720001220703125,53.337501525878906,52.58000183105469,52.59000015258789,50.46623611450195,107537200,4.747220702605581e-05,51.27912483215332,50.590550079345704,57.60768381643719,0.3250259487631624,0.194741282661722,0.13028466610144038,53.78872857680832,51.27912483215332,48.769521087498326,9.78801316469196
2019-08-21,53.247501373291016,53.41249847412109,52.900001525878906,53.15999984741211,51.013221740722656,86141600,0.010838645168220085,51.32874984741211,50.67970008850098,59.846653323833635,0.4426459555914164,0.2443222172476609,0.1983237383437555,53.94369853259325,51.32874984741211,48.71380116223097,10.189021524797495
2019-08-22,53.29750061035156,53.61000061035156,52.6875,53.1150016784668,50.97004318237305,89014800,-0.0008464189650492226,51.396749877929686,50.77105010986328,59.579130956110276,0.5261643867165873,0.3006906511414462,0.22547373557514105,54.120949156559654,51.396749877929686,48.67255059929972,10.600667493956726
2019-08-23,52.35749816894531,53.01250076293945,50.25,50.65999984741211,48.61417388916016,187272000,-0.04622066504404321,51.332999801635744,50.8135001373291,47.18613522715593,0.3897622777223546,0.31850497645762793,0.07125730126472668,54.06349840222501,51.332999801635744,48.60250120104648,10.638375357530757
2019-08-26,51.46500015258789,51.79750061035156,51.26499938964844,51.622501373291016,49.53780364990234,104174400,0.018999186592125072,51.293124961853025,50.8822501373291,51.45002019030841,0.35523354165484733,0.32585068949707185,0.029382852157775474,53.98193729043243,51.293124961853025,48.60431263327362,10.4841041780125
2019-08-27,51.96500015258789,52.13750076293945,50.88249969482422,51.040000915527344,48.97882843017578,103493200,-0.011283811120835985,51.235375022888185,50.933600158691405,48.87813439994316,0.27766559463898943,0.3162136705254554,-0.03854807588646597,53.8936658772324,51.235375022888185,48.57708416854397,10.37677914197637
2019-08-28,51.025001525878906,51.43000030517578,50.83000183105469,51.38249969482422,49.30751037597656,63755200,0.006710694321105493,51.141500091552736,50.96900016784668,50.44664211325146,0.24105054624126154,0.30118104566861664,-0.0601304994273551,53.63464458975022,51.141500091552736,48.64835559335525,9.749985799142765
2019-08-29,52.125,52.33000183105469,51.665000915527344,52.25249862670898,50.14236831665039,83962000,0.016931658773844394,51.148750114440915,51.02470016479492,54.28367605406005,0.2790181519347996,0.29674846692185325,-0.01773031498705363,53.65390326933654,51.148750114440915,48.64359695954529,9.795559615007441
2019-08-30,52.540000915527344,52.61249923706055,51.79999923706055,52.185001373291016,50.07759094238281,84573600,-0.001291869060880968,51.207750129699704,51.07110015869141,53.93474210688543,0.3002007612290498,0.29743892578329256,0.0027618354457572547,53.751860759941856,51.207750129699704,48.66363949945755,9.936428075040956
2019-09-03,51.60749816894531,51.744998931884766,51.05500030517578,51.42499923706055,49.34828567504883,80092000,-0.014563505424474044,51.3622501373291,51.10570014953613,50.03478853248388,0.25274878030754167,0.2885008966881424,-0.03575211638060072,53.53846648935854,51.3622501373291,49.18603378529966,8.473991486785778
2019-09-04,52.09749984741211,52.369998931884766,51.83000183105469,52.29750061035156,50.185546875,76752400,0.016966368506991625,51.51462516784668,51.15875015258789,54.13501700476168,0.2822922235482892,0.28725916206017177,-0.004966938511882568,53.49595390686697,51.51462516784668,49.53329642882639,7.692296052100388
2019-09-05,53.0,53.49250030517578,52.87749862670898,53.31999969482422,51.16675567626953,95654800,0.019551621181163714,51.69262523651123,51.24730010986328,58.43933462716436,0.38378866902477426,0.3065650634530923,0.07722360557168195,53.650956116842856,51.69262523651123,49.73429435617961,7.576828885635416
2019-09-06,53.51250076293945,53.60499954223633,53.12749862670898,53.31499862670898,51.16196060180664,77449200,-9.371464732355061e-05,51.815500259399414,51.31460006713867,58.41046120671563,0.45853607051397205,0.3369592648652683,0.12157680564870377,53.855499865161484,51.815500259399414,49.775500653637344,7.874090168190591
2019-09-09,53.709999084472656,54.11000061035156,52.76750183105469,53.54249954223633,51.38026809692383,109237600,0.004266988452930276,51.98025016784668,51.386750030517575,59.39332970115329,0.5300215883551118,0.375571729563237,0.15444985879187484,54.01932090359673,51.98025016784668,49.941179432096625,7.845559531421246
2019-09-10,53.46500015258789,54.19499969482422,52.9275016784668,54.17499923706055,51.98723220825195,127111600,0.011813175248193364,52.18300018310547,51.48065002441406,62.076692371438426,0.6304444445031763,0.4265462725512249,0.20389817195195137,54.24810476976105,52.18300018310547,50.11789559644989,7.914855717031647
2019-09-11,54.51750183105469,55.9275016784668,54.432498931884766,55.897499084472656,53.640174865722656,177158400,0.03179516560622608,52.36575012207031,51.590849990844724,68.23325458134258,0.8393461635636967,0.5091062507537193,0.33023991280997744,54.99060424331316,52.36575012207031,49.74089600082746,10.025079809318207
2019-09-12,56.20000076293945,56.60499954223633,55.71500015258789,55.772499084472656,53.520206451416016,128906800,-0.0022365403283445273,52.62000007629395,51.69264999389648,67.37840774024812,0.9834788931573968,0.6039807792344548,0.37949811392294197,55.51640647130048,52.62000007629395,49.72359368128742,11.00876621363367
2019-09-13,55.0,55.1974983215332,54.255001068115234,54.6875,52.47903823852539,159053200,-0.01945374059488658,52.832625007629396,51.76434997558594,60.3148934004043,0.9986430262069845,0.6829132286289608,0.3157297975780238,55.68015022785362,52.832625007629396,49.98509978740517,10.779419799084469
2019-09-16,54.432498931884766,55.032501220703125,54.38999938964844,54.97499847412109,52.75492477416992,84632400,0.005257080634568423,53.00012493133545,51.842699966430665,61.46759542184881,1.0220775611334716,0.7507460951298629,0.2713314660036087,55.936526839150865,53.00012493133545,50.06372302352003,11.080735796829478
2019-09-17,54.9900016784668,55.20500183105469,54.77999877929688,55.17499923706055,52.94684600830078,73274800,0.0036379775907637857,53.12949981689453,51.94609992980957,62.28822519047697,1.0447448210267964,0.8095458403092497,0.23519898071754675,56.20642502793929,53.12949981689453,50.05257460584977,11.58273735551463
2019-09-18,55.26499938964844,55.712501525878906,54.86000061035156,55.692501068115234,53.44345474243164,101360000,0.009379382750258625,53.284624862670896,52.05374992370606,64.40086529204245,1.0918803436937097,0.8660127409861418,0.2258676027075679,56.54450166099452,53.284624862670896,50.02474806434727,12.235712672183475
2019-09-19,55.50249862670898,55.93999862670898,55.09249877929688,55.2400016784668,53.00923156738281,88242400,-0.00812490841285518,53.38862495422363,52.1423999786377,61.173820863151846,1.0802699859970488,0.9088641899883232,0.17140579600872563,56.756877629356765,53.38862495422363,50.020372279090495,12.617866363934773
2019-09-20,55.345001220703125,55.63999938964844,54.36750030517578,54.432498931884766,52.23432922363281,221652400,-0.014618252723867187,53.45449981689453,52.22229995727539,55.80028272843081,0.9944466093165119,0.9259806738539609,0.06846593546255098,56.85019249001063,53.45449981689453,50.05880714377844,12.704983433566323
2019-09-23,54.73749923706055,54.959999084472656,54.41249847412109,54.68000030517578,52.47182846069336,76662000,0.004546803617286432,53.65549983978271,52.29939994812012,57.04571331643889,0.9356170464325686,0.9279079483696825,0.0077090980628861105,56.83475273424049,53.65549983978271,50.47624694532494,11.850613278978448
2019-09-24,55.25749969482422,55.622501373291016,54.29750061035156,54.41999816894531,52.22233963012695,124763200,-0.004754719587355294,53.79537467956543,52.36174987792969,55.28341712557936,0.8581222948847937,0.9139508176727048,-0.05582852278791106,56.8481871647679,53.79537467956543,50.742562194362954,11.349721062030662
2019-09-25,54.63750076293945,55.375,54.28499984741211,55.25749969482422,53.02601623535156,87613600,0.015389517415664855,54.006249618530276,52.44439987182617,59.61160277293936,0.8544371007806078,0.9020480742942855,-0.04761097351367771,56.84366677263603,54.006249618530276,51.168832464424526,10.507736323657603
2019-09-26,55.0,55.23500061035156,54.70750045776367,54.97249984741211,52.75252914428711,75334000,-0.005157602069342793,54.18574962615967,52.52709983825684,57.56951889763475,0.8190776349421185,0.8854539864238521,-0.0663763514817336,56.780353693062956,54.18574962615967,51.59114555925638,9.576702674795772
2019-09-27,55.1349983215332,55.2400016784668,54.31999969482422,54.70500183105469,52.49583053588867,101408000,-0.004866091020893526,54.30837478637695,52.592899856567385,55.64282565082329,0.7607012585792674,0.8605034408549352,-0.09980218227566784,56.75342186760055,54.30837478637695,51.86332770515335,9.0043095225782
2019-09-30,55.22499847412109,56.14500045776367,55.1974983215332,55.99250030517578,53.73133850097656,103909600,0.023535354188619628,54.49874973297119,52.699799880981445,62.20007570819559,0.8090022521441895,0.8502032031127862,-0.04120095096859666,56.84370124005419,54.49874973297119,52.153798225888195,8.605524048065726
2019-10-01,56.26750183105469,57.05500030517578,56.04999923706055,56.147499084472656,53.88007354736328,139223200,0.0027681247208091175,54.7348747253418,52.78664985656738,62.91091308040871,0.8499900870219363,0.8501605798946162,-0.00017049287267989488,56.71726317997823,54.7348747253418,52.75248627070536,7.243602783724308
2019-10-02,55.76499938964844,55.89500045776367,54.48249816894531,54.7400016784668,52.529415130615234,138449200,-0.02506786512755499,54.85699977874756,52.83724990844726,53.13867474501931,0.7601375709966689,0.8321559781150268,-0.07201840711835794,56.494697129372256,54.85699977874756,53.21930242812286,5.970787163825782
2019-10-03,54.60749816894531,55.2400016784668,53.782501220703125,55.20500183105469,52.975624084472656,114426000,0.008494458823649964,54.95124988555908,52.897999954223636,55.59287980740873,0.7181717934511482,0.8093591411822512,-0.09118734773110293,56.43390544764797,54.95124988555908,53.468594323470185,5.396257829172794
2019-10-04,56.40999984741211,56.872501373291016,55.97249984741211,56.75249862670898,54.46064758300781,138478800,0.02803220394661521,55.12312488555908,52.99794990539551,62.6107370780318,0.800555366897008,0.8075983863252025,-0.007043019428194519,56.604185053943276,55.12312488555908,53.64206471717488,5.373643716531022
2019-10-07,56.567501068115234,57.48249816894531,56.459999084472656,56.76499938964844,54.47262573242188,122306000,0.0002199413695147534,55.28424987792969,53.094549865722655,62.662069718715685,0.8569749754221618,0.8174737041445944,0.03950127127756742,56.743417192514755,55.28424987792969,53.82508256334462,5.2787812724491285
2019-10-08,56.45500183105469,57.01499938964844,56.08250045776367,56.09999847412109,53.83448791503906,111820000,-0.011714834906572213,55.380499839782715,53.168149871826174,58.092871942442656,0.8383637697468487,0.8216517172650454,0.016712052481803297,56.78730998650134,55.380499839782715,53.97368969306409,5.080525277989786
2019-10-09,56.75749969482422,56.9474983215332,56.40999984741211,56.75749969482422,54.46544647216797,74770400,0.011720341022369851,55.42349987030029,53.25939987182617,61.11218255974291,0.8666785775530741,0.8306570893226513,0.03602148823042284,56.93924617320434,55.42349987030029,53.90775356739624,5.469688151961292
2019-10-10,56.98249816894531,57.61000061035156,56.82500076293945,57.522499084472656,55.19954681396485,113013600,0.013478276399919276,55.510999870300296,53.34464988708496,64.33211297192031,0.9400114571731848,0.852527962892758,0.08748349428042679,57.27838814249403,55.510999870300296,53.74361159810656,6.367704693927985
2019-10-11,58.23749923706055,59.40999984741211,58.07749938964844,59.0525016784668,56.66775131225586,166795600,0.026598125945475504,55.72924995422363,53.48354995727539,69.73039354621088,1.1088051001893433,0.9037833903520751,0.2050217098372682,58.03271376169493,55.72924995422363,53.42578614675234,8.266624113417553
2019-10-14,58.72499847412109,59.532501220703125,58.66749954223633,58.96749877929688,56.58618927001953,96427600,-0.0014393026077018645,55.92887496948242,53.642799911499026,69.1046282699699,1.2216340182860037,0.9673535159388609,0.25428050234714283,58.59908412927349,55.92887496948242,53.25866580969135,9.548588850564471
2019-10-15,59.09749984741211,59.41249847412109,58.720001220703125,58.83000183105469,56.45425033569336,87360000,-0.002331645513299785,56.11162509918213,53.85269996643066,68.0409658438112,1.2851425705727806,1.030911326865645,0.2542312437071357,59.038409718318185,56.11162509918213,53.18484048004607,10.432008033852927
2019-10-16,58.34249877929688,58.810001373291016,58.29999923706055,58.59249877929688,56.2263298034668,73903200,-0.004037260806250775,56.25662498474121,54.0395499420166,66.14701903058793,1.301308371562392,1.0849907358049944,0.2163176357573977,59.3675383863351,56.25662498474121,53.14571158314732,11.059722841310442
2019-10-17,58.772499084472656,59.03749847412109,58.380001068115234,58.81999969482422,56.44465255737305,67585200,0.0038829273521743257,56.43562488555908,54.22074996948242,67.09194579579284,1.3172923813078583,1.1314510649055671,0.18584131640229118,59.700145022689775,56.43562488555908,53.171104748428384,11.569005016779856
2019-10-18,58.647499084472656,59.39500045776367,58.5724983215332,59.102500915527344,56.71574783325195,97433600,0.004802851352541326,56.66912498474121,54.38565002441406,68.27610370081491,1.3373392967906526,1.1726287112825842,0.16471058550806839,59.994624251775654,56.66912498474121,53.343625717706765,11.736547080724725
2019-10-21,59.380001068115234,60.247501373291016,59.33000183105469,60.12749862670898,57.69935607910156,87247200,0.0173427713364811,56.941499900817874,54.583249969482424,72.18673315727764,1.4195714349208188,1.2220172560102311,0.19755417891058769,60.457597061980486,56.941499900817874,53.42540273965526,12.34985789727014
2019-10-22,60.290000915527344,60.54999923706055,59.90499877929688,59.9900016784668,57.56738662719727,82293600,-0.002287191068880756,57.22000007629394,54.780650024414065,70.92372393081975,1.456852453995836,1.268984295607352,0.18786815838848403,60.77524525443193,57.22000007629394,53.664754898155955,12.426582220893472
2019-10-23,60.525001525878906,60.810001373291016,60.30500030517578,60.79499816894531,58.33988952636719,75828800,0.013419106623210109,57.496875,54.95169998168945,73.81258931793377,1.5336751667110704,1.3219224698280958,0.2117526968829746,61.25439680382269,57.496875,53.73935319617732,13.07035140195944
2019-10-24,61.12749862670898,61.20000076293945,60.45249938964844,60.89500045776367,58.43586349487305,69275200,0.0016450831375414143,57.793000030517575,55.15584999084473,74.15610543558057,1.5843635126277604,1.374410678388029,0.20995283423973143,61.64048847293639,57.793000030517575,53.94551158809876,13.314721299766926
2019-10-25,60.790000915527344,61.682498931884766,60.720001220703125,61.64500045776367,59.15555953979492,73477200,0.012315999146397694,58.13999996185303,55.38004997253418,76.63189672045905,1.6658502393416725,1.432698590578758,0.2331516487629146,62.06198496787775,58.13999996185303,54.21801495582831,13.49152049741322
2019-10-28,61.85499954223633,62.3125,61.68000030517578,62.26250076293945,59.748138427734375,96572800,0.010017298332556823,58.453499984741214,55.59279998779297,78.4614036668364,1.7599683516888973,1.4981525428007858,0.2618158088881115,62.63267322187616,58.453499984741214,54.27432674760627,14.299137735895659
2019-10-29,62.24250030517578,62.4375,60.64250183105469,60.8224983215332,58.36628341674805,142839600,-0.02312800109509161,58.687249946594235,55.75749992370606,65.56934731295567,1.6987790044790856,1.5382778351364457,0.16050116934263992,62.84727823506254,58.687249946594235,54.52722165812593,14.176940620846795
2019-10-30,61.18999862670898,61.32500076293945,60.3025016784668,60.81499862670898,58.35908126831055,124522000,-0.00012339570066632888,58.99099979400635,55.92199989318848,65.50897581136495,1.6308810615853773,1.556798480426232,0.07408258115914523,62.82845840521559,58.99099979400635,55.153541182797106,13.010318945633939
2019-10-31,61.810001373291016,62.29249954223633,59.31499862670898,62.18999862670898,59.67856597900391,139162000,0.02260975810477439,59.340249633789064,56.10259986877441,70.81464210140147,1.6687857381035727,1.5791959319617004,0.08958980614187229,63.0033288551031,59.340249633789064,55.67717041247503,12.34601891269508
2019-11-01,62.3849983215332,63.98249816894531,62.290000915527344,63.95500183105469,61.37228012084961,151125200,0.02838061059378627,59.70037479400635,56.31939987182617,75.93253965634499,1.8202636093621862,1.6274094674417976,0.19285414192038863,63.67772131788899,59.70037479400635,55.72302827012371,13.324360316350795
2019-11-04,64.3324966430664,64.4625015258789,63.845001220703125,64.375,61.77530670166016,103272000,0.006566915552378871,60.080874824523924,56.59369987487793,76.9675696009491,1.9517032358269617,1.6922682211188305,0.25943501470813124,64.31021315203405,60.080874824523924,55.8515364970138,14.078817393596902
2019-11-05,64.26249694824219,64.54750061035156,64.08000183105469,64.28250122070312,61.686561584472656,79897600,-0.0014365791434447495,60.48999996185303,56.846899871826174,76.19043474351099,2.0250625478332154,1.7588270864617075,0.2662354613715079,64.68273495797936,60.48999996185303,56.29726496572669,13.862572321938874
2019-11-06,64.19249725341797,64.37249755859375,63.84249877929688,64.30999755859375,61.71295547485352,75864400,0.0004278709933398517,60.867624855041505,57.1122998046875,76.26714653264601,2.061653596469462,1.8193923884632586,0.24226120800620343,65.00776847417684,60.867624855041505,56.72748123590617,13.603762686634289
2019-11-07,64.68499755859375,65.0875015258789,64.52749633789062,64.85749816894531,62.42519760131836,94940400,0.011541209151051834,61.234374809265134,57.38179977416992,77.8008500910473,2.1105024314521827,1.8776143970610435,0.23288803439113925,65.42348111006373,61.234374809265134,57.04526850846654,13.682204852574925
2019-11-08,64.67250061035156,65.11000061035156,64.2125015258789,65.03500366210938,62.59603500366211,69986400,0.002736673793726885,61.53349990844727,57.63744987487793,78.29068470018288,2.1388829833126763,1.9298681143113703,0.20901486900130606,65.90700538611414,61.53349990844727,57.1599944307804,14.215038911077693
2019-11-11,64.57499694824219,65.61750030517578,64.56999969482422,65.55000305175781,63.09172821044922,81821200,0.007918923407179257,61.86262512207031,57.904749908447265,79.69086556292791,2.1778262959580843,1.9794597506407132,0.19836654531737108,66.40177082135084,61.86262512207031,57.32347942278978,14.674921053943853
2019-11-12,65.38749694824219,65.69750213623047,65.2300033569336,65.48999786376953,63.033973693847656,87388800,-0.0009154055252522664,62.195624923706056,58.18604988098144,79.05111192515685,2.1787321664138872,2.019314233795348,0.1594179326185392,66.77301435482742,62.195624923706056,57.61823549258469,14.719329331400226
2019-11-13,65.28250122070312,66.19499969482422,65.26750183105469,66.11750030517578,63.63793182373047,102734400,0.009581470031005956,62.571875,58.46244987487793,80.78805966502279,2.204670212194692,2.056385429475217,0.14828478271947532,67.13980179708722,62.571875,58.00394820291278,14.60057508932637
2019-11-14,65.9375,66.22000122070312,65.5250015258789,65.66000366210938,63.19759368896485,89182800,-0.006919428745505107,62.91387519836426,58.70924995422363,75.85018998774896,2.163372137365876,2.0777827710533487,0.08558936631252712,67.32863371344223,62.91387519836426,58.49911668328629,14.03429212127996
2019-11-15,65.91999816894531,66.44499969482422,65.75250244140625,66.44000244140625,63.94833755493164,100206400,0.011879310938034626,63.2807502746582,58.971750030517576,78.28690567759857,2.168584407146291,2.0959430982719374,0.0726413088743536,67.58575937361272,63.2807502746582,58.97574117570369,13.606062128749837
2019-11-18,66.44999694824219,66.85749816894531,66.05750274658203,66.7750015258789,64.27079772949219,86703200,0.005042510671736444,63.6131254196167,59.23640007019043,79.25504533825335,2.1746784553692606,2.111690169691402,0.06298828567785852,67.91946604297769,63.6131254196167,59.30678479625572,13.53915750862641
2019-11-19,66.9749984741211,67.0,66.34750366210938,66.57250213623047,64.07587432861328,76167200,-0.0030328455187270675,63.942250442504886,59.48435012817383,77.01950856696297,2.138516536650407,2.117055443083203,0.021461093567203715,68.09405166884927,63.942250442504886,59.790449216160496,12.986096665701732
2019-11-20,66.38500213623047,66.5199966430664,65.0999984741211,65.79750061035156,63.3299560546875,106234400,-0.011641171997128552,64.1923755645752,59.682350158691406,68.9980186634215,2.023990506682047,2.098442455802972,-0.07445194912092523,68.1540108807907,64.1923755645752,60.2307402483597,12.343008905256154
2019-11-21,65.92250061035156,66.00250244140625,65.29499816894531,65.50250244140625,63.04600524902344,121395200,-0.004483672867526711,64.42275066375733,59.87695022583008,66.17290488040216,1.887664099278929,2.056286784498164,-0.16862268521923474,68.11747847525686,64.42275066375733,60.728022852257794,11.470257862112978
2019-11-22,65.64749908447266,65.79499816894531,65.20999908447266,65.44499969482422,62.99067687988281,65325200,-0.0008775872305006871,64.61275062561035,60.09210021972656,65.60898604300485,1.7547567051556427,1.9959807686296598,-0.24122406347401704,68.10165203350014,64.61275062561035,61.123849217720554,10.799420777195362
2019-11-25,65.67749786376953,66.61000061035156,65.62999725341797,66.59249877929688,64.0951156616211,84020400,0.017533369007041166,64.82925052642823,60.32445022583008,70.93243916960424,1.7221681415109344,1.9412182432059149,-0.2190501016949804,68.2445235569145,64.82925052642823,61.41397749594195,10.53621012969758
2019-11-26,66.73500061035156,66.79000091552734,65.625,66.07250213623047,63.59464263916016,105207600,-0.007808286439532908,65.09175071716308,60.54240028381348,65.95048931599476,1.6355287296186418,1.8800803404884603,-0.24455161086981847,68.00495972768609,65.09175071716308,62.17854170664007,8.95108513268139
2019-11-27,66.3949966430664,66.99500274658203,66.32749938964844,66.95999908447266,64.4488525390625,65235600,0.013432104725380256,65.39900074005126,60.76775024414062,69.84350642294821,1.619807821817858,1.8280258367543398,-0.20821801493648184,67.66816911998333,65.39900074005126,63.129832360119195,6.939458873237486
2019-11-29,66.6500015258789,67.0,66.4749984741211,66.8125,64.30685424804688,46617600,-0.0022032710501642683,65.63012580871582,60.99920021057129,68.44291622575535,1.5772652141320407,1.7778737122298802,-0.20060849809783954,67.43996200735668,65.63012580871582,63.82028961007496,5.51526048850119
2019-12-02,66.81749725341797,67.0625,65.86250305175781,66.04000091552734,63.56333541870117,94487200,-0.011562046348555177,65.73437576293945,61.23135025024414,61.488333139143,1.464335720299104,1.715166113843725,-0.250830393544621,67.37888976610816,65.73437576293945,64.08986175977074,5.003512953707468
2019-12-03,64.57749938964844,64.88249969482422,64.07250213623047,64.86250305175781,62.43001174926758,114430400,-0.017829833220176727,65.75875091552734,61.435000305175784,52.698377620876585,1.2652391565646326,1.6251807223879067,-0.3599415658232741,67.3349811101025,65.75875091552734,64.18252072095218,4.793978512760867
2019-12-04,65.26750183105469,65.82749938964844,65.16999816894531,65.43499755859375,62.98103332519531,67181600,0.008826228932020008,65.81637573242188,61.65530029296875,55.99233632022382,1.1405022179269224,1.5282450214957097,-0.3877428035687873,67.25036309747547,65.81637573242188,64.38238836736828,4.357539743250245
2019-12-05,65.94750213623047,66.47250366210938,65.68250274658203,66.3949966430664,63.905029296875,74424400,0.014671019557725318,65.92062568664551,61.87805023193359,60.90832194848276,1.106357794474377,1.4438675760914434,-0.33750978161706646,67.19576212736105,65.92062568664551,64.64548924592997,3.8687024810016784
2019-12-06,66.87000274658203,67.75,66.82499694824219,67.67749786376953,65.13943481445312,106075600,0.019316249928368112,66.06162567138672,62.132150192260745,66.3210100434527,1.1693061892103884,1.3889552987152325,-0.21964910950484406,67.45364611133178,66.06162567138672,64.66960523144166,4.214308763364214
2019-12-09,67.5,67.69999694824219,66.22750091552734,66.7300033569336,64.22745513916016,128042400,-0.01400042352057096,66.14637565612793,62.37265022277832,59.73993243385335,1.1297156980541274,1.3371073785830117,-0.20739168052888424,67.48336700303004,66.14637565612793,64.80938430922582,4.042523369239954
2019-12-10,67.1500015258789,67.51750183105469,66.46499633789062,67.12000274658203,64.60283660888672,90420400,0.005844563962766891,66.22487564086914,62.595200271606444,61.43621217517062,1.1169343164301182,1.293072766152433,-0.17613844972231485,67.59650050098149,66.22487564086914,64.8532507807568,4.142325211905364
2019-12-11,67.20249938964844,67.7750015258789,67.125,67.69249725341797,65.15388488769531,78756800,0.008529784568821697,66.33500061035156,62.826100234985354,63.84440141666805,1.1398608947180975,1.262430391865566,-0.12256949714746845,67.80320301170272,66.33500061035156,64.8667982090004,4.426629646015414
2019-12-12,66.94499969482422,68.13999938964844,66.83000183105469,67.86499786376953,65.31988525390625,137310400,0.0025478199265795975,66.42237548828125,63.088600158691406,64.56249016102733,1.15859417830832,1.2416631491541168,-0.08306897084579679,68.02979511510661,66.42237548828125,64.81495586145589,4.839994399504591
2019-12-13,67.86499786376953,68.82499694824219,67.73249816894531,68.7874984741211,66.20780181884766,133587600,0.013593357696358055,66.57875022888183,63.360250091552736,68.19989640312724,1.2336576921656501,1.2400620577564236,-0.006404365590773509,68.44650417575846,66.57875022888183,64.7109962820052,5.610660880403255
2019-12-16,69.25,70.19750213623047,69.24500274658203,69.96499633789062,67.34114837646484,128186000,0.01711802123740891,66.75499992370605,63.624500045776365,72.13190169676238,1.3723408138968551,1.26651780898451,0.1058230049123452,69.13275755198111,66.75499992370605,64.37724229543099,7.123833813175313
2019-12-17,69.89250183105469,70.44249725341797,69.69999694824219,70.10250091552734,67.47349548339844,114158400,0.001965322987866447,66.92137489318847,63.89125007629394,72.55861220899027,1.4763254959319596,1.3084793463739999,0.16784614955795973,69.71137155665784,66.92137489318847,64.1313782297191,8.338133123900729
2019-12-18,69.94999694824219,70.4749984741211,69.77999877929688,69.93499755859375,67.31228637695312,116028400,-0.002389221208866754,67.08949966430664,64.1679500579834,71.12982101067597,1.527608662831625,1.352305209665525,0.17530345316609997,70.16570828878181,67.08949966430664,64.01329103983147,9.17046226270128
2019-12-19,69.875,70.29499816894531,69.73750305175781,70.00499725341797,67.37963104248047,98369200,0.0010004810288304355,67.29987449645996,64.43290000915528,71.38342423950712,1.5559631577067279,1.3930367992737656,0.16292635843296233,70.56364565090996,67.29987449645996,64.03610334200997,9.69918942306995
2019-12-20,70.55750274658203,70.6624984741211,69.63999938964844,69.86000061035156,67.2400894165039,275978000,-0.0020709764036639378,67.51774940490722,64.67965003967285,70.01152776105187,1.5488797601396698,1.4242053914469464,0.12467436869272341,70.85347483255329,67.51774940490722,64.18202397726115,9.881032638222464
2019-12-23,70.13249969482422,71.0625,70.09249877929688,71.0,68.33734130859375,98572000,0.016318418098660636,67.79549942016601,64.91860000610352,74.2084652839826,1.6166191605347109,1.4626881452644993,0.15393101527021158,71.31465264416954,67.79549942016601,64.27634619616248,10.38167209948083
2019-12-24,71.17250061035156,71.22250366210938,70.7300033569336,71.06749725341797,68.40227508544922,48478800,0.0009501946609575818,68.01924934387208,65.16059997558594,74.43658519613668,1.656652726238974,1.5014810614593943,0.15517166477957978,71.7657056903888,68.01924934387208,64.27279299735535,11.015870897299884
2019-12-26,71.20500183105469,72.49500274658203,71.17500305175781,72.47750091552734,69.75942993164062,93121200,0.01984078518581467,68.33949928283691,65.43354995727539,78.67899408354155,1.7816177467597214,1.5575083985194598,0.22410934824026163,72.4435133593075,68.33949928283691,64.23548520636632,12.01066475329383
2019-12-27,72.77999877929688,73.49250030517578,72.02999877929688,72.44999694824219,69.73295593261719,146266000,-0.00037950423404231604,68.61399917602539,65.71069992065429,78.40565556725662,1.857027429301553,1.6174122046758785,0.23961522462567442,73.0344250408522,68.61399917602539,64.19357331119858,12.884909545897347
2019-12-30,72.36499786376953,73.17250061035156,71.30500030517578,72.87999725341797,70.1468276977539,144114400,0.005935095674656887,68.9173740386963,65.99189987182618,79.59896309365195,1.9292484023121403,1.679779444203131,0.24946895810900926,73.62510041777217,68.9173740386963,64.20964765962042,13.66194358024305
2019-12-31,72.48249816894531,73.41999816894531,72.37999725341797,73.4124984741211,70.65936279296875,100805600,0.007306604048058052,69.28599891662597,66.27809982299804,80.99925780429265,2.006324778803176,1.74508851112314,0.26123626768003594,74.1854401069798,69.28599891662597,64.38655772627214,14.142658739031761
2020-01-02,74.05999755859375,75.1500015258789,73.79750061035156,75.0875015258789,72.27153778076172,135480400,0.022816155199653076,69.79724884033203,66.57729988098144,84.58373654331848,2.177466630281927,1.8315641349548974,0.34590249532702955,74.87435839316922,69.79724884033203,64.72013928749485,14.548165256345749
2020-01-03,74.2874984741211,75.1449966430664,74.125,74.35749816894531,71.56893157958984,146322800,-0.009721755240676533,70.24337387084961,66.86464981079102,77.70369512036322,2.228503805898413,1.9109520691436006,0.3175517367548122,75.27668876055316,70.24337387084961,65.21005898114606,14.331073843229303
2020-01-06,73.44750213623047,74.98999786376953,73.1875,74.94999694824219,72.13920593261719,118387200,0.007968183126964234,70.6711238861084,67.14774978637695,79.18367411297777,2.2903590021697937,1.9868334557488394,0.3035255464209543,75.77708483168571,70.6711238861084,65.5651629405311,14.449921452518378
2020-01-07,74.95999908447266,75.2249984741211,74.37000274658203,74.59750366210938,71.79991912841797,108872000,-0.004703223438807136,71.01712417602539,67.42179985046387,75.95355287549728,2.2846009707003674,2.046386958739145,0.23821401196122238,76.20199685064559,71.01712417602539,65.8322515014052,14.601753407442402
2020-01-08,74.29000091552734,76.11000061035156,74.29000091552734,75.79750061035156,72.95491790771484,132079200,0.01608635209227871,71.47049903869629,67.70484985351563,79.08192786939324,2.3497806060675543,2.107065688204827,0.24271491786272748,76.6623415223325,71.47049903869629,66.27865655506008,14.528630843406276
2020-01-09,76.80999755859375,77.60749816894531,76.55000305175781,77.40750122070312,74.5045166015625,170108400,0.021240496710692502,71.98487396240235,68.00774986267089,82.39181421871578,2.5025022425107153,2.1861529990660045,0.3163492434447108,77.38497928643355,71.98487396240235,66.58476863837114,15.003444548230155
2020-01-10,77.6500015258789,78.1675033569336,77.0625,77.5824966430664,74.67298889160156,140644800,0.0022612359320446362,72.47937393188477,68.34294982910156,82.71201409251228,2.6075971509950477,2.270441829451813,0.3371553215432348,78.0259758649613,72.47937393188477,66.93277199880824,15.305325176481682
2020-01-13,77.91000366210938,79.26750183105469,77.7874984741211,79.23999786376953,76.26830291748047,121532000,0.02136400389965276,73.04812393188476,68.71144981384278,85.41700139549354,2.7924425795104213,2.3748419794635347,0.4176006000468866,78.9093184043523,73.04812393188476,67.18692945941721,16.047488031131195
2020-01-14,79.17500305175781,79.39250183105469,78.0425033569336,78.16999816894531,75.23844146728516,161954400,-0.013503138404817872,73.51724891662597,69.0310498046875,77.03716389008108,2.820085687968003,2.4638907211644283,0.3561949668035749,79.44088132593653,73.51724891662597,67.59361650731542,16.11494580279628
2020-01-15,77.9625015258789,78.875,77.38749694824219,77.83499908447266,74.9159927368164,121923600,-0.0042856912527747815,73.91074905395507,69.30864974975586,74.57053845920855,2.7828820916965924,2.527688995270861,0.2551930964257312,79.88359972294755,73.91074905395507,67.9378983849626,16.162332936532085
2020-01-16,78.39749908447266,78.92500305175781,78.02249908447266,78.80999755859375,75.85443115234375,108829200,0.012526543148458691,74.3461238861084,69.59734970092774,76.88980920023376,2.799797874984236,2.5821107712135363,0.21768710377069977,80.41380190504341,74.3461238861084,68.27844586717339,16.322782417628527
2020-01-17,79.06749725341797,79.68499755859375,78.75,79.68250274658203,76.69419860839844,137816400,0.01107077652943067,74.83349914550782,69.90534973144531,78.7569612728859,2.850746006516516,2.6358378182741324,0.21490818824238378,80.97111747354124,74.83349914550782,68.69588081747439,16.403397938400055
2020-01-21,79.29750061035156,79.75499725341797,79.0,79.14250183105469,76.17449188232422,110843200,-0.006776349913085955,75.29037437438964,70.20199981689453,74.7325960221172,2.8150985036975698,2.6716899553588203,0.1434085483387495,81.28086964322807,75.29037437438964,69.29987910555121,15.913044180256126
2020-01-22,79.6449966430664,79.99749755859375,79.32749938964844,79.42500305175781,76.44637298583984,101832400,0.0035691882780870543,75.76862449645996,70.49334991455078,75.4396514823583,2.777624363782138,2.692876837043484,0.08474752673865416,81.46883325276414,75.76862449645996,70.06841574015579,15.046356705526579
2020-01-23,79.4800033569336,79.88999938964844,78.9124984741211,79.80750274658203,76.81450653076172,104472000,0.00481557895480611,76.20899963378906,70.78879989624023,76.40249218830917,2.7471232399166468,2.7037261176181167,0.0433971222985301,81.72544870953975,76.20899963378906,70.69255055803838,14.477159134115801
2020-01-24,80.0625,80.8324966430664,79.37999725341797,79.57749938964844,76.59314727783203,146537600,-0.0028817376160718,76.63449974060059,71.06934982299805,74.51090008609123,2.6735722541137505,2.6976953449172436,-0.024123090803493064,81.80067412957904,76.63449974060059,71.46832535162214,13.482633556597573
2020-01-27,77.51499938964844,77.94249725341797,76.22000122070312,77.23750305175781,74.34090423583984,161940000,-0.02940528130829323,76.87249984741212,71.3042999267578,58.61185272457445,2.3988124034778764,2.6379187566293703,-0.23910635315149387,81.67659980123165,76.87249984741212,72.06839989359258,12.498877916954482
2020-01-28,78.1500015258789,79.5999984741211,78.04750061035156,79.42250061035156,76.44398498535156,162234000,0.02828968481254801,77.22112503051758,71.57039993286133,65.92365947509927,2.3305096202922613,2.5764369293619485,-0.24592730906968718,81.6912494910525,77.22112503051758,72.75100056998266,11.577465256478295
2020-01-29,81.11250305175781,81.9625015258789,80.34500122070312,81.08499908447266,78.04410552978516,216229200,0.020931935256125245,77.63137512207031,71.8788998413086,70.23272225196278,2.3830584904295193,2.537761241575463,-0.15470275114594356,81.93551482795124,77.63137512207031,73.32723541618938,11.088660220466139
2020-01-30,80.13500213623047,81.02249908447266,79.6875,80.96749877929688,77.93102264404297,126743200,-0.0014489612633080684,78.00912513732911,72.1694497680664,69.56318957010073,2.387698652199049,2.50774872370018,-0.12005007150113123,82.08601101858305,78.00912513732911,73.93223925607516,10.45233073458239
2020-01-31,80.23249816894531,80.66999816894531,77.07250213623047,77.37750244140625,74.47566223144531,199588400,-0.044338702295494414,78.12362518310547,72.38149978637695,52.953350708374735,2.077742391278491,2.4217474572158424,-0.34400506593735125,81.98900614588791,78.12362518310547,74.25824422032304,9.895549403199846
2020-02-03,76.07499694824219,78.37249755859375,75.55500030517578,77.16500091552734,74.27114868164062,173788400,-0.002746045401639141,78.26400032043458,72.59334976196288,52.15944013806633,1.79426950226744,2.296251866226162,-0.5019823639587222,81.75819533941117,78.26400032043458,74.76980530145798,8.929252286288438
2020-02-04,78.82749938964844,79.91000366210938,78.40750122070312,79.7125015258789,76.72310638427734,136616400,0.033013596075468055,78.5021255493164,72.87164978027344,59.91775055286898,1.7549472646684023,2.1879909459146103,-0.43304368124620796,81.6967603970533,78.5021255493164,75.30749070157951,8.138976684726753
2020-02-05,80.87999725341797,81.19000244140625,79.73750305175781,80.36250305175781,77.3487319946289,118826800,0.008154331072285359,78.79037551879883,73.16884979248047,61.627663141748634,1.7559918183042953,2.1015911203925475,-0.3455993020882522,81.53196741123199,78.79037551879883,76.04878362636566,6.959205040922896
2020-02-06,80.64250183105469,81.30500030517578,80.06500244140625,81.30249786376953,78.25348663330078,105425600,0.011697084300421379,79.06562538146973,73.48599975585938,64.01822595303867,1.8117842391390155,2.043629744141841,-0.23184550500282564,81.6509624675673,79.06562538146973,76.48028829537216,6.539724624004509
2020-02-07,80.59249877929688,80.8499984741211,79.5,80.00749969482422,77.18978118896484,117684000,-0.013593074124869431,79.19562530517578,73.75429977416992,58.601703673005645,1.7315444386903494,1.981212683051543,-0.24966824436119373,81.69440865433292,79.19562530517578,76.69684195601864,6.31040752447681
2020-02-10,78.54499816894531,80.38749694824219,78.4625015258789,80.38749694824219,77.556396484375,109348800,0.0047495314763577046,79.33587532043457,74.04059967041016,59.67974680269326,1.679258969224719,1.9208219402861784,-0.2415629710614593,81.77081120162528,79.33587532043457,76.90093943924386,6.138297135705878
2020-02-11,80.9000015258789,80.9749984741211,79.67749786376953,79.90249633789062,77.08847045898438,94323200,-0.006033364707511812,79.36900024414062,74.29944961547852,57.617436047491275,1.5804682083421113,1.852751193897365,-0.27228298555525376,81.8158139030393,79.36900024414062,76.92218658524195,6.16566581756663
2020-02-12,80.36750030517578,81.80500030517578,80.36750030517578,81.80000305175781,78.9191665649414,113730400,0.023747988448299395,79.55050048828124,74.59919967651368,63.00395457741705,1.6364250627928243,1.809485967676457,-0.17306090488363268,82.14849230153715,79.55050048828124,76.95250867502534,6.53167936671528
2020-02-13,81.04750061035156,81.55500030517578,80.8375015258789,81.21749877929688,78.35718536376953,94747600,-0.007120972326911557,79.71962547302246,74.90274963378906,60.46348170821071,1.6151496072197915,1.770618695585124,-0.15546908836533246,82.28912660496341,79.71962547302246,77.15012434108151,6.446345217240103
2020-02-14,81.18499755859375,81.49500274658203,80.7125015258789,81.23750305175781,78.3764419555664,80113600,0.00024575400082937904,79.84100074768067,75.23024963378906,60.52235337557643,1.5816703220843067,1.7328290208849606,-0.1511586988006539,82.45609426763676,79.84100074768067,77.22590722772458,6.550753360971761
2020-02-18,78.83999633789062,79.9375,78.65249633789062,79.75,76.94134521484375,152531200,-0.018310307343834875,79.84437561035156,75.51654968261718,54.074432854350356,1.4187541678113291,1.6700140502702343,-0.2512598824589052,82.45881636570812,79.84437561035156,77.22993485499501,6.548841381427499
2020-02-19,80.0,81.14250183105469,80.0,80.90499877929688,78.05567932128906,93984000,0.014482903870912889,79.93250045776367,75.8067497253418,57.83111403821736,1.3670818222956456,1.6094276046753166,-0.24234578237967108,82.56512186032643,79.93250045776367,77.2998790552009,6.5871113439115785
2020-02-20,80.65750122070312,81.1624984741211,79.55249786376953,80.07499694824219,77.2549057006836,100566000,-0.010259005207159388,79.96500015258789,76.05469970703125,54.3881215180446,1.2448075386046753,1.5365035914611884,-0.2916960528565131,82.58778890792372,79.96500015258789,77.34221139725206,6.559841806618072
2020-02-21,79.65499877929688,80.11250305175781,77.625,78.26249694824219,75.5062484741211,129554000,-0.02263490209071639,79.8877498626709,76.28534957885742,47.708471992652825,0.9902358629082926,1.4272500457506094,-0.43701418284231686,82.61353282753234,79.8877498626709,77.16196689780946,6.824032394321103
2020-02-24,74.31500244140625,76.04499816894531,72.30750274658203,74.54499816894531,71.91964721679688,222195200,-0.04750072119598803,79.63612480163575,76.43384948730468,37.52809909139925,0.4829477714882131,1.2383895908981304,-0.7554418194099173,83.22309847691194,79.63612480163575,76.04915112635955,9.008408393077712
2020-02-25,75.23750305175781,75.63249969482422,71.53250122070312,72.0199966430664,69.48358917236328,230673600,-0.0338719409605871,79.37524948120117,76.52039947509766,32.46134140480382,-0.12142846483968128,0.9664259797505681,-1.0878544445902494,84.17572453911264,79.37524948120117,74.5747744232897,12.095647167819964
2020-02-26,71.63249969482422,74.47000122070312,71.625,73.1624984741211,70.58584594726562,198054800,0.015863555524860073,79.06224937438965,76.6263494873047,36.63036827996671,-0.5024190627350578,0.6726569712534429,-1.1750760339885007,84.57331941527353,79.06224937438965,73.55117933350577,13.941090936552738
2020-02-27,70.2750015258789,71.5,68.23999786376953,68.37999725341797,65.9718017578125,320605600,-0.06536783865847917,78.42699928283692,76.61819946289063,28.656223911005824,-1.1767004654415416,0.302785483914446,-1.4794859493559875,85.55171128245694,78.42699928283692,71.3022872832169,18.169028688514928
2020-02-28,64.31500244140625,69.60250091552734,64.09249877929688,68.33999633789062,65.93319702148438,426510000,-0.0005851702591032071,77.79562416076661,76.58569946289063,28.600143582654468,-1.694764880020685,-0.09672458887258018,-1.5980402911481049,86.05550800029006,77.79562416076661,69.53574032124315,21.234828895913726
2020-03-02,70.56999969482422,75.36000061035156,69.43000030517578,74.70249938964844,72.07160949707031,341397200,0.09310048280512984,77.66187400817871,76.67769943237305,46.5259103412614,-1.5737921422428087,-0.39213809954662593,-1.1816540426961828,86.03042487703601,77.66187400817871,69.29332313932142,21.551246285857047
2020-03-03,75.9175033569336,76.0,71.44999694824219,72.33000183105469,69.78266906738281,319475600,-0.031759252300041174,77.42012405395508,76.72559951782226,42.26480985238292,-1.6503370430483244,-0.6437778882469656,-1.0065591548013588,86.10547189337875,77.42012405395508,68.73477621453141,22.436925658684657
2020-03-04,74.11000061035156,75.8499984741211,73.28250122070312,75.68499755859375,73.01952362060547,219178400,0.046384791474472165,77.21874885559082,76.83919952392579,49.331782402322915,-1.4238658726159201,-0.7997954851207565,-0.6240703874951636,85.86884672243261,77.21874885559082,68.56865098874903,22.404138878288762
2020-03-05,73.87999725341797,74.88749694824219,72.85250091552734,73.2300033569336,70.65097045898438,187572800,-0.03243725847798751,76.86212387084962,76.90659957885742,44.99196964112245,-1.426044796510837,-0.9250453473987726,-0.5009994491120643,85.55239703274748,76.86212387084962,68.17185070895175,22.612628234161242
2020-03-06,70.5,72.70500183105469,70.30750274658203,72.25749969482422,69.71273040771484,226176800,-0.013279931544807555,76.40987396240234,76.9317495727539,43.36453217871882,-1.4890793475766912,-1.0378521474343565,-0.45122720014233475,85.07011969971994,76.40987396240234,67.74962822508475,22.667870756020065
2020-03-09,65.9375,69.52249908447266,65.75,66.5425033569336,64.19902038574219,286744800,-0.07909186729203876,75.73662414550782,76.84124969482421,35.28677694194886,-1.9773929704078625,-1.2257603120290579,-0.7516326583788047,85.22720965526172,75.73662414550782,66.24603863575392,25.06207694581226
2020-03-10,69.28500366210938,71.61000061035156,67.34249877929688,71.33499908447266,68.82272338867188,285290000,0.07202139495506321,75.28399925231933,76.81839965820312,44.60543988072163,-1.9551331243276593,-1.371634874488778,-0.5834982498388812,84.70739955223013,75.28399925231933,65.86059895240854,25.03427127543435
2020-03-11,69.34750366210938,70.30500030517578,67.96499633789062,68.85749816894531,66.43245697021484,255598800,-0.03473077351150655,74.73174934387207,76.74654968261719,41.29493570695177,-2.113047755283219,-1.5199174506476665,-0.5931303046355525,84.30120249104166,74.73174934387207,65.16229619670247,25.61014088707207
2020-03-12,63.98500061035156,67.5,62.0,62.057498931884766,59.87195587158203,418474000,-0.09875445524428261,73.74462413787842,76.53009971618653,33.86567255453785,-2.7551398097827757,-1.7669619224746884,-0.9881778873080873,84.22374869348832,73.74462413787842,63.265499582268525,28.420036519590493
2020-03-13,66.22250366210938,69.9800033569336,63.23749923706055,69.49250030517578,67.04512023925781,370732000,0.11980841887078708,73.15837421417237,76.45169975280761,45.426471630702714,-2.6337002579197986,-1.9403095895637106,-0.693390668356088,83.20250861671107,73.15837421417237,63.11423981163367,27.458604733709173
2020-03-16,60.48749923706055,64.7699966430664,60.0,60.5525016784668,58.419960021972656,322423600,-0.1286470989462818,72.1241241455078,76.16099975585938,37.04167377416541,-3.221703915338182,-2.196588454718605,-1.0251154606195767,82.86344828627948,72.1241241455078,61.38480000473613,29.780116619802488
2020-03-17,61.87749862670898,64.40249633789062,59.59999847412109,63.21500015258789,60.98868942260742,324056000,0.04397006433535089,71.29737415313721,75.93814979553223,40.56048101115063,-3.4332829263162807,-2.4439273490381406,-0.9893555772781402,82.1067553729685,71.29737415313721,60.48799293330593,30.321961638065876
2020-03-18,59.942501068115234,62.5,59.27999877929688,61.66749954223633,59.49570083618164,300233600,-0.024479761748616213,70.33549919128419,75.67249984741211,39.189479470724976,-3.6833715684916655,-2.6918161929288456,-0.9915553755628199,80.97634104705759,70.33549919128419,59.69465733551079,30.257386321620043
2020-03-19,61.84749984741211,63.209999084472656,60.65250015258789,61.19499969482422,59.039825439453125,271857200,-0.007662325013764404,69.39149932861328,75.4044497680664,38.75869551020268,-3.8750265145081926,-2.9284582572447153,-0.9465682572634773,79.75495219597788,69.39149932861328,59.028046461248685,29.869517066599172
2020-03-20,61.79499816894531,62.95750045776367,57.0,57.310001373291016,55.29166030883789,401693200,-0.06348536945555627,68.34387454986572,75.0346997833252,35.32078748568479,-4.290938073196045,-3.2009542204349817,-1.0899838527610637,79.13575499033128,68.34387454986572,57.55199410940016,31.58111977567641
2020-03-23,57.02000045776367,57.125,53.15250015258789,56.09249877929688,54.11702728271485,336752800,-0.021244307361399373,67.4212495803833,74.60839973449707,34.2941688882925,-4.6650178423647475,-3.4937669448209348,-1.1712508975438127,79.05689270530632,67.4212495803833,55.78560645546028,34.516248800907704
2020-03-24,59.09000015258789,61.92250061035156,58.57500076293945,61.720001220703125,59.54634094238281,287531200,0.10032542311137083,66.90624980926513,74.2911498260498,42.59896463953387,-4.456020112429023,-3.6862175783425526,-0.7698025340864705,78.59378348990133,66.90624980926513,55.21871612862894,34.93704613232622
2020-03-25,62.6875,64.5625,61.07500076293945,61.380001068115234,59.21831893920898,303602000,-0.005508684462933289,66.31712493896484,73.93394989013672,42.25149629930429,-4.2686171155356405,-3.80269748578117,-0.4659196297544703,77.87090902225503,66.31712493896484,54.763340855674635,34.844043959757784
2020-03-26,61.630001068115234,64.66999816894531,61.59000015258789,64.61000061035156,62.33455657958984,252087200,0.05262286563014151,66.12862510681153,73.66274993896485,46.699408980714395,-3.8154824152779554,-3.805254471680527,-0.01022794359742818,77.6646367292885,66.12862510681153,54.59261348433454,34.889615817186325
2020-03-27,63.1875,63.96749877929688,61.76250076293945,61.935001373291016,59.7537841796875,204216800,-0.04140195329066254,65.80837535858154,73.34474998474121,43.69762629468258,-3.6303713224167637,-3.7702778418277747,0.13990651941101095,77.43629813129976,65.80837535858154,54.18045258586332,35.33873221868535
2020-03-30,62.685001373291016,63.880001068115234,62.34999847412109,63.70249938964844,61.45902633666992,167976400,0.028537810289211762,65.25837535858155,73.0426000213623,46.16021095333109,-3.302972518187417,-3.6768167770997033,0.37384425891228634,76.17004078012032,65.25837535858155,54.34670993704277,33.4414252931716
2020-03-31,63.900001525878906,65.62249755859375,63.0,63.5724983215332,61.333595275878906,197002000,-0.0020408891625439685,64.82050018310547,72.72039993286133,46.0008422947133,-3.019193226652959,-3.5452920670103545,0.5260988403573954,75.25430867655527,64.82050018310547,54.38669168965566,32.19292805200916
2020-04-01,61.625,62.18000030517578,59.782501220703125,60.227500915527344,58.10641479492188,176218400,-0.05261684834292113,64.04762535095215,72.34209991455079,41.984272544845204,-3.0292896633754083,-3.4420915862833654,0.41280192290795714,73.37965007569854,64.04762535095215,54.71560062620576,29.140892183312317
2020-04-02,60.084999084472656,61.28749847412109,59.22499847412109,61.23249816894531,59.07600021362305,165934000,0.016686374854190777,63.447750091552734,71.97824981689453,43.57827741311853,-2.9225074364508146,-3.3381747563168553,0.4156673198660408,71.8363768681562,63.447750091552734,55.059123314949275,26.44262961097591
2020-04-03,60.70000076293945,61.42499923706055,59.74250030517578,60.352500915527344,58.22699737548828,129880000,-0.014371366291974885,62.85250015258789,71.58914978027343,42.47773600429522,-2.8757404305979293,-3.2456878911730707,0.3699474605751414,70.29195881002171,62.85250015258789,55.413041495154076,23.672753317283927
2020-04-06,62.72499847412109,65.77749633789062,62.345001220703125,65.61750030517578,63.30657958984375,201820400,0.08723757781289643,62.80625,71.30994979858399,50.52779858583526,-2.386327692016472,-3.073815851341751,0.6874881593252788,70.16442975102234,62.80625,55.44807024897765,23.43136153176585
2020-04-07,67.69999694824219,67.92500305175781,64.75,64.85749816894531,62.57334899902344,202887200,-0.011582217765844116,62.48237495422363,71.06234970092774,49.451957940154536,-2.0363169966788206,-2.866316080409165,0.8299990837303444,68.80826150775829,62.48237495422363,56.15648840068898,20.248547076416926
2020-04-08,65.68499755859375,66.84249877929688,65.30750274658203,66.51750183105469,64.1749038696289,168895200,0.025594840235104943,62.3653751373291,70.80424972534179,51.86284521423778,-1.606464256668474,-2.614345715661027,1.007881458992553,68.28906448109329,62.3653751373291,56.441685793564915,18.996724803531357
2020-04-09,67.17500305175781,67.51750183105469,66.17500305175781,66.99749755859375,64.6379623413086,161834800,0.007215569385509157,62.61237506866455,70.52249969482422,52.56731645981588,-1.2130875019658873,-2.3340940729219994,1.1210065709561121,68.8668465611767,62.61237506866455,56.357903576152395,19.978387613161512
2020-04-13,67.07749938964844,68.42500305175781,66.4574966430664,68.3125,65.90666198730469,131022800,0.019627779095154008,62.55337505340576,70.26939971923828,54.53056933082861,-0.786161502221006,-2.0245075587818007,1.2383460565607947,68.56466026008125,62.55337505340576,56.54208984673026,19.21969902197374
2020-04-14,70.0,72.0625,69.51249694824219,71.76249694824219,69.23515319824219,194994800,0.05050310713018136,63.11387481689453,70.157099609375,59.29119206004711,-0.1675027828776905,-1.6531066036009787,1.4856038207232882,70.25808899753012,63.11387481689453,55.969660636258936,22.63912396873851
2020-04-15,70.5999984741211,71.5824966430664,70.15750122070312,71.10749816894531,68.60322570800781,131154400,-0.00912726355100224,63.508499717712404,70.03594955444336,58.04856109539468,0.2668595907137927,-1.2691133647380246,1.5359729554518173,71.45799269535563,63.508499717712404,55.55900674006918,25.034422204831664
2020-04-16,71.84500122070312,72.05000305175781,70.5875015258789,71.67250061035156,69.14832305908203,157125200,0.007945651905557405,64.00874977111816,69.87514953613281,58.849721152985076,0.6492022765661574,-0.8854502364771881,1.5346525130433455,72.66009440207876,64.00874977111816,55.35740514015757,27.03175632049051
2020-04-17,71.17250061035156,71.73750305175781,69.21499633789062,70.69999694824219,68.21007537841797,215250000,-0.013568625226997866,64.48399963378907,69.6818994140625,56.83769111748587,0.8637815556660797,-0.5356038780485346,1.3993854337146143,73.50139582418022,64.48399963378907,55.466603443397915,27.96785634142369
2020-04-20,69.48750305175781,70.41999816894531,69.2125015258789,69.23249816894531,66.79426574707031,130015200,-0.02075660558199044,65.08012447357177,69.44049942016602,53.846013497823414,0.9049901303370262,-0.24748507637142245,1.1524752067084487,73.68874644316755,65.08012447357177,56.471502503976,26.455456375445713
2020-04-21,69.06999969482422,69.3125,66.35749816894531,67.09249877929688,64.72965240478516,180991600,-0.0309100387464879,65.63012447357178,69.18219940185547,49.73489360406624,0.7562505708014271,-0.046737946936852515,0.8029885177382796,73.21648191048426,65.63012447357178,58.043767036659304,23.118522165739257
2020-04-22,68.40249633789062,69.4749984741211,68.05000305175781,69.0250015258789,66.59407043457031,116862400,0.028803152195628456,65.99537448883056,68.95494949340821,53.20912623975142,0.785258250997444,0.11966129265000679,0.6655969583474372,73.49646868471574,65.99537448883056,58.49428029294538,22.73218162328848
2020-04-23,68.96749877929688,70.4375,68.71749877929688,68.75749969482422,66.33597564697266,124814400,-0.003875642169241411,66.36424942016602,68.73204956054687,52.66647863078924,0.7776970765825695,0.2512684494365194,0.5264286271460501,73.64351257270138,66.36424942016602,59.08498626763065,21.937302737951036
2020-04-24,69.30000305175781,70.75250244140625,69.25,70.74250030517578,68.25108337402344,126161200,0.028869820762758014,66.67087440490722,68.51089950561523,56.23339703429831,0.9212580618230959,0.3852663719138347,0.5359916899092612,74.14281758615931,66.67087440490722,59.198931223655144,22.414414833899706
2020-04-27,70.44999694824219,71.13500213623047,69.98750305175781,70.7925033569336,68.29933166503906,117087600,0.0007069234454670781,67.11374950408936,68.30239959716796,56.32268662370236,1.0272247972734476,0.5136580569857574,0.5135667402876902,74.45930924173192,67.11374950408936,59.768189766446795,21.88988036555753
2020-04-28,71.2699966430664,71.4574966430664,69.55000305175781,69.6449966430664,67.1922607421875,112004800,-0.01620910330837466,67.41087436676025,68.07054946899414,53.619214819545824,1.0070019057391733,0.6123268267364406,0.3946750790027327,74.66058002080358,67.41087436676025,60.16116871271693,21.50900940581211
2020-04-29,71.18250274658203,72.4175033569336,70.97250366210938,71.93250274658203,69.39918518066406,137280800,0.03284492014555651,67.8288745880127,67.91419952392579,57.95207577403937,1.162161074125379,0.7222936762142282,0.4398673979111507,75.10910355683824,67.8288745880127,60.548645619187155,21.466459566210066
2020-04-30,72.48999786376953,73.63249969482422,72.0875015258789,73.44999694824219,70.86322021484375,183064000,0.02109585336439368,68.48999938964843,67.76509948730468,60.58278049300999,1.3915341928039737,0.8561417795321774,0.5353924132717963,75.27355426899881,68.48999938964843,61.70644451029805,19.808891633237906
2020-05-01,71.5625,74.75,71.4625015258789,72.26750183105469,69.7223892211914,240616800,-0.016099056607836393,69.0417495727539,67.60894958496094,57.56066971067856,1.4610544423314593,0.9771243120920339,0.48393013023942544,75.13424855824377,69.0417495727539,62.94925058726403,17.648738692723292
2020-05-04,72.2925033569336,73.42250061035156,71.58000183105469,73.29000091552734,70.70889282226562,133568000,0.014149021743138812,69.68862457275391,67.50949966430665,59.44457220267487,1.5804385597558621,1.0977871616247996,0.4826513981310625,74.58287367497044,69.68862457275391,64.79437547053737,14.046048784065206
2020-05-05,73.76499938964844,75.25,73.61499786376953,74.38999938964844,71.77012634277344,147751200,0.015008487308312723,70.12724952697754,67.5063996887207,61.42825846141808,1.7437115948785902,1.2269720482755577,0.5167395466030325,75.05572610154393,70.12724952697754,65.19877295241115,14.05581028148105
2020-05-06,75.11499786376953,75.80999755859375,74.71749877929688,75.15750122070312,72.51060485839844,142333600,0.010317363969633897,70.64224967956542,67.56914978027343,62.79564044018525,1.9129859240773754,1.3641748234359214,0.548811100641454,75.41043709856822,70.64224967956542,65.87406226056262,13.499534458858225
2020-05-07,75.80500030517578,76.2925033569336,75.49250030517578,75.93499755859375,73.26070404052734,115215200,0.010344682458431231,71.11312446594238,67.62459976196288,64.18092374642848,2.0858303522662425,1.5085059292019858,0.5773244230642567,76.01706635633903,71.11312446594238,66.20918257554573,13.79194607809774
2020-05-08,76.41000366210938,77.5875015258789,76.07250213623047,77.53250122070312,75.00444793701172,133838400,0.02380189924901277,71.63987464904785,67.80764984130859,66.90741236433796,2.3249158191663497,1.6717879071948587,0.653127911971491,76.91176099632379,71.63987464904785,66.36798830177192,14.717743081215751
2020-05-11,77.0250015258789,79.26249694824219,76.80999755859375,78.75250244140625,76.18465423583984,145946400,0.015735150798246833,72.16187477111816,68.0158999633789,68.85704257425765,2.583060760193561,1.8540424777945992,0.7290182823989619,78.04460029253501,72.16187477111816,66.27914924970132,16.30424802591556
2020-05-12,79.4574966430664,79.92250061035156,77.72750091552734,77.85250091552734,75.31401062011719,162301200,-0.011428070711293925,72.46637496948242,68.07889999389648,65.77831049779704,2.684079486738,2.0200498795832793,0.6640296071547205,78.84448775706457,72.46637496948242,66.08826218190026,17.602958034724804
2020-05-13,78.0374984741211,78.98750305175781,75.80249786376953,76.9124984741211,74.4046630859375,200622400,-0.012074081923035829,72.75662498474121,68.17054992675781,62.62862751266973,2.657651462502642,2.147570196167152,0.5100812663354901,79.38441768348945,72.75662498474121,66.12883228599297,18.219076819844908
2020-05-14,76.12750244140625,77.44750213623047,75.38249969482422,77.38500213623047,74.86175537109375,158929200,0.006143328471608145,73.04225006103516,68.20455001831054,63.57284123769021,2.6443517189822074,2.2469265007301633,0.39742521825204413,79.94519285380152,73.04225006103516,66.13930726826881,18.901232607150394
2020-05-15,75.0875015258789,76.9749984741211,75.05249786376953,76.92749786376953,74.41917419433594,166348400,-0.00591197968260182,73.35362510681152,68.27849990844726,61.94097719739193,2.5673005623641103,2.311001313056953,0.2562992493071574,80.36679854631298,73.35362510681152,66.34045166731006,19.12154560674936
2020-05-18,78.2925033569336,79.125,77.58000183105469,78.73999786376953,76.1725845336914,135178400,0.023561271115111637,73.82900009155273,68.40814987182617,65.69765310674677,2.6222627551862274,2.3732536014828076,0.2490091537034198,80.94844817661074,73.82900009155273,66.70955200649472,19.286318590877393
2020-05-19,78.75749969482422,79.62999725341797,78.25250244140625,78.28500366210938,75.73241424560547,101729600,-0.005778592006304484,74.38862533569336,68.64299987792968,63.99011073753164,2.5991451322769734,2.418431907641641,0.18071322463533246,81.04662225357158,74.38862533569336,67.73062841781514,17.900577911831807
2020-05-20,79.16999816894531,79.87999725341797,79.12999725341797,79.80750274658203,77.20524597167969,111504800,0.019447838032704556,74.92775039672851,68.81244995117187,67.07398502324811,2.6728660654282095,2.469318739198955,0.20354732622925464,81.50691858404042,74.92775039672851,68.3485822094166,17.561365855711493
2020-05-21,79.66500091552734,80.22250366210938,78.96749877929688,79.2125015258789,76.62964630126953,102688800,-0.00745544765988182,75.45050048828125,69.01955001831055,64.74054454228823,2.6527001343033874,2.505995018219841,0.1467051160835462,81.63514300882716,75.45050048828125,69.26585796773534,16.393907212070747
2020-05-22,78.94249725341797,79.80750274658203,78.8375015258789,79.72250366210938,77.123046875,81803200,0.006438768773519676,75.89950065612793,69.37285011291505,65.83760301337955,2.6473543457504434,2.534266883725962,0.1130874620244815,81.9542795606507,75.89950065612793,69.84472175160515,15.954726584973733
2020-05-26,80.875,81.05999755859375,79.125,79.18250274658203,76.60066223144531,125522000,-0.006773392192367056,76.31900062561036,69.56665016174317,63.581835088813556,2.5699197734717387,2.541397461675117,0.02852231179662157,82.0544834254678,76.31900062561036,70.58351782575292,15.03028800912464
2020-05-27,79.03500366210938,79.67749786376953,78.27249908447266,79.52749633789062,76.93439483642578,112945200,0.004356784853531748,76.81312561035156,69.94615005493164,64.42056223936616,2.5074856825489746,2.534615105849889,-0.02712942330091428,81.82007558619712,76.81312561035156,71.806175634506,13.03670417278478
2020-05-28,79.19249725341797,80.86000061035156,78.90750122070312,79.5625,76.96826171875,133560800,0.00044020470163208536,77.19462547302246,70.27310005187988,64.50987167645701,2.4327870637601023,2.5142494974319316,-0.08146243367182926,81.80278079581367,77.19462547302246,72.58647015023124,11.939057400833306
2020-05-29,79.8125,80.2874984741211,79.11750030517578,79.48500061035156,76.89328002929688,153532400,-0.0009741897215649331,77.49637565612792,70.62945007324218,64.12607394336091,2.340356148283931,2.4794708276023316,-0.13911467931840082,81.86851447862333,77.49637565612792,73.12423683363252,11.283466576284152
2020-06-01,79.4375,80.5875015258789,79.30249786376953,80.4625015258789,77.83891296386719,80791200,0.012297991894870686,77.90612564086913,71.01480010986329,66.8083795472042,2.319245320038007,2.4474257260894667,-0.12818040605145953,81.74479388943186,77.90612564086913,74.06745739230641,9.854599280827236
2020-06-02,80.1875,80.86000061035156,79.73249816894531,80.83499908447266,78.19926452636719,87642800,0.004629452657789246,78.2833755493164,71.48530006408691,67.79652974829517,2.305990256199962,2.419138632111566,-0.11314837591160387,81.69219387574219,78.2833755493164,74.87455722289062,8.708920131524795
2020-06-03,81.16500091552734,81.55000305175781,80.57499694824219,81.27999877929688,78.62975311279297,104491200,0.005505020910786529,78.62787551879883,71.98905006408691,68.98447021700784,2.3048246945897546,2.396275844607204,-0.0914511500174493,81.77582660467043,78.62787551879883,75.47992443292723,8.007213892276576
2020-06-04,81.09750366210938,81.40499877929688,80.19499969482422,80.58000183105469,77.95257568359375,87560400,-0.00861222886237245,78.89900054931641,72.36625007629395,64.92714845987902,2.2218054844132524,2.361381772568414,-0.13957628815516143,81.72194595870198,78.89900054931641,76.07605513993084,7.155845802181143
2020-06-05,80.8375015258789,82.9375,80.80750274658203,82.875,80.17274475097656,137250400,0.028481022569342596,79.24600067138672,72.79615005493164,70.95807911150479,2.3145190000664684,2.3520092180680248,-0.037490218001556386,82.22795238562831,79.24600067138672,76.26404895714514,7.525809981520694
2020-06-08,82.5625,83.4000015258789,81.83000183105469,83.36499786376953,80.64675903320312,95654400,0.005912411801527906,79.53762550354004,73.17125,72.0626534254667,2.3998696581573995,2.3615813060859,0.03828835207149961,82.90776902508735,79.53762550354004,76.16748198199274,8.474337774635497
2020-06-09,83.03500366210938,86.40249633789062,83.00250244140625,85.99749755859375,83.19344329833984,147712400,0.031578259258852714,79.89987525939941,73.65249992370606,77.10154115106914,2.6493908655575638,2.419143217980233,0.23024764757733074,84.26515572717469,79.89987525939941,75.53459479162413,10.926876803256954
2020-06-10,86.9749984741211,88.69249725341797,86.52249908447266,88.20999908447266,85.33379364013672,166651600,0.025727392171055685,80.41775016784668,74.14264991760254,80.31507719240028,2.991188048741108,2.5335521841324082,0.4576358646087,85.98157790924593,80.41775016784668,74.85392242644743,13.837312607692995
2020-06-11,87.32749938964844,87.76499938964844,83.87000274658203,83.9749984741211,81.23689270019531,201662400,-0.04801029891180686,80.77087516784668,74.5506999206543,62.29409736669788,2.887055445010816,2.6042528363080897,0.2828026087027262,86.29634666706636,80.77087516784668,75.245403668627,13.681841351198482
2020-06-12,86.18000030517578,86.94999694824219,83.55500030517578,84.69999694824219,81.938232421875,200146000,0.008633266221395042,81.13662490844726,75.04014984130859,63.791902531158705,2.8304037910778135,2.6494830272620344,0.18092076381577904,86.68554517760607,81.13662490844726,75.58770463928845,13.677966702263225
2020-06-15,83.3125,86.41999816894531,83.1449966430664,85.74749755859375,82.95157623291016,138808800,0.01236716708529606,81.57762489318847,75.53044982910156,65.89959568925534,2.8373245805192795,2.6870513379134837,0.15027324260579578,87.12030217324372,81.57762489318847,76.03494761313323,13.588719424750117
2020-06-16,87.86499786376953,88.30000305175781,86.18000030517578,88.0199966430664,85.14999389648438,165428800,0.02650242181536777,82.04162483215332,76.08379974365235,69.98201270185312,2.9916946464439604,2.747979999619579,0.24371464682438138,88.0873252033684,82.04162483215332,75.99592446093824,14.73812929371842
2020-06-17,88.7874984741211,88.8499984741211,87.77249908447266,87.89749908447266,85.0314712524414,114406400,-0.0013919278043290628,82.52224960327149,76.52939971923828,69.49901519697222,3.0687745834892013,2.8121389163935038,0.2566356670956975,88.82005115816438,82.52224960327149,76.2244480483786,15.263281321509725
2020-06-18,87.85250091552734,88.36250305175781,87.30500030517578,87.93250274658203,85.0653305053711,96820400,0.0003981967197670411,82.92849960327149,76.99089981079102,69.56365821790487,3.096985372356869,2.869108207586177,0.2278771647706921,89.51502720820645,82.92849960327149,76.34197199833653,15.884834855194033
2020-06-19,88.66000366210938,89.13999938964844,86.2874984741211,87.43000030517578,84.57921600341797,264476000,-0.0057146019308351725,83.33937454223633,77.40914978027344,67.35668106065282,3.0437088968292585,2.904028345434793,0.13968055139446545,89.97247686319479,83.33937454223633,76.70627222127787,15.918291581602418
2020-06-22,87.83499908447266,89.86499786376953,87.7874984741211,89.71749877929688,86.79215240478516,135445200,0.026164068502098292,83.8391242980957,77.8635498046875,71.75042430798379,3.1497604379061244,2.9531747639290593,0.19658567397706506,90.80466734155986,83.8391242980957,76.87358125463153,16.616449901594166
2020-06-23,91.0,93.09500122070312,90.56749725341795,91.63249969482422,88.64469909667969,212155600,0.021344633593767037,84.46162414550781,78.32994979858398,74.807489317679,3.349718152092109,3.0324834415616695,0.3172347105304394,91.86292678830668,84.46162414550781,77.06032150270894,17.525835473038352
2020-06-24,91.25,92.19750213623048,89.62999725341797,90.01499938964844,87.07994079589844,192623200,-0.017652023377897175,84.9859992980957,78.6949998474121,68.10365553604558,3.3391753892654776,3.0938218311024315,0.24535355816304616,92.40073297394419,84.9859992980957,77.57126562224722,17.44930632595297
2020-06-25,90.1750030517578,91.25,89.39250183105469,91.20999908447266,88.2359848022461,137522400,0.013275663669285676,85.56837425231933,79.09704986572265,70.22649078380485,3.3881897200936635,3.1526954089006782,0.23549431119298525,93.01729356154858,85.56837425231933,78.11945494309008,17.410449536564265
2020-06-26,91.10250091552734,91.33000183105467,88.25499725341797,88.40750122070312,85.52485656738281,205256800,-0.030725879480344,86.01449928283691,79.43174987792969,60.120873668388185,3.1644183295290844,3.1550399930263597,0.009378336502724682,93.00741928230453,86.01449928283691,79.02157928336929,16.259863296938274
2020-06-29,88.3125,90.5425033569336,87.81999969482422,90.44499969482422,87.49590301513672,130646000,0.02304647475440036,86.51362419128418,79.82664993286133,64.15898975814412,3.115572607455036,3.1471465159120955,-0.03157390845705965,93.27123903555392,86.51362419128418,79.75600934701444,15.622082434850846
2020-06-30,90.0199966430664,91.49500274658205,90.0,91.1999969482422,88.22628021240234,140223200,0.00834755882386018,87.03187408447266,80.26599990844727,65.55100035939944,3.102025767271357,3.138122366183948,-0.036096598912591205,93.55369038662535,87.03187408447266,80.51005778231998,14.987190315636884
2020-07-01,91.27999877929688,91.83999633789062,90.97750091552734,91.02749633789062,88.05941772460938,110737200,-0.0018913014057857502,87.51924896240234,80.74469985961915,64.93050147498606,3.042300692600577,3.1189580314672742,-0.07665733886669734,93.69663808124697,87.51924896240234,81.34185984355771,14.11664106372392
2020-07-02,91.9625015258789,92.61750030517578,90.91000366210938,91.02749633789062,88.05941772460938,114041600,0.0,88.04162368774413,81.18474975585937,64.93050147498606,2.9608374495667533,3.08733391508717,-0.12649646552041682,93.50967312885719,88.04162368774413,82.57357424663108,12.421509763396683
2020-07-06,92.5,93.94499969482422,92.46749877929688,93.4625015258789,90.41503143310548,118655600,0.026750275772466248,88.57099876403808,81.67884979248046,69.63594037396122,3.0575166621909915,3.0813704645079345,-0.023853802316943007,93.9855159212642,88.57099876403808,83.15648160681197,12.22638839526
2020-07-07,93.85250091552734,94.65499877929688,93.05750274658205,93.17250061035156,90.13448333740234,112424400,-0.0031028921989669778,89.06137390136719,82.12744979858398,68.45785162093412,3.0752850131543426,3.0801533742372165,-0.004868361082873918,94.27380133187012,89.06137390136719,83.84894647086426,11.705248194970661
2020-07-08,94.18000030517578,95.375,94.08999633789062,95.34249877929688,92.23371887207033,117092000,0.023290037918227924,89.52862396240235,82.61844970703125,72.24207101616447,3.227265369828899,3.1095757733555534,0.11768959647334576,95.2127375729645,89.52862396240235,83.8445103518402,12.697868813328798
2020-07-09,96.2624969482422,96.31749725341795,94.67250061035156,95.75250244140624,92.63037109375,125642800,0.004300512074438156,89.90574913024902,83.14059982299804,72.90354172484336,3.3422671907555497,3.156114056835553,0.18615313391999688,96.16193265692299,89.90574913024902,83.64956560357506,13.917204599697966
2020-07-10,95.33499908447266,95.9800033569336,94.70500183105467,95.91999816894533,92.79239654541016,90257200,0.0017491612064921558,90.50299911499023,83.62034973144532,73.18467182970298,3.4076413000515515,3.2064195054787525,0.20122179457279898,96.66031019801929,90.50299911499023,84.34568803196117,13.606866387280213
2020-07-13,97.26499938964844,99.95500183105467,95.25749969482422,95.47750091552734,92.36431884765624,191649200,-0.004613284209600388,91.0418743133545,84.06089981079101,71.08634778646896,3.384727886263775,3.242081181635757,0.1426467046280182,96.9550038281543,91.0418743133545,85.12874479855469,12.98991164098307
2020-07-14,94.83999633789062,97.25499725341795,93.87750244140624,97.05750274658205,93.8927993774414,170989200,0.016548387395204145,91.60737457275391,84.55669982910156,73.9575629831765,3.45424341598698,3.2845136285060015,0.16972978748097844,97.55021989552095,91.60737457275391,85.66452924998687,12.974600244759285
2020-07-15,98.98999786376952,99.24749755859376,96.48999786376952,97.7249984741211,94.5385284423828,153198000,0.0068773012331393435,92.09262466430664,85.04539978027344,75.083280037787,3.522590075192184,3.3321289178432383,0.19046115734894586,98.36053885345763,92.09262466430664,85.82471047515565,13.612195790919424
2020-07-16,96.5625,97.40499877929688,95.90499877929688,96.52249908447266,93.375244140625,110577600,-0.012304869992415535,92.52387466430665,85.48804977416992,69.2737947100975,3.4400686736836406,3.353716869011319,0.08635180467232173,98.76469061914243,92.52387466430665,86.28305870947086,13.490174244169065
2020-07-17,96.9875030517578,97.14749908447266,95.83999633789062,96.32749938964844,93.18661499023438,92186800,-0.0020201194880576923,92.94362449645996,85.91144973754882,68.35022827238343,3.320656560963812,3.3471048074018177,-0.026448246438005807,99.0198401845864,92.94362449645996,86.86740880833352,13.0750564571707
2020-07-20,96.4175033569336,98.5,96.0625,98.35749816894533,95.15040588378906,90318000,0.021073744268535588,93.48999938964843,86.35989974975585,72.46570090633297,3.3511950469424363,3.3479228553099416,0.003272191632494703,99.44888269751661,93.48999938964843,87.53111608178025,12.747637922282342
2020-07-21,99.17250061035156,99.25,96.74250030517578,97.0,93.83717346191406,103433200,-0.013801648134627031,93.8541244506836,86.7492497253418,66.2608114945024,3.2286405020019373,3.324066384648341,-0.09542588264640361,99.73592780700277,93.8541244506836,87.97232109436443,12.533926219534036
2020-07-22,96.69249725341795,97.9749984741211,96.60250091552734,97.27249908447266,94.10079956054688,89001600,0.002809399397988077,94.13612442016601,87.11964965820313,66.87398200543177,3.117566178636096,3.282766343445892,-0.1652001648097956,100.10499772318326,94.13612442016601,88.16725111714877,12.681366138201849
2020-07-23,96.99749755859376,97.07749938964844,92.01000213623048,92.84500122070312,89.81765747070312,197004400,-0.04551653237641051,94.27762451171876,87.41949966430664,50.739055195059656,2.6418236036341227,3.1545777954835383,-0.5127541918494156,99.97710035811382,94.27762451171876,88.5781486653237,12.090834651198943
2020-07-24,90.9875030517578,92.97000122070312,89.1449966430664,92.61499786376952,89.59515380859375,185438800,-0.0024772819551873715,94.34787445068359,87.73354965209961,50.06329939553923,2.2206367189212415,2.967789580171079,-0.7471528612498375,99.92775662055594,94.34787445068359,88.76799228081124,11.82831558709677
2020-07-27,93.70999908447266,94.90499877929688,93.4800033569336,94.80999755859376,91.71856689453124,121214000,0.023700088628385352,94.66799926757812,88.08204956054688,56.07556992160537,2.0404402838310745,2.7823197209030783,-0.7418794370720039,99.53731853901344,94.66799926757812,89.79867999614281,10.287149425588336
2020-07-28,94.36750030517578,94.5500030517578,93.24749755859376,93.25250244140624,90.21185302734376,103625600,-0.016427577514594893,94.80837440490723,88.40854965209961,51.35117725467355,1.7517632352089265,2.5762084237642484,-0.8244451885553219,99.33224781440214,94.80837440490723,90.28450099541232,9.543193706020885
2020-07-29,93.75,95.2300033569336,93.7125015258789,95.04000091552734,91.94109344482422,90329200,0.019168660873824628,95.00037460327148,88.73454971313477,55.93922655917076,1.6482211154467308,2.390610962100745,-0.7423898466540142,99.21043718173492,95.00037460327148,90.79031202480805,8.86325468935247
2020-07-30,94.1875,96.29750061035156,93.76750183105467,96.19000244140624,93.0535888671875,158130000,0.012100089097057731,95.25849990844726,89.0926496887207,58.64166732510299,1.6400532388889388,2.240499417458384,-0.6004461785694453,99.07745300559779,95.25849990844726,91.43954681129674,8.018083637304626
2020-07-31,102.88500213623048,106.41500091552734,100.8249969482422,106.26000213623048,102.79524230957033,374336800,0.10468863760092884,96.02012519836425,89.62169967651367,73.79711793142879,2.4182686589633846,2.2760532657593844,0.14221539320400023,101.75514415561643,96.02012519836425,90.28510624111208,11.945451946463153
2020-08-03,108.1999969482422,111.6374969482422,107.89250183105467,108.9375,105.38544464111328,308151200,0.025197686909891104,96.79387512207032,90.2161996459961,76.28543310387187,3.214012550901174,2.4636451227877423,0.7503674281134316,104.70330703880596,96.79387512207032,88.88444320533468,16.342835549792312
2020-08-04,109.13249969482422,110.79000091552734,108.3874969482422,109.66500091552734,106.08922576904295,173071600,0.006678162533036547,97.61850013732911,90.81504959106445,76.92657978078418,3.8588659574939186,2.7426892897289776,1.116176667764941,107.12372989518808,97.61850013732911,88.11327037947014,19.474238478335707
2020-08-05,109.37750244140624,110.39250183105467,108.89749908447266,110.0625,106.47373962402344,121776800,0.0036244383177757022,98.35450019836426,91.43264953613281,77.28789549316448,4.351826633699801,3.0645167585231423,1.2873098751766587,109.22267384762061,98.35450019836426,87.48632654910791,22.100002800760706
2020-08-06,110.40499877929688,114.4124984741211,109.79750061035156,113.90249633789062,110.18856048583984,202428800,0.03488954999546423,99.26199989318847,92.12014953613281,80.46963482665359,4.994780413992558,3.450569489617026,1.5442109243755322,111.98272841051278,99.26199989318847,86.54127137586417,25.63061097099097
2020-08-07,113.20500183105467,113.6750030517578,110.2925033569336,111.1125030517578,107.68333435058594,198045600,-0.02273580963584554,100.0216251373291,92.75114959716797,72.52041460473724,5.219034989242758,3.804262589542172,1.4147723997005857,113.6363929239132,100.0216251373291,86.40685735074499,27.223648421811014
2020-08-10,112.5999984741211,113.7750015258789,110.0,112.72750091552734,109.24847412109376,212403600,0.014534651809835042,100.88412513732911,93.41599960327149,74.1144687120543,5.464088574491683,4.136227786532075,1.327860787959608,115.39427054501458,100.88412513732911,86.37397972964364,28.76596369931037
2020-08-11,111.97000122070312,112.48249816894533,109.10749816894533,109.375,105.99945068359376,187902400,-0.029739760336594756,101.5,93.9942495727539,65.60657796021262,5.326377338055011,4.374257696836662,0.9521196412183484,116.34983150640875,101.5,86.65016849359125,29.260751736766004
2020-08-12,110.49749755859376,113.2750015258789,110.29750061035156,113.01000213623048,109.52227020263672,165598000,0.03323431863395698,102.26425018310547,94.63774963378906,69.67181417609446,5.447756142733496,4.5889573860160295,0.8587987567174666,117.81504067524288,102.26425018310547,86.71345969096807,30.412955581825546
2020-08-13,114.43000030517578,116.0425033569336,113.92749786376952,115.01000213623048,111.4605484008789,210082000,0.01769757141315642,103.18862533569336,95.31234970092774,71.65685073433247,5.640314965285199,4.7992289018698635,0.8410860634153359,119.44613143822492,103.18862533569336,86.9311192331618,31.510267821947675
2020-08-14,114.83000183105467,115.0,113.04499816894533,114.90750122070312,111.36119079589844,165565200,-0.0008914150020428169,104.1176254272461,95.9988996887207,71.39892410843896,5.718726334817433,4.983128388459377,0.7355979463580553,120.81809669441654,104.1176254272461,87.41715416007565,32.08000796914096
2020-08-17,116.0625,116.0875015258789,113.9625015258789,114.60749816894533,111.07044982910156,119561600,-0.002610792545580276,104.9301254272461,96.6335496520996,70.59795969494868,5.691057206136179,5.124714151994738,0.5663430541414414,122.00750193438648,104.9301254272461,87.85274892010571,32.549997319847066
2020-08-18,114.35250091552734,116.0,114.00749969482422,115.5625,111.9959716796875,105633600,0.008332746036501915,105.85825042724609,97.27749969482421,71.68682302470849,5.680706243337426,5.235912570263276,0.44479367307414996,123.12739123554421,105.85825042724609,88.58910961894797,32.62691521652684
2020-08-19,115.98249816894533,117.1624984741211,115.61000061035156,115.7074966430664,112.13650512695312,145538000,0.0012548080538785644,106.78000030517578,97.87169967651367,71.8572353837694,5.619425805339873,5.312615217278595,0.3068105880612775,124.08558431401399,106.78000030517578,89.47441629633757,32.41353054762893
2020-08-20,115.75,118.39250183105467,115.73249816894533,118.2750015258789,114.62476348876952,126907200,0.022189547988849423,108.05150032043457,98.4729997253418,74.75477716716452,5.712190229978219,5.3925302198185205,0.3196600101596987,124.80281547619731,108.05150032043457,91.30018516467183,31.006168551265826
2020-08-21,119.2624969482422,124.86750030517578,119.25,124.37000274658205,120.53166961669922,338054800,0.051532548012702684,109.63925056457519,99.28089981079101,80.01509743456525,6.205983648882267,5.55522090563127,0.650762743250997,126.25624002609085,109.63925056457519,93.02226110305953,30.31211792482767
2020-08-24,128.69749450683594,128.78500366210938,123.9375,125.85749816894533,121.97325897216795,345937600,0.011960253766110762,111.19162559509277,100.10404983520507,81.05273578261813,6.640795977740538,5.7723359200531235,0.8684600576874146,127.778060653624,111.19162559509277,94.60519053656155,29.833964509038047
2020-08-25,124.69750213623048,125.18000030517578,123.05249786376952,124.8249969482422,120.9726104736328,211495600,-0.008203835061613707,112.77025032043457,100.88559982299805,78.02446707617236,6.823417551374092,5.982552246317317,0.8408653050567754,128.19597360470814,112.77025032043457,97.344527036161,27.35778849553259
2020-08-26,126.18000030517578,126.99250030517578,125.0824966430664,126.52249908447266,122.61775207519533,163022400,0.013599289914646429,114.34437522888183,101.65564987182617,79.38795781407825,7.024150663505665,6.190871929754987,0.833278733750678,128.5919708981503,114.34437522888183,100.09677955961335,24.920501145332633
2020-08-27,127.14250183105467,127.48500061035156,123.8324966430664,125.01000213623048,121.15192413330078,155552400,-0.011954451268977984,115.78537521362304,102.39789993286132,74.92707886250126,6.980717867583678,6.348841117320726,0.6318767502629523,128.09484017904236,115.78537521362304,103.47591024820373,21.262555729008877
2020-08-28,126.0124969482422,126.44249725341795,124.57749938964844,124.80750274658205,120.95565795898438,187630000,-0.0016200004723033734,116.71275024414062,103.13539993286133,74.32491577619568,6.8509831859340125,6.449269531043384,0.4017136548906288,128.8047327340993,116.71275024414062,104.62076775418194,20.720928029996003
2020-08-31,127.58000183105467,131.0,126.0,129.0399932861328,125.05752563476562,225702700,0.03391216041478762,117.71787490844727,103.96759979248047,78.25798875199705,7.008899895079367,6.561195603850581,0.44770429122878586,130.3857957759671,117.71787490844727,105.04995404092746,21.522510285497493
2020-09-01,132.75999450683594,134.8000030517578,130.52999877929688,134.17999267578125,130.0388946533203,151948100,0.03983262097399032,118.94362449645996,104.85684967041016,81.88681869629794,7.462778750762595,6.741512233232984,0.7212665175296111,132.93279456704084,118.94362449645996,104.95445442587909,23.52235377020519
2020-09-02,137.58999633789062,137.97999572753906,127.0,131.39999389648438,127.3447036743164,200119000,-0.02071834727745525,120.01049919128418,105.65219955444336,74.63151829840501,7.5115696467441495,6.895523715935218,0.6160459308089319,134.37717403508358,120.01049919128418,105.64382434748478,23.942363277566947
2020-09-03,126.91000366210938,128.83999633789062,120.5,120.87999725341795,117.1493911743164,257599600,-0.0800607501201972,120.35937423706055,106.26949951171875,54.83278573441458,6.624992187490847,6.841417410246343,-0.2164252227554968,134.45207293112887,120.35937423706055,106.26667554299223,23.41770017233764
2020-09-04,120.06999969482422,123.6999969482422,110.88999938964844,120.95999908447266,117.22689819335938,332607200,0.0006616083811108453,120.85174903869628,106.86449951171875,54.93070426628687,5.86126364397208,6.645386656991492,-0.7841230130194115,134.2907091695472,120.85174903869628,107.41278890784537,22.240406510869462
2020-09-08,113.9499969482422,118.98999786376952,112.68000030517578,112.81999969482422,109.338134765625,231366600,-0.06729482353719096,120.85637397766114,107.35274948120117,44.38673921608374,4.546761117038429,6.225661549000879,-1.6789004319624503,134.28420633547503,120.85637397766114,107.42854161984725,22.221140542071645
2020-09-09,117.26000213623048,119.13999938964844,115.26000213623048,117.31999969482422,113.69925689697266,176940500,0.03988656053714523,121.25362396240234,107.89024948120117,50.090305899066486,3.8240396373378474,5.745337166668273,-1.9212975293304257,133.73610170356915,121.25362396240234,108.77114622123553,20.58903863366147
2020-09-10,120.36000061035156,120.5,112.5,113.48999786376952,109.9874496459961,182274400,-0.032645835621775254,121.27762374877929,108.33604949951172,45.786281824787444,2.9086988489146393,5.178009503117546,-2.269310654202907,133.69830265442,121.27762374877929,108.8569448431386,20.483051236837433
2020-09-11,114.56999969482422,115.2300033569336,110.0,112.0,108.5434341430664,180860300,-0.013128911594708081,121.12712364196777,108.7554995727539,44.195288601763885,2.0395437138787855,4.550316345269795,-2.510772631391009,133.91543501202722,121.12712364196777,108.33881227190832,21.115520596129453
2020-09-14,114.72000122070312,115.93000030517578,112.8000030517578,115.36000061035156,111.79974365234376,140150100,0.030000059745533436,121.14974861145019,109.24214965820312,48.53797268997825,1.6033732868117454,3.9609277335781847,-2.3575544467664393,133.89549539774544,121.14974861145019,108.40400182515496,21.041309507249938
2020-09-15,118.33000183105467,118.83000183105467,113.61000061035156,115.54000091552734,111.97420501708984,184642000,0.0015604809013569643,121.1963737487793,109.6836996459961,48.767983047707425,1.2577312581913418,3.4202884385008163,-2.1625571803094745,133.85255845028087,121.1963737487793,108.5401890472777,20.88541811941639
2020-09-16,115.2300033569336,116.0,112.04000091552734,112.12999725341795,108.66943359375,154679000,-0.02951368507448171,121.02474861145019,110.06284957885742,44.69265180619854,0.7005728951074701,2.876345329822147,-2.175772434714677,134.06901633007516,121.02474861145019,107.98048089282524,21.556364079719867
2020-09-17,109.72000122070312,112.1999969482422,108.70999908447266,110.33999633789062,106.93466186523438,178011000,-0.015963750533576015,120.75637359619141,110.36279953002929,42.67660294791844,0.11327697754830979,2.3237316593673794,-2.2104546818190696,134.43273905819598,120.75637359619141,107.08000813418683,22.651169548595853
2020-09-18,110.4000015258789,110.87999725341795,106.08999633789062,106.83999633789062,103.5427017211914,287104900,-0.03171993145045637,120.18462333679199,110.58454940795899,38.974527523744015,-0.6273483365228003,1.7335156601893436,-2.360863996712144,135.125742723994,120.18462333679199,105.24350394958998,24.86361228646144
2020-09-21,104.54000091552734,110.19000244140624,103.0999984741211,110.08000183105467,106.68268585205078,195713800,0.03032549932214823,119.47012329101562,110.86774948120117,43.831963118876125,-0.941999089271718,1.1984127102971314,-2.1404117995688496,134.9010079796856,119.47012329101562,104.03923860234565,25.832206854063582
2020-09-22,112.68000030517578,112.86000061035156,109.16000366210938,111.80999755859376,108.35929107666016,183055400,0.015715813781952637,118.76774826049805,111.1943994140625,46.2902523560165,-1.0397799447639358,0.7507741792849181,-1.7905541240488538,134.2504700245198,118.76774826049805,103.2850264964763,26.072266235212073
2020-09-23,111.62000274658205,112.11000061035156,106.7699966430664,107.12000274658205,103.81404876708984,150718700,-0.04194603217138737,117.88249855041504,111.3956494140625,41.0455394772769,-1.4786701733042094,0.3048853087670927,-1.783555482071302,133.89424260918827,117.88249855041504,101.87075449164182,27.165600077479613
2020-09-24,105.16999816894533,110.25,105.0,108.22000122070312,104.88008880615234,167743300,0.010268745432077342,116.96737365722656,111.60554946899414,42.68574850603932,-1.7179299307969984,-0.09967773914572556,-1.6182521916512729,132.99138634465172,116.96737365722656,100.9433609698014,27.399115131683814
2020-09-25,108.43000030517578,112.44000244140624,107.66999816894533,112.27999877929688,108.81478881835938,149981400,0.037516177350683355,116.33087348937988,111.92069946289062,48.39279298518082,-1.5619321585653694,-0.39212862302965434,-1.169803535535715,132.03456652099126,116.33087348937988,100.62718045776852,26.998323936843814
2020-09-28,115.01000213623048,115.31999969482422,112.77999877929688,114.95999908447266,111.4120864868164,137672400,0.023868976787636997,115.83849830627442,112.29334945678711,51.80433235567086,-1.2081226869332369,-0.5553274358103709,-0.652795251122866,131.05827005756302,115.83849830627442,100.61872655498583,26.27757088329626
2020-09-29,114.5500030517578,115.30999755859376,113.56999969482422,114.08999633789062,110.56891632080078,99382200,-0.007568031374364348,115.0909984588623,112.60799942016601,50.63414875194057,-0.98655568253929,-0.6415730851561547,-0.3449825973831353,129.06103732637592,115.0909984588623,101.12095959134868,24.276509987020436
2020-09-30,113.79000091552734,117.26000213623048,113.62000274658205,115.80999755859376,112.23583221435548,142675200,0.015075809269201601,114.17249870300293,112.9841993713379,52.8993542337965,-0.6645124257923527,-0.6461609532833944,-0.0183514725089583,125.08180072706281,114.17249870300293,103.26319667894305,19.1102098105749
2020-10-01,117.63999938964844,117.72000122070312,115.83000183105467,116.79000091552734,113.18560028076172,116120400,0.008462253521605234,113.44199905395507,113.37454940795898,54.189184282403794,-0.32644963575610575,-0.5822186897779367,0.2557690540218309,121.11606558620184,113.44199905395507,105.7679325217083,13.52949806287677
2020-10-02,112.88999938964844,115.37000274658205,112.22000122070312,113.0199966430664,109.53192901611328,144712000,-0.03228035417566677,113.0489990234375,113.77804931640625,48.6678190540299,-0.35860648426299235,-0.5374962486749478,0.17888976441195548,119.92245192640553,113.0489990234375,106.17554612046948,12.16013049623378
2020-10-05,113.91000366210938,116.6500015258789,113.5500030517578,116.5,112.90457153320312,106243800,0.030791409841724793,112.82599906921386,114.25574935913086,53.38894216511767,-0.10210680736329891,-0.45041836041261807,0.34831155304931916,118.90140325707594,112.82599906921386,106.75059488135179,10.7695109956617
2020-10-06,115.6999969482422,116.12000274658205,112.25,113.16000366210938,109.66763305664062,161498200,-0.028669684784292215,112.84299926757812,114.62274948120117,48.75426747934396,-0.166420366007344,-0.3936187615315633,0.22719839552421928,118.9201437149342,112.84299926757812,106.76585482022205,10.770972921316444
2020-10-07,114.62000274658205,115.5500030517578,114.12999725341795,115.08000183105467,111.5283660888672,96849000,0.016967020992105786,112.73099937438965,115.05929946899414,51.36781973196888,-0.06174970627121468,-0.3272449504794936,0.2654952442082789,118.55110575300695,112.73099937438965,106.91089299577236,10.325653832426708
2020-10-08,116.25,116.4000015258789,114.58999633789062,114.97000122070312,111.4217758178711,83477200,-0.0009557234157916428,112.80499954223633,115.45789947509766,51.20668871848418,0.012185943764905005,-0.2593587716306139,0.2715447153955189,118.69899176069397,112.80499954223633,106.91100732377869,10.449877651479122
2020-10-09,115.27999877929688,117.0,114.91999816894533,116.97000122070312,113.36005401611328,100506900,0.01739586525178405,113.05349960327149,115.8734994506836,54.03014289569741,0.22951802349388117,-0.16158341260571488,0.391101436099596,119.20427013171971,113.05349960327149,106.90272907482327,10.88116785421516
2020-10-12,120.05999755859376,125.18000030517578,119.27999877929688,124.4000015258789,120.5607452392578,240226800,0.06352053450963413,113.50549964904785,116.23629943847656,62.67186446697258,0.9898834319737091,0.06870995631016993,0.9211734756635391,121.36039581162785,113.50549964904785,105.65060348646784,13.840556073259656
2020-10-13,125.2699966430664,125.38999938964844,119.6500015258789,121.0999984741211,117.36257934570312,262330500,-0.026527423061360356,113.78349952697754,116.47954940795898,57.50155106687633,1.3110824865458994,0.31718446235731584,0.9938980241885835,122.2745360594949,113.78349952697754,105.29246299446017,14.92489959935568
2020-10-14,121.0,123.02999877929688,119.62000274658205,121.19000244140624,117.44981384277344,150712000,0.0007432905578306226,114.23649978637695,116.71004943847656,57.60428129457838,1.5549728601788217,0.564742141921617,0.9902307182572048,123.27537734872038,114.23649978637695,105.19762222403352,15.82485033985844
2020-10-15,118.72000122070312,121.1999969482422,118.1500015258789,120.70999908447266,116.98462677001952,112559200,-0.003960730609387397,114.75499992370605,116.92299942016602,56.81549515309956,1.690043707227801,0.7898024549828537,0.9002412522449472,124.02703469634737,114.75499992370605,105.48296515106473,16.159705073950168
2020-10-16,121.27999877929688,121.5500030517578,118.80999755859376,119.0199966430664,115.34676361083984,115393800,-0.014000670040171692,115.36399993896484,117.02534942626953,54.01124692807051,1.6417936780260476,0.9602006995914926,0.681592978434555,124.0585780081563,115.36399993896484,106.66942186977337,15.073295089961288
2020-10-19,119.95999908447266,120.41999816894533,115.66000366210938,115.9800033569336,112.40059661865234,120639300,-0.02554182622866963,115.65900001525878,117.12269943237305,49.297715296474685,1.342774462201831,1.0367154521135602,0.30605901008827074,124.01000908377988,115.65900001525878,107.30799094673769,14.440742298341421
2020-10-20,116.1999969482422,118.9800033569336,115.62999725341795,117.51000213623048,113.88340759277344,124423700,0.013192198428909618,115.94400024414062,117.21834945678711,51.587642100611724,1.2152490594093592,1.07242217357272,0.14282688583663927,124.13770085673053,115.94400024414062,107.75029963155072,14.133893250770408
2020-10-21,116.66999816894533,118.70999908447266,116.4499969482422,116.87000274658205,113.26317596435548,89946000,-0.005446198366629407,116.43150024414062,117.36824951171874,50.55899672664514,1.0504329200483227,1.0680243228678405,-0.017591402819517876,123.55786078008585,116.43150024414062,109.3051397081954,12.24129298514962
2020-10-22,117.4499969482422,118.04000091552734,114.58999633789062,115.75,112.1777114868164,101988000,-0.009583560308079941,116.80800018310546,117.42304946899414,48.727856847150534,0.8199877721600615,1.0184170127262848,-0.19842924056622335,122.87637318962747,116.80800018310546,110.73962717658345,10.390337985428003
2020-10-23,116.38999938964844,116.5500030517578,114.27999877929688,115.04000091552734,111.48960876464844,82572600,-0.006134041362118814,116.946000289917,117.42364944458008,47.55210358650065,0.5734568857693461,0.9294249873348971,-0.35596810156555103,122.71432585006161,116.946000289917,111.17767472977238,9.86493859703547
2020-10-26,114.01000213623048,116.5500030517578,112.87999725341795,115.0500030517578,111.49930572509766,111850700,8.697636090637673e-05,116.95050048828125,117.42649948120118,47.57129591481814,0.3745686764073213,0.818453725149382,-0.4438850487420607,122.71275870086532,116.95050048828125,111.18824227569718,9.854183074935136
2020-10-27,115.48999786376952,117.27999877929688,114.54000091552734,116.5999984741211,113.0014877319336,92276800,0.01347256825562293,117.07600059509278,117.46634948730468,50.588796452967365,0.3381223503275095,0.7223874501850075,-0.384265099857498,122.69104219197872,117.07600059509278,111.46095899820683,9.592130869426537
2020-10-28,115.0500030517578,115.43000030517578,111.0999984741211,111.1999969482422,107.76811981201172,143937800,-0.04631238070366528,116.84550056457519,117.37909942626953,41.604795741323414,-0.1250550622020512,0.5528989477075957,-0.6779540099096469,123.00188766354488,116.84550056457519,110.6891134656055,10.537653686660073
2020-10-29,112.37000274658205,116.93000030517578,112.1999969482422,115.31999969482422,111.7609634399414,146129200,0.03705032281248588,116.77200050354004,117.37134948730468,49.04060140210888,-0.15785703169639476,0.4107477518267976,-0.5686047835231924,122.96427856698205,116.77200050354004,110.57972244009804,10.605758292638447
2020-10-30,111.05999755859376,111.98999786376952,107.72000122070312,108.86000061035156,105.50033569335938,190272600,-0.05601801875971113,116.56400070190429,117.18304946899414,40.362108236783534,-0.6970852022074894,0.18918116101994026,-0.8862663632274297,123.48322709025322,116.56400070190429,109.64477431355536,11.871978220864023
2020-11-02,109.11000061035156,110.68000030517578,107.31999969482422,108.7699966430664,105.4131088256836,122866900,-0.0008267923234794861,116.17750053405761,116.87104934692383,40.25522129856749,-1.1187932283205981,-0.07241371684816741,-1.0463795114724308,123.88636847494945,116.17750053405761,108.46863259316578,13.270844880385368
2020-11-03,109.66000366210938,111.48999786376952,108.7300033569336,110.44000244140624,107.0315933227539,107624400,0.015353730812993183,116.04150047302247,116.56269943237305,43.25782346775755,-1.3032216383328858,-0.3185753011451111,-0.9846463371877747,124.04870849216971,116.04150047302247,108.03429245387522,13.800593729841976
2020-11-04,114.13999938964844,115.58999633789062,112.3499984741211,114.9499969482422,111.4023895263672,138235500,0.040836505072228135,116.03500022888184,116.36519943237305,50.49384356321938,-1.073093661149528,-0.4694789731459945,-0.6036146880035336,124.0455302556916,116.03500022888184,108.02447020207208,13.807092706526127
2020-11-05,117.9499969482422,119.62000274658205,116.87000274658205,119.02999877929688,115.35647583007812,126387100,0.03549372971730613,116.23800010681153,116.21534942626953,55.9647946067797,-0.555094744797529,-0.48660212747630144,-0.06849261732122752,124.33558704333626,116.23800010681153,108.14041317028679,13.93277057259043
2020-11-06,118.31999969482422,119.1999969482422,116.12999725341795,118.69000244140624,115.2254409790039,114457900,-0.0011359123979067798,116.32400016784668,116.08894943237304,55.41521425209438,-0.17005148691987415,-0.423291999365016,0.25324051244514184,124.4871262918391,116.32400016784668,108.16087404385425,14.03515372960637
2020-11-09,120.5,121.98999786376952,116.0500030517578,116.31999969482422,112.92459869384766,154515300,-0.019968179471541392,115.92000007629395,115.9191993713379,51.61056853250249,-0.05550155825966385,-0.3497339111439456,0.29423235288428173,123.19594726096199,115.92000007629395,108.6440528916259,12.553394030157525
2020-11-10,115.5500030517578,117.58999633789062,114.12999725341795,115.97000122070312,112.5848159790039,138023400,-0.0030089344462931322,115.66350021362305,115.6577995300293,51.05311402922125,0.006957927037220202,-0.27839554350771245,0.28535347054493265,122.5417457790611,115.66350021362305,108.785254648185,11.89354559171108
2020-11-11,117.19000244140624,119.62999725341795,116.44000244140624,119.48999786376952,116.0020523071289,112295000,0.030352550638465203,115.57849998474121,115.36399963378906,56.17947457159021,0.3366115816080111,-0.15539411848456774,0.4920057000925788,122.2193834637224,115.57849998474121,108.93761650576003,11.49155505540895
2020-11-12,119.62000274658205,120.52999877929688,118.56999969482422,119.20999908447266,115.73025512695312,103162300,-0.002343037685714089,115.50349998474121,115.12019973754883,55.679921918325775,0.5687151225203451,-0.010572270283585178,0.5792873928039303,121.94166229409366,115.50349998474121,109.06533767538876,11.147995186644517
2020-11-13,119.44000244140624,119.66999816894533,117.87000274658205,119.26000213623048,115.77877807617188,81581900,0.0004192762658781213,115.51550025939942,115.08779983520508,55.75558553649379,0.7480703895004837,0.1411562616732286,0.6069141278272551,121.98067387102232,115.51550025939942,109.05032664777652,11.19360362393762
2020-11-16,118.91999816894533,120.98999786376952,118.1500015258789,120.3000030517578,116.7884292602539,91183000,0.008720520296195966,115.73150024414062,115.07459991455079,57.38514241508179,0.9630289151309768,0.3055307923647782,0.6574981227661986,122.52465758246905,115.73150024414062,108.93834290581219,11.739513138597474
2020-11-17,119.5500030517578,120.66999816894533,118.95999908447266,119.38999938964844,115.90496826171876,74271000,-0.007564627798584578,115.82550010681152,115.20599990844727,55.46033337600576,1.0478761411959283,0.45399986213100824,0.5938762790649201,122.76494908566131,115.82550010681152,108.88605112796172,11.982592732084733
2020-11-18,118.61000061035156,119.81999969482422,118.0,118.02999877929688,114.5846710205078,76322100,-0.011391204889765194,115.88349990844726,115.22019989013671,52.61968749817494,0.9939202024871747,0.5619839302022416,0.43193627228493314,122.87608612161624,115.88349990844726,108.89091369527829,12.068303457685362
2020-11-19,117.58999633789062,119.05999755859376,116.80999755859376,118.63999938964844,115.17689514160156,74113000,0.005168441082208819,116.02799987792969,115.3231999206543,53.763604309172024,0.9889813225298951,0.6473834086677723,0.3415979138621228,123.1222816891309,116.02799987792969,108.93371806672847,12.22856865354042
2020-11-20,118.63999938964844,118.7699966430664,117.29000091552734,117.33999633789062,113.91483306884766,73604300,-0.010957597625828486,116.14299964904785,115.4299998474121,50.94092134091031,0.8701374401151156,0.6919342149572411,0.17820322515787457,123.24405402002402,116.14299964904785,109.04194527807168,12.228122904408533
2020-11-23,117.18000030517578,117.62000274658205,113.75,113.8499984741211,110.52669525146484,127959300,-0.0297427273174784,116.08299942016602,115.3997998046875,44.227665268038386,0.48870565205221794,0.6512885023762365,-0.16258285032401854,123.24003900612625,116.08299942016602,108.92595983420578,12.330900513786878
2020-11-24,113.91000366210938,115.8499984741211,112.58999633789062,115.16999816894533,111.80815887451172,113874200,0.011594154879337903,116.01149940490723,115.39239974975585,47.06892219941493,0.28959290883163646,0.5789493836673164,-0.28935647483567994,123.17501971819328,116.01149940490723,108.84797909162117,12.349672834213957
2020-11-25,115.5500030517578,116.75,115.16999816894533,116.02999877929688,112.64305877685548,76499200,0.007467253827878606,116.25299949645996,115.47039978027344,48.89559040767653,0.19889672954063542,0.5029388528419803,-0.30404212330134484,123.06862062510655,116.25299949645996,109.43737836781338,11.725497248531857
2020-11-27,116.56999969482422,117.48999786376952,116.22000122070312,116.58999633789062,113.18672943115234,46691300,0.00482649051082551,116.31649932861328,115.59539978027344,50.103110765517776,0.17024400993219047,0.43639988426002235,-0.2661558743278319,123.11982043692325,116.31649932861328,109.5131782203033,11.697946804759779
2020-11-30,116.97000122070312,120.97000122070312,116.80999755859376,119.0500030517578,115.57491302490234,169410200,0.02109950173268893,116.8259994506836,115.83959991455077,55.119888449522406,0.3420950471294333,0.41753891683390454,-0.07544386970447126,122.79436191446025,116.8259994506836,110.85763698690694,10.217524338486168
2020-12-01,121.01000213623048,123.47000122070312,120.01000213623048,122.72000122070312,119.13777923583984,127728200,0.030827331967533622,117.52349967956543,116.09239990234374,61.36136569245168,0.7656010407795435,0.48715134162303236,0.27844969915651113,122.78119302813457,117.52349967956543,112.2658063309963,8.947475803400234
2020-12-02,122.0199966430664,123.37000274658205,120.88999938964844,123.08000183105467,119.48728942871094,89004200,0.0029336638227845935,118.15549964904785,116.31779998779297,61.920792708305704,1.117400930182697,0.6132012593349654,0.5041996708477317,122.86563766286268,118.15549964904785,113.44536163523303,7.972778292682348
2020-12-03,123.5199966430664,123.77999877929688,122.20999908447266,122.94000244140624,119.35135650634766,78967600,-0.0011376349987785028,118.55499992370605,116.63419998168945,61.54759382516408,1.3691256679461645,0.7643861410572053,0.6047395268889593,123.4611432269961,118.55499992370605,113.648856620416,8.276569198173526
2020-12-04,122.5999984741211,122.86000061035156,121.5199966430664,122.25,118.68148803710938,78260400,-0.005612575247124663,118.71599998474122,116.91479995727539,59.63972450232723,1.4957004025723535,0.910648993360235,0.5850514092121185,123.87856120607354,118.71599998474122,113.55343876340889,8.697330135779302
2020-12-07,122.30999755859376,124.56999969482422,122.25,123.75,120.1377410888672,86712000,0.012270262834103374,118.9689998626709,117.14419998168945,62.37053113646174,1.6974817427772422,1.0680155432436365,0.6294661995336057,124.57828668608683,118.9689998626709,113.35971303925497,9.429829333508524
2020-12-08,124.37000274658205,124.9800033569336,123.08999633789062,124.37999725341795,120.74932861328124,82225500,0.005090719359885698,119.37199974060059,117.33259994506835,63.487922854072835,1.8864842062556875,1.2317092758460468,0.6547749304096406,125.31058553484367,119.37199974060059,113.4334139463575,9.949713177542188
2020-12-09,124.52999877929688,125.9499969482422,121.0,121.77999877929688,118.2251968383789,115089200,-0.020903899043499097,119.66249961853028,117.48639999389648,56.0859037395878,1.8056573782105687,1.3464988963189513,0.45915848189161745,125.47405823971552,119.66249961853028,113.85094099734503,9.713249580631853
2020-12-10,120.5,123.87000274658205,120.1500015258789,123.23999786376952,119.64260864257812,81312200,0.011989083901775333,119.84999961853028,117.635,58.97817010394884,1.8382213871563948,1.44484339448644,0.39337799266995477,125.86559069300759,119.84999961853028,113.83440854405296,10.038533322693862
2020-12-11,122.43000030517578,122.76000213623048,120.5500030517578,122.41000366210938,118.83683776855467,86939800,-0.006734815323448995,120.0099998474121,117.74740005493165,56.692229042152235,1.7765757440367196,1.511189864396496,0.26538587964022353,126.1184971819676,120.0099998474121,113.90150251285661,10.179980572155992
2020-12-14,122.5999984741211,123.3499984741211,121.54000091552734,121.77999877929688,118.2251968383789,79184500,-0.005146896717051597,120.13599967956543,117.92260009765624,54.951206059210286,1.6577751983022182,1.5405069311776405,0.11726826712457772,126.28126743499153,120.13599967956543,113.99073192413933,10.23051836554765
2020-12-15,124.33999633789062,127.9000015258789,124.12999725341795,127.87999725341795,124.14714050292967,157243700,0.050090368406376484,120.51499938964844,118.1502000427246,65.87787023864965,2.032415387490815,1.6388886224402754,0.3935267650505394,127.52772160919031,120.51499938964844,113.50227717010657,11.637924333166822
2020-12-16,127.41000366210938,128.3699951171875,126.55999755859376,127.80999755859376,124.0792007446289,98208600,-0.0005472518982357899,120.93599929809571,118.4431999206543,65.68099312135567,2.2971914530800603,1.7705491885682325,0.5266422645118278,128.60799929117368,120.93599929809571,113.26399930501773,12.687702648683171
2020-12-17,128.89999389648438,129.5800018310547,128.0399932861328,128.6999969482422,124.9432373046875,94359800,0.006963589021151906,121.46949920654296,118.71559982299804,67.0301155487239,2.5494553708432335,1.9263304250232327,0.6231249458200008,129.72104811470433,121.46949920654296,113.21795029838158,13.586207174742192
2020-12-18,128.9600067138672,129.10000610351562,126.12000274658205,126.66000366210938,122.96277618408205,192541500,-0.015850886877341597,121.87049942016601,118.94939987182617,61.10101534654045,2.555309911839757,2.0521263223865374,0.5031835894532195,130.31039919186742,121.87049942016601,113.4305996484646,13.850603405839257
2020-12-21,125.0199966430664,128.30999755859375,123.4499969482422,128.22999572753906,124.48693084716795,121251600,0.012395252534020296,122.41499938964844,119.1745997619629,63.757973408411154,2.6560179943432303,2.172904656777876,0.48311333756535424,131.01904113235847,122.41499938964844,113.81095764693842,14.0571691142574
2020-12-22,131.61000061035156,134.41000366210938,129.64999389648438,131.8800048828125,128.03041076660156,168904800,0.028464674125382006,123.31649971008301,119.32419982910156,69.05068942954132,2.995821148356711,2.337487955093643,0.658333193263068,131.9202280100614,123.31649971008301,114.7127714101046,13.95389638889486
2020-12-23,132.16000366210938,132.42999267578125,130.77999877929688,130.9600067138672,127.13729858398438,88223700,-0.00697578159180734,124.1060001373291,119.52139999389648,66.41782521594916,3.154518111404613,2.5008939863558375,0.6536241250487755,132.4691597886086,124.1060001373291,115.7428404860496,13.477446121904299
2020-12-24,131.32000732421875,133.4600067138672,131.10000610351562,131.97000122070312,128.11773681640625,54930100,0.007711649086001415,124.90300025939942,119.73699996948243,67.86638607469058,3.323473776885976,2.6654099444618655,0.6580638324241104,133.07158309826087,124.90300025939942,116.73441742053795,13.07988250385802
2020-12-28,133.99000549316406,137.33999633789062,133.50999450683594,136.69000244140625,132.70001220703125,124486200,0.03576612812940527,125.90800056457519,120.05660003662109,73.59795238128098,3.7944964181381664,2.891227239197126,0.9032691789410405,134.66306312229858,125.90800056457519,117.1529380068518,13.907079007633245
2020-12-29,138.0500030517578,138.7899932861328,134.33999633789062,134.8699951171875,130.93313598632812,121047300,-0.013314815811369618,126.69900016784668,120.37360000610352,68.5226316588273,3.9751033571514824,3.108002462787997,0.8671008943634853,135.6881849025818,126.69900016784668,117.70981543311154,14.189827422199949
2020-12-30,135.5800018310547,135.99000549316406,133.39999389648438,133.72000122070312,129.81668090820312,96452100,-0.008526910088226813,127.24900016784667,120.7283999633789,65.45132429427545,3.9795667921899422,3.2823153286683864,0.6972514635215559,136.53812535958366,127.24900016784667,117.95987497610967,14.599918552576844
2020-12-31,134.0800018310547,134.74000549316406,131.72000122070312,132.69000244140625,128.8167266845703,99116600,-0.00770281767055736,127.72950019836426,121.03199996948243,62.73893364815855,3.855547452151498,3.3969617533650087,0.45858569878648936,137.10015211977262,127.72950019836426,118.35884827695591,14.672651042798579
2021-01-04,133.52000427246094,133.61000061035156,126.76000213623048,129.41000366210938,125.63253021240234,143301900,-0.024718812176969918,128.05300025939943,121.28279998779297,54.93199404421166,3.4527911155717277,3.4081276258063524,0.044663489765375264,137.18357904169932,128.05300025939943,118.92242147709952,14.260624528599736
2021-01-05,128.88999938964844,131.74000549316406,128.42999267578125,131.00999450683594,127.18578338623048,97664900,0.012363463278197928,128.49099998474122,121.58799987792969,57.69728257215766,3.2255278296190966,3.3716076665689014,-0.14607983694980486,137.30087481109052,128.49099998474122,119.68112515839191,13.712827867158808
2021-01-06,127.72000122070312,131.0500030517578,126.37999725341795,126.5999984741211,122.90451049804688,155088000,-0.033661567937844805,128.63349990844728,121.81919982910156,48.80796894278269,2.6589198413812767,3.2290701015313767,-0.5701502601501001,137.22142344760903,128.63349990844728,120.04557636928553,13.35254586911506
2021-01-07,128.36000061035156,131.6300048828125,127.86000061035156,130.9199981689453,127.09841918945312,109578200,0.0341233098314393,128.96049995422362,122.13659973144532,55.96511580873316,2.5293104833304483,3.0891181778911916,-0.5598076945607433,137.37191318188763,128.96049995422362,120.54908672655962,13.04494512761622
2021-01-08,132.42999267578125,132.6300048828125,130.22999572753906,132.0500030517578,128.19544982910156,105158200,0.00863134763315343,129.47400016784667,122.44559982299805,57.63366772402925,2.4890834785482525,2.969111238022604,-0.4800277594743516,137.30306327030448,129.47400016784667,121.64493706538886,12.093645198740163
2021-01-11,129.19000244140625,130.1699981689453,128.5,128.97999572753906,125.21504974365234,100384500,-0.023248875755125575,129.76100006103516,122.80119979858398,51.88188601502212,2.1843001016040375,2.812149010738891,-0.6278489091348534,137.05764342901375,129.76100006103516,122.46435669305656,11.246281031352261
2021-01-12,128.5,129.69000244140625,126.86000061035156,128.8000030517578,125.04027557373048,91951100,-0.0013957920416090008,130.08050003051758,123.07079986572266,51.55701273885498,1.906259007621287,2.63097101011537,-0.724712002494083,136.57741906621695,130.08050003051758,123.58358099481823,9.989074510284238
2021-01-13,128.75999450683594,131.4499969482422,128.49000549316406,130.88999938964844,127.06929779052734,88636800,0.01622694933681945,130.53600006103517,123.51139984130859,55.074755345870365,1.833420148889644,2.4714608378702247,-0.6380406889805808,135.80206400703975,130.53600006103517,125.26993611503059,8.068370324726217
2021-01-14,130.8000030517578,131.0,128.75999450683594,128.91000366210938,125.14710998535156,90221800,-0.01512708292717957,130.58750038146974,123.91419998168945,51.27592370413185,1.5975106129413348,2.2966707928844468,-0.699160179943112,135.76811067625545,130.58750038146974,125.40689008668404,7.934312671047689
2021-01-15,128.77999877929688,130.22000122070312,127.0,127.13999938964844,123.42874145507812,111598500,-0.01373078875312883,130.55400047302246,124.2481999206543,48.0830328825515,1.2532790332648176,2.087992440960521,-0.8347134076957032,135.81407483394938,130.55400047302246,125.29392611209553,8.058082237033952
2021-01-19,127.77999877929688,128.7100067138672,126.94000244140624,127.83000183105467,124.09862518310548,90757300,0.0054272912461896805,130.5105007171631,124.50580001831055,49.405648378212,1.024342474333963,1.8752624476352096,-0.8509199733012465,135.84504674037353,130.5105007171631,125.17595469395265,8.174891666029614
2021-01-20,128.66000366210938,132.49000549316406,128.5500030517578,132.02999877929688,128.17599487304688,104319500,0.03285588123095895,130.77900047302245,124.76580001831054,56.64566913221178,1.1683452975460966,1.733879017617387,-0.5655337200712904,135.8451155680567,130.77900047302245,125.71288537798819,7.747597208589034
2021-01-21,133.8000030517578,139.6699981689453,133.58999633789062,136.8699951171875,132.8746795654297,120150900,0.03665807078023198,131.21100044250488,125.12939987182617,63.18384946752993,1.6539501199224276,1.7178932380783953,-0.06394311815596776,136.78231845300763,131.21100044250488,125.63968243200215,8.492150797895988
2021-01-22,136.27999877929688,139.85000610351562,135.02000427246094,139.07000732421875,135.01051330566406,114459400,0.01607404621572517,131.57050056457518,125.58440002441407,65.71486609503381,2.1910608534571168,1.8125267611541398,0.37853409230297697,138.111594316251,131.57050056457518,125.02940681289938,9.943100806955464
2021-01-25,143.07000732421875,145.08999633789062,136.5399932861328,142.9199981689453,138.74815368652344,157611700,0.02768406910947263,132.1685001373291,126.1233999633789,69.64739465901627,2.8940265285584417,2.028826714635,0.8651998139234416,140.35648964258166,132.1685001373291,123.98051063207653,12.390228377782714
2021-01-26,143.60000610351562,144.3000030517578,141.3699951171875,143.16000366210938,138.9811553955078,98390600,0.0016793139425177461,132.7280002593994,126.5968000793457,69.87933524849184,3.430948489661631,2.3092510696403266,1.1216974200213046,142.2119741192753,132.7280002593994,123.2440263995235,14.290841180972702
2021-01-27,143.42999267578125,144.3000030517578,140.41000366210938,142.05999755859375,137.9132537841797,140843800,-0.007683787116959273,132.9965000152588,127.05380004882812,67.33947903956008,3.724764941075591,2.5923538439273797,1.1324110971482115,143.19135823691207,132.9965000152588,122.8016417936055,15.331017313212936
2021-01-28,139.52000427246094,141.99000549316406,136.6999969482422,137.08999633789062,133.0883331298828,142621100,-0.0349851846860737,133.10750007629395,127.41039993286132,57.22007627825728,3.5160482179839505,2.777092718738694,0.7389554992452565,143.4290888955941,133.10750007629395,122.78591125699378,15.50865099770348
2021-01-29,135.8300018310547,136.74000549316406,130.2100067138672,131.9600067138672,128.1080780029297,177523800,-0.037420673997718645,133.01950035095214,127.64360000610351,49.029939392177006,2.903224852756665,2.8023191455422882,0.10090570721437686,143.3487082886908,133.01950035095214,122.69029241321347,15.530366465798757
2021-02-01,133.75,135.3800048828125,130.92999267578125,134.13999938964844,130.22445678710938,106239800,0.01652026021443609,133.09200019836425,127.93860000610351,52.1634137074137,2.5639099526806888,2.754637306969969,-0.19072735428928,143.43128941736808,133.09200019836425,122.7527109793604,15.537055876527297
2021-02-02,135.72999572753906,136.30999755859375,134.61000061035156,134.99000549316406,131.04962158203125,83305400,0.006336480990439819,133.371000289917,128.27780014038086,53.36721291961286,2.3366533531559526,2.6710405162071655,-0.33438716305121297,143.59834610743397,133.371000289917,123.14365447240002,15.33668607911037
2021-02-03,135.75999450683594,135.77000427246094,133.61000061035156,133.94000244140625,130.0302276611328,89880900,-0.007778686489837261,133.51750068664552,128.583800201416,51.638508412355094,2.0482138553464324,2.546475184035019,-0.4982613286885864,143.6891591568384,133.51750068664552,123.34584221645264,15.236442290909741
2021-02-04,136.3000030517578,137.39999389648438,134.58999633789062,137.38999938964844,133.37950134277344,84183100,0.025757654522985618,134.05700073242187,128.98480026245116,56.61166423495445,2.0741004571463577,2.452000238657287,-0.37789978151092907,143.84103245281048,134.05700073242187,124.27296901203326,14.596823242252846
2021-02-05,137.35000610351562,137.4199981689453,135.86000061035156,136.75999450683594,132.96630859375,75693800,-0.003097872947969482,134.3490005493164,129.44300018310548,55.48950846810845,2.0204887105584532,2.36569793303752,-0.3452092224790668,144.08960110500888,134.3490005493164,124.6083999936239,14.500443644338002
2021-02-08,136.02999877929688,136.9600067138672,134.9199981689453,136.91000366210938,133.11216735839844,71297200,0.00109696032168638,134.59200057983398,129.87780029296874,55.71460369831337,1.9674262353269967,2.2860435934954157,-0.3186173581684191,144.33354935896665,134.59200057983398,124.85045180070131,14.47567275494121
2021-02-09,136.6199951171875,137.8800048828125,135.85000610351562,136.00999450683594,132.23716735839844,76774200,-0.006573403599117289,134.94350051879883,130.27740020751952,53.951722436313254,1.831636657043191,2.195162206204971,-0.36352554916178015,144.35130501564174,134.94350051879883,125.53569602195591,13.943323629035879
2021-02-10,136.47999572753906,136.99000549316406,134.39999389648438,135.38999938964844,131.6343536376953,73046600,-0.004558580108339316,135.27300033569335,130.6534002685547,52.71432645016621,1.6549171586458158,2.0871131966931404,-0.43219603804732465,144.24873790740907,135.27300033569335,126.29726276397764,13.270552955048723
2021-02-11,135.89999389648438,136.38999938964844,133.77000427246094,135.1300048828125,131.38153076171875,64280000,-0.0019206450974980083,135.48500061035156,130.97500030517577,52.1739237944738,1.476861953844491,1.9650629481234105,-0.4882009942789196,144.234059906744,135.48500061035156,126.73594131395913,12.915170324358355
2021-02-12,134.35000610351562,135.52999877929688,133.69000244140625,135.3699951171875,131.6149139404297,60145100,0.0017763773747940803,135.80800018310546,131.22800018310548,52.656387102908376,1.3396741972255768,1.8399851979438437,-0.500311000718267,144.0229409591918,135.80800018310546,127.59305940701911,12.097874595031824
2021-02-16,135.49000549316406,136.00999450683594,132.7899932861328,133.19000244140625,129.495361328125,80576300,-0.016104197836303125,136.11050033569336,131.4302001953125,47.92679116053601,1.0430214200717955,1.6805924423694343,-0.6375710222976387,143.42235109110248,136.11050033569336,128.79864958028423,10.743992178965902
2021-02-17,131.25,132.22000122070312,129.47000122070312,130.83999633789062,127.21055603027344,97918500,-0.017643916155901107,136.26100006103516,131.58820007324218,43.401218483744735,0.611249994727018,1.466723952840951,-0.855473958113933,142.98520054742542,136.26100006103516,129.5367995746449,9.869589219774257
2021-02-18,129.1999969482422,130.0,127.41000366210938,129.7100067138672,126.1119155883789,96856700,-0.008636393678155718,136.14500045776367,131.73740020751953,41.37794647491126,0.17586010463762136,1.2085511832002853,-1.032691078562664,143.22764664030367,136.14500045776367,129.06235427522367,10.404563015499429
2021-02-19,130.24000549316406,130.7100067138672,128.8000030517578,129.8699951171875,126.2674560546875,87668800,0.0012333526580967646,135.79500045776368,131.85980010986327,41.79169459995119,-0.1544988267018823,0.9359411812198519,-1.0904400079217342,143.3741753403391,135.79500045776368,128.21582557518826,11.162671463641647
2021-02-22,128.00999450683594,129.72000122070312,125.5999984741211,126.0,122.50485229492188,103916400,-0.02979868191955981,135.14150009155273,131.89220016479493,35.301284793179505,-0.7202839380773867,0.6046961573604043,-1.324980095437791,143.67255593385997,135.14150009155273,126.61044424924548,12.625367983229152
2021-02-23,123.76000213623048,126.70999908447266,118.38999938964844,125.86000061035156,122.36869049072266,158273000,-0.0011114809058454522,134.28850021362305,131.97380020141603,35.08898316285486,-1.1665225500036343,0.2504524158875966,-1.4169749658912307,142.94856480192038,134.28850021362305,125.62843562532572,12.897700956554134
2021-02-24,124.94000244140624,125.55999755859376,122.2300033569336,125.3499984741211,121.87284088134766,111039900,-0.004052095412531931,133.39799995422362,132.01600021362304,34.28019163243272,-1.543529922921465,-0.1083440518742157,-1.4351858710472492,141.88701661150708,133.39799995422362,124.90898329694016,12.72735222446591
2021-02-25,124.68000030517578,126.45999908447266,120.54000091552734,120.98999786376952,117.6337890625,148199500,-0.0347825798446324,132.34449996948243,131.98760009765624,28.279095721404218,-2.169122301697996,-0.5204997018389719,-1.6486225998590243,141.47738656748413,132.34449996948243,123.21161337148072,13.801686658845172
2021-02-26,122.58999633789062,124.8499984741211,121.1999969482422,121.26000213623048,117.89631652832033,164560400,0.002231735183509498,131.55300025939943,131.9772001647949,29.106772639919143,-2.6130006359653635,-0.9389998886642502,-1.6740007473011134,141.60153257682134,131.55300025939943,121.5044679419775,15.276781673710188
2021-03-01,123.75,127.93000030517578,122.79000091552734,127.79000091552734,124.24518585205078,116307900,0.05385129502502628,131.34449996948243,131.9754002380371,45.490549912151955,-2.4100791931145267,-1.2332157495543057,-1.176863443560221,141.52281093998693,131.34449996948243,121.16618899897793,15.498648170070926
2021-03-02,128.41000366210938,128.72000122070312,125.01000213623048,125.12000274658205,121.64922332763672,102260900,-0.02089386809324989,130.8935001373291,131.92160034179688,41.288853603234074,-2.436621173667305,-1.4738968343769057,-0.9627243392903995,141.33238516169033,130.8935001373291,120.45461511296789,15.950196172321906
2021-03-03,124.80999755859376,125.70999908447266,121.83999633789062,122.05999755859376,118.6741180419922,112966300,-0.02445642647164048,130.2469997406006,131.7888003540039,37.06365087699693,-2.673751387972203,-1.7138677450959652,-0.9598836428762378,141.18081663295715,130.2469997406006,119.31318284824403,16.789357012648747
2021-03-04,121.75,123.5999984741211,118.62000274658205,120.12999725341795,116.79766082763672,178155000,-0.01581184882866804,129.55649948120117,131.6582002258301,34.65486168076666,-2.983027205427689,-1.9676996371623101,-1.0153275682653788,141.19197469617032,129.55649948120117,117.92102426623204,17.96200925706157
2021-03-05,120.9800033569336,121.94000244140624,117.56999969482422,121.41999816894533,118.05184936523438,153766600,0.010738130615890684,128.75799942016602,131.5220002746582,37.575148064041905,-3.088436650851577,-2.1918470399001633,-0.8965896109514135,140.32526619525208,128.75799942016602,117.19073264507995,17.967453404334904
2021-03-08,120.93000030517578,121.0,116.20999908447266,116.36000061035156,113.13225555419922,154376600,-0.041673161729255837,127.7379997253418,131.21160018920898,31.608146362677857,-3.5394730683125175,-2.461372245582634,-1.0781008227298834,139.88607582653825,127.7379997253418,115.58992362414534,19.020301127803567
2021-03-09,119.02999877929688,122.05999755859376,118.79000091552734,121.08999633789062,117.73101806640624,129525800,0.040649437153702284,126.94699935913086,131.01419998168944,41.03459061967026,-3.475191706937622,-2.6641361378536317,-0.8110555690839902,138.65541877456755,126.94699935913086,115.23857994369416,18.446153866644423
2021-03-10,121.69000244140624,122.16999816894533,119.4499969482422,119.9800033569336,116.65182495117188,111943300,-0.009166599702940204,126.14549980163574,130.77440002441406,39.65335541475768,-3.4737719412993044,-2.826063298542766,-0.6477086427565384,137.45026470386077,126.14549980163574,114.8407348994107,17.923374072007032
2021-03-11,122.54000091552734,123.20999908447266,121.26000213623048,121.95999908447266,118.5768814086914,103026500,0.016502583292848705,125.47399978637695,130.4797999572754,43.318471948192496,-3.275124067547665,-2.9158754523437462,-0.35924861520391893,136.0761499992692,125.47399978637695,114.8718495734847,16.89935800395734
2021-03-12,120.4000015258789,121.16999816894533,119.16000366210938,121.02999877929688,117.67268371582033,88105100,-0.00762541299896935,124.76899948120118,130.2030000305176,42.02734156454821,-3.156352976359713,-2.9639709571469397,-0.19238201921277343,134.55264039454468,124.76899948120118,114.98535856785767,15.68280735443037
2021-03-15,121.41000366210938,124.0,120.41999816894533,123.98999786376952,120.55057525634766,92403800,0.024456751130767396,124.19999961853027,130.0083999633789,47.40097273459142,-2.7912035850567065,-2.9294174827288932,0.13821389767218673,132.68938906392174,124.19999961853027,115.7106101731388,13.670514446804999
2021-03-16,125.6999969482422,127.22000122070312,124.72000122070312,125.56999969482422,122.08674621582033,115227900,0.012742958349274192,123.81899948120117,129.86599990844726,50.061867112350455,-2.347269259649039,-2.8129878381129223,0.4657185784638833,131.28227212982466,123.81899948120117,116.3557268325777,12.055133186174052
2021-03-17,124.0500030517578,125.86000061035156,122.33999633789062,124.76000213623048,121.2992172241211,111932600,-0.006450569092136038,123.51499977111817,129.7729998779297,48.70166167798176,-2.0373231488653403,-2.657854900263406,0.6205317513980657,130.2714036341059,123.51499977111817,116.75859590813045,10.940215966494446
2021-03-18,122.87999725341795,123.18000030517578,120.31999969482422,120.52999877929688,117.18656158447266,121229700,-0.0339050468235883,123.05599937438964,129.5633999633789,42.24620655683289,-2.108706684287455,-2.548025257068216,0.43931857278076114,129.29400319637483,123.05599937438964,116.81799555240445,10.138479803827327
2021-03-19,119.9000015258789,121.43000030517578,119.68000030517578,119.98999786376952,116.66154479980467,185549500,-0.0044801791056010565,122.56199951171875,129.43119995117186,41.490129012589684,-2.183680106335032,-2.4751562269215794,0.29147612058654726,128.08744190865667,122.56199951171875,117.03655711478085,9.016566992952162
2021-03-22,120.33000183105467,123.87000274658205,120.26000213623048,123.38999938964844,119.96722412109376,111912300,0.028335638165616128,122.43149948120117,129.28059997558594,47.82204279671219,-1.9463095305889766,-2.3693868876550592,0.4230773570660826,127.74521192525616,122.43149948120117,117.11778703714619,8.680302808626276
2021-03-23,123.33000183105467,124.23999786376952,122.13999938964844,122.54000091552734,119.14080047607422,95467100,-0.006888745247496608,122.26549949645997,129.09039993286132,46.46814795580404,-1.805961413275213,-2.25670179277909,0.4507403795038769,127.34258000321795,122.26549949645997,117.18841898970199,8.305009226098127
2021-03-24,122.81999969482422,122.9000015258789,120.06999969482422,120.08999633789062,116.75875091552734,88530500,-0.019993566863983236,122.00249938964843,128.91259994506837,42.71440441544183,-1.8708632658662196,-2.179534087396516,0.30867082153029646,126.95666998191929,122.00249938964843,117.04832879737758,8.121424752862403
2021-03-25,119.54000091552734,121.66000366210938,119.0,120.58999633789062,117.24488830566406,98844700,0.004163605608357601,121.9824993133545,128.74839981079103,43.7137130199275,-1.860505876689757,-2.1157284452551646,0.2552225685654075,126.95605009236318,121.9824993133545,117.0089485343458,8.154531686110799
2021-03-26,120.3499984741211,121.4800033569336,118.91999816894533,121.20999908447266,117.84770965576172,94071200,0.005141557630436555,121.9799991607666,128.5547998046875,44.995052596536354,-1.7817298583576218,-2.0489287278756563,0.2671988695180345,126.9550502393848,121.9799991607666,117.00494808214839,8.157158735607489
2021-03-29,121.6500015258789,122.58000183105467,120.7300033569336,121.38999938964844,118.02268981933594,80819200,0.0014847990180322235,121.65999908447266,128.40439971923828,45.38378216225134,-1.6853471432018097,-1.976212410940887,0.2908652677390773,125.86237090375134,121.65999908447266,117.45762726519398,6.908387063788866
2021-03-30,120.11000061035156,120.4000015258789,118.86000061035156,119.9000015258789,116.57404327392578,85671900,-0.012274305454550105,121.3989990234375,128.2595997619629,42.6940428602113,-1.709487613130264,-1.9228674513787625,0.21337983824849838,125.35028210528772,121.3989990234375,117.44771594158728,6.509580991005337
2021-03-31,121.6500015258789,123.5199966430664,121.1500015258789,122.1500015258789,118.7616195678711,118323800,0.018765552197627322,121.40349922180175,128.14599975585938,47.73170875376103,-1.5294325669131723,-1.8441804744856445,0.3147479075724722,125.35798706788414,121.40349922180175,117.44901137571937,6.514619218442158
2021-04-01,123.66000366210938,124.18000030517578,122.48999786376952,123.0,119.58804321289062,75089100,0.006958676111243456,121.54699935913087,127.96539978027344,49.536501181417805,-1.3031282214637798,-1.7359700238812716,0.4328418024174918,125.51449308457282,121.54699935913087,117.57950563368891,6.528328541816706
2021-04-05,123.87000274658205,126.16000366210938,123.06999969482422,125.9000015258789,122.40760803222656,88651200,0.023577313781416587,121.77099952697753,127.74599990844726,55.21793366917709,-0.8796346299850057,-1.5647029451020185,0.6850683151170127,126.16722539389116,121.77099952697753,117.37477366006391,7.220480876384153
2021-04-06,126.5,127.12999725341795,125.6500015258789,126.20999908447266,122.70899963378906,80171300,0.002462196642901038,122.2634994506836,127.48879974365235,55.79091015091971,-0.5130841803632649,-1.3543791921542678,0.841295011791003,126.31834084495051,122.2634994506836,118.20865805641668,6.63295490884012
2021-04-07,125.83000183105467,127.91999816894533,125.13999938964844,127.9000015258789,124.35211944580078,83466700,0.013390377371793605,122.603999710083,127.18839981079101,58.879794748403164,-0.08523865692508537,-1.1005510851084312,1.0153124281833459,127.30044370992424,122.603999710083,117.90755571024177,7.661159523256562
2021-04-08,128.9499969482422,130.38999938964844,128.52000427246094,130.36000061035156,126.74388122558594,88844600,0.019233783794313286,123.12299957275391,126.93239974975586,62.938987597525994,0.4471785736687366,-0.7910051533529977,1.2381837270217342,128.74733788357406,123.12299957275391,117.49866126193376,9.13612944833545
2021-04-09,129.8000030517578,133.0399932861328,129.47000122070312,133.0,129.31065368652344,106686700,0.02025164793848333,123.67499961853028,126.75119979858398,66.73419890916779,1.069816770331954,-0.41884076861600733,1.4886575389479615,130.7216214115049,123.67499961853028,116.62837782555563,11.395385995083265
2021-04-12,132.52000427246094,132.85000610351562,130.6300048828125,131.24000549316406,127.59947204589844,91420000,-0.013233106413438,124.18549995422363,126.63419998168945,62.16385588389513,1.4050486529805255,-0.05406288429670075,1.4591115372772263,131.8444224117885,124.18549995422363,116.52657749665875,12.33464850628787
2021-04-13,132.44000244140625,134.66000366210938,131.92999267578125,134.42999267578125,130.70094299316406,91266500,0.02430629921532912,124.70749969482422,126.68359970092773,66.62534139241691,1.9061546764270219,0.33798062784804384,1.5681740485789781,133.57042473711005,124.70749969482422,115.84457465253838,14.21394072365268
2021-04-14,134.94000244140625,135.0,131.66000366210938,132.02999877929688,128.36753845214844,87222800,-0.017853004634692415,125.03049964904785,126.6413996887207,60.81515193130935,2.085584045773217,0.6875013114330786,1.3980827343401385,134.4490527089336,125.03049964904785,115.61194658916209,15.066008831961803
2021-04-15,133.82000732421875,135.0,133.63999938964844,134.5,130.76898193359375,89347100,0.018707560419104707,125.51749954223632,126.63159957885742,64.26874258685444,2.399432406362365,1.0298875304189359,1.3695448759434292,135.79758318763868,125.51749954223632,115.23741589683398,16.380319370436673
2021-04-16,134.3000030517578,134.6699981689453,133.27999877929688,134.16000366210938,130.4384765625,84922400,-0.002527398823534366,126.19899978637696,126.63599960327149,63.43989080606089,2.5908588225322546,1.3420817888415997,1.248777033690655,136.86604680726109,126.19899978637696,115.53195276549285,16.905121338426987
2021-04-19,133.50999450683594,135.47000122070312,133.33999633789062,134.83999633789062,131.099609375,94264200,0.005068541353158373,126.94149971008301,126.58499954223633,64.42798914019625,2.7655557572287535,1.6267765825190306,1.138779174709723,137.8412102981951,126.94149971008301,116.04178912197091,17.172808912775643
2021-04-20,135.02000427246094,135.52999877929688,131.80999755859375,133.11000061035156,129.4176025390625,94812300,-0.01282999121016637,127.42749977111816,126.51199966430664,59.986089774382535,2.732904912902626,1.8480022485957497,0.8849026643068763,138.5156175750293,127.42749977111816,116.33938196720703,17.40302183410537
2021-04-21,132.36000061035156,133.75,131.3000030517578,133.5,129.79676818847656,68847100,0.002929784217719611,127.97549972534179,126.44379959106445,60.64480811059465,2.7072906139534894,2.019859921667298,0.6874306922861915,139.12640387825095,127.97549972534179,116.82459557243261,17.42662334093791
2021-04-22,133.0399932861328,134.14999389648438,131.41000366210938,131.94000244140625,128.28001403808594,84566500,-0.011685607982073631,128.56800003051757,126.36239974975587,56.62900540477409,2.531925866638801,2.122273110661599,0.4096527559772021,139.2284719057803,128.56800003051757,117.90752815525482,16.583398470431707
2021-04-23,132.16000366210938,135.1199951171875,132.16000366210938,134.32000732421875,130.5940704345703,78657500,0.018039103081149754,129.25450057983397,126.34099990844726,60.884643141339616,2.5555359171819703,2.208925671965673,0.34661024521629713,139.53301883802004,129.25450057983397,118.9759823216479,15.904310042709186
2021-04-26,134.8300018310547,135.05999755859375,133.55999755859375,134.72000122070312,130.9829559326172,66905100,0.002977818952673683,129.9300006866455,126.33279983520508,61.567182489316046,2.5768192486127646,2.2825043872950914,0.29431486131767315,139.77145762126386,129.9300006866455,120.08854375202716,15.148859974769286
2021-04-27,135.00999450683594,135.41000366210938,134.11000061035156,134.38999938964844,130.66207885742188,66015800,-0.002449762054235416,130.58000068664552,126.3131999206543,60.62725154951292,2.5378038294660143,2.333564275729276,0.20423955373673852,139.77544890038482,130.58000068664552,121.38455247290622,14.084006992473114
2021-04-28,134.30999755859375,135.02000427246094,133.0800018310547,133.5800018310547,129.8745880126953,107760100,-0.006026927258565018,131.2640007019043,126.32099990844726,58.275534980730534,2.413700162161632,2.3495914530157473,0.06410870914588473,139.11717641154942,131.2640007019043,123.4108249922592,11.96546755797789
2021-04-29,136.47000122070312,137.07000732421875,132.4499969482422,133.47999572753906,129.77734375,151101000,-0.0007487551197145059,131.83050041198732,126.37379989624023,57.9765174143771,2.2809836947662063,2.3358699013658395,-0.05488620659963317,138.5206283356575,131.83050041198732,125.14037248831713,10.149590425224325
2021-04-30,131.77999877929688,133.55999755859375,131.07000732421875,131.4600067138672,127.81336975097656,109839500,-0.015133411905908556,132.25350074768068,126.40879989624024,52.155272921096206,1.9898707155764157,2.266670064207955,-0.2767993486315392,137.58960420525455,132.25350074768068,126.91739729010682,8.069508069588762
2021-05-03,132.0399932861328,134.07000732421875,131.8300018310547,132.5399932861328,128.86338806152344,75135100,0.008215246281297883,132.58550033569335,126.46219985961915,54.77010228479759,1.82526693176996,2.178389437720356,-0.3531225059503962,137.0549667833579,132.58550033569335,128.1160338880288,6.742013925125014
2021-05-04,131.19000244140625,131.49000549316406,126.6999969482422,127.8499984741211,124.30349731445312,137564700,-0.035385463750908674,132.6675003051758,126.49919982910156,43.62092477470703,1.3013724502594926,2.0029860402281834,-0.7016135899686908,136.70542386588693,132.6675003051758,128.62957674446466,6.087283700111447
2021-05-05,129.1999969482422,130.4499969482422,127.97000122070312,128.10000610351562,124.54657745361328,84000900,0.0019555374097417477,132.67750053405763,126.54399993896484,44.27215879639341,0.896026984181475,1.7815942290188418,-0.8855672448373668,136.66886851986848,132.67750053405763,128.68613254824677,6.016646333771249
2021-05-06,127.88999938964844,129.75,127.12999725341795,129.74000549316406,126.14108276367188,78128300,0.01280248195220346,132.64650077819823,126.63180007934571,48.476514711518945,0.6990636559820018,1.5650881144114739,-0.8660244584294721,136.71820664951085,132.64650077819823,128.57479490688561,6.139183238796514
2021-05-07,130.85000610351562,131.25999450683594,129.47999572753906,130.2100067138672,126.8130874633789,78973300,0.0053274055128100795,132.5070011138916,126.81620025634766,49.64891540556852,0.5742740955857073,1.3669253106463206,-0.7926512150606133,136.70976882127877,132.5070011138916,128.3042334065044,6.343465133249593
2021-05-10,129.41000366210938,129.5399932861328,126.80999755859376,126.8499984741211,123.54073333740234,88071200,-0.02580454581962255,132.28750076293946,126.92800018310547,42.247744952418074,0.20192521751101822,1.1339252920192602,-0.932000074508242,137.14031592309857,132.28750076293946,127.43468560278033,7.3367704918024135
2021-05-11,123.5,126.2699966430664,122.7699966430664,125.91000366210938,122.6252670288086,126142800,-0.007410238581743833,131.86150131225585,126.8904002380371,40.431876688946595,-0.16708759467391587,0.873722714680625,-1.0408103093545409,137.34240930141613,131.86150131225585,126.38059332309557,8.3131284485851
2021-05-12,123.4000015258789,124.63999938964844,122.25,122.7699966430664,119.56716918945312,112172300,-0.02493856212061929,131.39850120544435,126.8434001159668,35.017420946181105,-0.7047809550880686,0.5580219807268864,-1.262802935814955,138.15929177613287,131.39850120544435,124.6377106347558,10.290513984049019
2021-05-13,124.58000183105467,126.1500015258789,124.26000213623048,124.97000122070312,121.70977783203124,105861300,0.017919707032481247,130.9220012664795,126.90160018920898,40.980917976902305,-0.942520049446216,0.2579135746922659,-1.2004336241384819,138.07331889539347,130.9220012664795,123.77068363756553,10.924546767900582
2021-05-14,126.25,127.88999938964844,125.8499984741211,127.4499969482422,124.1250991821289,81918000,0.019844924484464954,130.58650093078614,127.04800018310547,46.8970118311416,-0.9202074864251699,0.022289362468778717,-0.9424968488939487,137.7282887197761,130.58650093078614,123.44471314179621,10.93801845992527
2021-05-17,126.81999969482422,126.93000030517578,125.16999816894533,126.2699966430664,122.9758529663086,74244600,-0.00925877379670026,130.15800094604492,127.1450001525879,44.60587745177783,-0.9863705171044472,-0.17944261344586648,-0.8069279036585808,137.2557950465245,130.15800094604492,123.06020684556535,10.906427647766135
2021-05-18,126.55999755859376,126.98999786376952,124.77999877929688,124.8499984741211,121.5928955078125,63342900,-0.011245764311754614,129.7450008392334,127.31480010986328,41.94988685748909,-1.14024316695874,-0.3716027241484412,-0.7686404428102989,137.06541902296271,129.7450008392334,122.42458265550408,11.28431636884418
2021-05-19,123.16000366210938,124.91999816894533,122.86000061035156,124.69000244140624,121.43708801269533,92612000,-0.001281386502611559,129.30450096130372,127.38680023193359,41.64897116493798,-1.260567654018871,-0.5493957101225272,-0.7111719438963439,136.72763775350867,129.30450096130372,121.88136416909876,11.481637123252872
2021-05-20,125.2300033569336,127.72000122070312,125.0999984741211,127.30999755859376,123.98873138427734,76857100,0.02101205993440214,129.0730007171631,127.5334001159668,48.20147638329734,-1.1314710729482442,-0.6658107826876706,-0.46566029026057365,136.44151654723353,129.0730007171631,121.70448488709266,11.417594367728416
2021-05-21,127.81999969482422,128.0,125.20999908447266,125.43000030517578,122.15777587890624,79295400,-0.014767112179706388,128.62850036621094,127.60280014038086,44.352719099593074,-1.167404061579262,-0.7661294384659889,-0.4012746231132731,135.74557687440335,128.62850036621094,121.51142385801855,11.066095753164777
2021-05-24,126.01000213623048,127.94000244140624,125.94000244140624,127.0999984741211,123.7842025756836,63092900,0.013314147913020546,128.24750022888185,127.72420013427734,48.30165671373057,-1.0490337108577563,-0.8227102929443424,-0.22632341791341393,134.81393919377405,128.24750022888185,121.68106126398965,10.240260360900837
2021-05-25,127.81999969482422,128.32000732421875,126.31999969482422,126.9000015258789,123.58944702148438,72009500,-0.0015733474073974518,127.87300033569336,127.78240020751953,47.86359660026584,-0.9602927799715246,-0.8502267903497789,-0.11006598962174574,133.8206226642023,127.87300033569336,121.92537800718445,9.302389578558676
2021-05-26,126.95999908447266,127.38999938964844,126.41999816894533,126.8499984741211,123.54073333740234,56575900,-0.0003941573108063867,127.53650016784668,127.80800018310546,47.74700275535876,-0.8838117495886735,-0.8569437821975578,-0.026867967391115632,132.88595016376962,127.53650016784668,122.18705017192373,8.388892574098719
2021-05-27,126.44000244140624,127.63999938964844,125.08000183105467,125.27999877929688,122.01168823242188,94625600,-0.012376849834657255,127.12650032043457,127.8184001159668,44.11346863384254,-0.9390609265158503,-0.8733672110612163,-0.06569371545463398,131.80598186960836,127.12650032043457,122.44701877126079,7.361929318243959
2021-05-28,125.56999969482422,125.8000030517578,124.5500030517578,124.61000061035156,121.35916137695312,71311100,-0.005348068409853801,126.78400001525878,127.9000001525879,42.62279097135327,-1.0250929170553889,-0.9037123522600509,-0.12138056479533799,131.13589849278122,126.78400001525878,122.43210153773636,6.865059434942375
2021-06-01,125.08000183105467,125.3499984741211,123.94000244140624,124.27999877929688,121.03777313232422,67637100,-0.0026482404870172838,126.37100028991699,127.98580017089844,41.87226384238303,-1.1071398600744118,-0.9443978538229232,-0.1627420062514886,129.96049301134767,126.37100028991699,122.78150756848632,5.680880444399039
2021-06-02,124.27999877929688,125.23999786376952,124.0500030517578,125.05999755859376,121.79742431640624,59278900,0.006276149704534939,126.23150024414062,128.01920013427736,44.365871137248845,-1.0965825497314654,-0.9748347930046317,-0.12174775672683369,129.79701219232552,126.23150024414062,122.66598829595573,5.649163546799249
2021-06-03,124.68000030517578,124.8499984741211,123.12999725341795,123.54000091552734,120.31708526611328,76229200,-0.012154108008452735,126.00349998474121,128.03920013427734,40.70158513978858,-1.1970677789697106,-1.0192813901976476,-0.177786388772063,129.64431169058187,126.00349998474121,122.36268827890055,5.778905675289269
2021-06-04,124.06999969482422,126.16000366210938,123.8499984741211,125.88999938964844,122.60577392578124,75169300,0.01902214182304962,125.81099967956543,128.1552001953125,47.87021153543168,-1.0746894588820908,-1.0303630039345364,-0.04432645494755438,129.02309653388633,125.81099967956543,122.59890282524454,5.106225787096444
2021-06-07,126.16999816894533,126.31999969482422,124.83000183105467,125.9000015258789,122.61553192138672,71057600,7.958838554689152e-05,125.59549942016602,128.26140029907228,47.89908162358636,-0.9657639441411447,-1.017443191975858,0.05167924783471323,128.09812532958517,125.59549942016602,123.09287351074687,3.9852159049854006
2021-06-08,126.5999984741211,128.4600067138672,126.20999908447266,126.73999786376952,123.43359375,74403800,0.00667176348537768,125.58999938964844,128.3720002746582,50.38422384333695,-0.8024093293512067,-0.9744364194509278,0.17202709009972117,128.08203414128425,125.58999938964844,123.09796463801263,3.9685241878283115
2021-06-09,127.20999908447266,127.75,126.5199966430664,127.12999725341795,123.81341552734376,56877900,0.003077134561220385,125.65099906921387,128.4868002319336,51.53996560152936,-0.6341696162606354,-0.9063830588128694,0.272213442552234,128.22960169407415,125.65099906921387,123.07239644435357,4.104388574642188
2021-06-10,127.0199966430664,128.19000244140625,125.94000244140624,126.11000061035156,122.8200225830078,71186400,-0.00802330619912972,125.81799926757813,128.61100021362304,48.36669624892336,-0.5764981246392864,-0.8404060719781529,0.26390794733886647,128.03604721994097,125.81799926757813,123.59995131521528,3.5258038838238157
2021-06-11,126.52999877929688,127.44000244140624,126.0999984741211,127.3499984741211,124.02767944335938,53522400,0.009832736022625133,125.93699913024902,128.7150001525879,52.218215362003576,-0.4258269198530513,-0.7574902415531326,0.3316633217000813,128.21486590115265,125.93699913024902,123.6591323593454,3.6174703012381
2021-06-14,127.81999969482422,130.5399932861328,127.06999969482422,130.47999572753906,127.07600402832033,96906500,0.02457777649829418,126.08849906921387,128.86460006713867,60.27364278931209,-0.053240560618462496,-0.6166403053661986,0.5633997447477361,129.04937718847316,126.08849906921387,123.12762094995458,4.696507835554414
2021-06-15,129.94000244140625,130.60000610351562,129.38999938964844,129.63999938964844,126.25794219970705,62746300,-0.006437579107625768,126.25699920654297,128.93940002441406,57.473304426023596,0.1722703042563012,-0.4588581834416987,0.6311284876979999,129.5990453886498,126.25699920654297,122.91495302443613,5.294037088018559
2021-06-16,130.3699951171875,130.88999938964844,128.4600067138672,130.14999389648438,126.754638671875,91815000,0.003933982001562475,126.52199897766113,129.0181999206543,58.727083502677544,0.3876727339285111,-0.2895519999676568,0.6772247338961679,130.19943347572345,126.52199897766113,122.84456447959882,5.813114759136252
2021-06-17,129.8000030517578,132.5500030517578,129.64999389648438,131.7899932861328,128.35183715820312,96721700,0.012600710341360566,126.87699851989746,129.09599975585937,62.5506331257636,0.6828435605219454,-0.09507288786973636,0.7779164483916817,131.10766470061108,126.87699851989746,122.64633233918383,6.668925384533199
2021-06-18,130.7100067138672,131.50999450683594,130.24000549316406,130.4600067138672,127.05657958984376,108953300,-0.010091461073228447,127.03449897766113,129.09799987792968,57.868616765405285,0.8002252672104362,0.08398674314629816,0.716238524064138,131.5433128644787,127.03449897766113,122.52568509084355,7.098566016480999
2021-06-21,130.3000030517578,132.41000366210938,129.2100067138672,132.3000030517578,128.84854125976562,79663300,0.014103651111233795,127.37799911499023,129.08399993896484,62.09572875629507,1.0298519502059662,0.27315978455823176,0.7566921656477344,132.36675213768459,127.37799911499023,122.38924609229586,7.832990088328792
2021-06-22,132.1300048828125,134.0800018310547,131.6199951171875,133.97999572753906,130.4847412109375,74783600,0.012698629997472732,127.72199897766113,129.13879974365236,65.49934429943895,1.3320392007610167,0.48493566779878877,0.8471035329622278,133.47666039971955,127.72199897766113,121.96733755560271,9.0112298086799
2021-06-23,133.77000427246094,134.32000732421875,133.22999572753906,133.6999969482422,130.21205139160156,60214200,-0.0020898215132688636,128.0619987487793,129.12419982910157,64.4604317552394,1.5312795747760788,0.6942044491942467,0.8370751255818321,134.3600845444947,128.0619987487793,121.76391295306391,9.835994841952173
2021-06-24,134.4499969482422,134.63999938964844,132.92999267578125,133.41000366210938,129.92959594726562,68711000,-0.002169195871789764,128.3899990081787,129.1517999267578,63.339870258013974,1.646795735868153,0.884722706529028,0.7620730293391251,135.0729617034938,128.3899990081787,121.70703631286361,10.410410073902064
2021-06-25,133.4600067138672,133.88999938964844,132.80999755859375,133.11000061035156,129.63746643066406,70783700,-0.0022483677754230325,128.78149909973143,129.12399993896486,62.1364662613984,1.6946010803343086,1.046698381290084,0.6479026990442245,135.6057326713791,128.78149909973143,121.95726552808378,10.598158305895796
2021-06-28,133.41000366210938,135.25,133.35000610351562,134.77999877929688,131.2638397216797,62111300,0.012545549799721556,129.2899990081787,129.1363998413086,66.008023653837,1.8459629439734329,1.206551293826754,0.6394116501466789,136.3079755658916,129.2899990081787,122.27202245046581,10.856178531286014
2021-06-29,134.8000030517578,136.49000549316406,134.35000610351562,136.3300018310547,132.7733917236328,64556100,0.011500135948741441,129.8924991607666,129.16619995117188,69.15998169150103,2.0671616510221043,1.378673365265824,0.6884882857562802,137.15144376171747,129.8924991607666,122.63355455981572,11.17684954535605
2021-06-30,136.1699981689453,137.41000366210938,135.8699951171875,136.9600067138672,133.3870391845703,63261400,0.004621765347493811,130.48749961853028,129.24320007324218,70.36289900808092,2.2671648833669735,1.556371668886054,0.7107932144809195,138.01049721233173,130.48749961853028,122.96450202472882,11.530602725616378
2021-07-01,136.60000610351562,137.3300018310547,135.75999450683594,137.27000427246094,133.6888885498047,52485800,0.002262958733319609,131.17399978637695,129.3186001586914,70.96306443235474,2.4227550856518576,1.7296483522392148,0.6931067334126428,138.53995451777462,131.17399978637695,123.8080450549793,11.230815166715145
2021-07-02,137.89999389648438,140.0,137.75,139.9600067138672,136.30874633789062,78852600,0.019596675658724916,131.87750015258788,129.47900024414062,75.58363264798446,2.7316335860653,1.930045399004432,0.8015881870608679,139.7599039453035,131.87750015258788,123.99509635987226,11.954129830479566
2021-07-06,140.07000732421875,143.14999389648438,140.07000732421875,142.02000427246094,138.31497192382812,108181800,0.014718245452601808,132.683500289917,129.63300018310548,78.41614801334119,3.106832973273441,2.165402913858234,0.9414300594152074,141.2252638469223,132.683500289917,124.14173673291167,12.875396772532133
2021-07-07,143.5399932861328,144.88999938964844,142.66000366210938,144.57000732421875,140.79843139648438,104911600,0.01795510231548847,133.57500076293945,129.8300003051758,81.30701759317034,3.5688061500209187,2.446083561090771,1.1227225889301478,143.11310319306472,133.57500076293945,124.03689833281419,14.281268763835369
2021-07-08,141.5800018310547,144.05999755859375,140.6699981689453,143.24000549316406,139.50318908691406,105575500,-0.009199266616280344,134.38050117492676,130.00700042724608,75.6181988592983,3.7839837788982607,2.713663604652269,1.0703201742459916,144.31805235981213,134.38050117492676,124.4429499900414,14.790168362223003
2021-07-09,142.75,145.64999389648438,142.64999389648438,145.11000061035156,141.32437133789062,99890800,0.01305477145645706,135.33050117492675,130.23760040283204,77.95380994933443,4.058621317664404,2.9826551472546963,1.0759661704097074,145.55249311688416,135.33050117492675,125.10850923296934,15.106708174744105
2021-07-12,146.2100067138672,146.32000732421875,144.0,144.5,140.730224609375,76299700,-0.0042041349477868195,136.1880012512207,130.45800048828124,75.4159229859196,4.178880066382902,3.2219001310803375,0.9569799353025648,146.4654596338732,136.1880012512207,125.9105428685682,15.09304533178965
2021-07-13,144.02999877929688,147.4600067138672,143.6300048828125,145.63999938964844,141.8405303955078,100827100,0.007889604306499765,136.94600143432618,130.74160034179687,76.92769057098484,4.316417441147024,3.440803593093675,0.8756138480533493,147.65486141318914,136.94600143432618,126.23714145546322,15.639536557039968
2021-07-14,148.10000610351562,149.57000732421875,147.67999267578125,149.14999389648438,145.25894165039062,127050800,0.024100384039392075,137.92150115966797,131.0738003540039,80.835363520281,4.654984263047169,3.683639727084374,0.9713445359627948,149.32260796638803,137.92150115966797,126.52039435294792,16.53274755691835
2021-07-15,149.24000549316406,150.0,147.08999633789062,148.47999572753906,144.6064453125,106820300,-0.004491952994267634,138.8380012512207,131.48640029907227,78.115686951191,4.813747768004134,3.9096613352683263,0.904086432735808,150.53596873393244,138.8380012512207,127.14003376850897,16.851247320313725
2021-07-16,148.4600067138672,149.75999450683594,145.8800048828125,146.38999938964844,142.57098388671875,93251400,-0.014075869311236722,139.5680015563965,131.8522001647949,70.18326143555754,4.716554250426384,4.071039918299938,0.6455143321264458,151.23772706155415,139.5680015563965,127.89827605123885,16.72263753155792
2021-07-19,143.75,144.07000732421875,141.6699981689453,142.4499969482422,138.7337646484375,121434600,-0.026914447341754744,140.16750106811523,132.10639999389647,58.18737922786669,4.272353388047577,4.1113026122494665,0.16105077579811056,151.11350308642938,140.16750106811523,129.22149904980108,15.618459250400521
2021-07-20,143.4600067138672,147.10000610351562,142.9600067138672,146.14999389648438,142.33721923828125,96350000,0.025973883134903675,140.86000061035156,132.42519973754884,64.34978580414449,4.170801433188359,4.123202376437245,0.04759905675111398,151.47486174000207,140.86000061035156,130.24513948070106,15.07150515924453
2021-07-21,145.52999877929688,146.1300048828125,144.6300048828125,145.39999389648438,141.60679626464844,74993500,-0.005131637231229336,141.43100051879884,132.7961996459961,62.34401051680701,3.983878375299355,4.095337576209667,-0.11145920091031236,151.72791887285499,141.43100051879884,131.1340821647427,14.56104859088159
2021-07-22,145.94000244140625,148.1999969482422,145.80999755859375,146.8000030517578,142.9702606201172,77338200,0.009628523428498292,142.08600082397462,133.21399963378906,64.5644004584409,3.903710004720949,4.057012061911924,-0.15330205719097467,151.99165478467643,142.08600082397462,132.1803468632728,13.94318075427231
2021-07-23,147.5500030517578,148.72000122070312,146.9199981689453,148.55999755859375,144.684326171875,71447400,0.01198896570743635,142.84350051879883,133.72979965209962,67.18406169486471,3.9368117262692692,4.032971994783393,-0.09616026851412407,152.28567710219122,142.84350051879883,133.40132393540645,13.220309708315709
2021-07-26,148.27000427246094,149.8300018310547,147.6999969482422,148.99000549316406,145.1031494140625,72434100,0.002894738174264777,143.63750076293945,134.21019973754883,67.81020451723361,3.952184799456404,4.016814555717996,-0.06462975626159206,152.3116378190166,143.63750076293945,134.9633637068623,12.077816740062906
2021-07-27,149.1199951171875,149.2100067138672,145.5500030517578,146.77000427246094,142.9410400390625,104818600,-0.014900499291233604,144.23700103759765,134.5965998840332,61.306557832742854,3.742095972530336,3.9618708390804644,-0.21977486655012823,151.98777510989095,144.23700103759765,136.48622696530435,10.747275687287667
2021-07-28,144.80999755859375,146.97000122070312,142.5399932861328,144.97999572753906,141.19773864746094,118931200,-0.01219594730194462,144.66950073242188,134.97079986572265,56.59337733377744,3.39205879146877,3.847908429558126,-0.45584963808935575,151.52023468631637,144.66950073242188,137.8187667785274,9.470875228311577
2021-07-29,144.69000244140625,146.5500030517578,144.5800018310547,145.63999938964844,141.8405303955078,56699500,0.00455242239857534,145.10350036621094,135.38659988403322,57.87919597208725,3.1318070609310382,3.7046881558327085,-0.5728810949016703,150.97548869239444,145.10350036621094,139.23151204002744,8.09351712586371
2021-07-30,144.3800048828125,146.3300018310547,144.11000061035156,145.86000061035156,142.0547637939453,70440600,0.0015103821019291086,145.53300018310546,135.80999984741212,58.32238601765787,2.909765978418477,3.5457037203498625,-0.6359377419313854,150.17886854603847,145.53300018310546,140.88713182017244,6.384625283733198
2021-08-02,146.36000061035156,146.9499969482422,145.25,145.52000427246094,141.72366333007812,62880000,-0.002330794512090173,145.81100006103514,136.17419998168944,57.31864177465002,2.675520226094932,3.3716670214988764,-0.6961467954039446,149.6921519073676,145.81100006103514,141.9298482147027,5.323537791672547
2021-08-03,145.80999755859375,148.0399932861328,145.17999267578125,147.36000061035156,143.51565551757812,64786600,0.012644269456445034,146.0779998779297,136.61279998779298,61.209460578119035,2.6082844274270656,3.2189905026845143,-0.6107060752574487,149.59705298522448,146.0779998779297,142.55894677063492,4.818046674017283
2021-08-04,147.27000427246094,147.7899932861328,146.27999877929688,146.9499969482422,143.1163787841797,56368300,-0.0027821127385613265,146.19699935913087,137.0097999572754,59.89913627725991,2.493175923488508,3.0738275868453133,-0.5806516633568055,149.6646150724955,146.19699935913087,142.72938364576623,4.743757708523809
2021-08-05,146.97999572753906,147.83999633789062,146.1699981689453,147.05999755859375,143.2235107421875,46397700,0.0007485653208803011,146.38799896240235,137.41299987792968,60.14564261894286,2.383353914408133,2.9357328523578774,-0.5523789379497446,149.59402859039326,146.38799896240235,143.18196933441143,4.3801809584327165
2021-08-06,146.35000610351562,147.11000061035156,145.6300048828125,146.13999938964844,142.54074096679688,54126800,-0.004767162680571757,146.4394989013672,137.79879989624024,56.99026323251313,2.196760134108416,2.787938308707985,-0.5911781745995688,149.59444134153156,146.4394989013672,143.2845564612028,4.3088681180059965
2021-08-09,146.1999969482422,146.6999969482422,145.52000427246094,146.08999633789062,142.49195861816406,48908700,-0.00034223442576442054,146.5189987182617,138.21499984741212,56.81579725384828,2.0215452749401095,2.6346597019544102,-0.6131144270143007,149.55222804159015,146.5189987182617,143.48576939493327,4.140390461118253
2021-08-10,146.44000244140625,147.7100067138672,145.3000030517578,145.60000610351562,142.01402282714844,69023100,-0.003354124651317014,146.5169990539551,138.6347999572754,55.037737873492695,1.8221435828217523,2.4721564781278786,-0.6500128953061264,149.55259547879834,146.5169990539551,143.48140262911184,4.143678132153643
2021-08-11,146.0500030517578,146.72000122070312,145.52999877929688,145.86000061035156,142.26763916015625,48493500,0.0017858541569271136,146.35249938964844,139.06639999389648,55.827668423366944,1.665892319367515,2.310903646375806,-0.6450113270082909,149.1464933264915,146.35249938964844,143.55850545280538,3.8181704425892242
2021-08-12,146.19000244140625,149.0500030517578,145.83999633789062,148.88999938964844,145.2229766845703,72282600,0.020773083336872666,146.3729995727539,139.5430000305176,63.80793026937264,1.766198014788955,2.201962520058436,-0.43576450526948074,149.23433740767288,146.3729995727539,143.51166173783494,3.9096525223516485
2021-08-13,148.97000122070312,149.44000244140625,148.27000427246094,149.10000610351562,145.42782592773438,59375000,0.0014105842466580754,146.50849990844728,140.05420013427735,64.28947699910191,1.8414101577234874,2.129852047591446,-0.2884418898679586,149.60705892299822,146.50849990844728,143.40994089389633,4.229869279239394
2021-08-16,148.5399932861328,151.19000244140625,146.47000122070312,151.1199951171875,147.3980712890625,103296000,0.013547925568984098,146.94199981689454,140.55880004882812,68.61507910259927,2.0404910439312403,2.111979846859405,-0.07148880292816484,150.07381520746384,146.94199981689454,143.81018442632524,4.262655189764503
2021-08-17,150.22999572753906,151.67999267578125,149.08999633789062,150.19000244140625,146.49098205566406,92229700,-0.006154010194743598,147.1440002441406,141.04460006713867,64.72770978773424,2.0990251881179347,2.1093889151111114,-0.01036372699317667,150.55420558756936,147.1440002441406,143.73379490071187,4.635194554681871
2021-08-18,149.8000030517578,150.72000122070312,146.14999389648438,146.36000061035156,142.75534057617188,86326000,-0.025500828973026524,147.19200057983397,141.43700012207032,51.72961698428244,1.8154375460362644,2.050598641296142,-0.2351610952598775,150.5289009098508,147.19200057983397,143.85510024981716,4.534078369574099
2021-08-19,145.02999877929688,148.0,144.5,146.6999969482422,143.0869598388672,86960300,0.002322990238802003,147.1870002746582,141.8284001159668,52.638842554499305,1.5996869639973283,1.9604163058363793,-0.3607293418390509,150.52653391014613,147.1870002746582,143.84746663917028,4.537810580086815
2021-08-20,147.44000244140625,148.5,146.77999877929688,148.19000244140625,144.540283203125,60549600,0.010156923914621085,147.16850051879882,142.2700001525879,56.50540068660178,1.5312823938887732,1.8745895234468581,-0.34330712955808496,150.48139869104156,147.16850051879882,143.85560234655608,4.502183769711727
2021-08-23,148.30999755859375,150.19000244140625,147.88999938964844,149.7100067138672,146.02279663085938,60131800,0.010256749155880485,147.204500579834,142.7172003173828,60.08534475590958,1.5814924601950509,1.8159701107964967,-0.23447765060144588,150.6101407480928,147.204500579834,143.7988604115752,4.627087018187742
2021-08-24,149.4499969482422,150.86000061035156,149.14999389648438,149.6199951171875,145.9350128173828,48606400,-0.0006011651297055387,147.3470001220703,143.10000030517577,59.77160168639971,1.5956277128628926,1.771901631209776,-0.17627391834688333,150.9031674186524,147.3470001220703,143.79083282548822,4.826928669923332
2021-08-25,149.80999755859375,150.32000732421875,147.8000030517578,148.36000061035156,144.70606994628906,58991300,-0.008421165334953629,147.51600036621093,143.47440032958986,55.40997578046795,1.4880061671101998,1.7151225383898607,-0.2271163712796609,150.92433919154897,147.51600036621093,144.1076615408729,4.6209751035504985
2021-08-26,148.35000610351562,149.1199951171875,147.50999450683594,147.5399932861328,143.90625,48597200,-0.005527203845601902,147.61100006103516,143.82220031738282,52.71401612858179,1.3213162673137333,1.6363612841746353,-0.315045016860902,150.9090165830478,147.61100006103516,144.31298353902253,4.468524053964739
2021-08-27,147.47999572753906,148.75,146.8300018310547,148.60000610351562,144.94015502929688,55802400,0.007184573493485447,147.74800033569335,144.15840057373046,55.713683220451294,1.260220459260836,1.5611331191918756,-0.30091265993103966,150.97046266341667,147.74800033569335,144.52553800797003,4.362106181338049
2021-08-30,149.0,153.49000549316406,148.61000061035156,153.1199951171875,149.34884643554688,90956700,0.0304173222759343,148.12799987792968,144.61160034179687,65.70428121905803,1.5585608106318318,1.5606186574798668,-0.0020578468480350054,151.94710149219972,148.12799987792968,144.30889826365964,5.156488465944737
2021-08-31,152.66000366210938,152.8000030517578,151.2899932861328,151.8300018310547,148.0906219482422,86453100,-0.008424735224504598,148.35149993896485,145.0022003173828,61.44401936556816,1.6716364270784823,1.58282221139959,0.08881421567889225,152.47566375096076,148.35149993896485,144.22733612696894,5.559989368078769
2021-09-01,152.8300018310547,154.97999572753906,152.33999633789062,152.50999450683594,148.7538604736328,80313700,0.004478599094697833,148.62949981689454,145.37280029296875,62.81281130980592,1.795422876469928,1.6253423444136579,0.17008053205627016,153.0753253540993,148.62949981689454,144.18367427968977,5.9824268300463155
2021-09-02,153.8699951171875,154.72000122070312,152.39999389648438,153.64999389648438,149.86578369140625,71115500,0.00747492007422923,148.95899963378906,145.77180023193358,65.05278698188252,1.9628860245808255,1.6928510804470915,0.27003494413373397,153.8456640260718,148.95899963378906,144.07233524150632,6.561086479227771
2021-09-03,153.75999450683594,154.6300048828125,153.08999633789062,154.3000030517578,150.499755859375,57808700,0.004230266257934989,149.36699981689452,146.18960021972657,66.29927673833495,2.1235728564321903,1.7789954356441116,0.34457742078807874,154.59476638704706,149.36699981689452,144.13923324674198,6.999894992282278
2021-09-07,154.97000122070312,157.25999450683594,154.38999938964844,156.69000244140625,152.83091735839844,82278300,0.015489470303205355,149.89700012207032,146.66120025634766,70.46992627844661,2.4159220594052613,1.9063807603963416,0.5095412990089196,155.79475097688757,149.89700012207032,143.99924926725308,7.86907122892966
2021-09-08,156.97999572753906,157.0399932861328,153.97999572753906,155.11000061035156,151.28982543945312,74420200,-0.010083639786911403,150.37249984741212,147.06780029296874,64.76380115769442,2.491398672825312,2.023384342882136,0.46801432994317604,156.34085879182564,150.37249984741212,144.4041409029986,7.938098988139204
2021-09-09,155.49000549316406,156.11000061035156,153.9499969482422,154.07000732421875,150.27542114257812,57305700,-0.006705039773351906,150.78300018310546,147.42260040283202,61.248285487903885,2.439178336607398,2.1065431416271885,0.33263519498020955,156.58033136411075,150.78300018310546,144.98566900210017,7.689635003899936
2021-09-10,155.0,155.47999572753906,148.6999969482422,148.97000122070312,145.30104064941406,140893200,-0.03310175712929442,150.7870002746582,147.66280029296874,47.602188083510214,1.9636299699270694,2.0779605072871647,-0.11433053736009535,156.57920947893035,150.7870002746582,144.99479107038604,7.6826373543099304
2021-09-13,150.6300048828125,151.4199981689453,148.75,149.5500030517578,145.8667755126953,102404300,0.0038935362111154337,150.80950012207032,147.9084002685547,48.993995629365756,1.6149397435815445,1.9853563545460409,-0.3704166109644964,156.5787726111039,150.80950012207032,145.04022763303675,7.651073021744286
2021-09-14,150.35000610351562,151.07000732421875,146.91000366210938,148.1199951171875,144.4719696044922,109296300,-0.00956219059001362,150.6595001220703,148.0716000366211,45.76620953902222,1.2092708165521628,1.8301392469472653,-0.6208684303951024,156.54353879109513,150.6595001220703,144.7754614530455,7.811042336204934
2021-09-15,148.55999755859375,149.44000244140625,146.3699951171875,149.02999877929688,145.35952758789062,83281300,0.006143461502104763,150.60149993896485,148.2117999267578,48.10905087121827,0.9502510568364357,1.6541616089250994,-0.7039105520886637,156.52563905654208,150.60149993896485,144.67736082138762,7.867304269848756
2021-09-16,148.44000244140625,148.97000122070312,147.22000122070312,148.7899932861328,145.12548828125,68034100,-0.0016100720092057097,150.7229995727539,148.2961996459961,47.525919811166524,0.7173405384382363,1.4667973948277269,-0.7494568563894906,156.3882112722485,150.7229995727539,145.05778787325931,7.517381840267845
2021-09-17,148.82000732421875,148.82000732421875,145.75999450683594,146.05999755859375,142.4626922607422,129868800,-0.01834823125864271,150.69099960327148,148.3525994873047,41.3816206920516,0.30890852965089266,1.2352196217923601,-0.9263110921414675,156.45314635091248,150.69099960327148,144.92885285563048,7.647632257813893
2021-09-20,143.8000030517578,144.83999633789062,141.27000427246094,142.94000244140625,139.4195556640625,123478900,-0.02136093701718056,150.4284996032715,148.30919952392577,35.70096570491508,-0.2634968829313209,0.9354763208476239,-1.198973203778945,157.03843940490867,150.4284996032715,143.8185598016343,8.788148281834529
2021-09-21,143.92999267578125,144.60000610351562,142.77999877929688,143.42999267578125,139.89747619628906,75834000,0.0034279303929078964,150.1144989013672,148.28779937744142,37.15993363706333,-0.6698723084751634,0.6144065949830665,-1.28427890345823,157.39388705247467,150.1144989013672,142.83511075025973,9.698447790696612
2021-09-22,144.4499969482422,146.42999267578125,143.6999969482422,145.85000610351562,142.25784301757812,76404300,0.016872118679090775,149.9259994506836,148.29199951171876,43.92713469031123,-0.7875742367204452,0.3340104286423642,-1.1215846653628094,157.4383650334361,149.9259994506836,142.4136338679311,10.021431386520252
2021-09-23,146.64999389648438,147.0800018310547,145.63999938964844,146.8300018310547,143.21371459960938,64838200,0.006719289156613684,149.84949951171876,148.24559967041014,46.44240465090656,-0.7926393448386193,0.10868047394616748,-0.9013198187847868,157.45468178861674,149.84949951171876,142.24431723482078,10.15042733099449
2021-09-24,145.66000366210938,147.47000122070312,145.55999755859375,146.9199981689453,143.30149841308594,53477900,0.0006129567529338242,149.81849975585936,148.2143997192383,46.67895079891142,-0.7803956123377986,-0.06913474331062575,-0.7112608690271729,157.4660212725109,149.81849975585936,142.17097823920784,10.209048320619605
2021-09-27,145.47000122070312,145.9600067138672,143.82000732421875,145.3699951171875,141.7897186279297,74150700,-0.010549643945790055,149.65699920654296,148.19399963378908,43.14456988402514,-0.8855565142242483,-0.23241909749335027,-0.6531374167308981,157.53361961036003,149.65699920654296,141.7803788027259,10.526230574684286
2021-09-28,143.25,144.75,141.69000244140625,141.91000366210938,138.4149169921875,108972300,-0.023801455199992327,149.09649963378905,148.1831997680664,36.50070648727865,-1.2338664364580438,-0.432708565286289,-0.8011578711717549,157.48632858075015,149.09649963378905,140.70667068682795,11.254226581533715
2021-09-29,142.47000122070312,144.4499969482422,142.02999877929688,142.8300018310547,139.312255859375,74602000,0.006482963590103141,148.64649963378906,148.1167999267578,39.1824668724543,-1.4193075023782171,-0.6300283527046746,-0.7892791496735425,157.36077653145026,148.64649963378906,139.93222273612787,11.724832968324183
2021-09-30,143.66000366210938,144.3800048828125,141.27999877929688,141.5,138.01502990722656,89056700,-0.009311642713315083,148.09599990844725,148.03880004882814,36.7651301754696,-1.654518654480995,-0.8349264130599388,-0.8195922414210564,157.14893285501466,148.09599990844725,139.04306696187984,12.225762953981095
2021-10-01,141.89999389648438,142.9199981689453,139.11000061035156,142.64999389648438,139.1366424560547,94639600,0.008126742062672943,147.54599990844727,147.95579986572267,40.20048059529238,-1.7282085778678322,-1.0135828460215175,-0.7146257318463147,156.51862613423447,147.54599990844727,138.57337368266008,12.162479811522827
2021-10-04,141.75999450683594,142.2100067138672,138.27000427246094,139.13999938964844,135.713134765625,98322000,-0.024605363691386883,146.7879997253418,147.76739990234375,34.10952217253154,-2.046247725478395,-1.2201158219128931,-0.8261319035655017,155.91042382915182,146.7879997253418,137.66557562153176,12.42938676305856
2021-10-05,139.49000549316406,142.24000549316406,139.36000061035156,141.11000061035156,137.63465881347656,80861100,0.014158718322806463,146.00899963378907,147.6097998046875,39.63750067317512,-2.11495353890092,-1.3990833653104986,-0.7158701735904216,154.23270075867174,146.00899963378907,137.7852985089064,11.264649638733031
2021-10-06,139.47000122070312,142.14999389648438,138.3699951171875,142.0,138.50270080566406,83221100,0.006306856133990735,145.35349960327147,147.51439971923827,42.00475004396495,-2.0736837429619754,-1.534003440840794,-0.5396803021211813,152.60327966124777,145.35349960327147,138.10371954529518,9.975377376896846
2021-10-07,143.05999755859375,144.22000122070312,142.72000122070312,143.2899932861328,139.7609100341797,61732700,0.009084366017389378,144.8144989013672,147.48059967041016,45.350151075518035,-1.914812686361472,-1.61016528994493,-0.30464739641654215,150.9016438936215,144.8144989013672,138.72735390911288,8.406817049997526
2021-10-08,144.02999877929688,144.17999267578125,142.55999755859375,142.89999389648438,139.38052368164062,58773200,-0.002721693443796469,144.51099853515626,147.42579956054686,44.51413456014029,-1.7996308960468639,-1.648058411165317,-0.15157248488154695,150.33888925522902,144.51099853515626,138.6831078150835,8.06567081972652
2021-10-11,142.27000427246094,144.80999755859375,141.80999755859375,142.80999755859375,139.29275512695312,64452200,-0.0006297045840347737,144.17399826049805,147.36479949951172,44.31113523737467,-1.696059333483447,-1.6576585956289431,-0.03840073785450393,149.56012869573817,144.17399826049805,138.78786782525793,7.4717084914414205
2021-10-12,143.22999572753906,143.25,141.0399932861328,141.50999450683594,138.02474975585938,73035900,-0.009103168143512419,143.84349822998047,147.28459930419922,41.37586583582213,-1.6992891580142953,-1.6659847081060137,-0.03330444990828152,149.02796396388567,143.84349822998047,138.65903249607527,7.208481158621642
2021-10-13,141.24000549316406,141.39999389648438,139.1999969482422,140.91000366210938,137.43954467773438,78762700,-0.004239856106677431,143.4374984741211,147.15559936523437,40.05700638612446,-1.7303170462373032,-1.6788511757322717,-0.051465870505031486,148.18728396668192,143.4374984741211,138.68771298156028,6.622794657030038
2021-10-14,142.11000061035156,143.8800048828125,141.50999450683594,143.75999450683594,140.2193145751953,69907100,0.020225400949769545,143.18599853515624,147.09179931640625,48.46075408213785,-1.5075582354795927,-1.644592587681736,0.13703435220214333,147.2601136469131,143.18599853515624,139.11188342339938,5.690661312469817
2021-10-15,143.77000427246094,144.89999389648438,143.50999450683594,144.83999633789062,141.27272033691406,67940300,0.007512558201486774,143.1249984741211,147.04739929199218,51.24992771629312,-1.2296979586424754,-1.561613661873884,0.3319157032314086,147.05929607127956,143.1249984741211,139.19070087696264,5.497708491322479
2021-10-18,143.4499969482422,146.83999633789062,143.16000366210938,146.5500030517578,142.94064331054688,85589200,0.011806405154902277,143.30549850463868,147.05559936523437,55.36841568686932,-0.8615767166109833,-1.421606272821304,0.5600295562103206,147.5111688559479,143.30549850463868,139.09982815332947,5.869517073935687
2021-10-19,147.00999450683594,149.1699981689453,146.5500030517578,148.75999450683594,145.09620666503906,76378900,0.015080129098125727,143.5719985961914,147.1089993286133,60.06414435255364,-0.3870484853651419,-1.2146947153300716,0.8276462299649296,148.404263021547,143.5719985961914,138.73973417083582,6.731485906171368
2021-10-20,148.6999969482422,149.75,148.1199951171875,149.25999450683594,145.58387756347656,58418800,0.0033610175596341385,143.74249801635742,147.18219909667968,61.06229285192759,0.0290297412276459,-0.9659498240185281,0.994979565246174,149.09668283971433,143.74249801635742,138.3883131930005,7.449689406048347
2021-10-21,148.80999755859375,149.63999938964844,147.8699951171875,149.47999572753906,145.79849243164062,61421000,0.0014741664513675534,143.87499771118163,147.25459899902344,61.51804534956459,0.3722360874606636,-0.6983126417226899,1.0705487291833535,149.64338660949284,143.87499771118163,138.10660881287043,8.018611975780273
2021-10-22,149.69000244140625,150.17999267578125,148.63999938964844,148.69000244140625,145.02793884277344,58883400,-0.005285058686244404,143.9634979248047,147.2505990600586,58.85414056249543,0.5738685343339398,-0.443876406511364,1.0177449408453039,149.96561670768256,143.9634979248047,137.96137914192684,8.33838975767718
2021-10-25,148.67999267578125,149.3699951171875,147.6199951171875,148.63999938964844,144.9791259765625,50720600,-0.0003365756046761481,144.12699813842772,147.24139892578125,58.680931359923,0.7213140138313747,-0.21083832244281625,0.932152336274191,150.44338847817528,144.12699813842772,137.81060779868017,8.765034200852414
2021-10-26,149.3300018310547,150.83999633789062,149.00999450683594,149.32000732421875,145.64244079589844,60893400,0.004575243607435997,144.49749832153321,147.20539916992186,60.38827088135626,0.882859520881027,0.007901246221952402,0.8749582746590746,151.11249351128708,144.49749832153321,137.88250313177934,9.155861197035124
2021-10-27,149.36000061035156,149.72999572753906,148.49000549316406,148.85000610351562,145.1840057373047,56094900,-0.0031476749228351864,144.79849853515626,147.17859924316406,58.58635087530008,0.961872461551792,0.19869548928792033,0.7631769722638716,151.6270058929434,144.79849853515626,137.9699911773691,9.431737796824216
2021-10-28,149.82000732421875,153.1699981689453,149.72000122070312,152.57000732421875,148.8123779296875,100077900,0.02499154210518184,145.35199890136718,147.3027993774414,66.98366739685994,1.3095679117453756,0.4208699737794114,0.8886979379659642,152.78882035735077,145.35199890136718,137.9151774453836,10.232843734099676
2021-10-29,147.22000122070312,149.94000244140625,146.41000366210938,149.8000030517578,146.11061096191406,124953200,-0.018155525806126116,145.70949935913086,147.36479949951172,57.61543030246962,1.3460860243589252,0.6059131838953142,0.740172840463611,153.27863861231333,145.70949935913086,138.1403601059484,10.389355925967159
2021-11-01,148.99000549316406,149.6999969482422,147.8000030517578,148.9600067138672,145.2913055419922,74588300,-0.005607432715036942,146.20049972534179,147.38019958496093,55.09883708608137,1.2923488147017963,0.7432003100566107,0.5491485046451856,153.25805151320858,146.20049972534179,139.142947937475,9.654620608172207
2021-11-02,148.66000366210938,151.57000732421875,148.64999389648438,150.02000427246094,146.32516479492188,69122000,0.00711576820837978,146.64599990844727,147.3863995361328,57.61478014410529,1.320077600246293,0.8585757680945472,0.4615018321517459,153.4834147953019,146.64599990844727,139.80858502159262,9.325061564752287
2021-11-03,150.38999938964844,151.97000122070312,149.82000732421875,151.49000549316406,147.75897216796875,54511500,0.009798775043625474,147.12050018310546,147.42379974365235,60.88783016449224,1.4440238674925183,0.9756653879741415,0.46835847951837684,153.91943063454207,147.12050018310546,140.32156973166886,9.24266902705563
2021-11-04,151.5800018310547,152.42999267578125,150.63999938964844,150.9600067138672,147.24203491210938,60394600,-0.0034985168634750208,147.50400085449218,147.47579986572265,59.115354196247765,1.4823975489809413,1.0770118201755015,0.4053857288054399,154.26055098647933,147.50400085449218,140.74745072250502,9.16117541605162
2021-11-05,151.88999938964844,152.1999969482422,150.05999755859375,151.27999877929688,147.7694854736328,65463900,0.003582200978397676,147.92300109863282,147.55059997558592,59.87483313213713,1.5210954123581928,1.1658285386120397,0.35526687374615307,154.5230754102935,147.92300109863282,141.32292678697215,8.923661989875189
2021-11-08,151.41000366210938,151.57000732421875,150.16000366210938,150.44000244140625,146.94895935058594,55020900,-0.005552743994586606,148.30450134277345,147.58739990234375,56.887424496386174,1.4670715756583945,1.2260771460213107,0.24099442963708384,154.55088503945257,148.30450134277345,142.05811764609433,8.423727722521338
2021-11-09,150.1999969482422,151.42999267578125,150.05999755859375,150.80999755859375,147.31039428710938,56787900,0.002459595073831977,148.76950149536134,147.54119995117188,57.88420290954414,1.4375417234822976,1.268370061513508,0.16917166196878952,154.26266509635553,148.76950149536134,143.27633789436715,7.384798020803306
2021-11-10,150.02000427246094,150.1300048828125,147.85000610351562,147.9199981689453,144.48744201660156,65187100,-0.019163293155035954,149.12000122070313,147.4629998779297,48.45963884534524,1.1674822956973117,1.248192508350269,-0.0807102126529573,153.30012514943627,149.12000122070313,144.93987729197,5.606389343501145
2021-11-11,148.9600067138672,149.42999267578125,147.67999267578125,147.8699951171875,144.43862915039062,41000000,-0.0003378346625122486,149.32550125122071,147.37019989013672,48.31306743429798,0.9386037849483841,1.186274763669892,-0.2476709787215079,152.77094515101368,149.32550125122071,145.88005735142775,4.61467582016879
2021-11-12,148.42999267578125,150.39999389648438,147.47999572753906,149.99000549316406,146.50941467285156,63804000,0.01433678465824273,149.58300170898437,147.2970001220703,54.58491362553195,0.9177043118190511,1.132560673299724,-0.21485636148067289,152.3525179186564,149.58300170898437,146.81348549931235,3.7029825288038394
2021-11-15,150.3699951171875,151.8800048828125,149.42999267578125,150.0,146.5192108154297,59222800,6.686357050833536e-05,149.7555015563965,147.21100006103515,54.6128747982416,0.8916691945357229,1.0843823775469237,-0.19271318301120077,152.15261577774703,149.7555015563965,147.35838733504596,3.2013704958248947
2021-11-16,149.94000244140625,151.49000549316406,149.33999633789062,151.0,147.49600219726562,59256200,0.006666643755448565,149.86750183105468,147.09720001220703,57.43655386832784,0.9408819180939645,1.055682285656332,-0.11480036756236744,152.2773833140716,149.86750183105468,147.45762034803775,3.2160160856402156
2021-11-17,151.0,155.0,150.99000549316406,153.49000549316406,149.92820739746094,88807000,0.016489973721066642,150.0790023803711,147.06480010986328,63.52207498699065,1.167349511013441,1.0780157307277538,0.08933378028568728,152.9389485965342,150.0790023803711,147.21905616420798,3.811254300471234
2021-11-18,153.7100067138672,158.6699981689453,153.0500030517578,157.8699951171875,154.20655822753906,137827700,0.028535996690310483,150.4985023498535,147.14079986572267,71.29628910368639,1.6808791391657394,1.198588412415351,0.4822907267503884,154.9193080719769,150.4985023498535,146.07769662773012,5.874883341824422
2021-11-19,157.64999389648438,161.02000427246094,156.52999877929688,160.5500030517578,156.82440185546875,117305600,0.016976214617713925,151.09150238037108,147.37239990234374,74.83090090896505,2.277851655841488,1.4144410611005784,0.8634105947409094,157.23066567647967,151.09150238037108,144.9523390842625,8.126417699723868
2021-11-22,161.67999267578125,165.6999969482422,161.0,161.02000427246094,157.28347778320312,117467900,0.0029273245891763278,151.71050262451172,147.60179992675782,75.4029512743705,2.75709971750004,1.6829727923804707,1.0741269251195693,159.10440128143432,151.71050262451172,144.31660396758912,9.747378762856957
2021-11-23,161.1199951171875,161.8000030517578,159.05999755859375,161.41000366210938,157.66441345214844,96041900,0.0024219687554873914,152.31500244140625,147.86760009765624,75.89258007367336,3.1322700907087437,1.9728322520461254,1.1594378386626183,160.73410142846325,152.31500244140625,143.89590345434925,11.054851921491744
2021-11-24,160.75,162.13999938964844,159.63999938964844,161.94000244140625,158.18215942382812,69463600,0.0032838480183534635,152.9695022583008,148.12580017089843,76.57501141852454,3.4327907120473924,2.264823944046379,1.1679667680010133,162.20501159933244,152.9695022583008,143.73399291726915,12.074968153373181
2021-11-26,159.57000732421875,160.4499969482422,156.36000061035156,156.80999755859375,153.17117309570312,76959800,-0.03167858086131403,153.18150177001954,148.28620025634766,59.12775277365358,3.2198900604838627,2.455837167333876,0.7640528931499868,162.56408239617187,153.18150177001954,143.7989211438672,12.250278940650363
2021-11-29,159.3699951171875,161.19000244140625,158.7899932861328,160.24000549316406,156.5215606689453,88748200,0.021873486410845855,153.70350189208983,148.56980041503905,64.88818918008073,3.290012518449828,2.6226722375570666,0.6673402808927613,163.43080732278796,153.70350189208983,143.9761964613917,12.657233323841046
2021-11-30,159.99000549316406,165.52000427246094,159.9199981689453,165.3000030517578,161.46417236328125,174048100,0.03157783294015282,154.52050170898437,149.0170004272461,71.31168899819892,3.7111052748813904,2.8403588450219313,0.8707464298594592,165.21377691665276,154.52050170898437,143.82722650131598,13.840590846394655
2021-12-01,167.47999572753906,170.3000030517578,164.52999877929688,164.77000427246094,160.9464874267578,152052500,-0.003206190753938243,155.25800170898438,149.4438006591797,69.86984747379785,3.9564503492370307,3.0635771458649512,0.8928732033720794,166.62154318122992,155.25800170898438,143.89446023673884,14.638268362548382
2021-12-02,158.74000549316406,164.1999969482422,157.8000030517578,163.75999450683594,159.9598846435547,136739200,-0.006130005065516531,155.87150115966796,149.8020004272461,67.08613137261749,4.023013940728077,3.2554645048375765,0.7675494358905008,167.6715759771402,155.87150115966796,144.0714263421957,15.14077266168723
2021-12-03,164.02000427246094,164.9600067138672,159.72000122070312,161.83999633789062,158.0844268798828,118023100,-0.011724550613743112,156.41550064086914,150.10220031738282,62.027001176961164,3.8761563429122816,3.379602872452518,0.4965534704597636,168.26278114552585,156.41550064086914,144.56822013621243,15.148473720463459
2021-12-06,164.2899932861328,167.8800048828125,164.27999877929688,165.32000732421875,161.48370361328125,107497000,0.021502919677099497,157.11750106811525,150.4702005004883,66.89940614210516,3.9945319635567103,3.502588690673357,0.49194327288335327,169.32283633337212,157.11750106811525,144.91216580285837,15.536569996700104
2021-12-07,169.0800018310547,171.5800018310547,168.33999633789062,171.17999267578125,167.20773315429688,120405400,0.035446484152502844,158.15450057983398,150.98640045166016,73.14757306680934,4.509217882835202,3.703914529105726,0.8053033537294758,171.39465441010708,158.15450057983398,144.91434674956088,16.743315911632465
2021-12-08,172.1300048828125,175.9600067138672,170.6999969482422,175.0800018310547,171.01722717285156,116998900,0.022783001400056957,159.36800079345704,151.64980041503907,76.34754936954212,5.1721865797522355,3.997568939235028,1.1746176405172073,174.06213281854284,159.36800079345704,144.67386876837125,18.44050493439969
2021-12-09,174.91000366210938,176.75,173.9199981689453,174.55999755859375,170.50927734375,108923700,-0.0029701676111738573,160.70000076293945,152.28440032958986,75.06310379847582,5.591182379479534,4.316291627283929,1.2748907521956045,175.82509979137765,160.70000076293945,145.57490173450125,18.824018614350052
2021-12-10,175.2100067138672,179.6300048828125,174.69000244140625,179.4499969482422,175.2858123779297,115402700,0.028013343957526082,162.27900085449218,153.04340026855468,78.69325195950779,6.245823685226668,4.702198038872478,1.5436256463541902,178.28482222920863,162.27900085449218,146.27317947977573,19.72630012563129
2021-12-13,181.1199951171875,182.1300048828125,175.52999877929688,175.74000549316406,171.66189575195312,153237000,-0.020674329409861913,163.56650085449218,153.70520050048827,70.32834459262307,6.391588082939961,5.040076047685975,1.351512035253986,179.55373140445442,163.56650085449218,147.57927030452993,19.548294383560112
2021-12-14,175.25,177.74000549316406,172.2100067138672,174.3300018310547,170.28465270996094,139380400,-0.008022997974939439,164.78300094604492,154.4090005493164,67.39616321457078,6.320473423396749,5.29615552282813,1.0243179005686187,180.14635514798127,164.78300094604492,149.41964674410858,18.646770739375945
2021-12-15,175.11000061035156,179.5,172.30999755859375,179.3000030517578,175.1392822265625,131063300,0.02850890810970652,166.1980010986328,155.17280059814453,71.85111113012263,6.589195956478562,5.554763609558217,1.0344323469203456,181.43539581093762,166.1980010986328,150.96060638632798,18.336435590776993
2021-12-16,179.27999877929688,181.13999938964844,170.75,172.25999450683594,168.26258850097656,150185800,-0.0392641424480098,167.1365005493164,155.77800048828124,59.457876087640884,6.163046878170235,5.676420263280621,0.4866266148896141,181.4090614651904,167.1365005493164,152.86393963344239,17.078927546006213
2021-12-17,169.92999267578125,173.47000122070312,169.69000244140625,171.13999938964844,167.16864013671875,195432700,-0.006501435488444729,167.80000076293945,156.33500061035156,57.75124300410565,5.669590902874745,5.6750543911994455,-0.0054634883247004495,181.510472708558,167.80000076293945,154.08952881732088,16.341444437760313
2021-12-20,168.27999877929688,170.5800018310547,167.4600067138672,169.75,165.81088256835938,107499100,-0.008122082989063806,168.26000061035157,156.87200073242187,55.61757908434697,5.107486231285236,5.561540759216603,-0.45405452793136725,181.5783581508141,168.26000061035157,154.94164306988904,15.830687616963157
2021-12-21,171.55999755859375,173.1999969482422,169.1199951171875,172.99000549316406,168.97573852539062,91185900,0.01908714258080413,168.8585006713867,157.4756008911133,59.384387281360084,4.867347838682207,5.422702175109724,-0.5553543364275173,181.8944861779416,168.8585006713867,155.82251516483183,15.440129403877675
2021-12-22,173.0399932861328,175.86000061035156,172.14999389648438,175.63999938964844,171.56417846679688,92135300,0.01531841176724491,169.57000045776368,158.15820098876952,62.20945876495002,4.835132396462825,5.305188219380345,-0.47005582291752024,182.45463137124983,169.57000045776368,156.68536954427753,15.19682830536459
2021-12-23,175.85000610351562,176.85000610351562,175.27000427246094,176.27999877929688,172.18934631347656,68356600,0.0036439299407753367,170.2870002746582,158.86560089111327,62.88096868932649,4.805845236103778,5.205319622725032,-0.3994743866212538,182.98813409712164,170.2870002746582,157.58586645219475,14.917326398348221
2021-12-27,177.08999633789062,180.4199981689453,177.07000732421875,180.3300018310547,176.1453857421875,74919600,0.02297493726184907,171.46300048828124,159.59700103759766,66.89040785730501,5.051209154639594,5.174497529107945,-0.12328837446835106,183.2796561055424,171.46300048828124,159.6463448710201,13.783330028764738
2021-12-28,180.16000366210935,181.3300018310547,178.52999877929688,179.2899932861328,175.12950134277344,79144300,-0.005767306336942335,172.41549987792968,160.2860009765625,64.95026303383807,5.102918561252068,5.16018173553677,-0.05726317428470207,183.50899209396616,172.41549987792968,161.3220076618932,12.868323583309719
2021-12-29,179.3300018310547,180.6300048828125,178.13999938964844,179.3800048828125,175.21743774414062,62348900,0.0005021221478560545,173.11949996948243,160.9426010131836,65.04476238038399,5.0924591233046215,5.14663721309034,-0.0541780897857187,184.1039395094676,173.11949996948243,162.13506042949726,12.690008395266295
2021-12-30,179.47000122070312,180.57000732421875,178.08999633789062,178.1999969482422,174.06483459472656,59773000,-0.006578130374769731,173.79099960327147,161.53140106201172,62.65968012570013,4.932098997672938,5.10372957000686,-0.17163057233392198,184.28260287475447,173.79099960327147,163.29939633178847,12.07381659054052
2021-12-31,178.08999633789062,179.22999572753906,177.25999450683594,177.57000732421875,173.44943237304688,64062300,-0.0035354770141396985,174.48150024414062,162.09760131835938,61.3659267980577,4.699998883678461,5.02298343274118,-0.3229845490627188,184.01557292521875,174.48150024414062,164.9474275630625,10.928462522087122
2022-01-03,177.8300018310547,182.8800048828125,177.7100067138672,182.00999450683597,177.786376953125,104487900,0.025004086325001174,175.4900001525879,162.7482012939453,66.60003109106964,4.818779835900898,4.982142713373124,-0.16336287747222578,183.62660722169628,175.4900001525879,167.35339308347952,9.273015057306546
2022-01-04,182.6300048828125,182.94000244140625,179.1199951171875,179.6999969482422,175.53001403808594,99310400,-0.012691427508160436,176.20899963378906,163.36840118408202,61.90124428679006,4.672653656063119,4.920244901911123,-0.24759124584800407,183.06433313109315,176.20899963378906,169.35366613648497,7.780911884808793
2022-01-05,179.61000061035156,180.1699981689453,174.63999938964844,174.9199981689453,170.8608856201172,94537600,-0.026600171164776754,176.39599990844727,163.89400115966797,53.4912616687145,4.123607274581758,4.76091737644525,-0.6373101018634921,182.8867505358328,176.39599990844727,169.90524928106174,7.359294576696003
2022-01-06,172.6999969482422,175.3000030517578,171.63999938964844,172.0,168.00869750976562,96904000,-0.01669304299810881,176.24199981689452,164.3476010131836,49.10252965472295,3.4135157283248816,4.491437046821177,-1.077921318496295,182.99133848414087,176.24199981689452,169.49266114964817,7.659171677873072
2022-01-07,172.88999938964844,174.13999938964844,171.02999877929688,172.1699981689453,168.1747589111328,86709100,0.0009884095515801938,176.12249984741212,164.81400085449218,49.363007310216354,2.831836841135498,4.159517005684041,-1.3276801645485428,183.06849615025854,176.12249984741212,169.1765035445657,7.887687613864499
2022-01-10,169.0800018310547,172.5,168.1699981689453,172.19000244140625,168.19427490234375,106765600,0.00011604589973734925,175.7595001220703,165.20640075683593,49.39582619473651,2.345429656768772,3.7966995359009874,-1.4512698791322154,182.7307445744767,175.7595001220703,168.78825566966393,7.9327085563678095
2022-01-11,172.32000732421875,175.17999267578125,170.82000732421875,175.0800018310547,171.01722717285156,76138300,0.016783878477117486,175.72649993896485,165.71200073242187,54.03114171446192,2.1681541256640458,3.470990453853599,-1.3028363281895534,182.7040468391479,175.72649993896485,168.7489530387818,7.941371281629772
2022-01-12,176.1199951171875,177.17999267578125,174.82000732421875,175.52999877929688,171.45675659179688,74805200,0.002570088558979222,175.78649978637696,166.24340057373047,54.72653926568198,2.0404519233686926,3.1848827477566184,-1.1444308243879258,182.7355602959399,175.78649978637696,168.83743927681402,7.906250500473844
2022-01-13,175.77999877929688,176.6199951171875,171.7899932861328,172.19000244140625,168.19427490234375,84505800,-0.019028014726887754,175.43099975585938,166.68680053710938,48.82296906812042,1.6507088726973222,2.8780479727447594,-1.2273391000474372,182.35212238662413,175.43099975585938,168.50987712509462,7.890421465301594
2022-01-14,171.33999633789062,173.77999877929688,171.08999633789062,173.07000732421875,169.05389404296875,80440800,0.005110870397486034,175.47150039672852,167.11840057373047,50.34289327728299,1.3967429533051359,2.581786968856835,-1.185044015551699,182.32709515262147,175.47150039672852,168.61590564083556,7.8139125047576865
2022-01-18,171.50999450683594,172.5399932861328,169.41000366210938,169.8000030517578,165.8597412109375,90956700,-0.018894287233746754,175.40450057983398,167.4952005004883,44.99526092302047,0.9209944653422326,2.2496284681539147,-1.328634002811682,182.4516290579523,175.40450057983398,168.35737210171567,8.035288096739416
2022-01-19,170.0,171.0800018310547,165.94000244140625,166.22999572753906,162.37255859375,94815000,-0.021024888811038034,175.22850036621094,167.79420043945314,39.9996865482289,0.25297447352087943,1.8502976692273077,-1.5973231957064282,182.9730305638287,175.22850036621094,167.48397016859317,8.83934997039001
2022-01-20,166.97999572753906,169.67999267578125,164.17999267578125,164.50999450683594,160.6924591064453,91420500,-0.01034718860043482,174.80449981689452,168.0756002807617,37.820994110730545,-0.41049398751800936,1.3981393378782443,-1.8086333253962537,183.81747623041588,174.80449981689452,165.79152340337316,10.31206453262054
2022-01-21,164.4199981689453,166.3300018310547,162.3000030517578,162.41000366210938,158.6412353515625,122848900,-0.012764903631999558,174.14300003051758,168.30760040283204,35.29340634925646,-1.093148102868298,0.8998818497289359,-1.993029952597234,184.63435413950512,174.14300003051758,163.65164592153005,12.049125267336597
2022-01-24,160.02000427246094,162.3000030517578,154.6999969482422,161.6199951171875,157.86953735351562,162294600,-0.004864422521274059,173.4099998474121,168.58160034179687,34.363019228606916,-1.6785541671636963,0.3841946463504095,-2.062748813514106,185.1731257775313,173.4099998474121,161.6468739172929,13.566836907294707
2022-01-25,158.97999572753906,162.75999450683594,157.02000427246094,159.77999877929688,156.072265625,115798400,-0.011384537882637935,172.38249969482422,168.81980041503905,32.23181656874485,-2.2648571542677303,-0.14561571377321847,-2.1192414404945117,185.09966155296752,172.38249969482422,159.66533783668092,14.754585738873738
2022-01-26,163.5,164.38999938964844,157.82000732421875,159.69000244140625,155.98434448242188,108275300,-0.0005633361073220655,171.4025001525879,169.0138003540039,32.12686369673834,-2.705580203548294,-0.6576086117282336,-2.0479715918200605,184.83982924277151,171.4025001525879,157.96517106240427,15.679268480006176
2022-01-27,162.4499969482422,163.83999633789062,158.27999877929688,159.22000122070312,155.5252685546875,121954600,-0.002943089764922635,170.3944999694824,169.19820037841797,31.54909333577571,-3.0575361919176487,-1.1375941277661168,-1.919942064151532,184.3032057073381,170.3944999694824,156.48579423162673,16.325298927308953
2022-01-28,165.7100067138672,170.35000610351562,162.8000030517578,170.3300018310547,166.37742614746094,179935700,0.06977745605986518,170.00100021362306,169.58480041503907,53.04543411878467,-2.412173613410687,-1.3925100248950308,-1.019663588515656,183.44155088893774,170.00100021362306,156.56044953830838,15.812319525679616
2022-01-31,170.16000366210938,175.0,169.50999450683594,174.77999877929688,170.7241668701172,115541600,0.026125784148167464,169.86149978637695,170.0106002807617,58.64715017722243,-1.5240729920607237,-1.4188226183281696,-0.10525037373255408,183.04028397570897,169.86149978637695,156.68271559704493,15.517093874604976
2022-02-01,174.00999450683594,174.83999633789062,172.30999755859375,174.61000061035156,170.55807495117188,86213900,-0.0009728670638157189,169.49150009155272,170.345400390625,58.36071058505737,-0.8244604162515543,-1.2999501779128466,0.4754897616612923,181.66217060852762,169.49150009155272,157.32082957457783,14.361393356481914
2022-02-02,174.75,175.8800048828125,173.3300018310547,175.83999633789062,171.7595672607422,84914300,0.007044476257804133,169.29850006103516,170.65120025634766,59.88726554435772,-0.1688160276942483,-1.073723347869127,0.9049073201748787,180.92580516965725,169.29850006103516,157.67119495241306,13.73586311093157
2022-02-03,174.47999572753906,176.24000549316406,172.1199951171875,172.89999389648438,168.88778686523438,89418100,-0.016719769625107794,169.1974998474121,170.88880004882813,54.723008267812865,0.11225919340165547,-0.8365268396149707,0.9487860330166261,180.66167549550343,169.1974998474121,157.73332419932078,13.55123528235358
2022-02-04,171.67999267578125,174.10000610351562,170.67999267578125,172.38999938964844,168.6041717529297,82465400,-0.0016793109648064464,169.21699981689454,171.1083999633789,53.85543646773005,0.29051219293543795,-0.6111190331048889,0.9016312260403269,180.70148550583315,169.21699981689454,157.73251412795594,13.57367841453953
2022-02-07,172.86000061035156,173.9499969482422,170.9499969482422,171.66000366210938,167.89016723632812,77251200,-0.0042347974500172025,169.19150009155274,171.30279998779298,52.57068650098192,0.36862514373021327,-0.4151701977378685,0.7837953414680818,180.65188508942998,169.19150009155274,157.7311150936755,13.547234928085405
2022-02-08,171.72999572753906,175.35000610351562,171.42999267578125,174.8300018310547,170.9906005859375,74829200,0.01846703354130974,169.32350006103516,171.6632000732422,57.3308949964193,0.6785012395254171,-0.19643591028521143,0.8749371498106285,180.9781585904239,169.32350006103516,157.66884153164642,13.766144126701427
2022-02-09,176.0500030517578,176.64999389648438,174.89999389648438,176.27999877929688,172.40875244140625,71285000,0.00829374158935714,169.38349990844728,171.98399993896484,59.34104342109424,1.029218720825554,0.04869501593694167,0.9805237048886124,181.16771722941024,169.38349990844728,157.5992825874843,13.914244690105473
2022-02-10,174.13999938964844,175.47999572753906,171.5500030517578,172.1199951171875,168.340087890625,90865900,-0.02359894432948817,169.2129997253418,172.12039978027343,51.80114856315918,0.9604162420083924,0.23103926115123183,0.7293769808571605,180.7322569995565,169.2129997253418,157.6937424511271,13.615097295021302
2022-02-11,172.3300018310547,173.0800018310547,168.0399932861328,168.63999938964844,164.9365234375,98670700,-0.020218383486507285,169.0354995727539,172.1977996826172,46.480653792407495,0.6179597547894673,0.3084233598788789,0.3095363949105884,180.47492349948746,169.0354995727539,157.59607564602035,13.534936691579341
2022-02-14,167.3699951171875,169.5800018310547,166.55999755859375,168.8800048828125,165.17124938964844,86185500,0.0014231290150685805,168.82599945068358,172.30019989013672,46.8858357867979,0.36175685109779465,0.3190900581226621,0.04266679297513254,180.1146771292839,168.82599945068358,157.53732177208326,13.373150717698435
2022-02-15,170.97000122070312,172.9499969482422,170.25,172.7899932861328,168.995361328125,62527400,0.023152406684623816,168.97549896240236,172.51919982910155,53.11351184600709,0.4688134020190944,0.3490347269019486,0.1197786751171458,180.39030321555654,168.97549896240236,157.56069470924817,13.510602807208189
2022-02-16,171.85000610351562,173.33999633789062,170.0500030517578,172.5500030517578,168.76068115234375,61177400,-0.0013886782094899575,169.29149932861327,172.66379974365233,52.70503209924862,0.5282024941352574,0.38486828034861037,0.14333421378664707,180.7346715070994,169.29149932861327,157.84832715012715,13.518897551109376
2022-02-17,171.02999877929688,171.91000366210938,168.47000122070312,168.8800048828125,165.17124938964844,69589300,-0.02126936048246364,169.5099998474121,172.61779998779298,46.78009709674206,0.27594962127184886,0.3630845485332581,-0.08713492726140926,180.74461276745816,169.5099998474121,158.27538692736604,13.255398419160084
2022-02-18,169.82000732421875,170.5399932861328,166.19000244140625,167.3000030517578,163.62596130371094,82772700,-0.009355672319775632,169.75449981689454,172.46220001220703,44.46268322542547,-0.050869153064496686,0.28029380821370714,-0.3311629612782038,180.56524606884471,169.75449981689454,158.94375356494436,12.736918624968615
2022-02-22,164.97999572753906,166.69000244140625,162.14999389648438,164.32000732421875,160.71139526367188,91162800,-0.017812369240289727,169.8895004272461,172.25740020751954,40.39784372122202,-0.5440644997919435,0.115422146612577,-0.6594866464045205,180.3523892373956,169.8895004272461,159.4266116170966,12.317287158814338
2022-02-23,165.5399932861328,166.14999389648438,159.75,160.07000732421875,156.55471801757812,90009200,-0.02586423470018462,169.90400085449218,171.86980041503907,35.42388781895859,-1.2633022842673824,-0.16032273956341486,-1.1029795447039676,180.31146382344352,169.90400085449218,159.49653788554085,12.25099222691573
2022-02-24,152.5800018310547,162.85000610351562,152.0,162.74000549316406,159.1660614013672,141147500,0.01668006826530677,170.05650100708007,171.60980041503908,40.389504533725486,-1.5994197568121251,-0.4481421430131569,-1.1512776137989682,179.93686909004424,170.05650100708007,160.1761329241159,11.620100407161514
2022-02-25,163.83999633789062,165.1199951171875,160.8699951171875,164.85000610351562,161.22975158691406,91974200,0.012965642093403895,170.3380012512207,171.42020050048828,44.05093217179113,-1.6762135141702856,-0.6937564172445827,-0.9824570969257029,179.23970199979624,170.3380012512207,161.43630050264517,10.451808384726768
2022-02-28,163.05999755859375,165.4199981689453,162.42999267578125,165.1199951171875,161.49380493164062,95056600,0.0016377457766174608,170.07750091552734,171.13660034179688,44.520510853318655,-1.6957398299366844,-0.8941530997830031,-0.8015867301536813,179.2652285629069,170.07750091552734,160.88977326814776,10.80416586311773
2022-03-01,164.6999969482422,166.60000610351562,161.97000122070312,163.1999969482422,159.61599731445312,83474400,-0.011627737782154313,169.4985008239746,170.955400390625,41.83169892770163,-1.8448758021488914,-1.0842976402561808,-0.7605781618927105,178.88523027733618,169.4985008239746,160.11177137061304,11.075884928456981
2022-03-02,164.38999938964844,167.36000061035156,162.9499969482422,166.55999755859375,162.90219116210938,79724800,0.020588123389551294,169.09600067138672,170.8638003540039,47.77591209655512,-1.6726617624335631,-1.2019704646916574,-0.47069129774190577,178.259195453458,169.09600067138672,159.93280588931543,10.837861032418635
2022-03-03,168.47000122070312,168.91000366210938,165.5500030517578,166.22999572753906,162.57948303222656,76678400,-0.001980993181127211,168.61550064086913,170.79340026855468,47.26504288608505,-1.544999492627511,-1.2705762702788281,-0.2744232223486829,177.30958592079006,168.61550064086913,159.9214153609482,10.312320334579784
2022-03-04,164.49000549316406,165.5500030517578,162.10000610351562,163.1699981689453,159.58663940429688,83737200,-0.01840849516870735,168.12900085449218,170.5970001220703,42.70500042829879,-1.6714747332926265,-1.3507559628815877,-0.3207187704110388,176.89824903371616,168.12900085449218,159.3597526752682,10.43157115626156
2022-03-07,163.36000061035156,165.02000427246094,159.0399932861328,159.3000030517578,155.8016357421875,96418800,-0.023717547259833216,167.47450103759766,170.2702001953125,37.745196168007304,-2.0602344356601066,-1.4926516574372914,-0.5675827782228151,176.80966318532614,167.47450103759766,158.13933888986918,11.148159379358603
2022-03-08,158.82000732421875,162.8800048828125,155.8000030517578,157.44000244140625,153.98248291015625,131148300,-0.011676083010075056,166.7635009765625,169.8934002685547,35.604857899431465,-2.4897159100140698,-1.692064507952647,-0.7976514020614227,176.85100383647048,166.7635009765625,156.67599811665454,12.097974437854603
2022-03-09,161.47999572753906,163.41000366210938,159.41000366210938,162.9499969482422,159.37144470214844,91454900,0.03499723923231235,166.16950073242188,169.54580017089845,45.46953152414035,-2.3582876923955496,-1.8253091448412277,-0.5329785475543218,175.66903988841233,166.16950073242188,156.66996157643143,11.433553226217235
2022-03-10,160.1999969482422,160.38999938964844,155.97999572753906,158.52000427246094,155.0387420654297,105342000,-0.027186191634368417,165.28150100708007,169.130400390625,40.14482463530824,-2.5818315223305888,-1.9766136203391,-0.6052179019914887,174.13280572414797,165.28150100708007,156.43019629001216,10.710581236418886
2022-03-11,158.92999267578125,159.27999877929688,154.5,154.72999572753906,151.3319854736328,96970100,-0.023908582734969208,164.41200103759766,168.63740020751953,36.235259390889226,-3.029886982161429,-2.187268292703566,-0.8426186894578631,173.80536714356379,164.41200103759766,155.01863493163154,11.426618551790575
2022-03-14,151.4499969482422,154.1199951171875,150.10000610351562,150.6199951171875,147.312255859375,108732100,-0.0265623265410615,163.5110008239746,168.08580017089844,32.53496999408928,-3.674262254567907,-2.484667085076434,-1.189595169491473,174.44063085932612,163.5110008239746,152.58137078862308,13.368678535724527
2022-03-15,150.89999389648438,155.57000732421875,150.3800048828125,155.08999633789062,151.68411254882812,92964300,0.029677481102635017,162.8215003967285,167.63619995117188,39.74219473810427,-3.7806614474847606,-2.7438659575580995,-1.0367954899266612,174.04525163003441,162.8215003967285,151.5977491634226,13.786571436767595
2022-03-16,157.0500030517578,160.0,154.4600067138672,159.58999633789062,156.08526611328125,102300200,0.029015257369398917,162.1615005493164,167.18779998779297,45.99678053197395,-3.4619638186021575,-2.8874855297669115,-0.574478288835246,172.4786971720448,162.1615005493164,151.844303926588,12.724594417021626
2022-03-17,158.61000061035156,161.0,157.6300048828125,160.6199951171875,157.09266662597656,75615400,0.00645416789028741,161.56500015258788,166.80619995117186,47.344011007261976,-3.0906542202048684,-2.928119267854503,-0.1625349523503652,170.72536838807176,161.56500015258788,152.404631917104,11.339545355531811
2022-03-18,160.50999450683594,164.47999572753906,159.75999450683594,163.97999572753906,160.3788604736328,123511700,0.02091882401793055,161.31999969482422,166.58739990234375,51.58699700504654,-2.4964867742507124,-2.841792769133745,0.3453059948830326,169.93027420828835,161.31999969482422,152.70972518136008,10.674776258061678
2022-03-21,163.50999450683594,166.35000610351562,163.00999450683594,165.3800048828125,161.7481231689453,95811400,0.00853767567164887,161.22399978637696,166.455,53.276411505851925,-1.8908393352705275,-2.6516020823611015,0.760762747090574,169.60520516884037,161.22399978637696,152.84279440391356,10.396969922056973
2022-03-22,165.50999450683594,169.4199981689453,164.91000366210938,168.82000732421875,165.11257934570312,81532000,0.020800588661196606,161.44899978637696,166.38800018310548,57.226122968467074,-1.1203650577206474,-2.3453546774330105,1.224989619712363,170.37452034436956,161.44899978637696,152.52347922838436,11.05676785833607
2022-03-23,167.99000549316406,172.63999938964844,167.64999389648438,170.2100067138672,166.4720458984375,98062700,0.008233573469214717,161.95599975585938,166.34840026855468,58.74373118870638,-0.39306628430961155,-1.9548969988083307,1.5618307144987191,171.6310938530501,161.95599975585938,152.28090565866867,11.947805714855185
2022-03-24,171.05999755859375,174.13999938964844,170.2100067138672,174.07000732421875,170.24728393554688,90131400,0.022677909775990823,162.52249984741212,166.32820037841796,62.70133065844922,0.4891543564741596,-1.4660867277518328,1.9552410842259924,173.5475014006367,162.52249984741212,151.49749829418755,13.567354136904907
2022-03-25,173.8800048828125,175.27999877929688,172.75,174.72000122070312,170.88299560546875,80546200,0.003734048821375291,163.0159996032715,166.3120004272461,63.33908262705549,1.2266298205516648,-0.9275434180911333,2.154173238642798,175.23274393587977,163.0159996032715,150.79925527066322,14.988399129336871
2022-03-28,172.1699981689453,175.72999572753906,172.0,175.60000610351562,171.74368286132812,90371900,0.0050367051022823794,163.54000015258788,166.3802005004883,64.23080191384,1.8606451198618004,-0.3699057105005466,2.230550830362347,176.91671949182427,163.54000015258788,150.1632808133515,16.35895722973645
2022-03-29,176.69000244140625,179.00999450683594,176.33999633789062,178.9600067138672,175.0299072265625,100589400,0.01913447010384539,164.32800064086913,166.49800048828126,67.48298141981356,2.60421105695778,0.22491764299111877,2.3792934139666615,179.2941304424163,164.32800064086913,149.36187083932197,18.214947839905772
2022-03-30,178.5500030517578,179.61000061035156,176.6999969482422,177.77000427246094,173.86602783203125,92633200,-0.006649602990560388,164.8885009765625,166.65740051269532,65.22121692493906,3.0621703735223775,0.7923681890973706,2.269802184425007,180.94681748265074,164.8885009765625,148.83018447047428,19.477788215650992
2022-03-31,177.83999633789062,178.02999877929688,174.39999389648438,174.61000061035156,170.7754364013672,103049300,-0.017775706210127584,165.30750122070313,166.82500061035157,59.51672987475757,3.1339938151808724,1.260693314314071,1.8733005008668013,181.91198475931154,165.30750122070313,148.70301768209472,20.08920758706485
2022-04-01,174.02999877929688,174.8800048828125,171.94000244140625,174.30999755859375,170.48202514648438,78751300,-0.0017181115801292446,165.86450119018554,167.02100067138673,58.98922899213629,3.130618845796647,1.6346784206105864,1.4959404251860606,182.88692998056072,165.86450119018554,148.84207239981035,20.525704618201246
2022-04-04,174.57000732421875,178.49000549316406,174.44000244140625,178.44000244140625,174.5213165283203,76468400,0.023693356401446097,166.82150115966797,167.34160064697267,63.75217499550157,3.4217571499416692,1.9920941664768033,1.429662983464866,184.40302001723654,166.82150115966797,149.2399823020994,21.078240796719562
2022-04-05,177.5,178.3000030517578,174.4199981689453,175.05999755859375,171.21556091308594,73401800,-0.018941844360301552,167.70250091552734,167.6104006958008,57.83245953265959,3.341232558264636,2.2619218448343696,1.0793107134302664,185.079992794467,167.70250091552734,150.3250090365877,20.724189304359612
2022-04-06,172.36000061035156,173.6300048828125,170.1300048828125,171.8300018310547,168.0564727783203,89058800,-0.018450940544879946,168.14650115966796,167.85140075683594,52.788045634921765,2.982403289559983,2.4060181337794924,0.5763851557804904,185.4692801834028,168.14650115966796,150.82372213593314,20.60438832121225
2022-04-07,171.16000366210938,173.36000061035156,169.85000610351562,172.13999938964844,168.3596649169922,77594700,0.0018041086645428361,168.82750091552734,168.10040069580077,53.2098725511775,2.692010895225536,2.4632166860687015,0.22879420915683468,185.64651835394844,168.82750091552734,152.00848347710624,19.924499678327262
2022-04-08,171.77999877929688,171.77999877929688,169.1999969482422,170.08999633789062,166.35467529296875,76575500,-0.011908966586575032,169.59550094604492,168.31780059814454,50.0266662244992,2.270284292740911,2.4246302074031436,-0.1543459146622328,185.12260305299446,169.59550094604492,154.06839883909538,18.31074765584652
2022-04-11,168.7100067138672,169.02999877929688,165.5,165.75,162.1099853515625,72246700,-0.02551590410026583,170.35200119018555,168.22620056152343,44.02232840540447,1.5677889926977002,2.253261964462055,-0.6854729717643546,183.38063659743756,170.35200119018555,157.32336578293354,15.29613425874169
2022-04-12,168.02000427246094,169.8699951171875,166.63999938964844,167.66000366210938,163.97805786132812,79265200,0.011523488239878699,170.9805015563965,168.0838006591797,47.03519862366711,1.1518993603797014,2.0329894436455844,-0.881090083265883,182.07234096425526,170.9805015563965,159.88866214853772,12.974391005865918
2022-04-13,167.38999938964844,171.0399932861328,166.77000427246094,170.39999389648438,166.65785217285156,70618900,0.016342395723394132,171.52100143432617,167.99960052490235,51.10116346475533,1.0315075661732465,1.8326930681511169,-0.8011855019778704,181.31788956166744,171.52100143432617,161.7241133069849,11.423543525767503
2022-04-14,170.6199951171875,171.27000427246094,165.0399932861328,165.2899932861328,161.6600799560547,75329400,-0.029988219286621765,171.75450134277344,167.7886004638672,44.27479875828235,0.5177930625797558,1.5697130670368447,-1.0519200044570889,180.68532621587283,171.75450134277344,162.82367646967404,10.399523509751857
2022-04-18,163.9199981689453,166.60000610351562,163.57000732421875,165.07000732421875,161.4449462890625,69023900,-0.0013307779326267033,171.80900192260742,167.6320007324219,44.00228238411019,0.09186067604952086,1.27414258883938,-1.1822819127898592,180.56089635785503,171.80900192260742,163.05710748735981,10.187934668510511
2022-04-19,165.02000427246094,167.82000732421875,163.91000366210938,167.39999389648438,163.7237548828125,67723800,0.014115081618410352,171.910001373291,167.5322006225586,47.67579691830567,-0.05702600479543207,1.0079088701124177,-1.0649348749078498,180.40566629234883,171.910001373291,163.4143364542332,9.883851842465
2022-04-20,168.75999450683594,168.8800048828125,166.10000610351562,167.22999572753906,163.55743408203125,67929800,-0.0010158623646293607,171.83050079345702,167.4436004638672,47.43131199481738,-0.18658635221325426,0.7690098256472834,-0.9555961778605376,180.46889873360354,171.83050079345702,163.1921028533105,10.054557136547032
2022-04-21,168.91000366210938,171.52999877929688,165.91000366210938,166.4199981689453,162.7653045654297,87227800,-0.004843127559730931,171.64100036621093,167.275400390625,46.21522854933106,-0.35058259657699864,0.545091341202427,-0.8956739377794256,180.57452066014852,171.64100036621093,162.70748007227334,10.40954116426396
2022-04-22,166.4600067138672,167.8699951171875,161.5,161.7899932861328,158.23695373535156,84882400,-0.027821351990023002,171.02699966430663,166.98560028076173,39.91549500657622,-0.8444195582079601,0.26718916132034953,-1.1116087195283098,180.85187882551676,171.02699966430663,161.2021205030965,11.48927266512831
2022-04-25,161.1199951171875,163.1699981689453,158.4600067138672,162.8800048828125,159.3030242919922,96046400,0.006737178209482053,170.43499984741212,166.80080047607422,41.92263798291491,-1.1347533516799047,-0.013199341279701293,-1.1215540104002033,180.71475899315087,170.43499984741212,160.15524070167336,12.062967295381894
2022-04-26,162.25,162.33999633789062,156.72000122070312,156.8000030517578,153.3565216064453,95623200,-0.037328247294585726,169.49499969482423,166.5640005493164,34.91616254300823,-1.8343055769437058,-0.3774205884125022,-1.4568849885312036,181.0702412277394,169.49499969482423,157.91975816190907,13.658505034079333
2022-04-27,155.91000366210938,159.7899932861328,155.3800048828125,156.57000732421875,153.13162231445312,88063200,-0.0014665127353979956,168.3754997253418,166.31780059814454,34.680043304411114,-2.3798312749803756,-0.7779027257260769,-1.6019285492542987,180.39493855586042,168.3754997253418,156.35606089482317,14.27694510201903
2022-04-28,159.25,164.52000427246094,158.92999267578125,163.63999938964844,160.04632568359375,130216800,0.045155293626690574,167.66899948120118,166.13480072021486,46.628192112470636,-2.2161288932940977,-1.065547959239681,-1.1505809340544166,179.0401906663585,167.66899948120118,156.29780829604385,13.56385643182925
2022-04-29,161.83999633789062,166.1999969482422,157.25,157.64999389648438,154.18788146972656,131747600,-0.03660467798210587,166.8209991455078,165.83680053710938,39.95914349906589,-2.540452207458486,-1.360528808883442,-1.1799233985750441,178.52006602874263,166.8209991455078,155.121932262273,14.025892355470711
2022-05-02,156.7100067138672,158.22999572753906,153.27000427246094,157.9600067138672,154.4910430908203,123055300,0.001966183192894322,166.00349960327148,165.61840057373047,40.433987490697334,-2.7408702806170595,-1.6365971032301654,-1.1042731773868941,177.779804705495,166.00349960327148,154.22719450104796,14.188020289171588
2022-05-03,158.14999389648438,160.7100067138672,156.32000732421875,159.47999572753906,155.97767639160156,88966500,0.009622779877971999,165.0554992675781,165.4620004272461,42.8216934279227,-2.7454053137034578,-1.858358745324824,-0.8870465683786337,175.66985008661138,165.0554992675781,154.44114844854485,12.861553678773117
2022-05-04,159.6699981689453,166.47999572753906,159.25999450683594,166.02000427246094,162.37405395507812,108256500,0.041008288566997564,164.60349960327147,165.49600036621095,51.778367488260955,-2.195961648706657,-1.9258793260011906,-0.2700823227054663,174.19595941779673,164.60349960327147,155.01103978874622,11.6552319211257
2022-05-05,163.85000610351562,164.0800018310547,154.9499969482422,156.77000427246094,153.32717895507812,130525300,-0.055716259954332825,163.8504997253418,165.43000030517578,41.804073136282,-2.478352376715378,-2.0363739361440283,-0.44197844057134983,173.42000927173814,163.8504997253418,154.28099017894544,11.680781642335495
2022-05-06,156.00999450683594,159.44000244140625,154.17999267578125,157.27999877929688,154.052001953125,116124600,0.004727296249670276,163.1074996948242,165.32080017089845,42.462178889789676,-2.6306720191772683,-2.1552335527506763,-0.47543846642659204,172.2867399889152,163.1074996948242,153.92825940073322,11.255448475717476
2022-05-09,154.92999267578125,155.8300018310547,151.49000549316406,152.05999755859375,148.93917846679688,131577900,-0.03318894543080242,162.20599975585938,165.065,37.755899465310975,-3.136441955872442,-2.3514752333750293,-0.7849667224974128,171.9869022005609,162.20599975585938,152.42509731115786,12.059852853067117
2022-05-10,155.52000427246094,156.74000549316406,152.92999267578125,154.50999450683594,151.33885192871094,115366700,0.01611176781432988,161.64399948120118,164.85279998779296,41.057925351066174,-3.3015161730145905,-2.541483421302942,-0.7600327517116487,171.82910562745278,161.64399948120118,151.45889333494958,12.601898219470996
2022-05-11,153.5,155.4499969482422,145.80999755859375,146.5,143.49325561523438,142689800,-0.051841256977238626,160.58599929809571,164.51880004882813,34.59603024012411,-4.032197629463127,-2.839626262934979,-1.1925713665281479,172.32859749683323,160.58599929809571,148.8434010993582,14.624684904117613
2022-05-12,142.77000427246094,146.1999969482422,138.8000030517578,142.55999755859375,139.63414001464844,182602000,-0.02689405564073233,159.19399948120116,164.03880004882814,31.933704665647028,-4.873020074947078,-3.2463050253373993,-1.626715049609679,172.45531194426925,159.19399948120116,145.93268701813307,16.660568245393055
2022-05-13,144.58999633789062,148.10000610351562,143.11000061035156,147.11000061035156,144.09075927734375,113990900,0.03191640140604424,158.2849998474121,163.65640014648437,37.8789972687746,-5.1132879004715335,-3.619701600364226,-1.4935863001073075,172.22521736918696,158.2849998474121,144.34478232563725,17.614072761428215
2022-05-16,145.5500030517578,147.52000427246094,144.17999267578125,145.5399932861328,142.5529327392578,86643800,-0.010672624294566724,157.30849914550782,163.30380004882812,36.68818839767854,-5.36850358564385,-3.969461997420151,-1.3990415882236995,171.93023718270672,157.30849914550782,142.68676110830893,18.58988944224053
2022-05-17,148.86000061035156,149.77000427246094,146.67999267578125,149.24000549316406,146.17701721191406,78336300,0.02542272826673453,156.4004997253418,163.10260009765625,41.36636456053131,-5.2121216975610025,-4.2179939374483215,-0.994127760112681,170.65356382195517,156.4004997253418,142.14743562872843,18.22636643954908
2022-05-18,146.85000610351562,147.36000061035156,139.89999389648438,140.82000732421875,137.92984008789062,109742900,-0.05641910938754091,155.0800003051758,162.7702001953125,35.024001271952756,-5.701883642624949,-4.514771878483647,-1.187111764141302,169.95513772395304,155.0800003051758,140.20486288639853,19.18382433518837
2022-05-19,139.8800048828125,141.66000366210938,136.60000610351562,137.35000610351562,134.53106689453125,136095600,-0.024641319029976683,153.6265007019043,162.25820037841797,32.7925795605981,-6.297430749467594,-4.871303652680437,-1.426127096787157,169.43695602136904,153.6265007019043,137.81604538243954,20.582979169906682
2022-05-20,139.08999633789062,140.6999969482422,132.61000061035156,137.58999633789062,134.76614379882812,137426100,0.0017473800641243376,152.4165008544922,161.83960021972655,33.10999332766578,-6.67311737289026,-5.231666396722401,-1.441450976167859,169.2158898640574,152.4165008544922,135.617111844927,22.044055486620984
2022-05-23,137.7899932861328,143.25999450683594,137.64999389648438,143.11000061035156,140.17283630371094,117726300,0.04011907109959045,151.42800064086913,161.60720031738282,40.11570126990809,-6.451069601724356,-5.475547037722793,-0.9755225640015635,167.97297409065365,151.42800064086913,134.8830271910846,21.85193409377839
2022-05-24,140.80999755859375,141.97000122070312,137.3300018310547,140.36000061035156,137.47926330566406,104132700,-0.01921608400796526,150.60600051879882,161.4020004272461,37.98147445343972,-6.422957306916601,-5.665029091561555,-0.7579282153550455,167.6283932003795,150.60600051879882,133.58360783721815,22.605198495336065
2022-05-25,138.42999267578125,141.7899932861328,138.33999633789062,140.52000427246094,137.63600158691406,92482700,0.001140086711852062,149.80350036621093,161.1106005859375,38.18752994566526,-6.3149720851534425,-5.795017690279932,-0.5199543948735101,167.1360539936349,149.80350036621093,132.47094673878695,23.140385351547415
2022-05-26,137.38999938964844,144.33999633789062,137.13999938964844,143.77999877929688,140.8291015625,90601500,0.02319959849726927,148.81050033569335,160.79440063476562,42.38754429290233,-5.8983462432250064,-5.815683400868947,-0.08266284235605958,165.1028295808778,148.81050033569335,132.5181710905089,21.89674681347282
2022-05-27,145.38999938964844,149.67999267578125,145.25999450683594,149.63999938964844,146.56883239746094,90978500,0.040756709879411046,148.41000061035157,160.57480072021485,49.08467359552319,-5.037247928145064,-5.659996306324171,0.6227483781791072,164.19951221037732,148.41000061035157,132.62048901032583,21.278231298550956
2022-05-31,149.07000732421875,150.66000366210938,146.83999633789062,148.83999633789062,145.78526306152344,103718400,-0.0053460843149288895,147.95400009155273,160.27200073242187,48.25989508673719,-4.369011623557185,-5.401799369770774,1.0327877462135886,163.12876159295607,147.95400009155273,132.7792385901494,20.512810051790854
2022-06-01,149.89999389648438,151.74000549316406,147.67999267578125,148.7100067138672,145.65789794921875,74286600,-0.0008736487463135711,147.41550064086914,159.93860076904298,48.11841202725995,-3.806044897678987,-5.082648475352416,1.2766035776734288,161.65130248387644,147.41550064086914,133.17969879786185,19.31384661873284
2022-06-02,147.8300018310547,151.27000427246094,146.86000061035156,151.2100067138672,148.10659790039062,72348100,0.016811309140446262,146.67500076293945,159.58640075683593,51.088343605004724,-3.1221701705929092,-4.690552814400514,1.5683826438076052,158.2559695492085,146.67500076293945,135.0940319766704,15.791332846129041
2022-06-03,146.89999389648438,147.97000122070312,144.4600067138672,145.3800048828125,142.39622497558594,88570300,-0.03855583077159874,146.10550079345703,159.08980072021484,44.66690401956864,-3.0158619672837403,-4.35561464497716,1.3397526776934194,156.72506297191035,146.10550079345703,135.4859386150037,14.536841009792962
2022-06-06,147.02999877929688,148.57000732421875,144.89999389648438,146.13999938964844,143.140625,71598400,0.005227666846798096,145.54850082397462,158.53120056152343,45.62636081959419,-2.8375769246326,-4.052007100908248,1.2144301762756475,154.85228833130432,145.54850082397462,136.24471331664492,12.784449794617453
2022-06-07,144.35000610351562,149.0,144.10000610351562,148.7100067138672,145.65789794921875,67808200,0.017586013399192302,145.3810012817383,158.0110006713867,48.855928179999935,-2.460543022906876,-3.7337142853079737,1.2731712624010978,154.3234474542529,145.3810012817383,136.4385551092237,12.302083619832487
2022-06-08,148.5800018310547,149.8699951171875,147.4600067138672,147.9600067138672,144.92327880859375,53950200,-0.00504345559676489,145.05350189208986,157.45820068359376,47.96066094287689,-2.1969347748550376,-3.4263583832173867,1.229423608362349,153.06604646235314,145.05350189208986,137.04095732182657,11.047709246239483
2022-06-09,147.0800018310547,147.9499969482422,142.52999877929688,142.63999938964844,139.7124786376953,69473000,-0.03595557741817701,144.86050186157226,156.73180053710936,42.07143283453462,-2.389755851107026,-3.2190378767953147,0.8292820256882889,152.9102473205267,144.86050186157226,136.8107564026178,11.113789273830808
2022-06-10,140.27999877929688,140.75999450683594,137.05999755859375,137.1300048828125,134.3155517578125,91437900,-0.03862881062956591,144.5890022277832,155.9190005493164,37.00340978854811,-2.9531365313243043,-3.165857607701113,0.2127210763768086,153.27215870728338,144.5890022277832,135.905845748283,12.010811812396186
2022-06-13,132.8699951171875,135.1999969482422,131.44000244140625,131.8800048828125,129.17333984375,122207100,-0.038284560847686055,143.82750244140624,155.06440063476563,32.932689194217176,-3.7796810923911437,-3.2886223046391194,-0.4910587877520243,154.0309486672062,143.82750244140624,133.6240562156063,14.18844943088228
2022-06-14,133.1300048828125,133.88999938964844,131.47999572753906,132.75999450683594,130.03524780273438,84784300,0.006672491088540067,143.1885025024414,154.23340057373048,34.23857056138087,-4.3139868486622674,-3.493695213443749,-0.8202916352185183,154.43076440085426,143.1885025024414,131.94624060402853,15.70274386830909
2022-06-15,134.2899932861328,137.33999633789062,132.16000366210938,135.42999267578125,132.6504364013672,91533000,0.020111382435323177,142.49800186157228,153.37320037841798,38.17221086477126,-4.470448919458363,-3.689045954646672,-0.7814029648116909,153.86444569018798,142.49800186157228,131.13155803295658,15.953127314244695
2022-06-16,132.0800018310547,132.38999938964844,129.0399932861328,130.05999755859375,127.39069366455078,108123900,-0.039651152906136966,141.96000137329102,152.47320037841797,33.79387561840905,-4.970463554992108,-3.9453294747157597,-1.0251340802763482,154.54634016907346,141.96000137329102,129.37366257750858,17.732232564137586
2022-06-17,130.07000732421875,133.0800018310547,129.80999755859375,131.55999755859375,128.85989379882812,134520300,0.01153302562388192,141.6705009460449,151.66780029296876,36.00203252884923,-5.185911334341995,-4.193445846641007,-0.9924654877009882,154.9167187792375,141.6705009460449,128.42428311285232,18.70003669745955
2022-06-21,133.4199981689453,137.05999755859375,133.32000732421875,135.8699951171875,133.08140563964844,81000500,0.032760478969591666,141.58450088500976,150.94240020751954,41.98907081687211,-4.951793278339778,-4.345115332980761,-0.6066779453590172,154.95730062347462,141.58450088500976,128.2117011465449,18.890202889263715
2022-06-22,134.7899932861328,137.75999450683594,133.91000366210938,135.35000610351562,132.57212829589844,73409200,-0.0038268106750314335,141.19650115966797,150.24760040283203,41.48483114889254,-4.753417363436256,-4.426775739071861,-0.32664162436439526,154.8177328532894,141.19650115966797,127.57526946604654,19.294007403509614
2022-06-23,136.82000732421875,138.58999633789062,135.6300048828125,138.27000427246094,135.4321746826172,72433800,0.02157351189486212,141.09200134277344,149.69800048828125,45.44665552125755,-4.310890312773296,-4.403598653812148,0.09270834103885228,154.76925260816878,141.09200134277344,127.4147500773781,19.3877060857155
2022-06-24,139.89999389648438,141.91000366210938,139.77000427246094,141.66000366210938,138.75259399414062,89116800,0.02451721180217903,141.14900131225585,149.17800048828124,49.70420910781446,-3.644626828176257,-4.25180428868497,0.607177460508713,154.82574417698572,141.14900131225585,127.47225844752597,19.37915640575253
2022-06-27,142.6999969482422,143.49000549316406,140.97000122070312,141.66000366210938,138.75259399414062,70207900,0.0,141.0430015563965,148.60320068359374,49.70420910781446,-3.0810913137122213,-4.017661693690421,0.9365703799781997,154.66930504417212,141.0430015563965,127.41669806862085,19.3221972553202
2022-06-28,142.1300048828125,143.4199981689453,137.32000732421875,137.44000244140625,134.61917114257812,67083400,-0.029789878030943684,140.43300170898436,148.04620086669922,44.6709816044626,-2.941101007294037,-3.8023495564111447,0.8612485491171076,153.54797001474603,140.43300170898436,127.3180334032227,18.677900701630616
2022-06-29,137.4600067138672,140.6699981689453,136.6699981689453,139.22999572753906,136.3724365234375,66242400,0.013023890772603686,139.9525016784668,147.52940063476564,47.11717909156488,-2.6551136844852294,-3.572902382025962,0.9177886975407326,152.49175227345896,139.9525016784668,127.41325108347465,17.919294681563315
2022-06-30,137.25,138.3699951171875,133.77000427246094,136.72000122070312,133.91400146484375,98964500,-0.018027360376238755,139.3530014038086,146.91580078125,44.16831069048106,-2.6010193189041786,-3.3785257694016053,0.7775064504974267,151.2922742509977,139.3530014038086,127.4137285566195,17.135293430232203
2022-07-01,136.0399932861328,139.0399932861328,135.66000366210938,138.92999267578125,136.07862854003906,71051600,0.016164307327965144,138.7390007019043,146.34980072021483,47.295990408148114,-2.3527008329993464,-3.173360782121154,0.8206599491218074,149.3670918270367,138.7390007019043,128.11090957677192,15.32098555036876
2022-07-05,137.77000427246094,141.61000061035156,136.92999267578125,141.55999755859375,138.65464782714844,73353800,0.01893037367253747,138.54800033569336,145.8526007080078,50.82639286053111,-1.9215369478865796,-2.922996015274239,1.0014590673876596,148.82328202290125,138.54800033569336,128.27271864848547,14.832811245649902
2022-07-06,141.35000610351562,144.1199951171875,141.0800018310547,142.9199981689453,139.98672485351562,74064300,0.009607157403247024,138.3870002746582,145.47520080566406,52.59476669284305,-1.4533425510563802,-2.6290653224306673,1.175722771374287,148.27501892131323,138.3870002746582,128.49898162800315,14.290386563810447
2022-07-07,143.2899932861328,146.5500030517578,143.27999877929688,146.35000610351562,143.3463592529297,66253700,0.023999664274806376,138.2690002441406,145.14460083007813,56.81304563636099,-0.7963424043313125,-2.2625207388107964,1.4661783344794839,147.7075497463196,138.2690002441406,128.83045074196164,13.652444850998258
2022-07-08,145.25999450683594,147.5500030517578,145.0,147.0399932861328,144.0221710205078,64547800,0.004714537370186456,138.2229995727539,144.94940063476562,57.62981594027374,-0.21748185994380265,-1.8535129630373977,1.636031103093595,147.47938628503474,138.2229995727539,128.96661286047308,13.393410273098166
2022-07-11,145.6699981689453,146.63999938964844,143.77999877929688,144.8699951171875,141.8966827392578,63141600,-0.014758063055078874,138.33449935913086,144.715400390625,54.16058106088262,0.06541451730933545,-1.4697274669680511,1.5351419842773866,147.85109006352155,138.33449935913086,128.81790865474017,13.75881034518313
2022-07-12,145.75999450683594,148.4499969482422,145.0500030517578,145.86000061035156,142.86639404296875,77588800,0.006833925113618244,138.7709991455078,144.35980041503908,55.477411325839,0.36528631071095674,-1.1027247114322496,1.4680110221432063,148.8129034872447,138.7709991455078,128.7290948037709,14.472626706690365
2022-07-13,142.99000549316406,146.4499969482422,142.1199951171875,145.49000549316406,142.5039825439453,71185600,-0.0025367162197320603,139.45149917602538,144.11660064697264,54.84331178357156,0.5665505120253727,-0.7688696667407252,1.335420178766098,149.37719162122661,139.45149917602538,129.52580673082414,14.23533271976135
2022-07-14,144.0800018310547,148.9499969482422,143.25,148.47000122070312,145.42279052734375,78140700,0.020482290608954346,140.23699951171875,143.9268005371094,58.91631688976097,0.9555001806420478,-0.42399569726417063,1.3794958779062183,150.40374708828622,140.23699951171875,130.07025193515128,14.49937978132212
2022-07-15,149.77999877929688,150.86000061035156,148.1999969482422,150.1699981689453,147.0879364013672,76259900,0.011450377674538936,140.97399978637696,143.7406005859375,61.07335128769183,1.3849562282141221,-0.06220531216851205,1.4471615403826341,151.75831748324575,140.97399978637696,130.18968208950818,15.299725783776658
2022-07-18,150.74000549316406,151.57000732421875,146.6999969482422,147.07000732421875,144.0515899658203,81420900,-0.020643069104331113,141.8245002746582,143.36160064697265,55.36488959377817,1.4583489476360967,0.2419055397924097,1.216443407843687,151.67423511978996,141.8245002746582,131.97476542952643,13.890032859000675
2022-07-19,147.9199981689453,151.22999572753906,146.91000366210938,151.0,147.90089416503906,82982400,0.02672170574536592,142.7965003967285,143.24620056152344,60.41616677755071,1.8127346939961626,0.5560713706331604,1.2566633233630022,152.2306985826112,142.7965003967285,133.3623022108458,13.213486548580494
2022-07-20,151.1199951171875,153.72000122070312,150.3699951171875,153.0399932861328,149.8990478515625,64823400,0.013510085235142189,143.65500030517578,143.16140045166014,62.77134416943222,2.232463906203435,0.8913498777472153,1.3411140284562197,153.52650177541062,143.65500030517578,133.78349883494093,13.743345444661397
2022-07-21,154.5,155.57000732421875,151.94000244140625,155.35000610351562,152.16160583496094,65086600,0.015093878285597384,144.65500030517578,143.2272006225586,65.28979398828815,2.720144922211716,1.2571088866401157,1.4630360355716006,154.9993991598007,144.65500030517578,134.31060145055085,14.302165611698944
2022-07-22,155.38999938964844,156.27999877929688,153.41000366210938,154.08999633789062,150.92747497558594,66675400,-0.008110658747342403,145.44599990844728,143.2188006591797,62.794499794983544,2.9707187862456976,1.599830866561232,1.3708879196844657,156.1302903076256,145.44599990844728,134.76170950926897,14.691762449161425
2022-07-25,154.00999450683594,155.0399932861328,152.27999877929688,152.9499969482422,149.8108367919922,53623900,-0.0073985083482935865,146.0104995727539,143.34780059814454,60.54007974877913,3.0422428732947253,1.8883132679079306,1.1539296053867947,157.0229771617961,146.0104995727539,134.9980219837117,15.084500938310825
2022-07-26,152.25999450683594,153.08999633789062,150.8000030517578,151.60000610351562,148.48858642578125,55138700,-0.008826132972255207,146.50749969482422,143.52860076904298,57.88959895882233,2.9559192516222197,2.1018344646507883,0.8540847869714314,157.5867496640948,146.50749969482422,135.42824972555363,15.124481671380263
2022-07-27,152.5800018310547,157.3300018310547,152.16000366210938,156.7899932861328,153.5720672607422,78620700,0.03423482543220113,147.47499923706056,143.7222006225586,64.35128304325721,3.26861716657055,2.3351910050347406,0.9334261615358095,158.59739070776428,147.47499923706056,136.35260776635684,15.08376542226644
2022-07-28,156.97999572753906,157.63999938964844,154.41000366210938,157.35000610351562,154.12060546875,81378700,0.0035718618482649678,148.38099975585936,143.95840087890625,64.9757953355531,3.521032599138124,2.5723593238554177,0.9486732752827063,159.62072305385155,148.38099975585936,137.14127645786718,15.14981475591297
2022-07-29,161.24000549316406,163.6300048828125,159.5,162.50999450683594,159.17466735839844,101786900,0.032792901859402646,149.670499420166,144.2238006591797,70.16253501628879,4.09029125683756,2.875945710451846,1.2143455463857138,161.1774565959653,149.670499420166,138.1635422443667,15.376386422679229
2022-08-01,161.00999450683594,163.58999633789062,160.88999938964844,161.50999450683594,158.19517517089844,67829400,-0.006153568301761059,150.79949951171875,144.63760040283202,68.05900965451323,4.40990654413099,3.182737877187675,1.2271686669433155,162.30056600030986,150.79949951171875,139.29843302312764,15.253454455526692
2022-08-02,160.10000610351562,162.41000366210938,159.6300048828125,160.00999450683594,156.72598266601562,59907000,-0.009287214374873565,151.72199935913085,145.09080017089843,64.9151407643743,4.49040391686367,3.444271085122874,1.0461328317407959,163.0693986578136,151.72199935913085,140.3746000604481,14.958146276233924
2022-08-03,160.83999633789062,166.58999633789062,160.75,166.1300048828125,162.7204132080078,82507500,0.03824784148756222,152.88249969482422,145.66160034179688,70.83471655334496,4.990504920742211,3.7535178522467416,1.2369870684954694,165.10540877453383,152.88249969482422,140.6595906151146,15.989938814590706
2022-08-04,166.00999450683594,167.19000244140625,164.42999267578125,165.80999755859375,162.40695190429688,55474100,-0.0019263797180150144,153.85549926757812,146.11560028076173,70.1680590772156,5.299922445829168,4.0627987709632265,1.2371236748659413,166.91313838787792,153.85549926757812,140.79786014727833,16.9738997727869
2022-08-05,163.2100067138672,165.85000610351562,163.0,165.35000610351562,162.18133544921875,56697000,-0.001389204417869272,154.77099990844727,146.615400390625,69.16045717665646,5.44525113207817,4.339289243186215,1.1059618888919545,168.34612004883326,154.77099990844727,141.19587976806127,17.542201250125895
2022-08-08,166.3699951171875,167.80999755859375,164.1999969482422,164.8699951171875,161.71054077148438,60276900,-0.0029028906219716877,155.77099990844727,147.10240020751954,68.06210656140063,5.458767019750468,4.563184798499066,0.8955822212514022,169.22744254741514,155.77099990844727,142.3145572694794,17.277211607907443
2022-08-09,164.02000427246094,165.82000732421875,163.25,164.9199981689453,161.75961303710938,63135500,0.00030345743320681073,156.72399978637696,147.5252001953125,68.11890630437591,5.4111370667023095,4.732775252139715,0.6783618145625949,169.93529290413207,156.72399978637696,143.51270666862186,16.859310808507683
2022-08-10,167.67999267578125,169.33999633789062,166.89999389648438,169.24000549316406,165.99681091308594,70170500,0.026194411549467,157.91149978637696,147.91720031738282,72.64523194400346,5.656770741127019,4.917574349937176,0.7391963911898429,171.13977235152007,157.91149978637696,144.68322722123386,16.75403321865518
2022-08-11,170.05999755859375,170.99000549316406,168.19000244140625,168.49000549316406,165.2611541748047,57149200,-0.00443175223809833,158.9125,148.3102005004883,70.7667657025703,5.724925092985387,5.079044498546819,0.6458805944385686,172.1613402100562,158.9125,145.66365978994378,16.67438396608979
2022-08-12,169.82000732421875,172.1699981689453,169.39999389648438,172.10000610351562,168.802001953125,68039400,0.02142577180947791,160.0090003967285,148.77800048828124,74.22199082766151,6.001058322270154,5.263447263291486,0.7376110589786684,173.8009658195517,160.0090003967285,146.21703497390533,17.238987042762837
2022-08-15,171.52000427246094,173.38999938964844,171.35000610351562,173.19000244140625,169.87109375,54091700,0.00633340709532515,161.31500015258788,149.21760040283203,75.17604472228848,6.235965166216488,5.457950843876487,0.7780143223400007,174.9039671261807,161.31500015258788,147.72603317899507,16.84774132689336
2022-08-16,172.77999877929688,173.7100067138672,171.66000366210938,173.02999877929688,169.71420288085938,56377100,-0.0009235877963529315,162.41650009155273,149.77060028076173,74.7387653194986,6.336180034824224,5.6335966820660355,0.7025833527581886,176.05377283511902,162.41650009155273,148.77922734798645,16.79296467523814
2022-08-17,172.77000427246094,176.14999389648438,172.57000732421875,174.5500030517578,171.20504760742188,79542000,0.00878444291200009,163.49200057983398,150.3388003540039,76.15759165213365,6.46374267971521,5.799625881595871,0.6641167981193394,177.39196480726582,163.49200057983398,149.59203635240215,17.0038462776586
2022-08-18,173.75,174.89999389648438,173.1199951171875,174.14999389648438,170.812744140625,62290100,-0.002291424652948515,164.43199996948243,150.84760009765625,74.96432066222276,6.4581144753804836,5.931323600352794,0.5267908750276895,178.54351156855634,164.43199996948243,150.32048837040853,17.163948138674854
2022-08-19,173.02999877929688,173.74000549316406,171.30999755859375,171.52000427246094,168.2331085205078,70346300,-0.01510212620899909,165.30350036621093,151.31880004882814,67.47817930198046,6.170308425334213,5.979120565349079,0.191187859985134,178.89589754336257,165.30350036621093,151.7111031890593,16.445383367005835
2022-08-22,169.69000244140625,169.86000061035156,167.13999938964844,167.57000732421875,164.35882568359375,69026800,-0.023029253105917524,166.03450088500978,151.81740020751954,58.094636098120226,5.559402977998531,5.895177047878969,-0.3357740698804381,178.40872471546024,166.03450088500978,153.66027705455932,14.905605478972658
2022-08-23,167.0800018310547,168.7100067138672,166.64999389648438,167.22999572753906,164.0252685546875,54147100,-0.002029444585764928,166.81600036621094,152.41940002441407,57.3552717642805,4.990294902111486,5.714200618725473,-0.7239057166139862,177.27034698921526,166.81600036621094,156.36165374320663,12.53398546908438
2022-08-24,167.32000732421875,168.11000061035156,166.25,167.52999877929688,164.319580078125,53841500,0.0017943059995013666,167.35300064086914,153.13239990234376,57.86481842202949,4.511474916276285,5.473655478235635,-0.9621805619593502,176.74116772964697,167.35300064086914,157.9648335520913,11.219598158176264
2022-08-25,168.77999877929688,170.13999938964844,168.35000610351562,170.02999877929688,166.7716522216797,51218200,0.014922580391143025,167.98700027465821,153.87779998779297,61.94542310224703,4.284348432601689,5.235794069108846,-0.9514456365071569,176.2302486033206,167.98700027465821,159.74375194599583,9.814150279705816
2022-08-26,170.57000732421875,171.0500030517578,163.55999755859375,163.6199951171875,160.48446655273438,78961000,-0.03769936668006457,168.0425003051758,154.44160003662108,48.875481318347184,3.5462365258210866,4.897882560451295,-1.3516460346302086,176.1513504312645,168.0425003051758,159.9336501790871,9.65095152876506
2022-08-29,161.14999389648438,162.89999389648438,159.82000732421875,161.3800048828125,158.28741455078125,73314000,-0.013690122471953892,168.0360008239746,155.06800018310548,45.28010475494705,2.7488420898368986,4.468074466328416,-1.7192323764915178,176.16596540224177,168.0360008239746,159.90603624570744,9.676455686164148
2022-08-30,162.1300048828125,162.55999755859375,157.72000122070312,158.91000366210938,155.86477661132812,77906200,-0.015305309940961243,167.9810012817383,155.61500030517578,41.64242029098838,1.8957398891682828,3.9536075508963897,-2.057867661728107,176.33908919730956,167.9810012817383,159.622913366167,9.951230022201216
2022-08-31,160.30999755859375,160.5800018310547,157.13999938964844,157.22000122070312,154.20713806152344,87991100,-0.010635106826850649,167.5355010986328,156.04200042724608,39.31512186384335,1.070936091162821,3.377073258949676,-2.306137167786855,177.10306812901123,167.5355010986328,157.96793406825438,11.421539873803505
2022-09-01,156.63999938964844,158.4199981689453,154.6699981689453,157.9600067138672,154.9329833984375,74229900,0.004706950313963176,167.14300155639648,156.49420043945312,40.87335223496618,0.4715496666398451,2.7959685404877104,-2.3244188738478653,177.56723588642572,167.14300155639648,156.71876722636725,12.473432010866393
2022-09-02,159.75,160.36000061035156,154.97000122070312,155.80999755859375,152.8241729736328,76957800,-0.01361111351855604,166.6660011291504,156.84500030517577,37.83372496502128,-0.17493956913801867,2.2017869185625645,-2.376726487700583,178.18984480741253,166.6660011291504,155.14215745088828,13.828667634897215
2022-09-06,156.47000122070312,157.08999633789062,153.69000244140625,154.52999877929688,151.56866455078125,73714800,-0.008215378486413738,166.14900131225585,157.10240020751954,36.11191762502888,-0.781562781054447,1.6051169786391624,-2.3866797596936093,178.8194867396764,166.14900131225585,153.4785158848353,15.251954964938951
2022-09-07,154.82000732421875,156.6699981689453,153.61000061035156,155.9600067138672,152.97128295898438,87449600,0.009254013105942427,165.70100173950195,157.38840026855468,39.42847515024426,-1.1338559718944055,1.057322388532449,-2.1911783604268544,179.12483945223045,165.70100173950195,152.27716402677345,16.202482268431996
2022-09-08,154.63999938964844,156.36000061035156,152.67999267578125,154.4600067138672,151.50003051757812,84923800,-0.009617834229714406,164.9620018005371,157.7288003540039,37.24440673831526,-1.5166058396819437,0.5425367428895704,-2.059142582571514,179.13175901857355,164.9620018005371,150.79224458250067,17.179419579509858
2022-09-09,155.47000122070312,157.82000732421875,154.75,157.3699951171875,154.35427856445312,68028800,0.01883991730644463,164.40600128173827,158.09160034179686,43.753714232904706,-1.567062007744255,0.12061699276280535,-1.6876790005070603,178.84843266968144,164.40600128173827,149.9635698937951,17.569226518919535
2022-09-12,159.58999633789062,164.25999450683594,159.3000030517578,163.42999267578125,160.2981414794922,104956000,0.03850792456366614,163.97250061035157,158.62580017089843,54.36853438764956,-1.1053163283867775,-0.12456967146711123,-0.9807466569196663,177.97903871180085,163.97250061035157,149.9659625089023,17.084008659150797
2022-09-13,159.89999389648438,160.5399932861328,153.3699951171875,153.83999633789062,150.8919219970703,122656600,-0.058679529254712315,163.00500030517577,158.92400024414061,41.1376483595035,-1.4959675258913308,-0.3988492423519551,-1.0971182835393756,177.00428395793747,163.00500030517577,149.00571665241407,17.176508237848452
2022-09-14,154.7899932861328,157.10000610351562,153.61000061035156,155.30999755859375,152.33370971679688,87965400,0.009555102093235623,162.11900024414064,159.19900024414062,43.410952907725935,-1.667720161305823,-0.6526234261427288,-1.0150967351630942,175.7051127466419,162.11900024414064,148.53288774163937,16.760666525257946
2022-09-15,154.64999389648438,155.24000549316406,151.3800048828125,152.3699951171875,149.45008850097656,90481100,-0.018929632982622402,161.0099998474121,159.38800018310548,40.07720952878906,-2.0178089432235993,-0.9256605295589029,-1.0921484136646964,173.96243511817576,161.0099998474121,148.05756457664845,16.088982402383177
2022-09-16,151.2100067138672,151.35000610351562,148.3699951171875,150.6999969482422,147.81207275390625,162278800,-0.010960286230005223,159.8375,159.475,38.27897578319197,-2.4023192793630983,-1.220992279519742,-1.1813269998433562,172.04380571093677,159.8375,147.63119428906325,15.273394179634641
2022-09-19,149.30999755859375,154.55999755859375,149.10000610351562,154.47999572753906,151.5196533203125,81474200,0.02508306999103538,158.9854995727539,159.62380004882812,44.36403288501248,-2.374658594179607,-1.4517255424517153,-0.9229330517278918,170.1450098392223,158.9854995727539,147.8259893062855,14.038400101213835
2022-09-20,153.39999389648438,158.0800018310547,153.0800018310547,156.89999389648438,153.89324951171875,107689800,0.015665269418142502,158.45199890136718,159.86440002441407,47.90510492762271,-2.132877193801704,-1.5879558727217131,-0.544921321079991,168.9175275378047,158.45199890136718,147.98647026492966,13.20971487769248
2022-09-21,157.33999633789062,158.74000549316406,153.60000610351562,153.72000122070312,150.7742156982422,101696800,-0.020267515458753493,157.7764991760254,160.0216000366211,43.9468593916057,-2.1728156583109524,-1.7049278298395611,-0.4678878284713912,167.61366364950317,157.7764991760254,147.93933470254763,12.469746159727894
2022-09-22,152.3800048828125,154.47000122070312,150.91000366210938,152.74000549316406,149.81298828125,86652500,-0.006375277182114281,157.03699951171876,160.1666000366211,42.77390117306696,-2.2575213434331545,-1.8154465325582798,-0.44207481087487466,166.01639084329094,157.03699951171876,148.0576081801466,11.436019994640937
2022-09-23,151.19000244140625,151.47000122070312,148.55999755859375,150.42999267578125,147.5472412109375,96029900,-0.015123836032553628,156.05699920654297,160.20579986572267,40.059727814914986,-2.4824339842353993,-1.9488440228937038,-0.5335899613416955,163.25107789429063,156.05699920654297,148.8629205187953,9.21980907530617
2022-09-26,149.66000366210938,153.77000427246094,149.63999938964844,150.77000427246094,147.88075256347656,93339400,0.0022603699655914244,155.41449966430665,160.21779998779297,40.65661881716737,-2.603234313513582,-2.0797220810176795,-0.5235122324959023,162.06688473855846,155.41449966430665,148.76211459005484,8.560829380297049
2022-09-27,152.74000549316406,154.72000122070312,149.9499969482422,151.75999450683594,148.85177612304688,84442700,0.006566260603478424,154.93349914550782,160.3115997314453,42.45349093206782,-2.5892383782855006,-2.181625340471244,-0.4076130378142566,161.16907548347228,154.93349914550782,148.69792280754336,8.049358431010761
2022-09-28,147.63999938964844,150.63999938964844,144.83999633789062,149.83999633789062,146.9685516357422,146691400,-0.012651676294060055,154.47999877929686,160.28839965820313,39.92837618824369,-2.701928158996651,-2.2856859041763253,-0.41624225482032573,160.81134922561557,154.47999877929686,148.14864833297815,8.196984070881836
2022-09-29,146.10000610351562,146.72000122070312,140.67999267578125,142.47999572753906,139.74961853027344,128138200,-0.04911889669676195,153.74299850463868,160.07719970703124,32.05697617133043,-3.346549224949399,-2.4978585683309404,-0.8486906566184587,161.81838164275504,153.74299850463868,145.6676153665223,10.505041812193767
2022-09-30,141.27999877929688,143.10000610351562,138.0,138.1999969482422,135.55160522460938,124925300,-0.030039533200977298,152.75499801635743,159.73419952392578,28.53418943090965,-4.154881310583363,-2.829263116781425,-1.325618193801938,163.05390964803433,152.75499801635743,142.45608638468053,13.484222140573188
2022-10-03,138.2100067138672,143.07000732421875,137.69000244140625,142.4499969482422,139.7201690673828,114311700,0.03075259666505703,152.08699798583984,159.50139953613282,36.04935721239347,-4.401809510888228,-3.143772395602786,-1.258037115285442,163.20701100724247,152.08699798583984,140.96698496443722,14.623226401559933
2022-10-04,145.02999877929688,146.22000122070312,144.25999450683594,146.10000610351562,143.3002471923828,87830100,0.025623202068081108,151.66549835205078,159.3643997192383,41.71782656788407,-4.253939883231908,-3.3658058931286106,-0.8881339901032974,163.01975771210877,151.66549835205078,140.31123899199278,14.972765043374766
2022-10-05,144.07000732421875,147.3800048828125,143.00999450683594,146.39999389648438,143.59449768066406,79471000,0.002053384373344569,151.18749771118163,159.26039947509764,42.17151428503466,-4.065679013312973,-3.505780517165483,-0.5598984961474902,162.58319050210736,151.18749771118163,139.7918049202559,15.07491421373384
2022-10-06,145.80999755859375,147.5399932861328,145.22000122070312,145.42999267578125,142.64306640625,68402200,-0.006625819859267357,150.73599700927736,159.03319946289062,41.05855737549876,-3.9492276711441434,-3.5944699479612154,-0.354757723182928,162.29170176761548,150.73599700927736,139.18029225093923,15.332375792926097
2022-10-07,142.5399932861328,143.10000610351562,139.4499969482422,140.08999633789062,137.40542602539062,85925600,-0.03671850663909937,149.8719970703125,158.68799926757814,35.50355380046429,-4.238968034904616,-3.7233695653498957,-0.5155984695547202,161.889226732911,149.8719970703125,137.85476740771398,16.036657811346338
2022-10-10,140.4199981689453,141.88999938964844,138.57000732421875,140.4199981689453,137.72909545898438,74899000,0.0023555797100323073,148.72149734497071,158.2461993408203,36.07910449348539,-4.3913403329814855,-3.856963718876214,-0.5343766141052715,159.68614134148524,148.72149734497071,137.7568533484562,14.745203877394008
2022-10-11,139.89999389648438,141.35000610351562,138.22000122070312,138.97999572753906,136.3166961669922,77033700,-0.010254908647191363,147.97849731445314,157.79559936523438,34.62701169489216,-4.5755485637467075,-4.000680687850313,-0.5748678758963948,159.45694608392054,147.97849731445314,136.50004854498573,15.513671212751664
2022-10-12,139.1300048828125,140.36000061035156,138.16000366210938,138.33999633789062,135.68898010253906,70433700,-0.00460483625339736,147.12999725341797,157.36219940185546,33.97257431949653,-4.718782330457827,-4.144301016371816,-0.574481314086011,158.82208593714148,147.12999725341797,135.43790856969446,15.893548429264168
2022-10-13,134.99000549316406,143.58999633789062,134.3699951171875,142.99000549316406,140.24984741210938,113224000,0.03361265819909409,146.6609977722168,156.8993994140625,42.47885202389803,-4.4062863195634066,-4.196698077010135,-0.2095882425532718,158.2265278753777,146.6609977722168,135.0954676690559,15.771787017464112
2022-10-14,144.30999755859375,144.52000427246094,138.19000244140625,138.3800048828125,135.72817993164062,88598000,-0.03224008841294712,146.0449981689453,156.35079956054688,37.34254513101637,-4.478988509921351,-4.253156163592378,-0.2258323463289731,157.99053835347806,146.0449981689453,134.09945798441257,16.358711813894654
2022-10-17,141.07000732421875,142.89999389648438,140.27000427246094,142.41000366210938,139.68096923828125,85250900,0.029122834393207286,145.44149856567384,155.89199951171875,43.746077628026356,-4.1634249272673,-4.235209916327362,0.07178498906006148,156.8279766632219,145.44149856567384,134.05502046812578,15.657811848530317
2022-10-18,145.49000549316406,146.6999969482422,140.61000061035156,143.75,140.99526977539062,99136600,0.009409302815384324,144.78399887084962,155.469599609375,45.73205203741343,-3.761847769432933,-4.140537486948476,0.3786897175155435,154.8951546159394,144.78399887084962,134.67284312575984,13.967228179833793
2022-10-19,141.69000244140625,144.9499969482422,141.5,143.86000061035156,141.10317993164062,61758300,0.00076534593268196,144.29099884033204,155.04839965820312,45.900896597454874,-3.3955767535582027,-3.991545340270422,0.5959685867122193,153.53565142108732,144.29099884033204,135.04634625957675,12.813900596786542
2022-10-20,143.02000427246094,145.88999938964844,142.64999389648438,143.38999938964844,140.64218139648438,64522000,-0.0032671023812474997,143.82349853515626,154.53139953613282,45.25303835139973,-3.107409225922595,-3.8147181174008566,0.7073088914782617,152.21841321701072,143.82349853515626,135.4285838533018,11.673912493238932
2022-10-21,142.8699951171875,147.85000610351562,142.64999389648438,147.27000427246094,144.4478302001953,86548600,0.02705908544594049,143.66549911499024,154.10699951171875,51.35681701921396,-2.5367088164575478,-3.559116257212195,1.0224074407546473,151.6668280447342,143.66549911499024,135.6641701852463,11.138831492646212
2022-10-24,147.19000244140625,150.22999572753906,146.0,149.4499969482422,146.58602905273438,75981900,0.01480256816302239,143.5994987487793,153.65399932861328,54.43090706764277,-1.8867679538062987,-3.224646596531016,1.3378786427247173,151.38417117468595,143.5994987487793,135.81482632287265,10.84219999893673
2022-10-25,150.08999633789062,152.49000549316406,149.36000061035156,152.33999633789062,149.42062377929688,74732300,0.01933741397376121,143.62849884033204,153.23699920654298,58.20208176760119,-1.1255121362721923,-2.8048197044792516,1.6793075682070593,151.53787822022215,143.62849884033204,135.71911946044193,11.013662948162894
2022-10-26,150.9600067138672,151.99000549316406,148.0399932861328,149.35000610351562,146.48797607421875,88194300,-0.019626793349556748,143.60399932861327,152.76339935302735,53.2885178387033,-0.7547780285671308,-2.3948113692968276,1.6400333407296968,151.4389511542999,143.60399932861327,135.76904750292664,10.911885271046915
2022-10-27,148.07000732421875,149.0500030517578,144.1300048828125,144.8000030517578,142.025146484375,109180200,-0.03046550105643231,143.71999969482422,152.16839935302735,46.81199575692927,-0.8186785804647343,-2.0795848115304088,1.2609062310656745,151.5536485210798,143.71999969482422,135.88635086856866,10.901264741009712
2022-10-28,148.1999969482422,157.5,147.82000732421875,155.74000549316406,152.7554931640625,164762400,0.07555244226322988,144.5970001220703,151.80019958496095,59.54366083580243,0.01329330246801419,-1.6610091887307243,1.6743024911987385,153.60208517161334,144.5970001220703,135.59191507252729,12.45542444440872
2022-10-31,153.16000366210938,154.24000549316406,151.9199981689453,153.33999633789062,150.40145874023438,97943200,-0.015410473136307057,145.14150009155273,151.43659942626954,56.35655760128059,0.4735179128639402,-1.2341037684117915,1.7076216812757317,154.8508619615584,145.14150009155273,135.43213822154706,13.379167038898135
2022-11-01,155.0800018310547,155.4499969482422,149.1300048828125,150.64999389648438,147.76307678222656,80379300,-0.017542263087784837,145.36899948120117,151.09819915771484,52.936449247782974,0.6141094451945719,-0.8644611256905188,1.4785705708850907,155.36648106799882,145.36899948120117,135.37151789440352,13.754626670716686
2022-11-02,148.9499969482422,152.1699981689453,145.0,145.02999877929688,142.25076293945312,93604600,-0.037305082993754235,145.3004997253418,150.65419921875,46.57680207330224,0.26894240909453515,-0.637780418733508,0.9067228278280431,155.28755452695654,145.3004997253418,135.31344492372708,13.746759055189806
2022-11-03,142.05999755859375,142.8000030517578,138.75,138.8800048828125,136.2185821533203,97918500,-0.042405261395331295,144.97300033569337,150.08119934082032,40.80029921202399,-0.495150279411007,-0.6092543908690078,0.11410411145800081,155.34379766903874,144.97300033569337,134.602203002348,14.307212114436735
2022-11-04,142.08999633789062,142.6699981689453,134.3800048828125,138.3800048828125,135.95333862304688,140814800,-0.0019471905086700936,144.88750076293945,149.4481994628906,40.36202264564016,-1.1280416988451236,-0.713011852464231,-0.4150298463808926,155.44444013102284,144.88750076293945,134.33056139485606,14.57260193252465
2022-11-07,137.11000061035156,139.14999389648438,135.6699981689453,138.9199981689453,136.4838409423828,83374600,0.003902091149132092,144.81250076293946,148.95419952392578,41.097922228154886,-1.5679652359883676,-0.8840025291690584,-0.6839627068193092,155.51562976233893,144.81250076293946,134.10937176354,14.78205119449
2022-11-08,140.41000366210938,141.42999267578125,137.49000549316406,139.5,137.05369567871094,89908500,0.0041752542454362995,144.8385009765625,148.51659942626952,41.926812424857474,-1.8484981718884228,-1.0769016577129313,-0.7715965141754915,155.48721809211233,144.8385009765625,134.18978386101267,14.704263084403207
2022-11-09,138.5,138.5500030517578,134.58999633789062,134.8699951171875,132.5048828125,74917800,-0.03319000515589543,144.66500091552734,148.0357992553711,37.402024148686245,-2.416568546257963,-1.3448350354219378,-1.0717335108360253,155.832045127323,144.66500091552734,133.4979567037317,15.438487735283402
2022-11-10,141.24000549316406,146.8699951171875,139.5,146.8699951171875,144.29441833496094,118854000,0.08897434775398905,144.8590003967285,147.82879913330078,51.893039474468985,-1.8768337279291814,-1.4512347739233866,-0.4255989540057947,156.037712808552,144.8590003967285,133.68028798490502,15.433921787680571
2022-11-11,145.82000732421875,150.00999450683594,144.3699951171875,149.6999969482422,147.07484436035156,93979700,0.019269116972606914,145.425,147.66359893798827,54.56435609662419,-1.2068210178959475,-1.4023520227178987,0.19553100482195118,156.3782534861166,145.425,134.47174651388343,15.063783374408224
2022-11-14,148.97000122070312,150.27999877929688,147.42999267578125,148.27999877929688,145.67974853515625,73374100,-0.009485618232422888,145.71849975585937,147.51299896240235,52.974811846972734,-0.7814055461003306,-1.2781627273943852,0.49675718129405455,156.6474226912096,145.71849975585937,134.78957682050913,15.000048660480104
2022-11-15,152.22000122070312,153.58999633789062,148.55999755859375,150.0399932861328,147.40882873535156,89868300,0.011869049868506787,146.03299942016602,147.42319885253906,54.73490336846002,-0.2987994973265131,-1.0822900813808107,0.7834905840542976,157.07862205449962,146.03299942016602,134.98737678583242,15.127570724686878
2022-11-16,149.1300048828125,149.8699951171875,147.2899932861328,148.7899932861328,146.18081665039062,64218300,-0.008330654924106562,146.27949905395508,147.2797985839844,53.21157269177455,-0.0169993223917686,-0.8692319295830023,0.8522326071912337,157.34017486387617,146.27949905395508,135.21882324403398,15.12266022437139
2022-11-17,146.42999267578125,151.47999572753906,146.14999389648438,150.72000122070312,148.07693481445312,80389400,0.012971046458149837,146.6459991455078,147.20499847412108,55.281025070017236,0.35793876183782913,-0.6237977912988361,0.9817365531366652,157.78489632342956,146.6459991455078,135.50710196758604,15.19154595805825
2022-11-18,152.30999755859375,152.6999969482422,149.97000122070312,151.2899932861328,148.63694763183594,74829600,0.0037819044409890257,146.8469985961914,147.0833984375,55.90137457630994,0.693084049438454,-0.36042142315137804,1.053505472589832,158.16728512346407,146.8469985961914,135.52671206891875,15.417797619959334
2022-11-21,150.16000366210938,150.3699951171875,147.72000122070312,148.00999450683594,145.41445922851562,58724100,-0.021680264931854043,146.7749984741211,146.7749984741211,51.476104038421646,0.6861115482194009,-0.15111482887722225,0.8372263770966232,158.04635787761447,146.7749984741211,135.50363907062774,15.358691222171183
2022-11-22,148.1300048828125,150.4199981689453,146.92999267578125,150.17999267578125,147.54641723632812,51804100,0.01466125183921485,146.66699829101563,146.7017984008789,54.06678849222301,0.8459350943799393,0.04829515577421006,0.7976399386057292,157.76302656704445,146.66699829101563,135.5709700149868,15.130913436998494
2022-11-23,149.4499969482422,151.8300018310547,149.33999633789062,151.07000732421875,148.42080688476562,58301400,0.005926200478571841,146.75299835205078,146.6169985961914,55.12503168048121,1.0325110059835936,0.24513832581608677,0.7873726801675068,157.95700883871783,146.75299835205078,135.54898786538374,15.269208278510755
2022-11-25,148.30999755859375,148.8800048828125,147.1199951171875,148.11000061035156,145.5126953125,35195900,-0.01959369197152727,146.91849822998046,146.5317987060547,50.9230576113816,0.9307963156097685,0.38226992377482316,0.5485263918349453,158.0999893221461,146.91849822998046,135.73700713781483,15.221352282899817
2022-11-28,145.13999938964844,146.63999938964844,143.3800048828125,144.22000122070312,141.69090270996094,69246000,-0.02626432418375224,146.3424980163574,146.4021987915039,45.964363827407745,0.5301846118337039,0.4118528613865993,0.11833175044710459,156.81108040380326,146.3424980163574,135.87391562891156,14.306961449128366
2022-11-29,144.2899932861328,144.80999755859375,140.35000610351562,141.1699981689453,138.69439697265625,83763800,-0.021148187215932146,145.73399810791017,146.13599884033204,42.47221196596061,-0.03303203328019322,0.32287588245324084,-0.35590791573343405,155.91575056172408,145.73399810791017,135.55224565409625,13.973064056438957
2022-11-30,141.39999389648438,148.72000122070312,140.5500030517578,148.02999877929688,145.43411254882812,111380900,0.04859400035821637,145.60299835205078,145.95859893798828,51.413429774842236,0.07331431377576791,0.2729635687177463,-0.19964925494197838,155.5940123238432,145.60299835205078,135.61198438025835,13.723637678992489
2022-12-01,148.2100067138672,149.1300048828125,146.61000061035156,148.30999755859375,145.70921325683594,71250400,0.0018915830900088082,145.76699829101562,145.8503988647461,51.74311158135672,0.17813469555812844,0.25399779408582274,-0.0758630985276943,155.82247836425918,145.76699829101562,135.71151821777207,13.796648337600198
2022-12-02,145.9600067138672,148.0,145.64999389648438,147.80999755859375,145.2179718017578,65447400,-0.00337138224891953,146.2134979248047,145.7517987060547,51.07661277375952,0.21834286139261394,0.246866807547181,-0.028523946154567048,155.78762270840974,146.2134979248047,136.63937314119966,13.09608882830895
2022-12-05,147.77000427246094,150.9199981689453,145.77000427246094,146.6300048828125,144.05868530273438,68826400,-0.007983078710161462,146.6259979248047,145.67579895019531,49.45751484960129,0.1532262780223448,0.22813870164221375,-0.07491242361986897,155.49984789724982,146.6259979248047,137.75214795235956,12.104060805091294
2022-12-06,147.07000732421875,147.3000030517578,141.9199981689453,142.91000366210938,140.40390014648438,64727200,-0.02537011321857896,146.82549819946288,145.5185989379883,44.65199526542065,-0.19628939069161788,0.14325308317544744,-0.3395424738670653,155.16043959816062,146.82549819946288,138.49055680076515,11.35353395821575
2022-12-07,142.19000244140625,143.3699951171875,140.0,140.94000244140625,138.4684600830078,69721100,-0.013784802711728883,146.8974983215332,145.3021990966797,42.30758101566346,-0.6250406314701422,-0.010405659753670485,-0.6146349717164717,154.9997041532167,146.8974983215332,138.7952924898497,11.031101174982817
2022-12-08,142.36000061035156,143.52000427246094,141.10000610351562,142.64999389648438,140.1484375,62128300,0.012132563733178614,147.28649826049804,145.15839904785156,45.00666067667174,-0.8174243008320161,-0.17180938796933962,-0.6456149128626765,153.5886048631317,147.28649826049804,140.98439165786436,8.55761617943752
2022-12-09,142.33999633789062,145.57000732421875,140.89999389648438,142.16000366210938,139.6670684814453,76097000,-0.0034347084215954338,147.05099868774414,145.15199920654297,44.366149285871096,-0.9979244103297162,-0.337032392441415,-0.6608920178883013,153.73801609729787,147.05099868774414,140.3639812781904,9.094827602977793
2022-12-12,142.6999969482422,144.5,141.05999755859375,144.49000549316406,141.9561767578125,70462700,0.016389749575586476,146.79049911499024,145.2777993774414,48.14527973605248,-0.9421004251474017,-0.45804599898261233,-0.48405442616478933,153.45030846644832,146.79049911499024,140.13068976353216,9.073897005065746
2022-12-13,149.5,149.97000122070312,144.24000549316406,145.47000122070312,142.9189910888672,93886200,0.0067824757826304705,146.64999923706054,145.33819946289063,49.69314285415458,-0.809451200085249,-0.5283270392031397,-0.28112416088210923,153.29673684454477,146.64999923706054,140.00326162957631,9.064763234999733
2022-12-14,145.35000610351562,146.66000366210938,141.16000366210938,143.2100067138672,140.69863891601562,82291200,-0.015535739203972887,146.30849990844726,145.28039947509765,46.26348728478815,-0.8765836915353304,-0.5979783696695778,-0.2786053218657526,152.92521596993495,146.30849990844726,139.69178384695957,9.044882649508555
2022-12-15,141.11000061035156,141.8000030517578,136.02999877929688,136.5,134.10629272460938,98931900,-0.04685437074726273,145.69400024414062,145.08239959716798,37.899903667754856,-1.4544620059823785,-0.769275096932138,-0.6851869090502405,153.45803684263254,145.69400024414062,137.9299636456487,10.658004565022106
2022-12-16,136.69000244140625,137.64999389648438,133.72999572753906,134.50999450683594,132.15118408203125,160156900,-0.014578798674220184,144.88349990844728,144.86399963378906,35.83105089069147,-2.0493874824997533,-1.0252975740456611,-1.0240899084540922,153.6935442232745,144.88349990844728,136.07345559362005,12.16155645107185
2022-12-19,135.11000061035156,135.1999969482422,131.32000732421875,132.3699951171875,130.04872131347656,79592600,-0.015909526525691997,143.9375,144.709599609375,33.70059241678561,-2.6628545452417427,-1.3528089682848776,-1.310045576956865,153.7937744723655,143.9375,134.0812255276345,13.695214203894746
2022-12-20,131.38999938964844,133.25,129.88999938964844,132.3000030517578,129.9799346923828,77432800,-0.000528929622675367,143.1520004272461,144.54719970703124,33.63016166467243,-3.1187286247434827,-1.7059928995765987,-1.412735725166884,154.03535160699985,143.1520004272461,132.26864924749233,15.205307850776403
2022-12-21,132.97999572753906,136.80999755859375,132.75,135.4499969482422,133.07472229003906,85928000,0.023809733440630865,142.41550064086914,144.4765997314453,39.73450694952937,-3.189072295006838,-2.0026087786626467,-1.1864635163441912,153.29039106190513,142.41550064086914,131.54061021983316,15.272060094721468
2022-12-22,134.35000610351562,134.55999755859375,130.3000030517578,132.22999572753906,129.9112091064453,77852100,-0.023772457527274082,141.47350006103517,144.35439971923827,36.08124469622853,-3.464708347206482,-2.295028692371414,-1.1696796548350683,152.4499560547236,141.47350006103517,130.49704406734674,15.517331498765378
2022-12-23,130.9199981689453,132.4199981689453,129.63999938964844,131.86000061035156,129.54763793945312,63814900,-0.0027986127563041086,140.66100006103517,144.13179962158202,35.67535690564253,-3.6706939433527452,-2.57016174256768,-1.1005322007850653,151.9533517917786,140.66100006103517,129.36864833029173,16.05612319810536
2022-12-27,131.3800048828125,131.41000366210938,128.72000122070312,130.02999877929688,127.74974822998048,69007800,-0.013878212972998627,139.95149993896484,143.9647994995117,33.65856851298905,-3.9362304517183873,-2.8433754843978214,-1.0928549673205659,152.01690443767586,139.95149993896484,127.88609544025383,17.242265361890283
2022-12-28,129.6699981689453,131.02999877929688,125.87000274658205,126.04000091552734,123.82974243164062,85438400,-0.030685037369176604,139.19500007629395,143.63739944458007,29.714325176251222,-4.4177049764455205,-3.158241382807361,-1.2594635936381593,152.67438548428498,139.19500007629395,125.71561466830292,19.367628723162277
2022-12-29,127.98999786376952,130.47999572753906,127.7300033569336,129.61000061035156,127.33710479736328,75703700,0.028324070589574868,138.27400016784668,143.3545994567871,36.84537423250273,-4.459798090232113,-3.4185527242923115,-1.041245365939801,151.72999772238478,138.27400016784668,124.81800261330858,19.462802172793538
2022-12-30,128.41000366210938,129.9499969482422,127.43000030517578,129.92999267578125,127.65149688720705,77034200,0.002468974697862558,137.35499992370606,143.0759992980957,37.457886613535656,-4.41642668310493,-3.6181275160548356,-0.7982991670500947,150.4494975419016,137.35499992370606,124.26050230551054,19.066648648347527
2023-01-03,130.27999877929688,130.89999389648438,124.16999816894533,125.06999969482422,122.87674713134766,112117500,-0.0374045731722078,136.21800003051757,142.70959930419923,32.329407746866565,-4.719808334883851,-3.838463679820639,-0.881344655063212,149.43229697965992,136.21800003051757,123.00370308137522,19.401689859169696
2023-01-04,126.88999938964844,128.66000366210938,125.08000183105467,126.36000061035156,124.14412689208984,89113600,0.010314235934219873,135.20449981689453,142.29139923095704,34.87806624800292,-4.8008074666926746,-4.030932437195046,-0.7698750294976282,148.17612171366656,135.20449981689453,122.23287792012248,19.188151155234213
2023-01-05,127.12999725341795,127.7699966430664,124.76000213623048,125.0199966430664,122.82762145996094,80962700,-0.010604653358054161,134.30999946594238,141.80279922485352,33.46799170584532,-4.916453171720178,-4.208036584100073,-0.7084165876201052,147.49833955100326,134.30999946594238,121.12165938088151,19.63865704340964
2023-01-06,126.01000213623048,130.2899932861328,124.88999938964844,129.6199951171875,127.346923828125,87754700,0.03679386048876032,133.74399909973144,141.34839920043945,42.1189178187692,-4.584079379470268,-4.2832451431741125,-0.30083423629615513,146.7154573372758,133.74399909973144,120.77254086218709,19.39744336173421
2023-01-09,130.47000122070312,133.41000366210938,129.88999938964844,130.14999389648438,127.86764526367188,70790800,0.004088998932158416,133.11899909973144,140.96439895629882,43.03792652250228,-4.229153236430619,-4.272426761825414,0.043273525394794454,145.50513065177765,133.11899909973144,120.73286754768523,18.60911160061629
2023-01-10,130.25999450683594,131.25999450683594,128.1199951171875,130.72999572753906,128.4375,63896200,0.004456598345524032,132.54749870300293,140.68299880981445,44.08422716654194,-3.856613767623884,-4.189264162985108,0.33265039536122387,144.24806786581865,132.54749870300293,120.8469295401872,17.654907527199747
2023-01-11,131.25,133.50999450683594,130.4600067138672,133.49000549316406,131.1490936279297,69458900,0.021112164499695885,131.99749870300292,140.23799880981446,48.89484999442557,-3.3006163817838683,-4.01153460674486,0.7109182249609916,142.35830411846783,131.99749870300292,121.63669328753801,15.698487497519833
2023-01-12,133.8800048828125,134.25999450683594,131.44000244140625,133.41000366210938,131.0704803466797,71379600,-0.0005994191730598342,131.39449882507324,139.83939895629882,48.76388980068784,-2.8337739448505204,-3.7759824743659918,0.9422085295154714,139.76045499756233,131.39449882507324,123.02854265258415,12.734104163107727
2023-01-13,132.02999877929688,134.9199981689453,131.66000366210938,134.75999450683594,132.3968048095703,57809700,0.010119169925848492,130.97199821472168,139.52159896850586,51.141976398080644,-2.3280289032881,-3.4863917601504135,1.1583628568623134,137.57648627359364,130.97199821472168,124.36751015584971,10.085343659557298
2023-01-17,134.8300018310547,137.2899932861328,134.1300048828125,135.94000244140625,133.55613708496094,63646600,0.008756497387214957,130.943998336792,139.33979904174805,53.187263732252234,-1.8111279796106317,-3.151339004042457,1.3402110244318255,137.45864176516082,130.943998336792,124.42935490842316,9.95027417997878
2023-01-18,136.82000732421875,138.61000061035156,135.02999877929688,135.2100067138672,132.8389434814453,69672800,-0.005369978640961892,130.97899894714357,139.26639907836915,51.74415256706105,-1.4437422657683214,-2.80981965638763,1.3660773906193087,137.5768909275863,130.97899894714357,124.38110696670083,10.074732641841782
2023-01-19,134.0800018310547,136.25,133.77000427246094,135.27000427246094,132.8978729248047,58280400,0.0004436157185156997,131.12399940490724,139.20419906616212,51.859763339564076,-1.1346654224340398,-2.4747888095969124,1.3401233871628726,137.96093214744235,131.12399940490724,124.28706666237213,10.428194340568968
2023-01-20,135.27999877929688,138.02000427246094,134.22000122070312,137.8699951171875,135.4522705078125,80223600,0.01922075595937578,131.40249900817872,139.18319900512697,56.70092814068026,-0.6721738632915617,-2.1142658203358424,1.4420919570442807,138.83610485758976,131.40249900817872,123.9688931587677,11.314253390186057
2023-01-23,138.1199951171875,143.32000732421875,137.89999389648438,141.11000061035156,138.63546752929688,81760300,0.023500506928016307,131.68549919128418,139.215399017334,61.84964323669894,-0.04370084897266224,-1.7001528260632064,1.6564519770905441,140.0824515590257,131.68549919128418,123.28854682354265,12.753040265343504
2023-01-24,140.30999755859375,143.16000366210938,140.3000030517578,142.52999877929688,140.0305633544922,66435100,0.010063051324874728,132.20049934387208,139.36859909057617,63.877002766282345,0.5624667608964558,-1.247628908671274,1.8100956695677297,141.83944365353273,132.20049934387208,122.56155503421144,14.582311500334647
2023-01-25,140.88999938964844,142.42999267578125,138.80999755859375,141.86000061035156,139.37232971191406,65799300,-0.004700642679782541,132.70049934387208,139.26839920043946,62.19751924444474,0.977527378958996,-0.80259765114522,1.780125030104216,143.21464469528584,132.70049934387208,122.18635399245832,15.846429219784678
2023-01-26,143.1699981689453,144.25,141.89999389648438,143.9600067138672,141.4355010986328,54105100,0.014803307019287004,133.3969997406006,139.15359939575194,65.27897136883699,1.45909926314647,-0.35025826828688195,1.809357531433352,144.90941859373467,133.3969997406006,121.8845808874665,17.260386478737537
2023-01-27,143.16000366210938,147.22999572753906,143.0800018310547,145.92999267578125,143.3709259033203,70555800,0.013684151359832919,134.3914993286133,139.10659927368164,67.92069472459241,1.976921137883096,0.11517761294711365,1.8617435249359824,146.60500685790217,134.3914993286133,122.1779917993244,18.17601201014134
2023-01-30,144.9600067138672,145.5500030517578,142.85000610351562,143.0,140.49232482910156,64015300,-0.020077997376956924,135.0609992980957,138.965799407959,60.54260483457486,2.1263614116129474,0.5174143726802805,1.608947038932667,147.61590097412454,135.0609992980957,122.50609762206686,18.59145384866978
2023-01-31,142.6999969482422,144.33999633789062,142.27999877929688,144.2899932861328,141.75965881347656,65874500,0.009020663484048841,135.77899932861328,138.875799407959,62.47530545903307,2.322117655604302,0.8783550292650848,1.4437626263392171,148.71472041922337,135.77899932861328,122.8432782380032,19.054082228582295
2023-02-01,143.97000122070312,146.61000061035156,141.32000732421875,145.42999267578125,142.87969970703125,77663600,0.007900984687247314,136.79699897766113,138.76999923706055,64.1466565502113,2.539965175220715,1.210677058456211,1.3292881167645039,149.40173566187323,136.79699897766113,124.19226229344902,18.428381877398426
2023-02-02,148.89999389648438,151.17999267578125,148.1699981689453,150.82000732421875,148.17518615722656,118339000,0.03706255305024775,138.0199993133545,138.76059951782227,70.77462740820033,3.1116706377560206,1.590875774316173,1.5207948634398476,151.07523708321435,138.0199993133545,124.96476154349466,18.917892819604802
2023-02-03,148.02999877929688,157.3800048828125,147.8300018310547,154.5,151.7906494140625,154357300,0.02439992383744749,139.49399948120117,138.89039962768555,74.2716933701803,3.8176880581777937,2.036238231088497,1.7814498270892964,152.99461420384213,139.49399948120117,125.99338475856021,19.35655264434563
2023-02-06,152.57000732421875,153.10000610351562,150.77999877929688,151.72999572753906,149.06922912597656,69858300,-0.017928774259752367,140.59949951171876,138.9213996887207,67.7045045990587,4.106360191381157,2.4502626231470295,1.6560975682341272,154.3043455528553,140.59949951171876,126.89465347058223,19.494871729602785
2023-02-07,150.63999938964844,155.22999572753906,150.63999938964844,154.64999389648438,151.93801879882812,83322600,0.019244680405687165,141.82449951171876,138.99299942016603,70.6505717588618,4.518666016440619,2.8639433018057474,1.6547227146348717,155.947712672397,141.82449951171876,127.70128635104052,19.916464657802305
2023-02-08,153.8800048828125,154.5800018310547,151.1699981689453,151.9199981689453,149.25587463378906,64120100,-0.017652883631386063,142.88399963378907,139.0691993713379,64.70739458599598,4.572425439387899,3.205639729322178,1.3667857100657215,156.69490850074857,142.88399963378907,129.07309076682958,19.331638115333806
2023-02-09,153.77999877929688,154.3300018310547,150.4199981689453,150.8699951171875,148.2242889404297,56007100,-0.006911524895689691,143.75299911499025,139.20219924926758,62.528703300620094,4.478676305780311,3.460247044613805,1.0184292611665064,157.27432903950205,143.75299911499025,130.23166919047844,18.8118926321612
2023-02-10,149.4600067138672,151.33999633789062,149.22000122070312,151.00999450683594,148.58836364746094,57450700,0.00245624188608895,144.63299865722655,139.3989991760254,62.70899103500452,4.365355126136279,3.6412686609183,0.7240864652179795,157.62784577390866,144.63299865722655,131.63815154054444,17.969408416234653
2023-02-13,150.9499969482422,154.25999450683594,150.9199981689453,153.85000610351562,151.38282775878906,62199000,0.018806749349217222,145.58749923706054,139.51539932250978,66.255855073812,4.453376721009164,3.8036902729364725,0.6496864480726914,158.34356325464012,145.58749923706054,132.83143521948097,17.52357047744716
2023-02-14,152.1199951171875,153.77000427246094,150.86000061035156,153.1999969482422,150.74325561523438,61707600,-0.004224865878273643,146.45049896240235,139.61319931030275,64.73815905134576,4.419736194964571,3.926899457342093,0.49283673762247826,158.8082204559845,146.45049896240235,134.0927774688202,16.87631190215978
2023-02-15,153.11000061035156,155.5,152.8800048828125,155.3300018310547,152.83908081054688,65573800,0.013903276712173396,147.4564987182617,139.76359939575195,67.37540970093204,4.512927212846705,4.044105008443015,0.4688222044036898,159.25329995922476,147.4564987182617,135.65969747729866,16.000381595256304
2023-02-16,153.50999450683594,156.3300018310547,153.35000610351562,153.7100067138672,151.24510192871094,68167900,-0.01042913156362002,148.37849884033204,139.90519943237305,63.486350298034516,4.405280368929169,4.116340080540246,0.2889402883889236,159.0501119186397,148.37849884033204,137.7068857620244,14.384311961251491
2023-02-17,152.35000610351562,153.0,150.85000610351562,152.5500030517578,150.1037139892578,59144100,-0.007546610930852626,149.11249923706055,140.09799942016602,60.78089366369022,4.178203143595539,4.1287126931513045,0.04949045044423439,158.76251782465062,149.11249923706055,139.46248064947048,12.943272545178619
2023-02-21,150.1999969482422,151.3000030517578,148.41000366210938,148.47999572753906,146.0989990234375,58867200,-0.026679652750676852,149.48099899291992,140.24879928588868,52.35127392230242,3.6280058369879953,4.028571321918642,-0.40056548493064703,158.41697715674587,149.48099899291992,140.54502082909397,11.956005410760197
2023-02-22,148.8699951171875,149.9499969482422,147.16000366210938,148.91000366210938,146.5220489501953,51011300,0.0028956387763474645,149.79999923706055,140.37399948120117,53.091489981888884,3.1898974025233997,3.860836538039594,-0.6709391355161944,158.1574263208543,149.79999923706055,141.44257215326678,11.158113653349256
2023-02-23,150.08999633789062,150.33999633789062,147.24000549316406,149.39999389648438,147.00418090820312,48394200,0.0032905078891689588,150.1769989013672,140.51879928588866,53.969002328471966,2.8493854864967716,3.6585463277310297,-0.8091608412342581,157.70702929237154,150.1769989013672,142.64696851036285,10.02820731016192
2023-02-24,147.11000061035156,147.19000244140625,145.72000122070312,146.7100067138672,144.35731506347656,55469600,-0.018005377999278815,150.3144989013672,140.56319931030274,48.59452307306017,2.335545144711631,3.39394609112715,-1.058400946415519,157.4768687105294,150.3144989013672,143.15212909220497,9.529845572464692
2023-02-27,147.7100067138672,149.1699981689453,147.4499969482422,147.9199981689453,145.5479278564453,44998500,0.008247678979379947,150.41399917602538,140.61219924926758,50.9602105667368,2.0028713161430574,3.1157311361303317,-1.1128598199872743,157.3826351865832,150.41399917602538,143.44536316546757,9.265940735213897
2023-02-28,147.0500030517578,149.0800018310547,146.8300018310547,147.41000366210938,145.04612731933594,50547000,-0.003447665277683032,150.63449935913087,140.6961991882324,49.91748844912417,1.6787213608372156,2.828329181071709,-1.1496078202344933,156.89379065909037,150.63449935913087,144.37520805917137,8.31056806586729
2023-03-01,146.8300018310547,147.22999572753906,145.00999450683594,145.30999755859375,142.97975158691406,55479000,-0.014246335083959227,150.6854995727539,140.8723991394043,45.76498117503095,1.2381051384700186,2.5102843725513706,-1.272179234081352,156.75079724997576,150.6854995727539,144.62020189553206,8.050273841104936
2023-03-02,144.3800048828125,146.7100067138672,143.89999389648438,145.91000366210938,143.57015991210938,52238100,0.004129314246545057,150.70950012207032,141.10039932250976,47.1185514649647,0.9266472729246402,2.193556952626025,-1.2669096797013846,156.6946929759,150.70950012207032,144.72430726824064,7.942688216710765
2023-03-03,148.0399932861328,151.11000061035156,147.3300018310547,151.02999877929688,148.60804748535156,70732300,0.035090074262829285,150.71999969482422,141.47359939575196,56.98423593383396,1.0805001537354144,1.9709455928479027,-0.8904454391124883,156.70666771993913,150.71999969482422,144.73333166970932,7.944092406099565
2023-03-06,153.7899932861328,156.3000030517578,153.4600067138672,153.8300018310547,151.3631591796875,87558000,0.018539451536818685,150.68649978637694,141.90419937133788,61.24268275015223,1.4120888348101346,1.8591742412403491,-0.44708540643021455,156.595175379394,150.68649978637694,144.7778241933599,7.842342348377031
2023-03-07,153.6999969482422,154.02999877929688,151.1300048828125,151.60000610351562,149.16893005371094,56182000,-0.014496454341123566,150.68000030517578,142.22719955444336,56.449602666449344,1.4778969589845588,1.7829187847891912,-0.30502182580463244,156.58435465539375,150.68000030517578,144.7756459549578,7.836944967161856
2023-03-08,152.80999755859375,153.47000122070312,151.8300018310547,152.8699951171875,150.41854858398438,47204800,0.00837720381733309,150.59100036621095,142.63999954223632,58.444276729128376,1.6139235649527564,1.7491197408219044,-0.135196175869148,156.3038597175968,150.59100036621095,144.8781410148251,7.5872520104032395
2023-03-09,153.55999755859375,154.5399932861328,150.22999572753906,150.58999633789062,148.17510986328125,53833600,-0.014914641457602684,150.5245002746582,143.0145994567871,53.689918543166215,1.5202245807964516,1.703340708816814,-0.18311612802036237,156.20480185905413,150.5245002746582,144.8441986902623,7.547344882768213
2023-03-10,150.2100067138672,150.94000244140625,147.61000061035156,148.5,146.1186065673828,68572400,-0.013878871409617521,150.40600051879883,143.38399948120116,49.69882740327098,1.2627658445368866,1.6152257359608284,-0.35245989142394185,156.1510422293795,150.40600051879883,144.66095880821817,7.6393783369867725
2023-03-13,147.80999755859375,153.13999938964844,147.6999969482422,150.47000122070312,148.05706787109375,84457100,0.013266354978666017,150.37900085449218,143.87259948730468,53.22813296253431,1.2038137600074208,1.532943340770147,-0.32912958076272614,156.11750639158743,150.37900085449218,144.64049531739693,7.6320570086083634
2023-03-14,151.27999877929688,153.39999389648438,150.10000610351562,152.58999633789062,150.14303588867188,73695900,0.01408894588804288,150.31600036621094,144.33219940185546,56.74533377543432,1.3130239736701697,1.4889594673501516,-0.17593549367998196,155.92694451768406,150.31600036621094,144.70505621473782,7.465531464120019
2023-03-15,151.19000244140625,153.25,149.9199981689453,152.99000549316406,150.53662109375,77167900,0.0026214016704042553,150.30550079345704,144.79339965820313,57.39633111434756,1.4155338574599625,1.4742743453721139,-0.05874048791215136,155.8955657960844,150.30550079345704,144.71543579082967,7.4382706861926255
2023-03-16,152.16000366210938,156.4600067138672,151.63999938964844,155.85000610351562,153.3507843017578,76161100,0.018694210003924683,150.33150100708008,145.40899978637697,61.82073430870939,1.7078646258423191,1.5209924014661549,0.18687222437616424,156.01879459722073,150.33150100708008,144.64420741693942,7.566336465798747
2023-03-17,156.0800018310547,156.74000549316406,154.27999877929688,155.0,152.51441955566406,98944600,-0.005453931976298065,150.39600067138673,145.98179977416993,59.831977607892895,1.84962910419938,1.5867197420128,0.2629093621865799,156.26155980593583,150.39600067138673,144.53044153683763,7.80015307370476
2023-03-20,155.07000732421875,157.82000732421875,154.14999389648438,157.39999389648438,154.87591552734375,73641400,0.015483755428238766,150.63850021362305,146.62939971923828,63.41104802523056,2.131072250162248,1.6955902436426897,0.43548200651955815,157.19996337495115,150.63850021362305,144.07703705229494,8.711535433535495
2023-03-21,157.32000732421875,159.39999389648438,156.5399932861328,159.27999877929688,156.7257537841797,73938300,0.01194400207764601,151.17850036621093,147.22259979248048,65.9690309002712,2.477262315284463,1.8519246579710444,0.6253376573134186,158.65443972706078,151.17850036621093,143.70256100536108,9.890215001128237
2023-03-22,159.3000030517578,162.13999938964844,157.80999755859375,157.8300018310547,155.29898071289062,75701800,-0.009103628707084144,151.6245002746582,147.77619995117186,62.348545634714064,2.6045936659872666,2.002458459574289,0.6021352064129775,159.55628976643257,151.6245002746582,143.69271078288384,10.462411387877859
2023-03-23,158.8300018310547,161.5500030517578,157.67999267578125,158.92999267578125,156.38137817382812,67622100,0.006969765390402616,152.10100021362305,148.34019989013672,63.964267848832584,2.7624212740546454,2.1544510224703606,0.6079702515842849,160.56796152768092,152.10100021362305,143.63403889956518,11.133340743540382
2023-03-24,158.86000061035156,160.33999633789062,157.85000610351562,160.25,157.68016052246094,59196500,0.008305223830353592,152.7779998779297,148.87539978027343,65.85769967024223,2.9598945281869646,2.315539723613681,0.6443548045732834,161.5714518185874,152.7779998779297,143.98454793727197,11.51141126036959
2023-03-27,159.94000244140625,160.77000427246094,157.8699951171875,158.27999877929688,155.74179077148438,52390300,-0.012293047803565882,153.29599990844727,149.3727996826172,60.72921756053707,2.9237279543805528,2.4371773697670553,0.4865505846134974,162.10428368949226,153.29599990844727,144.48771612740228,11.491863827243437
2023-03-28,157.97000122070312,158.49000549316406,155.97999572753906,157.64999389648438,155.1219024658203,45992200,-0.003980231013097857,153.80799942016603,149.83059967041015,59.14305339773901,2.8118166827764526,2.512105232368935,0.2997114504075178,162.3753649157317,153.80799942016603,145.24063392460036,11.14033799004395
2023-03-29,159.3699951171875,161.0500030517578,159.35000610351562,160.77000427246094,158.19189453125,51305700,0.019790835572727206,154.58099975585938,150.32719970703124,64.13851397298718,2.940983133218367,2.597880812538821,0.34310232067954605,162.72104451270786,154.58099975585938,146.4409549990109,10.531753281068989
2023-03-30,161.52999877929688,162.47000122070312,161.27000427246094,162.36000061035156,159.75636291503906,49501700,0.009889687385215673,155.40349960327148,150.87019958496094,66.39356728213716,3.1355037565790553,2.7054054013468685,0.43009835523218687,163.1893612032997,155.40349960327148,147.61763800324326,10.020188245315838
2023-03-31,162.44000244140625,165.0,161.91000366210938,164.89999389648438,162.25563049316406,68749800,0.015644244351344927,156.09699935913085,151.4627993774414,69.67422940492428,3.454794264868468,2.8552831740511886,0.5995110908172796,164.63556200690869,156.09699935913085,147.558436711353,10.940072753267025
2023-04-03,164.27000427246094,166.2899932861328,164.22000122070312,166.1699981689453,163.50527954101562,56976200,0.007701729943382141,156.7139991760254,152.02879943847657,71.18869468312342,3.7668906533272093,3.0376046699063926,0.7292859834208167,166.23500240257022,156.7139991760254,147.19299594948058,12.150801174884922
2023-04-04,166.60000610351562,166.83999633789062,165.11000061035156,165.6300048828125,162.9739227294922,46278300,-0.003249783817470875,157.41549911499024,152.51919952392578,69.59719314786055,3.9254066994842844,3.215165075821971,0.7102416236623132,167.38292307035405,157.41549911499024,147.44807515962643,12.663840614681432
2023-04-05,164.74000549316406,165.0500030517578,161.8000030517578,163.75999450683594,161.13392639160156,51511700,-0.011290127322667987,157.95999908447266,152.94379943847656,64.24108612163391,3.8556915865723624,3.3432703779720496,0.5124212086003128,168.06355402694288,157.95999908447266,147.85644414200243,12.792548747822064
2023-04-06,162.42999267578125,164.9600067138672,162.0,164.66000366210938,162.01950073242188,45390100,0.0054958900378814235,158.6634994506836,153.39979949951172,65.61273438896276,3.8289275807335628,3.4404018185243523,0.3885257622092104,168.57393816880406,158.6634994506836,148.7530607325631,12.49239901102884
2023-04-10,161.4199981689453,162.02999877929688,160.0800018310547,162.02999877929688,159.43165588378906,47716900,-0.015972428238170466,159.33999938964843,153.76119934082033,58.54554682725731,3.5545231686328407,3.46322608854605,0.0912970800867905,168.17139261184403,159.33999938964843,150.50860616745283,11.084967059149287
2023-04-11,162.35000610351562,162.36000061035156,160.50999450683594,160.8000030517578,158.22137451171875,47644200,-0.007591223746383768,159.85649948120118,154.05859954833986,55.532950381975766,3.200907253039304,3.410762321444701,-0.20985506840539703,167.7061724362994,159.85649948120118,152.00682652610297,9.820899344816842
2023-04-12,161.22000122070312,162.05999755859375,159.77999877929688,160.10000610351562,157.53265380859375,50133100,-0.004352892934032737,160.23199996948242,154.40059967041014,53.835136280173614,2.831539958591577,3.2949178488740767,-0.46337789028249965,167.3386734911714,160.23199996948242,153.12532644779344,8.870479708226203
2023-04-13,161.6300048828125,165.8000030517578,161.4199981689453,165.55999755859375,162.90505981445312,68445600,0.034103443800210353,160.8604995727539,154.82599975585939,63.26836127176405,2.9454362404568144,3.2250215271906244,-0.27958528673381,167.5022596106906,160.8604995727539,154.2187395348172,8.257788649888873
2023-04-14,164.58999633789062,166.32000732421875,163.82000732421875,165.2100067138672,162.56065368652344,49386500,-0.0021141524291631297,161.3284996032715,155.22160003662108,62.388323415992524,2.973185496578651,3.17465432106823,-0.20146882448957903,167.8092027904524,161.3284996032715,154.8477964160906,8.034170283759924
2023-04-17,165.08999633789062,165.38999938964844,164.02999877929688,165.22999572753906,162.58035278320312,41516200,0.00012117997949046,161.83999938964843,155.5097998046875,62.42047374589339,2.9626384761513407,3.1322511520848524,-0.1696126759335117,167.8389441827177,161.83999938964843,155.84105459657914,7.413426613560638
2023-04-18,166.10000610351562,167.41000366210938,165.64999389648438,166.47000122070312,163.80044555664062,49923000,0.007504552380104945,162.2934997558594,155.74919982910157,64.45055089650197,3.019530696340695,3.1097070609360213,-0.09017636459532641,168.25247130612928,162.2934997558594,156.3345282055895,7.343450673297534
2023-04-19,165.8000030517578,168.16000366210938,165.5399932861328,167.6300048828125,164.94186401367188,47720200,0.0069683476937585365,162.71100006103515,156.06720001220702,66.28539733222559,3.122229671570807,3.1122115830629786,0.01001808850782826,168.93125212059732,162.71100006103515,156.49074800147298,7.64576710514823
2023-04-20,166.08999633789062,167.8699951171875,165.55999755859375,166.64999389648438,163.9775848388672,52456400,-0.005846176048578955,163.15199966430663,156.30720001220703,63.312286408720034,3.088933352154328,3.1075559368812486,-0.0186225847269208,169.1729563015089,163.15199966430663,157.13104302710437,7.380794166900411
2023-04-21,165.0500030517578,166.4499969482422,164.49000549316406,165.02000427246094,162.37374877929688,58337300,-0.009780824989868764,163.4565002441406,156.56920013427734,58.60403799482393,2.897617310214713,3.0655682115479417,-0.16795090133322876,169.20226877894754,163.4565002441406,157.7107317093337,7.030333484719149
2023-04-24,165.0,165.60000610351562,163.88999938964844,165.3300018310547,162.67872619628906,41949600,0.001878243369294319,163.71050033569335,156.85840026855467,59.22508229668358,2.7394336944493887,3.0003413081282315,-0.26090761367884285,169.31420132215223,163.71050033569335,158.10679934923448,6.845866300534562
2023-04-25,165.19000244140625,166.30999755859375,163.72999572753906,163.77000427246094,161.14373779296875,48714100,-0.009435704589106475,163.98500061035156,157.1136004638672,54.771878540482014,2.4598377948656776,2.892240605475721,-0.43240281061004326,169.00522987358076,163.98500061035156,158.96477134712237,6.122790797382593
2023-04-26,163.05999755859375,165.27999877929688,162.8000030517578,163.75999450683594,161.13392639160156,45498800,-6.088602325826642e-05,164.29050064086914,157.3118002319336,54.7434350027366,2.211950339018159,2.7561825521842085,-0.5442322131660493,168.3908718822535,164.29050064086914,160.1901293994848,4.9916108665924135
2023-04-27,165.19000244140625,168.55999755859375,165.19000244140625,168.41000366210938,165.70936584472656,64902300,0.02839525825247602,164.67250061035156,157.61600036621093,64.07641318837278,2.3634700103386876,2.6776400438151047,-0.31417003347641703,168.81310811443095,164.67250061035156,160.53189310627218,5.028899772253897
2023-04-28,168.49000549316406,169.85000610351562,167.8800048828125,169.67999267578125,166.95896911621094,55275900,0.007540933278661344,165.03850021362305,157.90300018310546,66.13076531459728,2.556557537274898,2.6534235425070634,-0.09686600523216526,169.5721821358057,165.03850021362305,160.50481829144042,5.494090065426329
2023-05-01,169.27999877929688,170.4499969482422,168.63999938964844,169.58999633789062,166.87042236328125,52472900,-0.0005303503812846833,165.27300033569335,158.22059997558594,65.84341142874894,2.6715231848458814,2.657043470974827,0.0144797138710544,170.2200901000283,165.27300033569335,160.3259105713584,5.986567381588878
2023-05-02,170.08999633789062,170.35000610351562,167.5399932861328,168.5399932861328,165.83726501464844,48425700,-0.006191374924332638,165.39150009155273,158.54039978027345,62.43470204413925,2.6473903497844162,2.6551128467367446,-0.007722496952328406,170.52874214667384,165.39150009155273,160.25425803643162,6.212220159170669
2023-05-03,169.5,170.9199981689453,167.16000366210938,167.4499969482422,164.7647247314453,65136000,-0.006467426263381704,165.4824996948242,158.9197998046875,59.01893546592415,2.511361892513804,2.6263626558921565,-0.1150007633783523,170.6973091042304,165.4824996948242,160.267690285418,6.3025509271652655
2023-05-04,164.88999938964844,167.0399932861328,164.30999755859375,165.7899932861328,163.13137817382812,81235400,-0.009913205391988034,165.58399963378906,159.25739959716796,54.15929813476672,2.2437454370763703,2.549839212128999,-0.3060937750526289,170.73943694435752,165.58399963378906,160.4285623232206,6.226975217376547
2023-05-05,170.97999572753906,174.3000030517578,170.75999450683594,173.57000732421875,170.78660583496094,113453200,0.04692676385640304,166.02949981689454,159.74079986572266,67.61732140854915,2.629132576884956,2.5656978850801906,0.06343469180476546,172.2237844620974,166.02949981689454,159.8352151716917,7.461667537436679
2023-05-08,172.47999572753906,173.85000610351562,172.11000061035156,173.5,170.7177276611328,55962800,-0.00040329962347684933,166.60299987792968,160.27659973144532,67.42549784280257,2.8955278135279627,2.6316638707697453,0.26386394275821745,173.31239820214407,166.60299987792968,159.89360155371529,8.054354758474192
2023-05-09,173.0500030517578,173.5399932861328,171.60000610351562,171.77000427246094,169.01547241210938,45326900,-0.009971168620533266,167.15149993896483,160.75359985351562,62.692403587491754,2.933239205128018,2.6919789376414,0.24126026748661822,173.6643525439955,167.15149993896483,160.63864733393416,7.7927540074828325
2023-05-10,173.02000427246094,174.02999877929688,171.89999389648438,173.55999755859375,170.77676391601562,53724500,0.010420889157483293,167.82449951171876,161.27659973144532,65.3988681881361,3.0721494270118512,2.7680130355154904,0.30413639149636085,174.0594486407034,167.82449951171876,161.5895503827341,7.430320539760385
2023-05-11,173.85000610351562,174.58999633789062,172.1699981689453,173.75,170.9636993408203,49514700,0.0010946186150746495,168.23399963378907,161.84539978027342,65.68344611597735,3.1611288619673132,2.8466362008058548,0.31449266116145846,174.8823487995072,168.23399963378907,161.58565046807092,7.903692690169928
2023-05-12,173.6199951171875,174.05999755859375,171.0,172.57000732421875,170.03750610351562,45533100,-0.005417484769432268,168.60199966430665,162.37859985351562,62.25879427039387,3.100687364084166,2.8974464334615173,0.2032409306226488,175.3540464978087,168.60199966430665,161.8499528308046,8.009450477391306
2023-05-15,173.16000366210938,173.2100067138672,171.47000122070312,172.07000732421875,169.5448455810547,37266700,-0.0028973638448979155,168.94400024414062,162.79940002441407,60.81194019230667,2.9781114057531113,2.9135794279198364,0.06453197783327491,175.67108075289798,168.94400024414062,162.21691973538327,7.963680863524083
2023-05-16,171.99000549316406,173.13999938964844,171.8000030517578,172.07000732421875,169.5448455810547,42110300,0.0,169.2240005493164,163.16420013427734,60.81194019230667,2.8481375192458245,2.900491046185034,-0.052353526939209694,175.98197815412198,169.2240005493164,162.46602294451083,7.987020260564186
2023-05-17,171.7100067138672,172.92999267578125,170.4199981689453,172.69000244140625,170.15576171875,57951600,0.0036032716630318706,169.47700042724608,163.58600006103515,62.07926632406034,2.7633070190030082,2.873054240748629,-0.10974722174562057,176.35513207329288,169.47700042724608,162.5988687811993,8.11689093942806
2023-05-18,173.0,175.24000549316406,172.5800018310547,175.0500030517578,172.48109436035156,65496700,0.013665905979987292,169.89700088500976,164.02960021972658,66.5179590405744,2.853615855034491,2.869166563605801,-0.015550708571310246,177.05356234061333,169.89700088500976,162.7404394294062,8.424588330958581
2023-05-19,176.38999938964844,176.38999938964844,174.94000244140625,175.16000366210938,172.58950805664062,55809500,0.0006285540840931247,170.40400085449218,164.52100036621093,66.71353420248926,2.9006257797591672,2.8754584068364744,0.025167372922692888,177.5433983393082,170.40400085449218,163.26460336967617,8.379377771666688
2023-05-22,173.97999572753906,174.7100067138672,173.4499969482422,174.1999969482422,171.64358520507812,43570900,-0.005480766833474426,170.84750061035157,165.03500030517577,63.241622759960606,2.8278196207619715,2.865930649621574,-0.03811102885960249,177.76971502217026,170.84750061035157,163.9252861985329,8.10338387988015
2023-05-23,173.1300048828125,173.3800048828125,171.27999877929688,171.55999755859375,169.04234313964844,50747300,-0.015154904054944685,171.23700027465821,165.45680023193358,54.79623406695699,2.5279536517663814,2.7983352500505356,-0.2703815982841542,177.35202700451708,171.23700027465821,165.12197354479935,7.1421792253433285
2023-05-24,171.08999633789062,172.4199981689453,170.52000427246094,171.83999633789062,169.3182373046875,45143500,0.0016321009275832576,171.64100036621093,165.8418002319336,55.475365751414536,2.2865434231038932,2.6959768846612073,-0.4094334615573141,176.70383409951026,171.64100036621093,166.5781666329116,5.899329090948356
2023-05-25,172.41000366210938,173.89999389648438,171.69000244140625,172.99000549316406,170.45132446289062,56058300,0.006692056190994666,171.87000045776367,166.24180023193358,58.2497601155417,2.163085502229393,2.589398608174845,-0.4263131059454519,176.73812291610778,171.87000045776367,167.00187799941955,5.664889096850196
2023-05-26,173.32000732421875,175.77000427246094,173.11000061035156,175.42999267578125,172.85552978515625,54835000,0.01410493775769428,172.15750045776366,166.6333999633789,63.45317460409395,2.2363515160866427,2.5187891897572046,-0.28243767367056183,177.15184459597376,172.15750045776366,167.16315631955356,5.802063952985174
2023-05-30,176.9600067138672,178.99000549316406,176.57000732421875,177.3000030517578,174.69810485839844,55964400,0.010659624690817493,172.54300079345703,167.07940002441407,66.86194404864573,2.4174427932198057,2.498519910449725,-0.08107711722991917,177.86462483507512,172.54300079345703,167.22137675183893,6.1684612150548555
2023-05-31,177.3300018310547,179.35000610351562,176.75999450683594,177.25,174.64881896972656,99625300,-0.0002821203396099481,172.9785011291504,167.47640014648437,66.68284253661962,2.527785370397936,2.504373002439367,0.023412367958568936,178.34388972235686,172.9785011291504,167.61311253594394,6.203532298155963
2023-06-01,177.6999969482422,180.1199951171875,176.92999267578125,180.08999633789062,177.4471435546875,68901800,0.016022579491052902,173.61050109863282,167.89260009765624,71.37313565965727,2.8119818510342043,2.5658947721583347,0.24608707887586956,179.1954361954381,173.61050109863282,168.02556600182754,6.433867838020155
2023-06-02,181.02999877929688,181.77999877929688,179.25999450683594,180.9499969482422,178.29449462890625,61996900,0.004775230850405876,174.36850128173828,168.355,72.62967934470063,3.071201571434983,2.6669561320136643,0.40424543942131885,179.60632662260107,174.36850128173828,169.13067594087548,6.007765510812886
2023-06-05,182.6300048828125,184.9499969482422,178.0399932861328,179.5800018310547,176.9446563720703,121946500,-0.007570835317407987,174.66900100708008,168.76800018310547,67.54349295720326,3.130007137085215,2.7595663330279745,0.37044080405724067,180.35917174588286,174.66900100708008,168.9788302682773,6.515375602992234
2023-06-06,179.97000122070312,180.1199951171875,177.42999267578125,179.2100067138672,176.58004760742188,64848400,-0.002060580817324964,174.95450134277343,169.1472003173828,66.1952546622567,3.110894996698363,2.8298320657620524,0.28106293093631063,180.94639880225202,174.95450134277343,168.96260388329483,6.8496636708296865
2023-06-07,178.44000244140625,181.2100067138672,177.32000732421875,177.82000732421875,175.21046447753906,61944600,-0.0077561601576170425,175.25700149536132,169.53800048828126,61.24890544573783,2.949586160506527,2.8537828847109474,0.09580327579557979,181.1858150683636,175.25700149536132,169.32818792235904,6.765850747662381
2023-06-08,177.89999389648438,180.83999633789065,177.4600067138672,180.57000732421875,177.9200897216797,50214900,0.015464973808616334,175.60750198364258,169.99640075683592,66.57101568968505,3.0089642955641693,2.884819166881592,0.12414512868257743,181.910601993121,175.60750198364258,169.30440197416416,7.178622710623754
2023-06-09,181.5,182.22999572753903,180.6300048828125,180.9600067138672,178.30438232421875,48900000,0.0021599168657131518,175.96800231933594,170.40020080566407,67.257805113264,3.0523064974694307,2.9183166329991597,0.13398986447027106,182.6199964876221,175.96800231933594,169.31600815104977,7.5604588113861
2023-06-12,181.2700042724609,183.88999938964844,180.97000122070312,183.7899932861328,181.09283447265625,54274900,0.01563871909422354,176.52900161743165,170.82880065917968,71.7873038200593,3.277233858032133,2.9901000780057547,0.28713378002637846,183.8034486826468,176.52900161743165,169.2545545522165,8.241645280450992
2023-06-13,182.8000030517578,184.1499938964844,182.44000244140625,183.30999755859372,180.6198883056641,54929100,-0.0026116227534312975,177.09100112915038,171.19700073242188,70.01805039506199,3.377821346213068,3.0676443316472173,0.3101770145658507,184.63249046941712,177.09100112915038,169.54951178888365,8.517077990616606
2023-06-14,183.3699951171875,184.38999938964844,182.0200042724609,183.9499969482422,181.25048828125,57462900,0.0034913097416977568,177.68500061035155,171.55260070800782,71.04281841421546,3.4691895991335002,3.147953385144474,0.32123621398902635,185.41997371347975,177.68500061035155,169.95002750722335,8.706388357552308
2023-06-15,183.9600067138672,186.5200042724609,183.77999877929688,186.00999450683597,183.2802734375,65433200,0.011198784486033064,178.35100021362305,171.96020050048827,74.11018997437608,3.6655697780429364,3.2514766637241665,0.41409311431876983,186.5318736604886,178.35100021362305,170.1701267667575,9.173902514779018
2023-06-16,186.72999572753903,186.9900054931641,184.2700042724609,184.9199981689453,182.20623779296875,101256200,-0.005860072251024362,178.84449996948243,172.38340057373046,69.8915012452114,3.690704742792178,3.339322279537769,0.35138246325440914,187.3535276866997,178.84449996948243,170.33547225226516,9.51555985078571
2023-06-20,184.41000366210935,186.1000061035156,184.41000366210935,185.00999450683597,182.294921875,49799100,0.00048672363309543165,179.33699951171874,172.790400390625,70.04312961947453,3.6755172607289524,3.406561275776006,0.26895598495294637,188.07318240049665,179.33699951171874,170.60081662294084,9.742755719749889
2023-06-21,184.8999938964844,185.41000366210935,182.58999633789065,183.9600067138672,181.2603759765625,49515700,-0.005675121872823707,179.825,173.2290005493164,65.87486564172522,3.5379722897505133,3.4328434785709074,0.10512881117960582,188.44851399434785,179.825,171.20148600565213,9.59100680589224
2023-06-22,183.7400054931641,187.0500030517578,183.6699981689453,187.0,184.25570678710935,51245300,0.016525017088865335,180.5970001220703,173.75300048828126,71.2157964057503,3.632396950245237,3.472754172905774,0.1596427773394633,188.88042506502194,180.5970001220703,172.3135751791187,9.173380440818661
2023-06-23,185.5500030517578,187.55999755859372,185.00999450683597,186.67999267578125,183.9404144287109,53117000,-0.0017111673982653786,181.33899993896483,174.28460021972657,69.97427850805919,3.639453898270716,3.506094117978763,0.13335978029195328,188.98598695993573,181.33899993896483,173.69201291799394,8.433913304412977
2023-06-26,186.8300018310547,188.0500030517578,185.22999572753903,185.2700042724609,182.55111694335935,48088700,-0.007552975726767275,181.9529998779297,174.6788003540039,64.62815812458017,3.4910298806666162,3.5030812705163337,-0.012051389849717431,188.7440118909871,181.9529998779297,175.1619878648723,7.464578234613804
2023-06-27,185.88999938964844,188.38999938964844,185.6699981689453,188.05999755859372,185.3001708984375,50730800,0.015059091399211244,182.58450012207032,175.13580017089845,69.58063787465407,3.5575230078686673,3.5139696179868007,0.04355338988186652,189.17781745635358,182.58450012207032,175.99118278778707,7.222209256399277
2023-06-28,187.92999267578125,189.8999938964844,187.6000061035156,189.25,186.47271728515625,51216800,0.006327821399373823,183.18199996948243,175.61620025634767,71.41876443499993,3.6640061597446447,3.5439769263383694,0.12002923340627536,189.91582541028765,183.18199996948243,176.4481745286772,7.352060182689407
2023-06-29,189.0800018310547,190.07000732421875,188.94000244140625,189.58999633789065,186.8077087402344,46347300,0.0017964636326175398,183.79899978637695,176.07860015869142,71.94045974071201,3.7328002896245494,3.5817415989956056,0.15105869062894373,190.50693603644376,183.79899978637695,177.09106353631014,7.2992086549580835
2023-06-30,191.6300048828125,194.47999572753903,191.25999450683597,193.97000122070312,191.1234436035156,85213200,0.023102552311063507,184.49300003051758,176.60540008544922,77.61028353456864,4.093561888704983,3.684105656937481,0.4094562317675017,192.3037859127912,184.49300003051758,176.68221414824396,8.467297817241427
2023-07-03,193.77999877929688,193.8800048828125,191.75999450683597,192.4600067138672,189.63563537597656,31458200,-0.0077845407109004006,185.06850051879883,177.12160034179686,72.19429951693309,4.209104185003838,3.7891053625507527,0.4199988224530853,193.42718688574547,185.06850051879883,176.70981415185219,9.033072990287277
2023-07-05,191.57000732421875,192.97999572753903,190.6199951171875,191.3300018310547,188.52220153808597,46920300,-0.005871437800617385,185.65600051879883,177.64780029296875,68.35025943464638,4.161518937207262,3.863588077482055,0.29793085972520705,194.04072287249545,185.65600051879883,177.27127816510222,9.032535797675562
2023-07-06,189.83999633789065,192.0200042724609,189.1999969482422,191.80999755859372,188.99514770507807,45094300,0.0025087027582613164,186.28600006103517,178.17740020751953,69.1028269716711,4.115102588142378,3.91389097961412,0.2012116085282578,194.53100703145205,186.28600006103517,178.0409930906183,8.851987769038434
2023-07-07,191.41000366210935,192.6699981689453,190.2400054931641,190.67999267578125,187.88172912597656,46815000,-0.0058912548423675215,186.9289993286133,178.71559997558595,65.17387686659106,3.9416979070478533,3.919452365100867,0.022245541946986247,194.402497527283,186.9289993286133,179.45550112994357,7.9960821761332195
2023-07-10,189.25999450683597,189.9900054931641,187.0399932861328,188.6100006103516,185.84210205078125,59922200,-0.010855909644240769,187.33099899291992,179.21260009765626,58.60095545029251,3.5957923322295926,3.8547203585266123,-0.2589280262970197,194.23639960436583,187.33099899291992,180.425598381474,7.372405686799224
2023-07-11,189.16000366210935,189.3000030517578,186.6000061035156,188.0800018310547,185.3199005126953,46638100,-0.002809920531049781,187.6869987487793,179.60600006103516,57.01544796358973,3.2415268956932266,3.7320816659599356,-0.490554770266709,193.9457451748798,187.6869987487793,181.42825232267882,6.669344672592771
2023-07-12,189.67999267578125,191.6999969482422,188.47000122070312,189.7700042724609,186.98507690429688,60750200,0.008985415959078313,187.9859992980957,180.00780029296874,60.66961922089847,3.0618430373716308,3.598033940242275,-0.5361909028706444,194.0394903238937,187.9859992980957,181.9325082722977,6.440363695594982
2023-07-13,190.5,191.19000244140625,189.77999877929688,190.5399932861328,187.74380493164065,41342300,0.004057692944833935,188.34749908447264,180.42680023193358,62.24446837664487,2.9475959125707334,3.467946334707967,-0.5203504221372337,194.0967254517184,188.34749908447264,182.59827271722688,6.104913943845124
2023-07-14,190.22999572753903,191.17999267578125,189.6300048828125,190.69000244140625,187.89157104492188,41616200,0.0007870625256318764,188.68449935913085,180.86980041503907,62.55900851392718,2.836461762648014,3.341649420295977,-0.505187657647963,194.14610960421174,188.68449935913085,183.22288911404996,5.789145651742793
2023-07-17,191.8999938964844,194.32000732421875,191.80999755859372,193.9900054931641,191.14317321777344,50520200,0.01730573731843532,189.08349990844727,181.4006005859375,68.7305895368462,2.9803146035878285,3.2693824569543475,-0.28906785336651897,194.86203471775792,189.08349990844727,183.3049650991366,6.112151311043616
2023-07-18,193.3500061035156,194.3300018310547,192.4199981689453,193.72999572753903,190.886962890625,48288200,-0.0013404105563138424,189.52399978637695,181.95940063476561,67.78254881727028,3.038314601897241,3.2231688859429264,-0.18485428404568527,195.30900966579716,189.52399978637695,183.73898990695673,6.104778166291153
2023-07-19,193.1000061035156,198.22999572753903,192.6499938964844,195.1000061035156,192.2368621826172,80507300,0.007071720727023445,190.02850036621095,182.39000061035156,70.12116755435326,3.158420105187389,3.210219129791819,-0.05179902460442998,195.90994377083413,190.02850036621095,184.14705696158777,6.190064535886814
2023-07-20,195.08999633789065,196.47000122070312,192.5,193.1300048828125,190.29579162597656,59581200,-0.010097285893049368,190.48700027465821,182.7826007080078,63.035500031012546,3.05937537243625,3.1800503783207055,-0.12067500588445546,195.80762344015227,190.48700027465821,185.16637710916416,5.5863372910722395
2023-07-21,194.1000061035156,194.97000122070312,191.22999572753903,191.94000244140625,189.12327575683597,71951700,-0.00616154387399781,190.7340003967285,183.18600067138672,59.14743443268824,2.8519825765511087,3.1144368179667863,-0.26245424141567764,195.83844977978657,190.7340003967285,185.62955101367044,5.352427330670741
2023-07-24,193.41000366210935,194.91000366210935,192.25,192.75,189.9213409423828,45377800,0.0042198147338192715,191.03750076293946,183.56980072021486,60.91462430150711,2.7216093072235026,3.0358713158181296,-0.31426200859462705,195.85546804954677,191.03750076293946,186.21953347633215,5.044001588553006
2023-07-25,193.3300018310547,194.44000244140625,192.9199981689453,193.6199951171875,190.77859497070312,37283200,0.0045137319695967015,191.4550003051758,183.9672006225586,62.77710513307596,2.6578508371017335,2.9602672200748508,-0.30241638297311724,195.601883178872,191.4550003051758,187.3081174314796,4.3319661195436465
2023-07-26,193.6699981689453,195.63999938964844,193.32000732421875,194.5,191.64566040039065,47471900,0.004544877950383608,191.7770004272461,184.4058004760742,64.61391010962481,2.6478085410529104,2.897775484270463,-0.24996694321755264,195.8181756464288,191.7770004272461,187.73582520806337,4.214452421489206
2023-07-27,196.0200042724609,197.1999969482422,192.5500030517578,193.22000122070312,190.38446044921875,47460200,-0.00658089491062297,191.97550048828126,184.8288003540039,59.97781141291509,2.507658024249622,2.819751992266295,-0.312093968016673,195.88865676951193,191.97550048828126,188.0623442070506,4.07672465630013
2023-07-28,194.6699981689453,196.6300048828125,194.13999938964844,195.8300018310547,192.95616149902344,48291400,0.01350793569883102,192.28750076293946,185.30400024414064,65.42534852448165,2.5774813657650952,2.771297866966055,-0.19381650120095983,196.38099871771715,192.28750076293946,188.19400280816177,4.257684912993211
2023-07-31,196.05999755859372,196.4900054931641,195.25999450683597,196.4499969482422,193.56704711914065,38824100,0.003165929584064031,192.4115005493164,185.77920013427735,66.58873659304875,2.6522715558931793,2.7474926047514803,-0.09522104885830096,196.83804943734864,192.4115005493164,187.98495166128416,4.601127141979425
2023-08-01,196.2400054931641,196.72999572753903,195.27999877929688,195.6100006103516,192.7393951416016,35175100,-0.004275789654577089,192.56900024414062,186.19040008544923,63.47252884542782,2.6136342869493205,2.7207209411910482,-0.1070866542417277,197.21019840853188,192.56900024414062,187.92780207974937,4.820296266280766
2023-08-02,195.0399932861328,195.17999267578125,191.8500061035156,192.5800018310547,189.7538299560547,50389300,-0.015490165792797383,192.63150024414062,186.53880004882814,53.708702759773345,2.311868611941719,2.6389504753411823,-0.3270818633994632,197.23781071941318,192.63150024414062,188.02518976886807,4.782510097709384
2023-08-03,191.57000732421875,192.3699951171875,190.69000244140625,191.1699981689453,188.3645477294922,61235200,-0.007321497684047995,192.5995002746582,186.8782000732422,49.86464885557836,1.9366175076285685,2.4984838817986597,-0.5618663741700911,197.23698068249885,192.5995002746582,187.96201986681754,4.815672316103973
2023-08-04,185.5200042724609,187.3800048828125,181.9199981689453,181.9900054931641,179.31927490234375,115956800,-0.048020038463597925,192.16500091552734,187.08680023193358,33.20272074431141,0.8882405314504922,2.1764352117290264,-1.2881946802785342,198.6862308440031,192.16500091552734,185.6437709870516,6.78711513273156
2023-08-07,182.1300048828125,183.1300048828125,177.35000610351562,178.85000610351562,176.225341796875,97576100,-0.0172537676563419,191.67700119018554,187.22700042724608,29.5638592188662,-0.19374412235274008,1.702399344912673,-1.8961434672654132,200.30857559970866,191.67700119018554,183.0454267806624,9.006374636421523
2023-08-08,179.69000244140625,180.2700042724609,177.5800018310547,179.8000030517578,177.161376953125,67823000,0.005311580881079525,191.26300125122071,187.36320037841796,31.992298683795497,-0.9634617541353236,1.1692271251030737,-2.1326888792383976,201.2351338750585,191.26300125122071,181.29086862738293,10.42766510888277
2023-08-09,180.8699951171875,180.92999267578125,177.00999450683594,178.19000244140625,175.57501220703125,60378500,-0.008954348703857029,190.68400115966796,187.41840057373048,30.098371648300628,-1.6839703547436216,0.5985876291337346,-2.282557983877356,202.166044367386,190.68400115966796,179.2019579519499,12.0430063748281
2023-08-10,179.47999572753906,180.75,177.60000610351562,177.97000122070312,175.3582763671875,54686900,-0.0012344344284491715,190.05550155639648,187.43180053710938,29.83842903231293,-2.246830804680968,0.029503942370794123,-2.276334747051762,202.80627723690816,190.05550155639648,177.3047258758848,13.417949573775484
2023-08-11,177.32000732421875,178.6199951171875,176.5500030517578,177.7899932861328,175.41746520996094,52036700,0.0003375309338093935,189.4105010986328,187.44260040283203,29.6130729918287,-2.6765730345442194,-0.5117114530122087,-2.1648615815320107,203.22810575514382,189.4105010986328,175.5928964421218,14.590114673014554
2023-08-14,177.97000122070312,179.69000244140625,177.30999755859375,179.4600067138672,177.06517028808594,43675600,0.009393050322285879,188.68400115966796,187.43000061035156,34.551682978600354,-2.849542963597372,-0.9792777551292414,-1.8702652084681306,202.98166129686237,188.68400115966796,174.38634102247354,15.155137742807842
2023-08-15,178.8800048828125,179.47999572753906,177.0500030517578,177.4499969482422,175.08197021484375,43622600,-0.011200396272262436,187.87000122070313,187.36000061035156,31.671353089392966,-3.1129299495595717,-1.4060081940153075,-1.7069217555442642,202.76700963463816,187.87000122070313,172.9729928067681,15.858847412721886
2023-08-16,177.1300048828125,178.5399932861328,176.5,176.57000732421875,174.2137451171875,46964900,-0.004958963487735724,186.9435012817383,187.29980072021485,30.473617102270552,-3.3540108920496436,-1.7956087336221749,-1.5584021584274688,202.2265189624277,186.9435012817383,171.6604836010489,16.350413441392337
2023-08-17,177.13999938964844,177.50999450683594,173.47999572753906,174.0,171.67803955078125,66062900,-0.014555140667578015,185.98700103759765,187.1956005859375,27.234308487762405,-3.7096844552823995,-2.17842387795422,-1.5312605773281796,201.97960364896002,185.98700103759765,169.99439842623528,17.19754877721743
2023-08-18,172.3000030517578,175.10000610351562,171.9600067138672,174.49000549316406,172.1614990234375,61172200,0.002816082207842685,185.11450119018554,187.1290005493164,28.78858822903149,-3.9069817152803523,-2.5241354454194465,-1.3828462698609059,201.6089502721348,185.11450119018554,168.62005210823628,17.820807096039392
2023-08-21,175.07000732421875,176.1300048828125,173.74000549316406,175.83999633789062,173.4934539794922,46311900,0.007736659843286864,184.26900100708008,187.03440032958986,33.03263622142157,-3.909343755126457,-2.8011771073608487,-1.1081666477656085,200.84460017919469,184.26900100708008,167.69340183496547,17.9906539694951
2023-08-22,177.05999755859375,177.67999267578125,176.25,177.22999572753906,174.8649444580078,42038900,0.00790514251147334,183.44950103759766,186.9598001098633,37.18380854178069,-3.7557602879669503,-2.9920937434820694,-0.7636665444848809,199.71251023055794,183.44950103759766,167.18649184463737,17.730229955356712
2023-08-23,178.52000427246094,181.5500030517578,178.3300018310547,181.1199951171875,178.70303344726562,52722800,0.021948876037755527,182.78050079345704,186.90640014648437,47.07191909400948,-3.282317332038531,-3.0501384611933617,-0.23217887084516908,198.2516945679111,182.78050079345704,167.30930701900297,16.92871362896264
2023-08-24,180.6699981689453,181.1000061035156,176.00999450683594,176.3800048828125,174.02626037597656,54945800,-0.02617064176847983,181.9385009765625,186.76780029296876,39.013202071771886,-3.252099794585604,-3.09053072787181,-0.16156906671379367,196.86896037292564,181.9385009765625,167.00804158019935,16.412644180559127
2023-08-25,177.3800048828125,179.14999389648438,175.82000732421875,178.61000061035156,176.2265167236328,51449600,0.01264324328352906,181.07750091552734,186.66100036621094,43.88092420320772,-3.013472722366231,-3.0751191267706943,0.06164640440446334,194.62646239253888,181.07750091552734,167.5285394385158,14.964820486817008
2023-08-28,180.08999633789062,180.58999633789065,178.5500030517578,180.19000244140625,177.78543090820312,43820700,0.008846081813074003,180.26450119018554,186.54460052490234,47.10246492416547,-2.6661325884080327,-2.993321819098162,0.3271892306901294,191.83278916832083,180.26450119018554,168.69621321205025,12.834793208597766
2023-08-29,179.6999969482422,184.8999938964844,179.5,184.1199951171875,181.6629943847656,53003900,0.02181035564474687,179.69000091552735,186.52860046386718,54.152448373421436,-2.0501130382256747,-2.804680062923665,0.7545670246979901,189.09112747972742,179.69000091552735,170.28887435132728,10.463716975124909
2023-08-30,184.94000244140625,187.8500061035156,184.7400054931641,187.6499938964844,185.1459045410156,60813900,0.01917237006934469,179.44350051879883,186.58140045166016,59.38812911572608,-1.262518182746021,-2.4962476868881365,1.2337295041421155,187.66420631724935,179.44350051879883,171.2227947203483,9.162444752452105
2023-08-31,187.83999633789065,189.1199951171875,187.47999572753903,187.8699951171875,185.3629302978516,60794500,0.001172187726074858,179.27850036621095,186.65960021972657,59.69703714821587,-0.6135190597615008,-2.1197019614628094,1.5061829017013086,186.6385354502862,179.27850036621095,171.91846528213568,8.21072807842655
2023-09-01,189.4900054931641,189.9199981689453,188.27999877929688,189.4600067138672,186.9317626953125,45766500,0.008463571410637583,179.6520004272461,186.7088003540039,61.94969009429082,0.028786238719476387,-1.6900043214263525,1.7187905601458289,188.18864318345996,179.6520004272461,171.11535767103223,9.503532090833534
2023-09-05,188.27999877929688,189.97999572753903,187.6100006103516,189.6999969482422,187.1685028076172,45280000,0.0012664520405265556,180.19449996948242,186.76920043945313,62.29227295324302,0.5508333574941275,-1.2418367856422567,1.7926701431363843,189.77368857666835,180.19449996948242,170.6153113622965,10.632054373255842
2023-09-06,188.3999938964844,188.8500061035156,181.47000122070312,182.91000366210935,180.46913146972656,81755800,-0.0357932624207431,180.35,186.7220004272461,48.88250306044018,0.41191544359475074,-0.9110863397948553,1.3230017833896062,189.99923830317147,180.35,170.70076169682852,10.70056923002104
2023-09-07,175.17999267578125,178.2100067138672,173.5399932861328,177.55999755859375,175.19052124023438,112488800,-0.029249380137775338,180.31849975585936,186.5120004272461,41.3324807381032,-0.12839868459653303,-0.7545488087551909,0.6261501241586579,189.99979799544752,180.31849975585936,170.6372015162712,10.737997768056042
2023-09-08,178.35000610351562,180.2400054931641,177.7899932861328,178.17999267578125,175.80224609375,65551300,0.003491769127604627,180.3289993286133,186.2906002807617,42.44196070768676,-0.5008001866847565,-0.7037990843411042,0.2029988976563477,190.0005373692831,180.3289993286133,170.65746128794348,10.726547673062152
2023-09-11,180.07000732421875,180.3000030517578,177.33999633789062,179.36000061035156,176.96649169921875,58953100,0.006622472871296026,180.40749969482422,186.08600036621092,44.58975723576863,-0.6927289335780529,-0.7015850541884939,0.008856120610441054,190.02064071160902,180.40749969482422,170.79435867803943,10.657141230875991
2023-09-12,179.49000549316406,180.1300048828125,174.82000732421875,176.3000030517578,173.94732666015625,90370200,-0.017060659394175226,180.24949951171874,185.73260040283202,40.38160399831999,-1.0793084814469012,-0.7771297396401754,-0.30217874180672577,190.02228729831847,180.24949951171874,170.476711725119,10.843622659783716
2023-09-13,176.50999450683594,177.3000030517578,173.97999572753906,174.2100067138672,171.88523864746094,84267900,-0.011854669182263744,180.0875,185.36760040283204,37.76039248763329,-1.536607738424351,-0.9290253393970107,-0.6075823990273403,190.14384414114807,180.0875,170.03115585885195,11.168286684137499
2023-09-14,174.0,176.10000610351562,173.5800018310547,175.74000549316406,173.3948516845703,60895800,0.008782679938011517,180.04599990844727,185.0558004760742,40.790381185605675,-1.7553282480961343,-1.0942859211368354,-0.6610423269592989,190.16670933058595,180.04599990844727,169.9252904863086,11.242359649517365
2023-09-15,176.47999572753906,176.5,173.82000732421875,175.00999450683594,172.67454528808594,109259500,-0.0041541394654249775,180.09649963378905,184.71980041503906,39.79491896366327,-1.964921224690272,-1.268412981847523,-0.6965082428427491,190.10549585822386,180.09649963378905,170.08750340935424,11.115147984316469
2023-09-18,176.47999572753906,179.3800048828125,176.1699981689453,177.97000122070312,175.59506225585938,67257600,0.01691341918926681,180.270499420166,184.4656005859375,45.59282507800012,-1.870614089865029,-1.3888532034510241,-0.48176088641400483,190.0006970290798,180.270499420166,170.54030181125222,10.795108062839608
2023-09-19,177.52000427246094,179.6300048828125,177.1300048828125,179.07000732421875,176.6803741455078,51826900,0.006180765425322976,180.43199996948243,184.27480072021484,47.611923853837474,-1.687659419395402,-1.4486144466398998,-0.23904497275550218,189.96797294243433,180.43199996948243,170.89602699653054,10.570157150133872
2023-09-20,179.25999450683594,179.6999969482422,175.39999389648438,175.49000549316406,173.1481170654297,58436200,-0.0199923568034166,180.34500045776366,184.02300079345704,42.131868482464796,-1.8106704712837427,-1.5210256515686684,-0.2896448197150743,190.02687013920536,180.34500045776366,170.66313077632196,10.737053599341854
2023-09-21,174.5500030517578,176.3000030517578,173.86000061035156,173.92999267578125,171.6089630126953,63149100,-0.008889233558068366,179.98550033569336,183.70620056152345,39.97281428936996,-2.0108576971266814,-1.618992060680271,-0.39186563644641037,190.05187906895682,179.98550033569336,169.9191216024299,11.185766313940318
2023-09-22,174.6699981689453,177.0800018310547,174.0500030517578,174.7899932861328,172.4574737548828,56725400,0.004944443036607238,179.90599975585937,183.39120056152345,41.74512702953848,-2.0761797462106415,-1.710429597786345,-0.36575014842429643,190.10920702813317,179.90599975585937,169.70279248358557,11.342820457483372
2023-09-25,174.1999969482422,176.97000122070312,174.14999389648438,176.0800018310547,173.7302703857422,46172700,0.007380350663540591,179.77949981689454,183.0990005493164,44.39709555588575,-2.0007911571947545,-1.768501909668027,-0.23228924752672753,190.10583309496764,179.77949981689454,169.45316653882145,11.487776179809673
2023-09-26,174.82000732421875,175.1999969482422,171.66000366210938,171.9600067138672,169.66526794433594,64588900,-0.023398354428278534,179.36800003051758,182.65840057373046,38.3866685593844,-2.247585563670839,-1.8643186404685894,-0.3832669232022494,190.2377296807803,179.36800003051758,168.49827038025487,12.120032166733578
2023-09-27,172.6199951171875,173.0399932861328,169.0500030517578,170.42999267578125,168.15567016601562,66921800,-0.008897506228650043,178.68349990844726,182.19240051269531,36.41508368871687,-2.537381895843623,-1.9989312915435964,-0.5384506043000268,189.98563088606662,178.68349990844726,167.3813689308279,12.650447280706134
2023-09-28,169.33999633789062,172.02999877929688,167.6199951171875,170.69000244140625,168.41221618652344,56294400,0.0015256459699191094,177.83550033569335,181.70420043945313,37.007197122476775,-2.7147727514750954,-2.1420995835298964,-0.5726731679451991,188.86098667405142,177.83550033569335,166.8100139973353,12.399646097146713
2023-09-29,172.02000427246094,173.07000732421875,170.33999633789062,171.2100067138672,168.92527770996094,51861100,0.0030464626323143396,177.00250091552735,181.26580047607422,38.245764104343905,-2.781334787554414,-2.2699466243348,-0.511388163219614,187.36720124423636,177.00250091552735,166.63780058681834,11.711360319880965
2023-10-02,171.22000122070312,174.3000030517578,170.92999267578125,173.75,171.43136596679688,52164500,0.014835484012871047,176.21700057983398,180.9020004272461,44.03420475552513,-2.599167860944391,-2.335790871656718,-0.2633769892876727,184.9369106764126,176.21700057983398,167.49709048325536,9.896786425698032
2023-10-03,172.25999450683594,173.6300048828125,170.82000732421875,172.39999389648438,170.09939575195312,49594600,-0.007769699595707169,175.35200042724608,180.49500030517578,41.79199723139563,-2.5345171334141696,-2.3755361240082085,-0.15898100940596116,181.64482179977477,175.35200042724608,169.0591790547174,7.177359091651307
2023-10-04,171.08999633789062,174.2100067138672,170.97000122070312,173.66000366210938,171.3425750732422,53020300,0.007308546369570346,174.8895004272461,180.09580047607423,44.62608775961612,-2.3544678683373377,-2.3713224728740343,0.016854604536696627,180.17077525985627,174.8895004272461,169.60822559463594,6.039556199438252
2023-10-05,173.7899932861328,175.4499969482422,172.67999267578125,174.91000366210938,172.57591247558594,48527900,0.007198079063633456,174.7570007324219,179.70400054931642,47.36409085320701,-2.0868569869428484,-2.3144293756877974,0.227572388744949,179.89464730180254,174.7570007324219,169.61935416304124,5.8797605221517
2023-10-06,173.8000030517578,177.99000549316406,173.17999267578125,177.49000549316406,175.12144470214844,57266700,0.014750217397359044,174.722501373291,179.38940063476562,52.5762676859901,-1.647596384091571,-2.1810627773685525,0.5334663932769814,179.77632563659245,174.722501373291,169.66867710998957,5.784972426080422
2023-10-09,176.80999755859375,179.0500030517578,175.8000030517578,178.99000549316406,176.60145568847656,42390800,0.008451340661592699,174.70400161743163,179.05260070800782,55.34489234014914,-1.1650121922953929,-1.9778526603539206,0.8128404680585277,179.69206829384507,174.70400161743163,169.7159349410182,5.7103061523872265
2023-10-10,178.10000610351562,179.72000122070312,177.9499969482422,178.38999938964844,176.00946044921875,43698000,-0.0033521537914279476,174.80850143432616,178.69140075683595,53.98717901973962,-0.8215064070683411,-1.7465834096968047,0.9250770026284636,180.00898219297773,174.80850143432616,169.6080206756746,5.949917442207849
2023-10-11,178.1999969482422,179.85000610351562,177.60000610351562,179.8000030517578,177.400634765625,47551100,0.007903974666223279,175.0880012512207,178.37520080566406,56.676853829777,-0.4305371218695484,-1.4833741521313535,1.052837030261805,180.71329217914692,175.0880012512207,169.4627103232945,6.425672676284545
2023-10-12,180.07000732421875,182.33999633789065,179.0399932861328,180.7100067138672,178.29852294921875,56743100,0.005061358347336231,175.33650131225585,178.1378009033203,58.36827927591229,-0.046722864159562505,-1.1960438945369953,1.1493210303774328,181.47109633398085,175.33650131225585,169.20190629053084,6.997510473646257
2023-10-13,181.4199981689453,181.92999267578125,178.13999938964844,178.85000610351562,176.46331787109375,51427100,-0.010292878750586598,175.52850189208985,177.8914010620117,53.749159935814916,0.1061426493363058,-0.9356065857623351,1.0417492350986408,181.84779149099177,175.52850189208985,169.20921229318793,7.200300271219594
2023-10-16,176.75,179.0800018310547,176.50999450683594,178.72000122070312,176.3350372314453,52517000,-0.0007269535742387978,175.56600189208984,177.8260009765625,53.43088246345097,0.21432871456497082,-0.705619525696874,0.9199482402618449,181.9513559021173,175.56600189208984,169.18064788206237,7.274021098859645
2023-10-17,176.64999389648438,178.4199981689453,174.8000030517578,177.14999389648438,174.7860107421875,57549400,-0.008784564392751215,175.47000122070312,177.79200073242188,49.61027392292675,0.17140463479717027,-0.5302146935980652,0.7016193283952354,181.69752694430048,175.47000122070312,169.24247549710577,7.09810871405247
2023-10-18,175.5800018310547,177.5800018310547,175.11000061035156,175.83999633789062,173.4934539794922,54764400,-0.007395081318045893,175.48750076293945,177.71280059814453,46.61511127173853,0.03132009885425191,-0.41790773510760176,0.4492278339618537,181.71711960724429,175.48750076293945,169.2578819186346,7.099786386177138
2023-10-19,176.0399932861328,177.83999633789062,175.19000244140625,175.4600067138672,173.1185760498047,59302900,-0.002160761233860775,175.56400146484376,177.65820068359375,45.75223790679998,-0.1091022295000812,-0.3561466339860977,0.2470444044860165,181.75267873967272,175.56400146484376,169.3753241900148,7.05005265680075
2023-10-20,175.30999755859375,175.4199981689453,172.63999938964844,172.8800048828125,170.57296752929688,64244000,-0.014704421550784108,175.46850204467773,177.55640075683593,40.29796998995497,-0.42368850485325993,-0.3696550081595301,-0.05403349669372981,181.7600992706058,175.46850204467773,169.17690481874968,7.171198423208848
2023-10-23,170.91000366210938,174.00999450683594,169.92999267578125,173.0,170.69139099121094,55980100,0.0006942686383979435,175.314501953125,177.46060089111327,40.652339195010434,-0.6557586143161416,-0.4268757293908524,-0.2288828849252892,181.68892315129514,175.314501953125,168.94008075495483,7.271983922784124
2023-10-24,173.0500030517578,173.6699981689453,171.4499969482422,173.44000244140625,171.12551879882812,43816600,0.0025433491700792565,175.38850173950195,177.34020080566407,42.01154313014476,-0.79500698265133,-0.500501980042948,-0.29450500260838197,181.63858683972188,175.38850173950195,169.138416639282,7.127132096154119
2023-10-25,171.8800048828125,173.05999755859375,170.64999389648438,171.10000610351562,168.81674194335938,57157000,-0.013491715739853527,175.42200241088867,177.21320098876953,37.13998869800604,-1.0817111730288502,-0.6167438186401285,-0.4649673543887217,181.57179518113975,175.42200241088867,169.27220964063758,7.011426942723528
2023-10-26,170.3699951171875,171.3800048828125,165.6699981689453,166.88999938964844,164.6629180908203,70625300,-0.02460552078379008,175.23200225830078,177.01960083007813,30.326449132630742,-1.6298507617752591,-0.8193652072671547,-0.8104855545081044,182.14258843124975,175.23200225830078,168.3214160853518,7.887356286396152
2023-10-27,166.91000366210938,168.9600067138672,166.8300018310547,168.22000122070312,165.97520446777344,58499100,0.007969531890776649,175.08250198364257,176.90400085449218,34.41961293081033,-1.9346340455035431,-1.0424189749144324,-0.8922150705891108,182.44898974943897,175.08250198364257,167.71601421784618,8.414876052530506
2023-10-30,169.02000427246094,171.1699981689453,168.8699951171875,170.2899932861328,168.0175323486328,51131000,0.012305018014036717,174.9095016479492,176.82000061035157,40.29828348852962,-1.9862496837121455,-1.2311851166739751,-0.7550645670381704,182.55044014756348,174.9095016479492,167.26856314833495,8.737019347289248
2023-10-31,169.35000610351562,170.89999389648438,167.89999389648438,170.77000427246094,168.4911346435547,44846000,0.0028187671149648708,174.82800216674804,176.71860076904298,41.6054904221226,-1.9657624875734996,-1.37810059085388,-0.5876618967196197,182.6077794364741,174.82800216674804,167.04822489702198,8.899921263535154
2023-11-01,171.0,174.22999572753906,170.1199951171875,173.97000122070312,171.64845275878906,56934900,0.018738778879456852,174.84350204467773,176.65340087890624,49.53791238290272,-1.6720390019917488,-1.4368882730814536,-0.2351507289102952,182.61514037935325,174.84350204467773,167.07186371000222,8.889822319721816
2023-11-02,175.52000427246094,177.77999877929688,175.4600067138672,177.57000732421875,175.2003936767578,77334800,0.02069311351707981,174.97650222778321,176.58240112304688,56.66921274327787,-1.1356792144094072,-1.3766464613470444,0.24096724693763716,182.8386576526665,174.97650222778321,167.11434680289992,8.986527133395771
2023-11-03,174.24000549316406,176.82000732421875,173.35000610351562,176.64999389648438,174.2926788330078,79829200,-0.005181009155862504,174.93450164794922,176.5878009033203,54.54765332568409,-0.7759034808874219,-1.25649786525512,0.4805943843676981,182.75134288147973,174.93450164794922,167.1176604144187,8.936877699816682
2023-11-06,176.3800048828125,179.42999267578125,176.2100067138672,179.22999572753906,176.8382568359375,63841300,0.014605191795626915,174.94650115966797,176.60020080566406,59.164604843337436,-0.27937358940133095,-1.0610730100843622,0.7816994206830312,182.78890273743386,174.94650115966797,167.1040995819021,8.965485477881469
2023-11-07,179.17999267578125,182.44000244140625,178.97000122070312,181.82000732421875,179.39370727539062,70530000,0.014450778271491105,175.11800155639648,176.63280090332032,63.20525440004229,0.3194399126594192,-0.7849704255356059,1.104410338195025,183.39224438275102,175.11800155639648,166.84375873004194,9.449905495512215
2023-11-08,182.3500061035156,183.4499969482422,181.58999633789065,182.88999938964844,180.4494171142578,49340300,0.005884876648691639,175.27250137329102,176.60820098876954,64.75676148935727,0.8703109418562462,-0.45391415205723556,1.3242250939134819,183.9939792319626,175.27250137329102,166.55102351461943,9.951906648604055
2023-11-09,182.9600067138672,184.1199951171875,181.80999755859372,182.41000366210935,179.97581481933594,53763500,-0.002624570932373782,175.3575012207031,176.50340118408204,63.463946050514274,1.2536967221713553,-0.11239197721151739,1.3660886993828727,184.31912892229153,175.3575012207031,166.3958735191147,10.220980156770597
2023-11-10,183.97000122070312,186.57000732421875,183.52999877929688,186.3999938964844,184.15484619140625,66133400,0.023219960838990028,175.73500061035156,176.47400115966798,69.0035910550905,1.8580728739106291,0.2817009930129119,1.5763718808977172,185.81907512082492,175.73500061035156,165.6509260998782,11.476455430563059
2023-11-13,185.82000732421875,186.02999877929688,184.2100067138672,184.8000030517578,182.5741424560547,43627500,-0.008583557631215544,176.03900070190429,176.38080108642578,64.76308056658385,2.1827777359627873,0.661916341602887,1.5208613943599003,186.80801656380652,176.03900070190429,165.26998484000205,12.234806854122002
2023-11-14,187.6999969482422,188.1100006103516,186.3000030517578,187.44000244140625,185.18231201171875,60108400,0.014285536388548792,176.5535011291504,176.33560119628908,68.232094494516,2.622899414112794,1.0541129561048685,1.5687864580079256,188.41362620574628,176.5535011291504,164.6933760525545,13.435162713561946
2023-11-15,187.8500061035156,189.5,187.77999877929688,188.00999450683597,185.74545288085935,53790500,0.0030410078750122693,177.16200103759766,176.43760101318358,68.94300864414197,2.98330295162512,1.439950955208919,1.5433519964162012,190.0200688770258,177.16200103759766,164.30393319816952,14.515604660278566
2023-11-16,189.57000732421875,190.9600067138672,188.6499938964844,189.7100067138672,187.42498779296875,54412900,0.009042132047166085,177.87450103759767,176.68060119628908,71.02563077571148,3.3672861505033893,1.8254179942678133,1.541868156235576,191.81044075898245,177.87450103759767,163.93856131621288,15.6694069583803
2023-11-17,190.25,190.3800048828125,188.57000732421875,189.69000244140625,187.4052581787109,50922700,-0.00010526672291766292,178.71500091552736,176.91080139160155,70.96532586150477,3.6281582743227716,2.185966050278805,1.4421922240439664,193.35456621151602,178.71500091552736,164.0754356195387,16.383141002145976
2023-11-20,189.88999938964844,191.91000366210935,189.8800048828125,191.4499969482422,189.1440277099609,46505100,0.009278125641447588,179.63750076293945,177.1526013183594,73.12716937506926,3.9315971550761333,2.535092271238271,1.3965048838378622,195.02634821423896,179.63750076293945,164.24865331163994,17.133223726606584
2023-11-21,191.41000366210935,191.5200042724609,189.7400054931641,190.63999938964844,188.34378051757807,38134500,-0.0042308879750090345,180.49750061035155,177.43940124511718,70.52458442274019,4.05991445406832,2.840056707804281,1.2198577462640388,196.3211356240339,180.49750061035155,164.6738655966692,17.533356373550653
2023-11-22,191.4900054931641,192.92999267578125,190.8300018310547,191.30999755859372,189.00570678710935,39617700,0.003514457805361415,181.50800018310548,177.78140106201172,71.4303294799192,4.167628266424572,3.1055710195283392,1.0620572468962326,197.3832143533154,181.50800018310548,165.63278601289556,17.492577907524716
2023-11-24,190.8699951171875,190.8999938964844,189.25,189.97000122070312,187.68186950683597,24048300,-0.007004218564492959,182.6620002746582,178.0660009765625,66.99617592135073,4.0976307959725204,3.3039829748171754,0.793647821155345,197.43628411440397,182.6620002746582,167.88771643491242,16.176636429613765
2023-11-27,189.9199981689453,190.6699981689453,188.8999938964844,189.7899932861328,187.50401306152344,40552600,-0.0009476485170351046,183.7404998779297,178.36160095214845,66.3998714921112,3.9817332184050827,3.439533023534757,0.5422001948703254,197.23398745304462,183.7404998779297,170.24701230281477,14.687548563413614
2023-11-28,189.77999877929688,191.0800018310547,189.3999938964844,190.3999938964844,188.106689453125,38415400,0.0032142052949224453,184.74599990844726,178.61020080566405,67.45693193159775,3.894215413234633,3.530469501474733,0.36374591175990023,197.02267015309147,184.74599990844726,172.46932966380305,13.29032320129046
2023-11-29,190.8999938964844,192.08999633789065,188.97000122070312,189.3699951171875,187.0890655517578,43014200,-0.005409823033543759,185.6759994506836,178.81620056152343,63.80673315836687,3.6991036642456834,3.5641963340289236,0.13490733021675982,196.28107423760326,185.6759994506836,175.07092466376395,11.423204741910023
2023-11-30,189.83999633789065,190.32000732421875,188.19000244140625,189.9499969482422,187.6620941162109,48794400,0.0030628650731838736,186.47499923706056,179.105400390625,64.95666653466162,3.5503512586632837,3.561427318955796,-0.011076060292512402,195.75731255925564,186.47499923706056,177.19268591486548,9.955557967741004
2023-12-01,190.3300018310547,191.55999755859372,189.22999572753903,191.2400054931641,188.9365692138672,45704800,0.006791329403299962,187.15849914550782,179.45160064697265,67.43491590454627,3.4962541723043614,3.5483926896255094,-0.05213851732114794,195.70097728961764,187.15849914550782,178.616021001398,9.128602957505452
2023-12-04,189.97999572753903,190.0500030517578,187.4499969482422,189.42999267578125,187.14833068847656,43389500,-0.00946475599102481,187.79749908447266,179.7444006347656,60.9245463198849,3.2696385759378757,3.492641866887983,-0.2230032909501074,194.88882119057303,187.79749908447266,180.7061769783723,7.552094293769734
2023-12-05,190.2100067138672,194.3999938964844,190.17999267578125,193.4199981689453,191.09030151367188,66628400,0.021063350181610874,188.50699920654296,180.09120056152344,68.21042686204527,3.3731209420462562,3.468737681919638,-0.09561673987338182,194.82485991697013,188.50699920654296,182.1891384961158,6.703051597044234
2023-12-06,194.4499969482422,194.75999450683597,192.1100006103516,192.32000732421875,190.0035400390625,41089700,-0.0056871618601304075,189.03199920654296,180.49840057373046,64.63251737874903,3.3280081877991563,3.4405917830955417,-0.1125835952963854,194.75716278941076,189.03199920654296,183.30683562367517,6.057348604362248
2023-12-07,193.6300048828125,195.0,193.58999633789065,194.2700042724609,191.9300994873047,47477700,0.010139597650896892,189.6009994506836,180.97520080566406,67.85183829055019,3.410292730197,3.4345319725158334,-0.024239242318833565,195.02547730603843,189.6009994506836,184.17652159532875,5.721992891462345
2023-12-08,194.1999969482422,195.9900054931641,193.6699981689453,195.7100067138672,193.3527374267578,53406400,0.007412271151077121,190.2659996032715,181.4756008911133,70.0219285252932,3.550768931330879,3.4577793642788426,0.0929895670520362,195.24374699074835,190.2659996032715,185.28825221579464,5.2324087307833045
2023-12-11,193.1100006103516,193.4900054931641,191.4199981689453,193.17999267578125,190.85317993164065,60943700,-0.012927448188128188,190.60499954223633,181.91500061035157,62.09147521530177,3.4185395481972307,3.4499314010625204,-0.03139185286528967,195.40368231143492,190.60499954223633,185.80631677303774,5.035211857740644
2023-12-12,193.0800018310547,194.72000122070312,191.72000122070312,194.7100067138672,192.36477661132807,52696900,0.007920206937232166,191.1004997253418,182.3342007446289,64.6955338649785,3.3980357148976736,3.439552263829551,-0.041516548931877395,195.4220613086709,191.1004997253418,186.7789381420127,4.522815575616225
2023-12-13,195.08999633789065,198.0,194.8500061035156,197.9600067138672,195.57562255859372,70404200,0.01669144426452429,191.62649993896486,182.84540100097655,69.48988988796681,3.6025066635673113,3.472143143777103,0.13036351979020822,196.55599370319297,191.62649993896486,186.69700617473674,5.144897773322803
2023-12-14,198.0200042724609,199.6199951171875,196.16000366210935,198.1100006103516,195.72384643554688,66831600,0.0007578852364831246,192.13150024414062,183.33440093994142,69.69443912696839,3.733615818357748,3.524437678693232,0.20917813966451604,197.52326632045572,192.13150024414062,186.73973416782553,5.612578957082832
2023-12-15,197.52999877929688,198.3999938964844,197.0,197.57000732421875,195.1903381347656,128538400,-0.0027258216640299038,192.5245002746582,183.7876010131836,67.92877801695846,3.7507119502159014,3.5696925329977662,0.1810194172181352,198.28610517210947,192.5245002746582,186.76289537720695,5.985321233642135
2023-12-18,196.08999633789065,196.6300048828125,194.38999938964844,195.88999938964844,193.53054809570312,55751900,-0.008503443638262942,192.83450012207032,184.1556008911133,62.61396391393047,3.587345472415791,3.573223120881371,0.014122351534419764,198.61983785102007,192.83450012207032,187.04916239312058,6.000313974198019
2023-12-19,196.16000366210935,196.9499969482422,195.88999938964844,196.94000244140625,194.56790161132807,40714100,0.0053601538663134995,193.1090003967285,184.51460083007814,64.48429555777801,3.502231290548366,3.55902475481477,-0.0567934642664043,199.12201886385506,193.1090003967285,187.09598192960195,6.227590070657758
2023-12-20,196.8999938964844,197.67999267578125,194.8300018310547,194.8300018310547,192.48333740234372,52242800,-0.01071381348989675,193.31850051879883,184.84340087890624,58.18493512486195,3.2273157855181864,3.4926829609554533,-0.26536717543726684,199.2644239856972,193.31850051879883,187.37257705190046,6.151427257030856
2023-12-21,196.1000061035156,197.0800018310547,193.5,194.67999267578125,192.3350982666016,46482500,-0.0007701400949436943,193.48700027465821,185.1410006713867,57.75298184249687,2.9631810750537397,3.3867825837751107,-0.4236015087213709,199.38652165810853,193.48700027465821,187.5874788912079,6.098106203595948
2023-12-22,195.17999267578125,195.41000366210935,192.97000122070312,193.6000061035156,191.2681427001953,37149600,-0.005547378382947721,193.66850051879882,185.3988006591797,54.60971392875697,2.6363167055341705,3.2366894081269226,-0.6003727025927521,199.34311775643357,193.66850051879882,187.99388328116407,5.860134428090881
2023-12-26,193.6100006103516,193.88999938964844,192.8300018310547,193.0500030517578,190.72476196289065,28919300,-0.002840936967513641,193.83150100708008,185.68280059814452,53.026883051572966,2.3063080049950315,3.0506131275005446,-0.7443051225055131,199.23177399180224,193.83150100708008,188.4312280223579,5.572131419985143
2023-12-27,192.4900054931641,193.5,191.08999633789065,193.1499938964844,190.82359313964844,48087700,0.0005181874432067524,193.96900100708007,185.97140045166014,53.291938221516034,2.029447945120694,2.846380091024575,-0.816932145903881,199.14830264802202,193.96900100708007,188.7896993661381,5.34033955328038
2023-12-28,194.13999938964844,194.66000366210935,193.1699981689453,193.5800018310547,191.2483673095703,34049900,0.0022260044627240294,194.17950134277345,186.30000061035156,54.48146998749509,1.8237098081464467,2.6418460344489496,-0.8181362263025029,198.9174351708563,194.17950134277345,189.4415675146906,4.879952616336421
2023-12-29,193.8999938964844,194.3999938964844,191.72999572753903,192.52999877929688,190.2110290527344,42672100,-0.005424037190115083,194.30850143432616,186.63380065917968,51.061837659203846,1.5579750151272833,2.4250718305846166,-0.8670968154573333,198.7071243008061,194.30850143432616,189.90987856784622,4.527463115623501
2024-01-02,187.1499938964844,188.44000244140625,183.88999938964844,185.63999938964844,183.40403747558597,82488700,-0.0357865241098152,194.02850112915038,186.83740051269533,35.37237366575643,0.7823939580021033,2.096536256068114,-1.3141422980660105,199.70121957002667,194.02850112915038,188.3557826882741,5.847304295878029
2024-01-03,184.22000122070312,185.8800048828125,183.42999267578125,184.25,182.03076171875,58414500,-0.007487707335880112,193.76950149536134,187.06480041503906,33.15881623755217,0.054945668966212224,1.6882181386477335,-1.6332724696815213,200.6109905244883,193.76950149536134,186.92801246623438,7.0614714661798725
2024-01-04,182.1499938964844,183.08999633789065,180.8800048828125,181.91000366210935,179.71893310546875,71983600,-0.012700208423305881,193.19400177001953,187.24300048828124,29.7801959037089,-0.7022849852265551,1.2101175138728757,-1.9124024990994308,201.77224632566956,193.19400177001953,184.6157572143695,8.880446056354977
2024-01-05,181.9900054931641,182.75999450683597,180.1699981689453,181.17999267578125,178.99771118164062,62379700,-0.004013054781517478,192.63700103759766,187.39780029296875,28.794487128602015,-1.3457881122330662,0.6989363886516874,-2.0447245008847537,202.68985088417833,192.63700103759766,182.58415119101699,10.437091308973004
2024-01-08,182.08999633789065,185.6000061035156,181.5,185.55999755859372,183.3249664306641,59144500,0.02417491944705552,192.2015007019043,187.68700012207032,41.340109294821026,-1.4852185132562,0.2621054082701099,-1.7473239215263099,202.67931553151902,192.2015007019043,181.7236858722896,10.902947990885174
2024-01-09,183.9199981689453,185.1499938964844,182.72999572753903,185.13999938964844,182.91001892089844,42841800,-0.0022634533519612088,191.67300033569336,188.05200012207033,40.601394126123296,-1.6110374162727226,-0.11252315663845658,-1.498514259634266,202.45160833138362,191.67300033569336,180.8943923400031,11.24687147048647
2024-01-10,184.3500061035156,186.3999938964844,183.9199981689453,186.19000244140625,183.9474029541016,46792900,0.005671553911170912,191.3235008239746,188.41140014648437,43.32787671307749,-1.6074931519286793,-0.41151715569650116,-1.195975996232178,202.33477861944988,191.3235008239746,180.31222302849932,11.51063800113725
2024-01-11,186.5399932861328,187.0500030517578,183.6199951171875,185.58999633789065,183.3546142578125,49128400,-0.0032225988884279078,190.86750030517578,188.71740020751952,42.13760499525748,-1.6342610311198769,-0.6560659307811763,-0.9781951003387006,202.03430034397306,190.86750030517578,179.7007002663785,11.701101571449108
2024-01-12,186.05999755859372,186.7400054931641,185.19000244140625,185.9199981689453,183.6806640625,40477800,0.0017782470651599436,190.2654998779297,189.0204000854492,43.0640311079339,-1.6102840265146483,-0.8469095499278707,-0.7633744765867776,201.132083107952,190.2654998779297,179.39891664790738,11.422547163825374
2024-01-16,182.16000366210935,184.25999450683597,180.92999267578125,183.6300048828125,181.4182281494141,65603000,-0.012317224159839046,189.54150009155273,189.2136001586914,38.46200720798222,-1.7558253360281242,-1.0286927071479215,-0.7271326288802027,200.1473781198048,189.54150009155273,178.93562206330066,11.191087991948153
2024-01-17,181.2700042724609,182.92999267578125,180.3000030517578,182.67999267578125,180.4796600341797,47317400,-0.005173505026525804,188.79699935913087,189.31579986572265,36.70937480243044,-1.9256284715522156,-1.2080798600287803,-0.7175486115234353,199.1310302529399,188.79699935913087,178.46296846532184,10.947240611755243
2024-01-18,186.08999633789065,189.13999938964844,185.8300018310547,188.6300048828125,186.35801696777344,78005800,0.0325707447170529,188.43399963378906,189.5554000854492,51.58858878519791,-1.562075783763163,-1.2788790447756568,-0.2831967389875061,198.24259621312942,188.43399963378906,178.6254030544487,10.410644149572603
2024-01-19,189.3300018310547,191.9499969482422,188.82000732421875,191.55999755859372,189.2527008056641,68903000,0.015532918223696512,188.16499938964844,189.80200012207033,56.955139851579055,-1.0257080139656978,-1.228244838613665,0.2025368246479673,197.2975279652071,188.16499938964844,179.03247081408978,9.706936577133776
2024-01-22,192.3000030517578,195.3300018310547,192.25999450683597,193.88999938964844,191.5546417236328,60133900,0.012163318717086646,188.1179992675781,190.0433999633789,60.68725711270681,-0.4079187831403601,-1.064179627519004,0.656260844378644,197.12160496911275,188.1179992675781,179.11439356604347,9.572295831966567
2024-01-23,195.0200042724609,195.75,193.8300018310547,195.17999267578125,192.8291015625,42355600,0.00665324435575898,188.14299926757812,190.28919982910156,62.61964062314483,0.18365821293161844,-0.8146120594288796,0.998270272360498,197.22181055046903,188.14299926757812,179.0641879846872,9.650969016369267
2024-01-24,195.4199981689453,196.3800048828125,194.33999633789065,194.5,192.15728759765625,53631300,-0.00348398638690961,188.18799896240233,190.53099975585937,60.919755409695654,0.5908070623509332,-0.5335282350729171,1.1243352974238503,197.38273774939998,188.18799896240233,178.99326017540469,9.771865196180384
2024-01-25,195.22000122070312,196.2700042724609,193.1100006103516,194.1699981689453,191.83126831054688,54822100,-0.0016966272327491039,188.2439987182617,190.6863998413086,60.067547184408085,0.8767405497337393,-0.25147447811158585,1.1282150278453251,197.5692184807621,188.2439987182617,178.91877895576133,9.907587839182185
2024-01-26,194.2700042724609,194.75999450683597,191.94000244140625,192.4199981689453,190.1023406982422,44594000,-0.009012751818466835,188.20749893188477,190.83879974365234,55.6237501134767,0.9511700278857518,-0.010945576912118338,0.9621156047978701,197.46106209566005,188.20749893188477,178.9539357681095,9.833362874796283
2024-01-29,192.00999450683597,192.1999969482422,189.5800018310547,191.72999572753903,189.420654296875,47145600,-0.0035858916774162974,188.114998626709,190.924599609375,53.92964957475883,0.9436012473184405,0.17996378793399345,0.763637459384447,197.18710120852043,188.114998626709,179.04289604489756,9.645272995816674
2024-01-30,190.94000244140625,191.8000030517578,187.47000122070312,188.0399932861328,185.77511596679688,55859400,-0.01924572768270849,187.89049835205077,190.92519958496095,45.88179650085186,0.6325588313507637,0.27048279661734753,0.3620760347334162,196.73380789386692,187.89049835205077,179.04718881023462,9.41325891344056
2024-01-31,187.0399932861328,187.1000061035156,184.3500061035156,184.3999938964844,182.17893981933597,55467800,-0.019357684847865486,187.82849807739257,190.81899932861327,39.60345597323953,0.0912856614742168,0.2346433695887214,-0.1433577081145046,196.7510830543517,187.82849807739257,178.90591310043342,9.500778708545807
2024-02-01,183.9900054931641,186.9499969482422,183.82000732421875,186.8600006103516,184.60931396484372,64885400,0.013340587819414829,187.95899810791016,190.76239929199218,45.0736743651849,-0.13758919998923602,0.1601968556731299,-0.29778605566236593,196.74369328816252,187.95899810791016,179.1743029276578,9.347459040198679
2024-02-02,179.86000061035156,187.3300018310547,179.25,185.8500061035156,183.6114959716797,102551700,-0.0054050251947420636,188.15599822998047,190.65039947509766,43.3381514103133,-0.39590850566986546,0.04897578340453082,-0.44488428907439626,196.55761330753666,188.15599822998047,179.75438315242428,8.930478067764822
2024-02-05,188.1499938964844,189.25,185.83999633789065,187.67999267578125,185.41944885253903,69668800,0.009846621374612674,188.48099822998046,190.5911993408203,47.297741265562905,-0.4478018134079207,-0.050379735957959484,-0.3974220774499612,196.25769556692885,188.48099822998046,180.70430089303207,8.25196959903558
2024-02-06,186.8600006103516,189.30999755859372,186.7700042724609,189.3000030517578,187.0199432373047,43490800,0.008631750308127017,188.66799850463866,190.5509994506836,50.58953760713137,-0.35412421183238507,-0.1111286311328446,-0.24299558069954047,196.33382199952695,188.66799850463866,181.00217500975037,8.126257293920263
2024-02-07,190.63999938964844,191.0500030517578,188.6100006103516,189.41000366210935,187.1286163330078,53439000,0.0005810775782624233,188.88149871826172,190.53979949951173,50.81418716305384,-0.2679194985262541,-0.14248680461152652,-0.12543269391472756,196.3783833558682,188.88149871826172,181.38461408065524,7.938188428702529
2024-02-08,189.38999938964844,189.5399932861328,187.3500061035156,188.32000732421875,186.05172729492188,40962000,-0.005754806823182745,188.98799896240234,190.51039978027345,48.46287418548518,-0.2842782543884823,-0.17084509456691768,-0.11343315982156463,196.38881879111207,188.98799896240234,181.58717913369262,7.832052690480164
2024-02-09,188.6499938964844,189.9900054931641,188.0,188.8500061035156,186.8134307861328,45155200,0.004094041492038958,189.1509994506836,190.47940002441408,49.68209542310484,-0.25157620032649675,-0.1869913157188335,-0.06458488460766323,196.38704682054555,189.1509994506836,181.91495208082165,7.651080238408752
2024-02-12,188.4199981689453,188.6699981689453,186.7899932861328,187.1499938964844,185.1317901611328,41781900,-0.009001711589597505,189.21249923706054,190.435,45.928827741566955,-0.3587014770459689,-0.22133334798426058,-0.1373681290617083,196.3580001595331,189.21249923706054,182.06699831458798,7.552884668068477
2024-02-13,185.7700042724609,186.2100067138672,183.50999450683597,185.0399932861328,183.0445251464844,56529500,-0.011274481885751308,189.28299865722656,190.3367999267578,41.71640689044095,-0.6068629080417338,-0.29843925999575527,-0.30842364804597855,196.23191334220752,189.28299865722656,182.3340839722456,7.342354817153741
2024-02-14,185.32000732421875,185.52999877929688,182.44000244140625,184.1499938964844,182.16409301757807,54630500,-0.004809934239779934,189.35649871826172,190.19499969482422,40.04793707539829,-0.8653726653118667,-0.4118259410589776,-0.45354672425288917,196.05093045215932,189.35649871826172,182.66206698436412,7.070717698322107
2024-02-15,183.5500030517578,184.4900054931641,181.3500061035156,183.8600006103516,181.87722778320312,65434500,-0.001574762784602446,189.11799850463868,190.08359985351564,39.493666490107586,-1.0811803707242973,-0.5456968269920415,-0.5354835437322558,196.22606620716417,189.11799850463868,182.0099308021132,7.517071625894076
2024-02-16,183.4199981689453,184.8500061035156,181.6699981689453,182.30999755859372,180.34396362304688,49752500,-0.008430215144822228,188.65549850463867,189.86139984130858,36.57953492888135,-1.3615863050683004,-0.7088747226072933,-0.652711582461007,196.2545843025524,188.65549850463867,181.05641270672496,8.056044862882032
2024-02-20,181.7899932861328,182.42999267578125,180.0,181.55999755859372,179.60206604003906,53665600,-0.004113792156406837,188.03899841308595,189.6461996459961,35.22513248466777,-1.6255899709495623,-0.8922177722757472,-0.7333721986738151,195.8373983992722,188.03899841308595,180.2405984268997,8.294449610984033
2024-02-21,181.94000244140625,182.88999938964844,180.66000366210935,182.32000732421875,180.3538360595703,41371400,0.004185753739400999,187.3959991455078,189.40719970703125,37.74081356322815,-1.753277648431208,-1.0644297475068394,-0.6888479009243687,194.8460905620655,187.3959991455078,179.9459077289501,7.9511744653341525
2024-02-22,183.47999572753903,184.9600067138672,182.4600067138672,184.3699951171875,182.38172912597656,52292200,0.011243969691536959,186.88949890136718,189.18039947509766,44.05251443630139,-1.6698056897719482,-1.185504935959861,-0.48430075381208715,193.68770944338246,186.88949890136718,180.0912883593519,7.275112386708369
2024-02-23,185.00999450683597,185.0399932861328,182.22999572753903,182.5200042724609,180.5517120361328,45119700,-0.010033993528922536,186.30699920654297,188.96719970703126,40.101516928419805,-1.7329559241364905,-1.294995133595187,-0.43796079054130344,192.47755880361808,186.30699920654297,180.13643960946786,6.624077059213787
2024-02-26,182.2400054931641,182.75999450683597,180.6499938964844,181.16000366210935,179.2063446044922,40867400,-0.007451424395086281,185.74399948120117,188.6961996459961,37.44287728896918,-1.8711738952007408,-1.4102308859162977,-0.4609430092844431,191.62893723296503,185.74399948120117,179.85906172943731,6.336611431002876
2024-02-27,181.1000061035156,183.9199981689453,179.55999755859375,182.6300048828125,180.66050720214844,54318900,0.00811445934498356,185.28899993896485,188.389599609375,41.92468791880647,-1.8408753546941057,-1.4963597796718595,-0.34451557502224617,190.63477923369078,185.28899993896485,179.94322064423892,5.770206862238834
2024-02-28,182.50999450683597,183.1199951171875,180.1300048828125,181.4199981689453,179.46356201171875,48953900,-0.0066253837596634835,184.95800018310547,188.0557995605469,39.4211141123716,-1.8926832975151626,-1.5756244832405202,-0.31705881427464244,190.4003668534481,184.95800018310547,179.51563351276283,5.884975686323144
2024-02-29,181.2700042724609,182.57000732421875,179.52999877929688,180.75,178.80078125,136682600,-0.003693121624742224,184.77550048828124,187.7193994140625,38.06563099423125,-1.965151673059836,-1.6535299212043835,-0.3116217518554525,190.51704290517887,184.77550048828124,179.0339580713836,6.214614385267779
2024-03-01,179.5500030517578,180.52999877929688,177.3800048828125,179.66000366210938,177.7225341796875,73563100,-0.006030438249623127,184.41550064086914,187.39479949951172,35.90276683514776,-2.0864852743233655,-1.74012099182818,-0.3463642824951856,190.48275233899585,184.41550064086914,178.34824894274243,6.57998018283949
2024-03-04,176.14999389648438,176.89999389648438,173.7899932861328,175.10000610351562,173.21170043945312,81510100,-0.025381326915323354,183.87800064086915,186.95799957275392,28.585267037896244,-2.521530091676084,-1.896402811797761,-0.625127279878323,191.1305894668708,183.87800064086915,176.6254118148675,7.888479101060733
2024-03-05,170.75999450683594,172.0399932861328,169.6199951171875,170.1199951171875,168.28541564941406,95132400,-0.028440831523163013,183.00000076293946,186.46379943847657,23.058037345066467,-3.2309076188056167,-2.163303773199332,-1.0676038456062846,192.19141110345265,183.00000076293946,173.80859042242628,10.04525716086729
2024-03-06,171.05999755859375,171.24000549316406,168.67999267578125,169.1199951171875,167.2962188720703,68587700,-0.005878089753211468,181.99100036621093,185.9525994873047,22.13258965909168,-3.829640352382256,-2.4965710890359167,-1.3330692633463395,192.52677762385554,181.99100036621093,171.45522310856632,11.578349738661824
2024-03-07,169.14999389648438,170.72999572753906,168.49000549316406,169.0,167.17750549316406,71765100,-0.0007095998923742908,180.97050018310546,185.46059936523437,22.01839038046859,-4.264662584875964,-2.850189388203926,-1.4144731966720379,192.35390108309576,180.97050018310546,169.58709928311515,12.580393918868115
2024-03-08,169.0,173.6999969482422,168.94000244140625,170.72999572753906,168.88882446289062,76267000,0.010236538490500102,180.09099960327148,185.01419921875,27.802289304811765,-4.4188864687083935,-3.16392880430482,-1.2549576644035736,191.78109225592527,180.09099960327148,168.4009069506177,12.982428526029938
2024-03-11,172.94000244140625,174.3800048828125,172.0500030517578,172.75,170.8870391845703,60139500,0.011831539049635298,179.2859992980957,184.60619934082033,33.96140374493888,-4.328219524406933,-3.396786948325243,-0.93143257608169,190.66581389777542,179.2859992980957,167.90618469841598,12.694593715328212
2024-03-12,173.14999389648438,174.02999877929688,171.00999450683594,173.22999572753906,171.3618621826172,59825400,0.0027785781783837837,178.58999938964843,184.19919921875,35.372262591211836,-4.169569472692871,-3.551343453198769,-0.6182260194941018,189.65928439246017,178.58999938964843,167.5207143868367,12.396310029276304
2024-03-13,172.77000427246094,173.19000244140625,170.75999450683594,171.1300048828125,169.28453063964844,52488700,-0.012122484644541132,177.8944999694824,183.77119934082032,32.13736382091554,-4.165275175086634,-3.6741297975763425,-0.49114537751029186,189.00323581363398,177.8944999694824,166.78576412533084,12.489127933755409
2024-03-14,172.91000366210938,174.30999755859375,172.0500030517578,173.0,171.13436889648438,72913500,0.010927391001683606,177.3370002746582,183.51839935302735,37.609119805347554,-3.965269773880607,-3.7323577928371954,-0.2329119810434115,188.25147568817786,177.3370002746582,166.42252486113856,12.309304202298895
2024-03-15,171.1699981689453,172.6199951171875,170.2899932861328,172.6199951171875,170.75845336914062,121752700,-0.002196610358093154,176.775,183.2857992553711,36.957001913751604,-3.793695905765418,-3.7446254154228398,-0.049070490342578044,187.44282626277226,176.775,166.10717373722775,12.069383411423845
2024-03-18,175.57000732421875,177.7100067138672,173.52000427246094,173.72000122070312,171.8466033935547,75604200,0.006372451863696282,176.34550018310546,183.12199920654297,40.189942811322034,-3.5282891586053893,-3.7013581640593496,0.1730690054539603,186.7764158052078,176.34550018310546,165.91458456100312,11.830089921513805
2024-03-19,174.33999633789062,176.61000061035156,173.02999877929688,176.0800018310547,174.18113708496094,55215200,0.013584985942723726,176.0715003967285,183.01999938964843,46.52581991746378,-3.0918788190233784,-3.5794622950521555,0.48758347602877716,186.22431274025553,176.0715003967285,165.9186880532015,11.532601608608386
2024-03-20,175.72000122070312,178.6699981689453,175.08999633789062,178.6699981689453,176.7432098388672,53423100,0.014709243473686406,175.88899993896484,182.88219940185547,52.47584320330586,-2.508117405570175,-3.36519331715576,0.8570759115855848,185.71183268641624,175.88899993896484,166.06616719151344,11.169354252807187
2024-03-21,177.0500030517578,177.49000549316406,170.83999633789062,171.3699951171875,169.52191162109375,106181300,-0.04085757084731534,175.23899993896484,182.60679931640624,39.22722254202817,-2.604508366046872,-3.2130563269339825,0.6085479608871105,184.43121774848436,175.23899993896484,166.04678212944532,10.491063990003525
2024-03-22,171.75999450683594,173.0500030517578,170.05999755859375,172.27999877929688,170.422119140625,71160100,0.0053102723472311375,174.72699966430665,182.32859924316406,41.21949767638103,-2.5777544575791183,-3.08599595306301,0.5082414954838916,183.3639449509433,174.72699966430665,166.09005437767,9.886217130987594
2024-03-25,170.57000732421875,171.94000244140625,169.4499969482422,170.85000610351562,169.00755310058594,54288300,-0.008300366449919716,174.21149978637695,182.03379943847656,39.05294441880093,-2.641490788812547,-2.997094920212917,0.35560413140037017,182.4736648243503,174.21149978637695,165.9493347484036,9.485211995883908
2024-03-26,170.0,171.4199981689453,169.5800018310547,169.7100067138672,167.87986755371094,57388400,-0.006672397334833047,173.56549987792968,181.709599609375,37.36675058574565,-2.75226432398091,-2.948128800966516,0.19586447698560594,181.08032189528205,173.56549987792968,166.0506778605773,8.659349954498586
2024-03-27,170.41000366210938,173.60000610351562,170.11000061035156,173.30999755859375,171.44100952148438,60273300,0.02121244208531503,173.1599998474121,181.50319946289062,45.38608757356225,-2.5205091137901547,-2.8626048635312435,0.3420957497410888,179.7546383105737,173.1599998474121,166.5653613842505,7.616815048478598
2024-03-28,171.75,172.22999572753906,170.50999450683594,171.47999572753906,169.6307373046875,65672700,-0.010559155139424292,172.69649963378907,181.27919952392577,42.41325829901466,-2.4561938203767966,-2.7813226549003542,0.3251288345235577,178.32435792740299,172.69649963378907,167.06864134017516,6.517628678691283
2024-04-01,171.19000244140625,171.25,169.47999572753906,170.02999877929688,168.1963653564453,46240500,-0.008455849281995387,172.21499938964843,180.90719940185548,40.168189145308126,-2.493482804936889,-2.7237546849076613,0.23027187997077236,176.95518785884303,172.21499938964843,167.47481092045382,5.504965869400957
2024-04-02,169.0800018310547,169.33999633789062,168.22999572753906,168.83999633789062,167.0192108154297,49329500,-0.006998691907051491,171.9019989013672,180.4527993774414,38.37296417136348,-2.589211032554118,-2.696845954436953,0.10763492188283497,176.665504529882,171.9019989013672,167.13849327285237,5.542117786830383
2024-04-03,168.7899932861328,170.67999267578125,168.5800018310547,169.64999389648438,167.82046508789062,47691700,0.0047973779096968094,171.87849884033204,179.96799926757814,40.32788249816325,-2.570089912394309,-2.6714947460284244,0.10140483363411557,176.68141198471173,171.87849884033204,167.07558569595236,5.5887306170173074
2024-04-04,170.2899932861328,171.9199981689453,168.82000732421875,168.82000732421875,166.9994354248047,53704400,-0.004892309544345164,171.8634994506836,179.44079956054688,38.96395158230963,-2.592029958918289,-2.6556017886063974,0.06357182968810848,176.7025159063699,171.8634994506836,167.0244829949973,5.63123231070349
2024-04-05,169.58999633789062,170.38999938964844,168.9499969482422,169.5800018310547,167.7512664794922,42104800,0.004501997583255424,171.89249954223632,178.94239959716796,40.933875711096775,-2.5190543086818593,-2.62829229262149,0.10923798393963047,176.66907391014055,171.89249954223632,167.1159251743321,5.557629775149744
2024-04-08,169.02999877929688,169.1999969482422,168.24000549316406,168.4499969482422,166.6334228515625,37425500,-0.006663697099814958,171.77849960327148,178.42799957275392,38.92238916685737,-2.52331532198383,-2.6072968984939577,0.08398157651012772,176.76483699116235,171.77849960327148,166.7921622153806,5.8055430678542335
2024-04-09,168.6999969482422,170.0800018310547,168.35000610351562,169.6699981689453,167.8402557373047,42373800,0.007242441912852282,171.62449951171874,177.9729995727539,42.223428222838535,-2.400575957853988,-2.5659527103659636,0.1653767525119756,176.67119045615235,171.62449951171874,166.57780856728513,5.881084529064001
2024-04-10,168.8000030517578,169.08999633789062,167.11000061035156,167.77999877929688,165.97067260742188,49709300,-0.011139062685944667,171.35199966430665,177.49399963378906,38.731103819699754,-2.4278248294866103,-2.538327134190093,0.11050230470348277,176.6067668692156,171.35199966430665,166.0972324593977,6.133301292314635
2024-04-11,168.33999633789062,175.4600067138672,168.16000366210938,175.0399932861328,173.15235900878906,91070300,0.04327081579258496,171.54749908447266,177.23399963378907,54.35029052488607,-1.8423612801692286,-2.3991339633859203,0.5567726832166917,177.04023076724843,171.54749908447266,166.0547674016969,6.403744399760749
2024-04-12,174.25999450683594,178.36000061035156,174.2100067138672,176.5500030517578,174.64608764648438,101670900,0.008626672176146766,171.72499923706056,177.07699981689453,56.81614754432798,-1.2422125775468658,-2.1677496862181096,0.9255371086712438,177.60948167215307,171.72499923706056,165.84051680196805,6.8533789037543436
2024-04-15,175.36000061035156,176.6300048828125,172.5,172.69000244140625,170.82769775390625,73531800,-0.0218635867773187,171.72849960327147,176.79359985351562,49.461093219988754,-1.0657746104770922,-1.9473546710699063,0.8815800605928141,177.6151902890854,171.72849960327147,165.84180891745754,6.85581100331443
2024-04-16,171.75,173.75999450683594,168.27000427246094,169.3800048828125,167.5533905029297,73711200,-0.019167308896789748,171.51149978637696,176.46419982910157,44.1795550470508,-1.1794395456751658,-1.7937716459909583,0.6143321003157924,177.40850252508062,171.51149978637696,165.6144970476733,6.876510025331907
2024-04-17,169.61000061035156,170.64999389648438,168.0,168.0,166.18826293945312,50901200,-0.008147418320685662,171.1074996948242,176.07059997558594,42.15831635467929,-1.3651382229273565,-1.708044961378238,0.3429067384508815,176.80079935037384,171.1074996948242,165.4142000392746,6.65464654173991
2024-04-18,168.02999877929688,168.63999938964844,166.5500030517578,167.0399932861328,165.2386016845703,43122900,-0.005714370185268769,170.5259994506836,175.62539978027343,40.76123427316158,-1.5716532409926458,-1.6807666173011198,0.10911337630847395,175.31470865827526,170.5259994506836,165.73729024309193,5.616397761065834
2024-04-19,166.2100067138672,166.39999389648438,164.0800018310547,165.0,163.22064208984375,68149400,-0.012212398157294468,170.2074996948242,175.13719970703124,37.88794798843074,-1.8782766854818362,-1.7202686309372632,-0.158008054544573,175.54518044077744,170.2074996948242,164.86981894887097,6.2719689267787855
2024-04-22,165.52000427246094,167.25999450683594,164.77000427246094,165.83999633789062,164.05154418945312,48116400,0.00509066799989677,169.8854995727539,174.68759948730468,39.77061427396247,-2.030095611497984,-1.7822340270494075,-0.24786158444857653,175.456142808037,169.8854995727539,164.31485633747081,6.558115023698587
2024-04-23,165.35000610351562,167.0500030517578,164.9199981689453,166.89999389648438,165.1001434326172,49537800,0.006391888892878006,169.68799896240233,174.24859924316405,42.15341302505476,-2.0413488609789567,-1.8340569938353173,-0.20729186714363945,175.38647545612238,169.68799896240233,163.98952246868228,6.716416633544791
2024-04-24,166.5399932861328,169.3000030517578,166.2100067138672,169.02000427246094,167.19729614257812,48251800,0.012702307014147873,169.65349884033202,173.88599945068358,46.69554975479742,-1.8577846377197318,-1.8388025226122002,-0.01898211510753156,175.35937474405807,169.65349884033202,163.94762293660597,6.726505427507972
2024-04-25,169.52999877929688,170.61000061035156,168.14999389648438,169.88999938964844,168.05789184570312,50558300,0.005147186724784758,169.48249893188478,173.58299957275392,48.483248937225135,-1.623393859291184,-1.7957207899479972,0.17232693065681315,174.93935204339527,169.48249893188478,164.02564582037428,6.439429611789727
2024-04-26,169.8800048828125,171.33999633789062,169.17999267578125,169.3000030517578,167.47427368164062,44838400,-0.0034727209633114153,169.3734992980957,173.28599975585936,47.3241227196412,-1.4683193805331314,-1.7302405080650243,0.2619211275318929,174.75294020393903,169.3734992980957,163.99405839225238,6.352163624340737
2024-04-29,173.3699951171875,176.02999877929688,173.10000610351562,173.5,171.6289520263672,68169400,0.024807860057505682,169.54699935913087,173.07879974365235,55.483299201430995,-0.9950468057998307,-1.5832017676119856,0.5881549618121549,175.21598327774828,169.54699935913087,163.87801544051345,6.6872123246598925
2024-04-30,173.3300018310547,174.99000549316406,170.0,170.3300018310547,168.4931640625,65934800,-0.018270740028672128,169.62149963378906,172.83919982910157,49.27902001627677,-0.86578698658505,-1.4397188114065986,0.5739318248215486,175.29052295581246,169.62149963378906,163.95247631176565,6.6843216623632795
2024-05-01,169.5800018310547,172.7100067138672,169.11000061035156,169.3000030517578,167.47427368164062,50383100,-0.006047072511982887,169.60400009155273,172.59399993896486,47.42342024863097,-0.8368136748754011,-1.3191377841003593,0.48232410922495816,175.27472404141855,169.60400009155273,163.93327614168692,6.687016752912364
2024-05-02,172.50999450683594,173.4199981689453,170.88999938964844,173.02999877929688,171.16403198242188,94214900,0.022031791627860953,169.81449966430665,172.4081997680664,54.15572360180152,-0.5070279318818507,-1.1567158136566575,0.6496878817748069,175.66295538397327,169.81449966430665,163.96604394464003,6.888052234912783
2024-05-03,186.6499938964844,187.0,182.66000366210935,183.3800048828125,181.40240478515625,163224100,0.05981614644241273,170.50449981689454,172.3883999633789,66.84289708282185,0.5827708201101984,-0.8088184869032864,1.3915893070134848,178.81675715064662,170.50449981689454,162.19224248314245,9.750191159387175
2024-05-06,182.3500061035156,184.1999969482422,180.4199981689453,181.7100067138672,179.75039672851562,78569700,-0.009106869661387185,171.1675003051758,172.37220001220703,63.77601412831001,1.2967412610985036,-0.3877065373029284,1.684447798401432,180.7384889661673,171.1675003051758,161.5965116441843,11.18318447594002
2024-05-07,183.4499969482422,184.8999938964844,181.32000732421875,182.3999938964844,180.43296813964844,77305800,0.0037973290938753124,171.80400009155272,172.39699981689452,64.50073539400347,1.896383846114702,0.06911153938059766,1.8272723067341043,182.51700975096912,171.80400009155272,161.09099043213632,12.471199336112708
2024-05-08,182.8500061035156,183.07000732421875,181.4499969482422,182.7400054931641,180.76931762695312,45057100,0.001864124338099682,172.5520004272461,172.39919982910158,64.87368040984929,2.3717015105079327,0.5296295336060647,1.842071976901868,184.09371968698224,172.5520004272461,161.01028116750996,13.377670767256655
2024-05-09,182.55999755859372,184.66000366210935,182.1100006103516,184.57000732421875,182.5795745849609,48983000,0.010014182615567302,173.02850112915038,172.46220001220703,66.88985882766549,2.8630565046265417,0.9963149278101601,1.8667415768163815,185.67569639359,173.02850112915038,160.38130586471078,14.6186266215178
2024-05-10,184.8999938964844,185.08999633789065,182.1300048828125,183.0500030517578,181.3215789794922,50759500,-0.006890122338867322,173.3535011291504,172.5082000732422,63.62330008331925,3.0941399169775536,1.415879925643639,1.6782599913339147,186.66270670482777,173.3535011291504,160.04429555347303,15.354989070294984
2024-05-13,185.44000244140625,187.1000061035156,184.6199951171875,186.27999877929688,184.52105712890625,72044800,0.017645324772822102,174.03300094604492,172.64059997558593,67.2799696235932,3.4975907976035217,1.8322221000356156,1.665368697567906,188.47664644325653,174.03300094604492,159.58935544883332,16.59874324834465
2024-05-14,187.50999450683597,188.3000030517578,186.2899932861328,187.42999267578125,185.6602020263672,52393600,0.006173522497571193,174.93550033569335,172.88719970703124,68.49428105117443,3.8655636126556203,2.2388904025596164,1.626673210096004,190.3279230710618,174.93550033569335,159.5430776003249,17.597826291211437
2024-05-15,187.91000366210935,190.6499938964844,187.3699951171875,189.72000122070312,187.9285888671875,70400000,0.012217948790652189,176.02150039672853,173.27919982910157,70.81688064672872,4.292488139568775,2.649609949961448,1.6428781896073268,192.34035922437025,176.02150039672853,159.7026415690868,18.541892656137154
2024-05-16,190.47000122070312,191.1000061035156,189.66000366210935,189.83999633789065,188.04747009277344,52845200,0.0006325872306205405,177.1615005493164,173.69359985351562,70.93778025356205,4.587628184081865,3.0372135967855316,1.5504145872963333,193.98896096568765,177.1615005493164,160.33404013294515,18.996746318127958
2024-05-17,189.50999450683597,190.80999755859372,189.17999267578125,189.8699951171875,188.0771331787109,41282900,0.00015774254193812176,178.40500030517578,174.11099975585938,70.9701591858543,4.768975663640532,3.3835660101565317,1.3854096534840004,195.1292044777923,178.40500030517578,161.68079613255924,18.74858232001174
2024-05-20,189.3300018310547,191.9199981689453,189.00999450683597,191.0399932861328,189.23611450195312,44361300,0.006162266000412364,179.66500015258788,174.51719970703124,72.26788520775492,4.9500429085252335,3.6968613898302722,1.2531815186949613,196.20892203742625,179.66500015258788,163.1210782677495,18.416410398004913
2024-05-21,191.08999633789065,192.72999572753903,190.9199981689453,192.3500061035156,190.53379821777344,42309400,0.006857484467146513,180.93750076293946,174.90919982910157,73.68627543232361,5.139996411647502,3.9854883941937187,1.1545080174537832,197.27203835570867,180.93750076293946,164.60296317017026,18.05544734938102
2024-05-22,192.2700042724609,192.82000732421875,190.2700042724609,190.8999938964844,189.0974578857422,34648500,-0.007538506792320154,182.03150024414063,175.26259979248047,69.45200745267073,5.114574434197806,4.211305602194536,0.9032688320032696,197.95238867026765,182.03150024414063,166.1106118180136,17.492454223333795
2024-05-23,190.97999572753903,191.0,186.6300048828125,186.8800048828125,185.1154327392578,51005900,-0.021058057527618468,182.88100051879883,175.57759979248047,59.28137630559557,4.7156882976785255,4.312182141291334,0.40350615638719134,197.9078590147361,182.88100051879883,167.85414202286157,16.43348237740269
2024-05-24,188.82000732421875,190.5800018310547,188.0399932861328,189.97999572753903,188.1861267089844,36327000,0.01658799552413215,183.91500015258788,175.91719970703124,63.69639985721106,4.596723348729313,4.36909038277893,0.22763296595038263,197.8692218593332,183.91500015258788,169.96077844584255,15.174642302333138
2024-05-28,191.50999450683597,193.0,189.1000061035156,189.9900054931641,188.1960601806641,52280100,5.2785355931339595e-05,184.7395004272461,176.2645999145508,63.710082629349124,4.451931380300692,4.385658582283283,0.06627279801740915,198.06945890322336,184.7395004272461,171.40954195126884,14.431086416439513
2024-05-29,189.6100006103516,192.25,189.50999450683597,190.2899932861328,188.4932098388672,53068000,0.001578936657429697,185.7375,176.59599975585937,64.14622040210959,4.311686768802218,4.37086421958707,-0.05917745078485215,197.4992449648846,185.7375,173.9757550351154,12.664911463635075
2024-05-30,190.75999450683597,192.17999267578125,190.6300048828125,191.2899932861328,189.48374938964844,49889100,0.005255041025764351,186.83699951171874,176.90019958496094,65.62911255889799,4.232444560148991,4.343180287699455,-0.11073572755046346,196.09069191355061,186.83699951171874,177.58330710988687,9.905631567639752
2024-05-31,191.44000244140625,192.57000732421875,189.91000366210935,192.25,190.43472290039065,75158300,0.005018760256778831,187.7979995727539,177.17179962158204,67.03853158056782,4.198708954359972,4.314286021031559,-0.11557706667158651,194.8457083926957,187.7979995727539,180.75029075281208,7.505627148292919
2024-06-03,192.8999938964844,194.9900054931641,192.5200042724609,194.02999877929688,192.1978912353516,50080500,0.00925864941071275,188.33049926757812,177.62499969482423,69.53316555701952,4.266423593707231,4.304713535566694,-0.038289941859463106,195.56927011052738,188.33049926757812,181.09172842462885,7.687305955329615
2024-06-04,194.63999938964844,195.32000732421875,193.02999877929688,194.3500061035156,192.51486206054688,47471400,0.0016491899216892758,188.96249923706054,178.0663998413086,69.97314763642748,4.296383811723757,4.303047590798107,-0.006663779074349563,195.98267128978534,188.96249923706054,181.94232718433574,7.430227776483559
2024-06-05,195.3999938964844,196.8999938964844,194.8699951171875,195.8699951171875,194.0205078125,54156800,0.007820932554701177,189.6359992980957,178.56679962158202,72.03867351109513,4.392147962978612,4.320867665234208,0.07128029774440403,196.59285281953586,189.6359992980957,182.67914577665553,7.337059996192428
2024-06-06,195.69000244140625,196.5,194.1699981689453,194.47999572753903,192.6436462402344,41181800,-0.00709647442834338,190.22299880981444,179.06219940185548,67.46802650289433,4.306240745978641,4.317942281383095,-0.011701535404453622,196.71926322730096,190.22299880981444,183.72673439232793,6.830156666788226
2024-06-07,194.6499938964844,196.94000244140625,194.13999938964844,196.88999938964844,195.0308837890625,53103900,0.012391986942829725,190.83899841308593,179.53379943847656,70.9138000757579,4.382111557603025,4.330776136627081,0.05133542097594379,197.41031077334048,190.83899841308593,184.26768605283138,6.8867604786212855
2024-06-10,196.8999938964844,197.3000030517578,192.1499938964844,193.1199951171875,191.2964782714844,97010200,-0.019147764933563405,191.3424980163574,179.96659942626954,60.17614368250204,4.090874826370538,4.282795874575773,-0.19192104820523515,196.91699334590254,191.3424980163574,185.76800268681228,5.826719508040059
2024-06-11,193.6499938964844,207.16000366210935,193.6300048828125,207.1499938964844,205.19400024414065,172373300,0.07264912610117769,192.3859977722168,180.7089993286133,75.21614937911004,4.935280425874481,4.413292784835515,0.5219876410389661,200.8458462763096,192.3859977722168,183.926149268124,8.794661360032226
2024-06-12,207.3699951171875,220.1999969482422,206.8999938964844,213.07000732421875,211.05812072753903,198134300,0.028578420794083792,193.66799850463866,181.59359954833985,78.84641505272933,6.012861035950408,4.733206435058494,1.2796546008919139,205.73647753584876,193.66799850463866,181.59951947342856,12.463059591046523
2024-06-13,214.7400054931641,216.75,211.6000061035156,214.2400054931641,212.21707153320312,97862700,0.005491145290543953,194.8939987182617,182.48539978027344,79.4859556098983,6.881929903065924,5.16295112865998,1.7189787744059437,209.7654491461095,194.8939987182617,180.02254829041394,15.2610655285963
2024-06-14,213.8500061035156,215.1699981689453,211.3000030517578,212.4900054931641,210.4835968017578,70122700,-0.008168403790145162,196.0264991760254,183.35879974365236,75.79481038138522,7.344796623420649,5.599320227612115,1.7454763958085344,212.5445230152415,196.0264991760254,179.50847533680928,16.852847863577328
2024-06-17,213.3699951171875,218.9499969482422,212.72000122070312,216.6699981689453,214.6241455078125,93728300,0.019671598019842085,197.3664993286133,184.30059967041015,78.37764119172583,7.957186812952671,6.070893544680226,1.8862932682724445,215.89520709807212,197.3664993286133,178.83779155915445,18.775940022737817
2024-06-18,217.58999633789065,218.6300048828125,213.0,214.2899932861328,212.26657104492188,79943300,-0.010984665575778929,198.52899932861328,185.21739959716797,73.56435264537967,8.15644156551889,6.48800314884796,1.6684384166709298,218.2059752245921,198.52899932861328,178.85202343263447,19.822772453921132
2024-06-20,213.92999267578125,214.2400054931641,208.8500061035156,209.67999267578125,207.70013427734372,86172500,-0.02151274571921058,199.39549865722657,186.0175994873047,65.21070041040971,7.85185260142714,6.760773039363796,1.091079562063344,219.43079339265623,199.39549865722657,179.3602039217969,20.096035136551997
2024-06-21,210.38999938964844,211.88999938964844,207.1100006103516,207.4900054931641,205.53082275390625,241805100,-0.010444439677351203,200.22499923706056,186.81179962158203,61.63032391252402,7.349034890190012,6.87842540952904,0.47060948066097197,220.15814345073647,200.22499923706056,180.29185502338464,19.910744701839807
2024-06-24,207.72000122070312,212.6999969482422,206.58999633789065,208.13999938964844,206.1746826171875,80727000,0.0031326681548498048,201.28799896240236,187.47379974365234,62.29207528853812,6.923191069536443,6.887378541530522,0.03581252800592161,220.5161563155915,201.28799896240236,182.0598416092132,19.105120476438024
2024-06-25,209.1499938964844,211.3800048828125,208.6100006103516,209.07000732421875,207.09588623046875,55549700,0.0044680733909103765,202.24249954223632,188.12419982910157,63.2682124408907,6.5848446513315935,6.826871763490736,-0.24202711215914263,221.02055836545136,202.24249954223632,183.46444071902127,18.569844484436306
2024-06-26,211.5,214.8600006103516,210.63999938964844,213.25,211.23643493652344,66213200,0.01999338944592477,203.40549926757814,188.93539978027343,67.35823242245048,6.578164170733885,6.777130244939366,-0.1989660742054813,221.88287762340997,203.40549926757814,184.9281209117463,18.168022420598376
2024-06-27,214.69000244140625,215.7400054931641,212.3500061035156,214.1000061035156,212.0784149169922,49772700,0.003985960001274158,204.59599990844725,189.8297998046875,68.13523994806378,6.565772096805489,6.734858615312591,-0.1690865185071022,222.60198612592046,204.59599990844725,186.59001369097405,17.60150367116712
2024-06-28,215.7700042724609,216.07000732421875,210.3000030517578,210.6199951171875,208.63124084472656,82542700,-0.016254242911117878,205.5625,190.68219970703126,61.663474040593805,6.2036318793276735,6.628613268115608,-0.4249813887879341,222.66006681999858,205.5625,188.46493318000142,16.634908429308435
2024-07-01,212.08999633789065,217.50999450683597,211.9199981689453,216.75,214.703369140625,60402900,0.029104597524862497,206.7875,191.67639984130858,67.51648019537761,6.338210367632627,6.5705326880190125,-0.23232232038638578,223.3980927397041,206.7875,190.17690726029588,16.06537410598234
2024-07-02,216.1499938964844,220.3800048828125,215.1000061035156,220.2700042724609,218.19015502929688,58046200,0.016240014782386236,208.0995002746582,192.7817999267578,70.31878254138446,6.652217098237287,6.586869570062667,0.06534752817461964,224.61710388697526,208.0995002746582,191.58189666234114,15.874717229514204
2024-07-03,220.0,221.5500030517578,219.02999877929688,221.5500030517578,219.4580535888672,37369800,0.005810979690628493,209.45950012207032,193.89600006103515,71.28874544834123,6.924533190384409,6.654402294127016,0.2701308962573927,225.70161567863116,209.45950012207032,193.2173845655095,15.50859764975581
2024-07-05,221.6499938964844,226.4499969482422,221.6499938964844,226.33999633789065,224.2028045654297,60412400,0.02162030920702196,210.98300018310547,195.0848001098633,74.62996160439424,7.441081921411893,6.811738219583992,0.6293437018279011,227.5533776456647,210.98300018310547,194.41262272054624,15.707784464320188
2024-07-08,227.08999633789065,227.8500061035156,223.25,227.82000732421875,225.6688537597656,59085900,0.006538942263356384,212.65000076293944,196.26080017089845,75.57573821008887,7.8790502432469225,7.025200624316579,0.8538496189303437,228.94996935802905,212.65000076293944,196.35003216784983,15.330325451783738
2024-07-09,227.92999267578125,229.3999938964844,226.3699951171875,228.67999267578125,226.52072143554688,48076100,0.003774857104064999,214.2395004272461,197.4366000366211,76.13251973096916,8.201000891040081,7.2603606776612795,0.9406402133788019,230.28005961193492,214.2395004272461,198.19894124255728,14.974418025340807
2024-07-10,229.3000030517578,233.0800018310547,229.25,232.97999572753903,230.78009033203125,62627700,0.018803440451236275,216.23250045776368,198.71019989013672,78.74196866845097,8.702802913912393,7.548849124911502,1.1539537890008909,231.14711994277454,216.23250045776368,201.31788097275282,13.794984059691902
2024-07-11,231.38999938964844,232.38999938964844,225.7700042724609,227.57000732421875,225.4212188720703,64710600,-0.023220683605119197,217.25350112915038,199.7916000366211,68.5825651739265,8.565209379272119,7.752121175783627,0.8130882034884923,232.33612464765736,217.25350112915038,202.1708776106434,13.884815149230512
2024-07-12,228.9199981689453,232.63999938964844,228.67999267578125,230.5399932861328,228.3631591796875,53046500,0.013050857955331896,218.1270004272461,200.99579986572266,70.80920803322496,8.596720910299013,7.921041122686704,0.6756797876123084,234.13447926653407,218.1270004272461,202.1195215879581,14.677209889591
2024-07-15,236.47999572753903,237.22999572753903,233.08999633789065,234.3999938964844,232.1866912841797,62631300,0.01674320901071291,219.1349998474121,202.29779968261718,73.44352445140142,8.831361378905939,8.103105173930551,0.7282562049753878,236.51646827883314,219.1349998474121,201.75353141599106,15.863708164851886
2024-07-16,235.0,236.2700042724609,232.3300018310547,234.82000732421875,232.60275268554688,43234300,0.001791926139547595,220.25149993896486,203.53359985351562,73.72142180412247,8.94805955362915,8.272096049870271,0.6759635037588794,238.62272354901955,220.25149993896486,201.88027632891016,16.682041770562883
2024-07-17,229.4499969482422,231.4600067138672,226.63999938964844,228.8800048828125,226.7188415527344,57345900,-0.025295965180458846,220.86200027465821,204.44359985351562,63.58717180226853,8.463671210253068,8.31041108194683,0.15326012830623803,239.52575667090846,220.86200027465821,202.19824387840796,16.900830720577094
2024-07-18,230.27999877929688,230.44000244140625,222.2700042724609,224.17999267578125,222.0631866455078,66034600,-0.020534927204732045,221.35650024414062,205.2929995727539,56.91974986157335,7.612782831146745,8.170885431786813,-0.5581026006400673,239.8205529271957,221.35650024414062,202.89244756108553,16.68263878647389
2024-07-19,224.82000732421875,226.8000030517578,223.27999877929688,224.30999755859372,222.1919860839844,49151500,0.0005800125649921828,222.08800048828124,206.1311996459961,57.053889653406586,6.869747791659364,7.910657903761323,-1.040910112101959,239.78707771090575,222.08800048828124,204.38892326565673,15.93879649842534
2024-07-22,227.00999450683597,227.77999877929688,223.08999633789065,223.9600067138672,221.8452911376953,48201800,-0.001560339562193036,222.9115005493164,206.95559967041015,56.54345114934865,6.181390610240527,7.564804445057164,-1.3834138348166372,239.30129356254741,222.9115005493164,206.5217075360854,14.705201815825536
2024-07-23,224.3699951171875,226.94000244140625,222.67999267578125,225.00999450683597,222.8853759765625,39960300,0.004688334079724132,223.75500030517577,207.7643994140625,57.76426780656072,5.655395940360137,7.182922744117759,-1.5275268037576222,238.6888756809765,223.75500030517577,208.82112492937503,13.348417112853497
2024-07-24,224.0,224.8000030517578,217.1300048828125,218.5399932861328,216.47645568847656,61777600,-0.028754332849365016,224.22849960327147,208.47419921875,48.68774207517766,4.662717444182817,6.67888168413077,-2.016164239947953,237.80912121166406,224.22849960327147,210.64787799487888,12.11319848495695
2024-07-25,218.92999267578125,220.8500061035156,214.6199951171875,217.4900054931641,215.43638610839844,51391200,-0.004804539028368304,224.44049987792968,209.09839935302733,47.38643737085881,3.748081790540027,6.092721705412622,-2.3446399148725945,237.44932290966864,224.44049987792968,211.43167684619073,11.592224254369677
2024-07-26,218.6999969482422,219.4900054931641,216.00999450683597,217.9600067138672,215.9019470214844,41601300,0.002161013380774568,224.63349990844728,209.70899963378906,48.05570016374343,3.0262666972800787,5.479430703786114,-2.453164006506035,237.1272854298229,224.63349990844728,212.13971438707165,11.12370641642289
2024-07-29,216.9600067138672,219.3000030517578,215.75,218.2400054931641,216.1792755126953,36311800,0.0012845113026391797,225.0145004272461,210.27939971923828,48.47618354040623,2.448590766752176,4.873262716379326,-2.4246719496271503,236.16859034680266,225.0145004272461,213.86041050768955,9.914107667174992
2024-07-30,219.19000244140625,220.3300018310547,216.1199951171875,218.8000030517578,216.7340087890625,41643800,0.002566079819869671,225.11700057983398,210.8585998535156,49.35911481788743,2.0127636661210033,4.3011629063276615,-2.288399240206658,235.99979888137528,225.11700057983398,214.23420227829268,9.668570808522208
2024-07-31,221.44000244140625,223.82000732421875,220.6300048828125,222.0800018310547,219.9830474853516,50036300,0.014990903893865815,225.20750045776367,211.50279998779297,54.29899956403675,1.910018533591824,3.8229340317804943,-1.9129154981886702,235.9568509311499,225.20750045776367,214.45814998437746,9.546174484896602
2024-08-01,224.3699951171875,224.47999572753903,217.0200042724609,218.3600006103516,216.2981719970703,62501000,-0.016750724796312566,225.04800033569336,212.04920013427736,48.51836198246931,1.5110013832795914,3.3605475020803137,-1.8495461188007223,236.10010275202126,225.04800033569336,213.99589791936546,9.821995663007007
2024-08-02,219.1499938964844,225.6000061035156,217.7100067138672,219.8600006103516,217.78399658203125,105568600,0.0068693349150499294,224.7240005493164,212.59940002441405,50.793157041658574,1.3008198394933288,2.9486019695629166,-1.6477821300695878,235.98358677043498,224.7240005493164,213.46441432819782,10.020813258571044
2024-08-05,199.08999633789065,213.5,196.0,209.2700042724609,207.29400634765625,119548600,-0.0481669470622641,223.7965003967285,212.9668002319336,38.020153780689924,0.2765374994359604,2.4141890755375255,-2.137651576101565,236.8036293779284,223.7965003967285,210.78937141552862,11.624068256779609
2024-08-06,205.3000030517578,209.9900054931641,201.07000732421875,207.22999572753903,205.27325439453125,69660500,-0.00974824110319894,222.7240005493164,213.37380004882812,36.13504145455421,-0.691850058317101,1.7929812487666004,-2.4848313070837014,237.37679880308758,222.7240005493164,208.07120229554522,13.157808065257612
2024-08-07,206.8999938964844,213.63999938964844,206.38999938964844,209.82000732421875,207.8388214111328,63516400,0.012498301467324113,221.56600112915038,213.77060028076173,40.18969530783499,-1.2360633159860583,1.1871723358160686,-2.423235651802127,236.45244351303893,221.56600112915038,206.67955874526183,13.437478952568425
2024-08-08,213.1100006103516,214.1999969482422,208.8300018310547,213.30999755859372,211.29583740234372,47161100,0.016633158173912532,220.85300064086914,214.2370001220703,45.23514923476109,-1.369951253400643,0.6757476179727263,-2.0456988713733693,235.8861436581162,220.85300064086914,205.81985762362208,13.613709547639402
2024-08-09,212.1000061035156,216.77999877929688,211.97000122070312,216.2400054931641,214.1981964111328,42201600,0.013735997095212449,220.13800125122071,214.75600036621094,49.116064755858,-1.2255044032793592,0.2954972137223092,-1.5210016170016685,234.61000429201945,220.13800125122071,205.66599821042198,13.148118869566133
2024-08-12,216.07000732421875,219.50999450683597,215.6000061035156,217.52999877929688,215.72540283203125,38028100,0.0071298752579929126,219.29450149536132,215.2808004760742,50.77017300368221,-0.9954624847375158,0.0373052740303442,-1.0327677587678599,232.22788284736484,219.29450149536132,206.3611201433578,11.795445178799522
2024-08-13,219.00999450683597,221.88999938964844,219.00999450683597,221.2700042724609,219.43438720703125,44155300,0.01719308123340446,218.61700134277345,215.86120056152345,55.30643099224381,-0.5055378940066362,-0.07126335957705188,-0.4342745344295843,229.48017690820632,218.61700134277345,207.75382577734058,9.938088528074084
2024-08-14,220.57000732421875,223.02999877929688,219.6999969482422,221.72000122070312,219.88064575195312,41960600,0.0020336764469865987,218.25900115966797,216.41500061035157,55.833760257162865,-0.08003553338610914,-0.07301779433886332,-0.007017739047245813,228.17645043641852,218.25900115966797,208.34155188291743,9.08778031976368
2024-08-15,224.6000061035156,225.3500061035156,222.75999450683597,224.72000122070312,222.85577392578125,46414000,0.013530650520211518,218.28600158691407,217.0224005126953,59.28289454575595,0.49356358713868076,0.040298481956645496,0.4532651051820353,228.27049758398854,218.28600158691407,208.3015055898396,9.148086386198235
2024-08-16,223.9199981689453,226.8300018310547,223.6499938964844,226.0500030517578,224.17474365234372,44340200,0.005918490256401121,218.37300186157228,217.62600067138672,60.746466576896644,1.0434369633930487,0.24092617824392615,0.8025107851491226,228.59347750511697,218.37300186157228,208.1525262180276,9.36056706316058
2024-08-19,225.72000122070312,225.9900054931641,223.0399932861328,225.88999938964844,224.0160675048828,40687800,-0.0007078234812526452,218.46950149536133,218.25420074462892,60.464885925128534,1.4495945932429493,0.48265986124373084,0.9669347319992184,228.93272276734595,218.46950149536133,208.0062802233767,9.578656242969258
2024-08-20,225.7700042724609,227.1699981689453,225.4499969482422,226.50999450683597,224.63092041015625,30299000,0.002744682165532808,218.54450149536132,218.84660064697266,61.21510387470572,1.8007479639466624,0.7462774817843172,1.0544704821623452,229.21365306394426,218.54450149536132,207.87534992677837,9.763825212330408
2024-08-21,226.5200042724609,227.97999572753903,225.0500030517578,226.3999938964844,224.5218048095703,34765500,-0.00048575503491110616,218.9375015258789,219.5122006225586,60.993956002177725,2.046571804396507,1.0063363463067552,1.0402354580897517,230.14262299802178,218.9375015258789,207.73238005373602,10.23590878131804
2024-08-22,227.7899932861328,228.33999633789065,223.8999938964844,224.52999877929688,222.66732788085935,43695300,-0.008259674067219724,219.28950119018555,219.85980072021485,57.210162579592385,2.0666726751226463,1.2184036120699335,0.8482690630527128,230.73044906629008,219.28950119018555,207.84855331408102,10.434560536650606
2024-08-23,225.66000366210935,228.22000122070312,224.3300018310547,226.83999633789065,224.9581756591797,38677300,0.010288207974301855,219.7335006713867,220.13520050048828,60.472269748422534,2.2431427047232546,1.4233514306005979,0.8197912741226567,231.61437734060195,219.7335006713867,207.85262400217147,10.813896499999963
2024-08-26,226.75999450683597,227.27999877929688,223.88999938964844,227.17999267578125,225.29534912109372,30602200,0.0014988273305740485,220.18050003051758,220.3940002441406,60.944213647637966,2.382962034587109,1.6152735513979002,0.767688483189209,232.4687033078757,220.18050003051758,207.89229675315946,11.161936025810594
2024-08-27,226.0,228.8500061035156,224.88999938964844,228.02999877929688,226.1383056640625,35934600,0.003741562115051389,220.64199981689453,220.70480010986327,62.160582877654626,2.5331575857912583,1.7988503582765718,0.7343072275146865,233.37344841138346,220.64199981689453,207.9105512224056,11.540367296393669
2024-08-28,227.9199981689453,229.8600006103516,225.67999267578125,226.4900054931641,224.611083984375,38052200,-0.006753485108163204,220.8625,220.90120025634766,58.599706113898286,2.4991158029600626,1.93890344721327,0.5602123557467926,233.83638014861035,220.8625,207.88861985138968,11.748377518691795
2024-08-29,230.1000061035156,232.9199981689453,228.8800048828125,229.7899932861328,227.8836975097656,51906300,0.014570133705504196,221.43399963378906,221.21120025634767,63.43365060940769,2.7072118277825723,2.0925651233271307,0.6146467044554416,234.9137119979521,221.43399963378906,207.954287269626,12.174925608945333
2024-08-30,230.19000244140625,230.3999938964844,227.47999572753903,229.0,227.1002655029297,52990800,-0.0034378589403146753,221.8909996032715,221.59760040283203,61.57997600067888,2.7763791995869838,2.2293279385791016,0.5470512610078822,235.74093199499404,221.8909996032715,208.04106721154895,12.483545900000847
2024-09-03,228.5500030517578,229.0,221.1699981689453,222.7700042724609,220.9219512939453,50190600,-0.02720522671033454,222.56599960327148,221.90320037841798,49.3359030359321,2.3019507952472793,2.2438525099127373,0.05809828533454198,235.14752385389014,222.56599960327148,209.98447535265282,11.305881646833285
2024-09-04,221.66000366210935,221.77999877929688,217.47999572753903,220.8500061035156,219.0178680419922,43840200,-0.008618805151778042,223.24700012207032,222.15740051269532,46.281729415991265,1.7508523248630183,2.1452524729027935,-0.3944001480397752,233.73461326355445,223.24700012207032,212.75938698058619,9.395524361581172
2024-09-05,221.6300048828125,225.47999572753903,221.5200042724609,222.3800048828125,220.5352020263672,36615400,0.006927900439995582,223.875,222.4236004638672,48.991592554564896,1.421178470632782,2.000437672448791,-0.5792592018160092,232.39004568684024,223.875,215.35995431315976,7.606964321018639
2024-09-06,223.9499969482422,225.2400054931641,219.7700042724609,220.82000732421875,218.98812866210935,48423000,-0.007015085800555654,224.25050048828126,222.57500061035157,46.42030390868831,1.0222469736627886,1.8047995326915909,-0.7825525590288023,231.42578733373966,224.25050048828126,217.07521364282286,6.399349682462237
2024-09-09,220.82000732421875,221.2700042724609,216.7100067138672,220.91000366210935,219.07737731933597,67180000,0.00040755020727312186,224.4840003967285,222.71120056152344,46.59444501923586,0.7052234634050762,1.584884318834288,-0.8796608554292118,230.8608985675794,224.4840003967285,218.1071022258776,5.681383225157303
2024-09-10,218.9199981689453,221.47999572753903,216.72999572753903,220.1100006103516,218.28399658203125,51591000,-0.003621463553255211,224.61300048828124,222.90100067138673,45.18846188055338,0.38498857843723044,1.3449051707548767,-0.9599165923176463,230.50816912998397,224.61300048828124,218.71783184657852,5.249178479328755
2024-09-11,221.4600067138672,223.08999633789065,217.88999938964844,222.66000366210935,220.8128662109375,44587100,0.011585226899379686,224.68250045776367,223.0192007446289,50.3330133944625,0.33312401367743405,1.1425489393393882,-0.8094249256619541,230.44977077498413,224.68250045776367,218.9152301405432,5.133706724351335
2024-09-12,222.5,223.5500030517578,219.82000732421875,222.7700042724609,220.9219512939453,37455600,0.0004940159732522709,224.73500061035156,223.06920074462892,50.5486353051771,0.2974680755753809,0.9735327665865868,-0.6760646910112059,230.41185095483377,224.73500061035156,219.05815026586936,5.052039361082701
2024-09-13,223.5800018310547,224.0399932861328,221.91000366210935,222.5,220.6541748046875,36766600,-0.0012120863847591146,224.6240005493164,223.08820068359375,49.97512765446836,0.24460375959455405,0.8277469651881803,-0.5831432055936262,230.38389172266034,224.6240005493164,218.86410937597248,5.128473501725691
2024-09-16,216.5399932861328,217.22000122070312,213.9199981689453,216.32000732421875,214.5254669189453,59357400,-0.027775173033399603,224.13750076293945,222.8878009033203,39.053413853776874,-0.2925925277415331,0.6036790666022376,-0.8962715943437707,230.891327991207,224.13750076293945,217.3836735346719,6.0265035572166665
2024-09-17,215.75,216.8999938964844,214.5,216.7899932861328,214.99156188964844,45519300,0.0021726789709271,223.68250045776367,222.6672006225586,40.1250895110075,-0.6726466644163622,0.34841392039851765,-1.02106058481488,231.09660890419687,223.68250045776367,216.26839201133046,6.629135878989476
2024-09-18,217.5500030517578,222.7100067138672,217.5399932861328,220.69000244140625,218.8592071533203,59894900,0.01798975378232326,223.3915008544922,222.5074008178711,48.256003620932525,-0.6516325464113777,0.1484046270365386,-0.8000371734479162,230.7957121788082,223.3915008544922,215.98728953017618,6.628910496589394
2024-09-19,224.9900054931641,229.82000732421875,224.6300048828125,228.8699951171875,226.9713287353516,66781300,0.03706548007527233,223.51500091552734,222.42520080566408,60.40214065566552,0.024792546348919586,0.1236822108990148,-0.09888966455009521,231.1931458786913,223.51500091552734,215.83685595236338,6.870362106985158
2024-09-20,229.97000122070312,233.08999633789065,227.6199951171875,228.1999969482422,226.306884765625,318679900,-0.0029274356960801162,223.6985008239746,222.43780059814452,59.1768601844241,0.5010255423410115,0.19915087718741414,0.30187466515359734,231.63594465951624,223.6985008239746,215.76105698843295,7.096555235108627
2024-09-23,227.33999633789065,229.4499969482422,225.80999755859372,226.47000122070312,224.59124755859372,54146000,-0.007581020828456353,223.68000106811525,222.35640075683594,56.01706019981082,0.7304275120201282,0.305406204153957,0.42502130786617126,231.58974757198837,223.68000106811525,215.77025456424212,7.072377026200424
2024-09-24,228.6499938964844,229.3500061035156,225.72999572753903,227.3699951171875,225.4837951660156,43556100,0.003974097909532404,223.68950119018555,222.21580078125,57.29458642213497,0.9736288245991886,0.4390507282430033,0.5345780963561854,231.6164773924929,223.68950119018555,215.7625249878782,7.0874816744909825
2024-09-25,224.92999267578125,227.2899932861328,224.0200042724609,226.3699951171875,224.4920654296875,42308700,-0.004398230638250178,223.60650100708008,222.04680053710936,55.3701379215184,1.0733035985616937,0.5659013023067414,0.5074022962549523,231.38328834277905,223.60650100708008,215.8297136713811,6.955779282510871
2024-09-26,227.3000030517578,228.5,225.41000366210935,227.5200042724609,225.63255310058597,36636700,0.005080302810326565,223.65800094604492,222.01960052490233,57.152532466429726,1.2309036122172188,0.6989017642888369,0.5320018479283819,231.52362197856422,223.65800094604492,215.79237991352562,7.033614714652481
2024-09-27,228.4600067138672,229.5200042724609,227.3000030517578,227.7899932861328,225.9002990722656,34026000,0.0011866460224836395,223.55800094604493,222.09180053710938,57.58085379451247,1.3618895999358074,0.8314993314182311,0.5303902685175763,231.15552688250216,223.55800094604493,215.9604750095877,6.796917045515066
2024-09-30,230.0399932861328,233.0,229.6499938964844,233.0,231.06707763671875,54541900,0.02287194211637722,223.75800094604492,222.2656005859375,64.87727114038174,1.8646069110786527,1.0381208473503154,0.8264860637283373,232.09284340655174,223.75800094604492,215.4231584855381,7.449872116543098
2024-10-01,229.5200042724609,229.6499938964844,223.7400054931641,226.2100067138672,224.3334197998047,63285000,-0.029141571814486955,223.93000106811525,222.3106005859375,52.26076151965029,1.695572782612146,1.1696112344026817,0.5259615482094644,232.317998543388,223.93000106811525,215.5420035928425,7.491624557016177
2024-10-02,225.88999938964844,227.3699951171875,223.0200042724609,226.77999877929688,224.89866638183597,32880600,0.0025196717570468152,224.22650070190429,222.34600067138672,53.08554037001569,1.589285322137215,1.2535460519495882,0.3357392701876267,232.57719391314066,224.22650070190429,215.8758074906679,7.448444483676907
2024-10-03,225.13999938964844,226.80999755859372,223.32000732421875,225.6699981689453,223.79788208007807,34044200,-0.004894579054056991,224.39100036621093,222.48860076904296,51.2293605173367,1.3993530998893107,1.282707461537533,0.11664563835177777,232.7193053663563,224.39100036621093,216.06269536606555,7.423029432154948
2024-10-04,227.8999938964844,228.0,224.1300048828125,226.8000030517578,224.91851806640625,37245100,0.005007357424084979,224.69000015258788,222.67480072021485,53.02991770233647,1.3247415990375089,1.2911142890375282,0.03362730999998065,232.91273213247356,224.69000015258788,216.4672681727022,7.31917929084658
2024-10-07,224.5,225.69000244140625,221.3300018310547,221.69000244140625,219.85092163085935,39505400,-0.022530810175668714,224.72900009155273,222.74940063476564,44.94847740230837,0.8435531482676311,1.2016020608835487,-0.35804891261591765,232.88679144656362,224.72900009155273,216.57120873654185,7.260114494958344
2024-10-08,224.3000030517578,225.97999572753903,223.25,225.7700042724609,223.8970489501953,31855700,0.018403958870500503,225.0120002746582,222.90000061035155,51.32647958962794,0.78241074004751,1.117763796716341,-0.335353056668831,232.89736076589793,225.0120002746582,217.12663978341845,7.008835512430063
2024-10-09,225.22999572753903,229.75,224.8300018310547,229.5399932861328,227.63575744628903,33591100,0.016698337533360696,225.3559997558594,223.11480041503907,56.35784569012149,1.0263306464922266,1.0994771666715182,-0.07314652017929157,233.39961424400096,225.3559997558594,217.31238526771781,7.138584725372889
2024-10-10,227.77999877929688,229.5,227.1699981689453,229.0399932861328,227.13992309570312,28183500,-0.0021781918453778193,225.66949920654298,223.25400024414063,55.537877430459524,1.165853870669821,1.1127525074711788,0.053101363198642115,233.77403457568735,225.66949920654298,217.5649638373986,7.182659063488889
2024-10-11,229.3000030517578,229.41000366210935,227.33999633789065,227.5500030517578,225.6623077392578,31759200,-0.006505308869998783,225.92199935913087,223.43780029296875,53.060391433791025,1.1430212342129664,1.1188062528195364,0.024214981393430035,233.9299068348577,225.92199935913087,217.91409188340404,7.089090481177328
2024-10-14,228.6999969482422,231.72999572753903,228.6000061035156,231.3000030517578,229.3811798095703,39882100,0.016479810507873838,226.6709991455078,223.66660034179688,58.1235790102014,1.4112518326104748,1.1772953687777241,0.2339564638327507,233.68723132208993,226.6709991455078,219.65476696892568,6.190674769186652
2024-10-15,233.6100006103516,237.4900054931641,232.3699951171875,233.8500061035156,231.9100341796875,64751400,0.011024681153949167,227.52399978637695,224.15820037841797,61.189283760360276,1.8087404157389528,1.3035843781699699,0.505156037568983,233.6147999312212,227.52399978637695,221.4331996415327,5.353984766937049
2024-10-16,231.6000061035156,232.1199951171875,229.83999633789065,231.77999877929688,229.8571929931641,34082200,-0.00885188600736797,228.0784996032715,224.64920043945312,57.50875193449746,1.9344218790416505,1.4297518783443062,0.5046700006973444,233.56939823282406,228.0784996032715,222.58760097371893,4.8149199850960445
2024-10-17,233.42999267578125,233.8500061035156,230.5200042724609,232.1499938964844,230.22412109375,32993800,0.0015963307295623341,228.24249954223632,225.09580017089843,57.995096417806636,2.0403608481964284,1.5518736723147306,0.48848717588169777,234.00726354142336,228.24249954223632,222.47773554304928,5.051437844177893
2024-10-18,236.17999267578125,236.17999267578125,234.00999450683597,235.0,233.05050659179688,46431500,0.012276669727825595,228.5824996948242,225.52960021972658,61.637483334128355,2.3274604038181224,1.7069910186154091,0.6204693852027132,235.05571410070624,228.5824996948242,222.10928528894217,5.66378827296428
2024-10-21,234.4499969482422,236.8500061035156,234.4499969482422,236.47999572753903,234.5182037353516,36254500,0.006297764227243263,229.082999420166,225.93440002441406,63.41178189137183,2.64393452504828,1.8943797199019834,0.7495548051462968,236.32744995840315,229.082999420166,221.83854888192886,6.324738681240981
2024-10-22,233.88999938964844,236.22000122070312,232.6000061035156,235.8600006103516,233.90335083007807,38846600,-0.0026217704872384395,229.50749969482422,226.30100006103515,62.11569695623888,2.8122957272045426,2.0779629213624955,0.7343328058420471,237.27666528362295,229.50749969482422,221.7383341060255,6.770293431917803
2024-10-23,234.0800018310547,235.13999938964844,227.75999450683597,230.75999450683597,228.84567260742188,52287000,-0.021622940435472415,229.72699966430665,226.49079986572266,52.593026063115566,2.5053156040869453,2.1634334579073857,0.3418821461795596,237.37632477542903,229.72699966430665,222.07767455318427,6.659491589843697
2024-10-24,229.97999572753903,230.82000732421875,228.41000366210935,230.57000732421875,228.65724182128903,31109500,-0.0008233967633554107,229.87949981689454,226.66779998779296,52.27154084781915,2.2210978337537313,2.1749663330766547,0.04613150067707661,237.46811735373865,229.87949981689454,222.29088228005043,6.602256871873011
2024-10-25,229.7400054931641,233.22000122070312,229.57000732421875,231.41000366210935,229.49026489257807,38802300,0.0036431081939669596,230.06050033569335,226.8016000366211,53.62139939060441,2.040116692113486,2.147996404884021,-0.1078797127705351,237.61373489215325,230.06050033569335,222.50726577923345,6.566302816379673
2024-10-28,233.32000732421875,234.72999572753903,232.5500030517578,233.3999938964844,231.46376037597656,36087100,0.008599473639207655,230.08050003051758,226.94859985351562,56.742652356749694,2.033818817022251,2.125160887311667,-0.0913420702894161,237.66680770335478,230.08050003051758,222.4941923576804,6.594481211429004
2024-10-29,233.1000061035156,234.3300018310547,232.32000732421875,233.6699981689453,231.7315216064453,35417200,0.0011568170759594931,230.4534996032715,227.10419982910156,57.16388861017953,2.027245964346264,2.1055779027185864,-0.07833193837232244,237.97522181671152,230.4534996032715,222.93177738983147,6.527756989057458
2024-10-30,232.6100006103516,233.47000122070312,229.5500030517578,230.1000061035156,228.19114685058597,47070900,-0.015277916147601323,230.61949996948243,227.17600006103515,50.2028291324438,1.7142080835049285,2.0273039388758547,-0.3130958553709262,237.95381319158807,230.61949996948243,223.2851867473768,6.360531718329261
2024-10-31,229.33999633789065,229.8300018310547,225.3699951171875,225.91000366210935,224.0359039306641,64370100,-0.018209483484662226,230.63150024414062,227.16620025634765,43.506464671890384,1.1151701406993482,1.8448771792405536,-0.7297070385412054,237.93409785682024,230.63150024414062,223.328902631461,6.332697489240868
2024-11-01,220.97000122070312,225.3500061035156,220.2700042724609,222.91000366210935,221.06077575683597,65276700,-0.013279693663516001,230.4370002746582,227.1338003540039,39.44913719705226,0.3938136881798471,1.5546644810284125,-1.1608507928485654,238.32146846765744,230.4370002746582,222.55253208165897,6.843057480874797
2024-11-04,220.9900054931641,222.7899932861328,219.7100067138672,222.00999450683597,220.16824340820312,44944500,-0.0040374975867026874,230.4529998779297,227.03720031738283,38.29530628173747,-0.24763513103164314,1.1942045586164016,-1.4418396896480448,238.26739081775324,230.4529998779297,222.63860893810616,6.781765430662912
2024-11-05,221.8000030517578,223.9499969482422,221.13999938964844,223.4499969482422,221.59629821777344,28111300,0.006486197952366046,230.33699951171874,226.96260040283204,41.255842160197645,-0.6325007048198188,0.8288635059291576,-1.4613642107489764,238.48765604104366,230.33699951171874,222.18634298239382,7.077157857055651
2024-11-06,222.6100006103516,226.07000732421875,221.19000244140625,222.72000122070312,220.8723602294922,54561100,-0.0032669227514342536,229.99599990844726,226.85640045166016,40.20278950153377,-0.9850588539468106,0.466079033953964,-1.4511378879007746,238.79627079914403,229.99599990844726,221.1957290177505,7.652542560913949
2024-11-07,224.6300048828125,227.8800048828125,224.57000732421875,227.47999572753903,225.5928649902344,42137700,0.02137209361930803,229.9180000305176,226.87620025634766,49.291747436274235,-0.8703392226155415,0.1987953826400629,-1.0691346052556043,238.77823126345416,229.9180000305176,221.05776879758102,7.707296716012256
2024-11-08,227.1699981689453,228.66000366210935,226.41000366210935,226.9600067138672,225.3248291015625,38328800,-0.0011881399204868304,229.88850021362305,226.81960052490234,48.42581794011263,-0.8120213789581499,-0.003367969679579641,-0.8086534092785702,238.78393047293622,229.88850021362305,220.99306995430987,7.738908428257288
2024-11-11,225.0,225.6999969482422,221.5,224.22999572753903,222.61448669433597,42005600,-0.01202860074512635,229.5349998474121,226.7242004394531,44.05045918287425,-0.9748556099996506,-0.19766549774359385,-0.7771901122560567,238.73467897301504,229.5349998474121,220.33532072180918,8.015927097583022
2024-11-12,224.5500030517578,225.58999633789065,223.3600006103516,224.22999572753903,222.61448669433597,40398300,0.0,229.0539993286133,226.75340026855469,44.05045918287425,-1.0913228211005617,-0.37639696241498743,-0.7149258586855742,238.30675070115367,229.0539993286133,219.8012479560729,8.079100473828348
2024-11-13,224.00999450683597,226.6499938964844,222.75999450683597,225.1199951171875,223.49807739257807,48566200,0.003969151834468665,228.72099914550782,226.83880004882812,45.898619873156214,-1.0991382309529456,-0.5209452161225792,-0.5781930148303664,238.03651924372744,228.72099914550782,219.4054790472882,8.145749741407233
2024-11-14,225.0200042724609,228.8699951171875,225.0,228.22000122070312,226.5757598876953,44923900,0.013770509934683872,228.52449951171874,226.95559997558593,51.86317635029462,-0.8454416893208929,-0.5858445107622419,-0.25959717855865105,237.7072586319235,228.52449951171874,219.34174039151398,8.036564254445613
2024-11-15,226.3999938964844,226.9199981689453,224.2700042724609,225.0,223.37893676757807,47923700,-0.014109290074550751,228.02449951171874,227.03919982910156,46.16937889463263,-0.8939081237186031,-0.6474572333535141,-0.24645089036508894,236.8234234860795,228.02449951171874,219.225575537358,7.717525084543425
2024-11-18,225.25,229.7400054931641,225.1699981689453,228.0200042724609,226.37718200683597,44633700,0.013422237936325798,227.60149993896485,227.1813998413086,51.542650153121606,-0.6807813924809807,-0.6541220651790075,-0.02665932730197318,235.5012638178834,227.60149993896485,219.7017360600463,6.941750279358443
2024-11-19,226.97999572753903,230.16000366210935,226.66000366210935,228.27999877929688,226.63528442382807,36211800,0.0011401432542981205,227.2224998474121,227.3447998046875,51.98698426767606,-0.4853032646984161,-0.6203583050828892,0.13505504038447314,234.17111197736202,227.2224998474121,220.2738877174622,6.11613034326807
2024-11-20,228.05999755859372,229.92999267578125,225.88999938964844,229.0,227.35011291503903,35169600,0.0031540917956718317,227.1345001220703,227.4715997314453,53.26502804403527,-0.26918436903264364,-0.5501235178728401,0.28093914884019644,233.94488648344847,227.1345001220703,220.32411376069214,5.996787240791703
2024-11-21,228.8800048828125,230.16000366210935,225.7100067138672,228.5200042724609,226.87359619140625,42108300,-0.002095959916284973,227.03199996948243,227.58659973144532,52.266186988689235,-0.1350830772573488,-0.46711542974974185,0.33203235249239305,233.69253445772517,227.03199996948243,220.37146548123968,5.867485190755535
2024-11-22,228.05999755859372,230.72000122070312,228.05999755859372,229.8699951171875,228.2138519287109,38168300,0.005907499858088139,226.95499954223632,227.73399963378907,54.83165463044426,0.07921302302636946,-0.3578497391945196,0.4370627622208891,233.4447193690883,226.95499954223632,220.46527971538436,5.7189485492204195
2024-11-25,231.4600067138672,233.25,229.7400054931641,232.8699951171875,231.1922149658203,90152800,0.013050754859699643,226.9284996032715,228.06499938964845,59.97921167051378,0.48552235489506756,-0.18917532037660217,0.6746976752716698,233.31626122445425,226.9284996032715,220.54073798208873,5.629757066521117
2024-11-26,233.3300018310547,235.57000732421875,233.3300018310547,235.05999755859372,233.36643981933597,45986200,0.009404403404487782,226.9979995727539,228.43039947509766,63.26997213941714,0.9730239081818866,0.04326452533509556,0.9297593828467909,233.7001536118154,226.9979995727539,220.29584553369241,5.90503357005437
2024-11-27,234.47000122070312,235.69000244140625,233.80999755859372,234.92999267578125,233.2373809814453,33498400,-0.0005530308384983362,227.2394989013672,228.71519927978517,62.93912219761926,1.3335102181602565,0.30131366390012776,1.0321965542601288,234.6788802650521,227.2394989013672,219.8001175376823,6.547612892698684
2024-11-29,234.80999755859372,237.80999755859372,233.97000122070312,237.3300018310547,235.6201019287109,28481400,0.010215862214021154,227.81049880981445,228.8843994140625,66.42918485267982,1.7921995364482086,0.5994908384097439,1.1927086980384647,236.41575126683844,227.81049880981445,219.20524635279045,7.554746161376884
2024-12-02,237.2700042724609,240.7899932861328,237.16000366210935,239.58999633789065,237.86378479003903,48137100,0.00952245942923402,228.6444984436035,229.11219940185546,69.35567305592012,2.3114320452083064,0.9418790797694565,1.3695529654388499,238.35101636491433,228.6444984436035,218.9379805222927,8.490488935779043
2024-12-03,239.80999755859372,242.75999450683597,238.8999938964844,242.6499938964844,240.9017639160156,38861000,0.012771927969859487,229.67649841308594,229.43579925537108,72.81161672148149,2.9359994052334173,1.3407031448622488,1.5952962603711685,240.64845569004495,229.67649841308594,218.70454113612692,9.554270770207705
2024-12-04,242.8699951171875,244.1100006103516,241.25,243.00999450683597,241.25917053222656,44383900,0.0014836197560412767,230.6544982910156,229.74859924316405,73.19462250805336,3.4205921216887702,1.7566809402275532,1.663911181461217,242.6695085265734,230.6544982910156,218.63948805545783,10.418188524030867
2024-12-05,243.9900054931641,244.5399932861328,242.1300048828125,243.0399932861328,241.28895568847656,40033900,0.00012345709464356425,231.6704978942871,230.08199920654297,73.22846639467389,3.763670738095527,2.158078899801148,1.6055918382943792,244.25303733146825,231.6704978942871,219.08795845710597,10.862444334990503
2024-12-06,242.91000366210935,244.6300048828125,242.0800018310547,242.83999633789065,241.09039306640625,36870600,-0.0008229246195863293,232.4384979248047,230.38839904785155,72.57062133947468,3.9736195187470855,2.5211870235903353,1.4524324951567502,245.7576750733805,232.4384979248047,219.11932077622888,11.460388246773695
2024-12-09,241.8300018310547,247.2400054931641,241.75,246.75,244.9722442626953,44649200,0.016101227207422797,233.42799758911133,230.76759918212892,76.9334216158168,4.404735014881737,2.897896621848616,1.5068383930331213,247.86562505045308,233.42799758911133,218.99037012776958,12.37009065789563
2024-12-10,246.88999938964844,248.2100067138672,245.33999633789065,247.7700042724609,245.98487854003903,36914800,0.004133669430149034,234.60499801635743,231.06299926757814,77.92005728995143,4.773675017748957,3.2730523010286845,1.5006227167202724,249.67555706973982,234.60499801635743,219.53443896297503,12.847602720153157
2024-12-11,247.9600067138672,250.8000030517578,246.25999450683597,246.4900054931641,244.7141265869141,45205800,-0.005165975895213837,235.71799850463867,231.46859924316405,73.66201955129264,4.90622155591754,3.599686152006456,1.306535403911084,250.8470836018935,235.71799850463867,220.58891340738384,12.83659728423929
2024-12-12,246.88999938964844,248.7400054931641,245.67999267578125,247.9600067138672,246.17352294921875,32777500,0.005963678446598841,236.85999908447266,231.89219940185546,75.3293930716551,5.071422256636595,3.894033372932484,1.1773888837041109,252.06468166654216,236.85999908447266,221.65531650240317,12.838539762593653
2024-12-13,247.82000732421875,249.2899932861328,246.2400054931641,248.1300048828125,246.34230041503903,33155300,0.0006856036498088525,237.85549926757812,232.34139953613283,75.52238130300933,5.156620126726807,4.146550723691348,1.010069403035459,253.2727293522907,237.85549926757812,222.43826918286555,12.96352628565362
2024-12-16,247.9900054931641,251.3800048828125,247.6499938964844,251.0399932861328,249.23129272460935,51694800,0.011727552696808141,239.15749893188476,232.82619934082032,78.60732836132793,5.396741520062591,4.396588882965597,1.0001526370969938,254.4095012660986,239.15749893188476,223.90549659767092,12.754776582236977
2024-12-17,250.0800018310547,253.8300018310547,249.77999877929688,253.47999572753903,251.6537322998047,51356400,0.009719644546690276,240.43049850463868,233.46199920654297,80.79316653807618,5.718013558371638,4.660873818046806,1.057139740324832,255.9983978166364,240.43049850463868,224.86259919264094,12.950020408244821
2024-12-18,252.16000366210935,254.27999877929688,247.7400054931641,248.0500030517578,246.26287841796875,56774100,-0.021421712416383354,241.41899871826172,233.9075991821289,64.90056115470438,5.471398063726667,4.822978667182778,0.6484193965438889,256.2694330382664,241.41899871826172,226.56856439825705,12.302622742077792
2024-12-19,247.5,252.0,247.08999633789065,249.7899932861328,247.9903259277344,60882300,0.007014648414990665,242.45849838256837,234.3125991821289,67.13171618936876,5.354631320935312,4.929309197933285,0.42532212300202676,256.57875211480075,242.45849838256837,228.33824465033595,11.64756346049166
2024-12-20,248.0399932861328,255.0,245.69000244140625,254.4900054931641,252.65647888183597,147495300,0.018815866855472763,243.75699844360352,234.82159942626953,72.26100503130063,5.577055714797183,5.058858501306064,0.5181972134911188,257.27484830545467,243.75699844360352,230.2391485817524,11.091250670268382
2024-12-23,254.7700042724609,255.6499938964844,253.4499969482422,255.2700042724609,253.43084716796875,40858800,0.0030649057153011583,245.0269989013672,235.3759994506836,73.01367315571285,5.749985775404383,5.197083956125728,0.552901819278655,257.84186326280883,245.0269989013672,232.21213453992556,10.459961080942033
2024-12-24,255.4900054931641,258.2099914550781,255.2899932861328,258.20001220703125,256.3397521972656,23234700,0.011478101666798635,246.2934997558594,235.91399963378908,75.68289255598583,6.053678213391095,5.368402807578802,0.685275405812293,259.0587556738954,246.2934997558594,233.52824383782337,10.365889421109117
2024-12-26,258.19000244140625,260.1000061035156,257.6300048828125,259.0199890136719,257.1537780761719,27237100,0.0031755741040111474,247.4914993286133,236.41739929199218,76.38679565533403,6.288037353501409,5.552329716763323,0.7357076367380859,260.3120039282897,247.4914993286133,234.67099472893688,10.360359555342669
2024-12-27,257.8299865722656,258.70001220703125,253.05999755859372,255.58999633789065,253.74853515625,42355300,-0.013242048961509711,248.52449951171874,236.89359924316406,67.57501959271548,6.126375869724939,5.667138947355647,0.4592369223692918,260.42642463167994,248.52449951171874,236.62257439175755,9.578069883126334
2024-12-30,252.22999572753903,253.5,250.75,252.1999969482422,250.3829498291016,35557500,-0.013263467018936659,249.26799926757812,237.2945993041992,60.18531908420924,5.6594744610993075,5.665606050104379,-0.00613158900507127,260.0884962353707,249.26799926757812,238.44750229978555,8.681817962663755
2024-12-31,252.44000244140625,253.27999877929688,249.42999267578125,250.4199981689453,248.61578369140625,39480700,-0.007057853335866171,249.80949935913085,237.60299926757813,56.680397450696596,5.087178874100005,5.549920614903504,-0.4627417408034997,259.68081828750826,249.80949935913085,239.93818043075345,7.903077307869875
