Date,Open,High,Low,Close,Adj Close,Volume,Daily_Return,SMA_20,SMA_50,RSI_14,MACD,MACD_Signal,MACD_Hist,BB_High,BB_Mid,BB_Low,BB_Width
2015-03-16,18.518999099731445,18.69700050354004,18.336000442504883,18.667499542236328,18.667499542236328,47082000,0.007474781080550219,18.93509998321533,17.34762990951538,53.48354817506853,0.2658493855718227,0.4511181765260544,-0.1852687909542317,19.520540697148558,18.93509998321533,18.349659269282103,6.183655903081372
2015-03-17,18.555500030517575,18.725000381469727,18.48200035095215,18.59600067138672,18.59600067138672,40740000,-0.0038301257588269078,18.926325035095214,17.411029930114747,52.196738136164505,0.2329080559749528,0.40747615241583407,-0.17456809644088128,19.526389602006688,18.926325035095214,18.32626046818374,6.341057398081984
2015-03-18,18.49850082397461,18.79949951171875,18.334999084472656,18.756999969482425,18.756999969482425,53082000,0.008657737808293042,18.93074998855591,17.483979930877684,54.83206189563939,0.21728834795113627,0.3694385915228945,-0.15215024357175821,19.52441546867015,18.93074998855591,18.33708450844167,6.271970000904608
2015-03-19,18.693500518798828,18.855499267578125,18.60950088500977,18.66200065612793,18.66200065612793,38314000,-0.005064739217841785,18.916349983215333,17.561929950714113,52.97622988798975,0.19499617167683425,0.3345501075536824,-0.13955393587684817,19.5213131093125,18.916349983215333,18.311386857118165,6.396192993193273
2015-03-20,18.81450080871582,18.9685001373291,18.79599952697754,18.92449951171875,18.92449951171875,75272000,0.014065954686622861,18.90342493057251,17.641999950408934,57.27890082520181,0.19624869245860666,0.3068898245346673,-0.11064113207606063,19.495966011383818,18.90342493057251,18.3108838497612,6.269139936149791
2015-03-23,18.903499603271484,19.088499069213867,18.746999740600582,18.75550079345703,18.75550079345703,44786000,-0.00893015522852103,18.89084997177124,17.7166499710083,53.86191514573311,0.1815121805891664,0.2818142957455671,-0.1003021151564007,19.484738148471916,18.89084997177124,18.296961795070562,6.287574964473586
2015-03-24,18.699499130249023,18.761999130249023,18.613500595092773,18.704500198364254,18.704500198364254,44564000,-0.002719233981241853,18.879599952697752,17.793809967041014,52.837520201414904,0.16382954198788013,0.2582173449940297,-0.09438780300614957,19.47863533430495,18.879599952697752,18.280564571090554,6.3458482500483315
2015-03-25,18.75849914550781,19.024999618530277,18.51449966430664,18.54800033569336,18.54800033569336,68590000,-0.008366963084348034,18.84357500076294,17.873359966278077,49.71302930503323,0.13562429999901937,0.23369873599502766,-0.09807443599600829,19.431278419955557,18.84357500076294,18.25587158157032,6.237706158930275
2015-03-26,18.47949981689453,18.56999969482422,18.28249931335449,18.36750030517578,18.36750030517578,58600000,-0.009731508909358144,18.79995002746582,17.94596996307373,46.31150386799324,0.09758173703199802,0.20647533620242173,-0.10889359917042371,19.392977564090756,18.79995002746582,18.20692249084088,6.308820350677029
2015-03-27,18.355499267578125,18.65850067138672,18.328500747680664,18.527999877929688,18.527999877929688,52196000,0.008738237108327551,18.775950050354005,18.023259963989258,49.612946406996095,0.07946765233983655,0.1810737994299047,-0.10160614709006816,19.37219843013875,18.775950050354005,18.179701670569262,6.351192650019875
2015-03-30,18.5935001373291,18.80599975585937,18.57749938964844,18.72949981689453,18.72949981689453,36418000,0.010875428556369249,18.748274993896484,18.110899963378905,53.48055692106578,0.08044416057719062,0.1609478716593619,-0.08050371108217128,19.29732863250543,18.748274993896484,18.199221355287538,5.8571110012808205
2015-03-31,18.66200065612793,18.88500022888184,18.57550048828125,18.604999542236328,18.604999542236328,50122000,-0.006647282408785982,18.717000007629395,18.19225996017456,50.881796298178536,0.07036084272116128,0.1428304658717218,-0.07246962315056052,19.222118726338,18.717000007629395,18.21188128892079,5.397432478524436
2015-04-01,18.604999542236328,18.65800094604492,18.41699981689453,18.51300048828125,18.51300048828125,49162000,-0.004944856555692212,18.685850048065184,18.27307996749878,48.987477081084506,0.05432001852733137,0.12512837640284372,-0.07080835787551235,19.159637612094436,18.685850048065184,18.212062484035933,5.07108387159844
2015-04-02,18.524999618530277,18.66399955749512,18.450000762939453,18.612499237060547,18.612499237060547,37506000,0.005374533903473866,18.64689998626709,18.348079948425294,51.10755314967943,0.04907061179914507,0.10991682348210399,-0.06084621168295892,18.993156813519644,18.64689998626709,18.300643159014538,3.713827258231248
2015-04-06,18.5049991607666,19.01000022888184,18.468000411987305,18.851999282836918,18.851999282836918,61014000,0.012867699427462576,18.639274978637694,18.414799938201906,55.862592605486554,0.06350403625581436,0.10063426603684608,-0.037130229781031726,18.959429470308073,18.639274978637694,18.319120486967314,3.435267648954219
2015-04-07,18.8075008392334,18.965499877929688,18.701499938964844,18.72050094604492,18.72050094604492,39098000,-0.0069752992676864745,18.628900051116943,18.476819953918458,52.82485664599802,0.06359868625690979,0.09322715008085883,-0.02962846382394904,18.923375014688354,18.628900051116943,18.334425087545533,3.1614852488701217
2015-04-08,18.732999801635746,19.07900047302246,18.732500076293945,19.059999465942383,19.059999465942383,52728000,0.018135119400701116,18.658125019073488,18.548359947204588,59.02064237101599,0.0900305738990852,0.09258783484450411,-0.0025572609454189155,18.998363379156718,18.658125019073488,18.317886658990258,3.647079861834107
2015-04-09,19.03300094604492,19.22100067138672,18.940000534057617,19.177000045776367,19.177000045776367,47846000,0.006138540562031336,18.701049995422363,18.62514995574951,60.925286221452765,0.11904670792003103,0.0978796094596095,0.02116709846042153,19.07410391340707,18.701049995422363,18.327996077437657,3.989657458549351
2015-04-10,19.215499877929688,19.356000900268555,19.06599998474121,19.13249969482422,19.13249969482422,51470000,-0.0023205063798260595,18.72207498550415,18.70388994216919,59.787092535814644,0.13687360306937535,0.10567840818156267,0.03119519488781268,19.13993478670852,18.72207498550415,18.304215184299782,4.463819331221597
2015-04-13,19.17650032043457,19.263999938964844,19.006999969482425,19.118000030517575,19.118000030517575,37890000,-0.0007578551960236712,18.751525020599367,18.774469947814943,59.39771799764046,0.14812406219531837,0.11416753898431381,0.03395652321100456,19.19315074628926,18.751525020599367,18.309899294909474,4.710291298491693
2015-04-14,19.175500869750977,19.390499114990234,19.06049919128418,19.25550079345703,19.25550079345703,51672000,0.007192214809078834,18.7809250831604,18.805049972534178,61.929796449239596,0.16621922280261003,0.12457787574797305,0.041641347054636985,19.271803975148458,18.7809250831604,18.290046191172344,5.227419733740329
2015-04-15,19.232500076293945,19.28899955749512,19.082000732421875,19.17250061035156,19.17250061035156,38664000,-0.004310466084251341,18.809750080108643,18.824029998779295,59.51696963523451,0.17188100955144492,0.13403850250866742,0.0378425070427775,19.32108699046051,18.809750080108643,18.298413169756774,5.436934655422228
2015-04-16,19.184499740600582,19.372499465942383,19.177499771118164,19.302000045776367,19.302000045776367,41608000,0.006754436369916572,18.83700008392334,18.84652000427246,62.00430529084167,0.18468856370989783,0.1441685147489135,0.04052004896098432,19.390534794634736,18.83700008392334,18.283465373211943,5.877100475078483
2015-04-17,19.131500244140625,19.17799949645996,18.71999931335449,18.777999877929688,18.777999877929688,76794000,-0.027147454491968093,18.842800045013426,18.857330017089843,48.909409774658954,0.15081767607180296,0.1454983470134914,0.0053193290583115616,19.391286473909783,18.842800045013426,18.29431361611707,5.8217083192103285
2015-04-20,18.927499771118164,19.597000122070312,18.850000381469727,19.475500106811523,19.475500106811523,100322000,0.03714454326424965,18.870350074768066,18.872950019836427,60.78237283882223,0.17820297978669686,0.15203927356813252,0.026163706218564342,19.483969060127407,18.870350074768066,18.256731089408724,6.503525190874164
2015-04-21,19.56550025939941,19.729999542236328,19.34000015258789,19.55900001525879,19.55900001525879,92870000,0.004287433338775237,18.910525035858154,18.889850006103515,61.92316203850275,0.20428886023961113,0.16248919090242825,0.041799669337182876,19.590438137528587,18.910525035858154,18.23061193418772,7.190843198495876
2015-04-22,19.59550094604492,19.714000701904297,19.399999618530277,19.489999771118164,19.489999771118164,69494000,-0.0035278001987215646,18.94980001449585,18.909090003967286,60.360636200744665,0.216894144705865,0.1733701816631156,0.043523963042749386,19.667282193412646,18.94980001449585,18.232317835579053,7.572451195980441
2015-04-23,19.510499954223636,19.5939998626709,19.3075008392334,19.499500274658203,19.499500274658203,159600000,0.0004874552925402398,18.997375011444092,18.926080017089845,60.50839709949416,0.22505622661047298,0.1837073906525871,0.04134883595788588,19.728040895793463,18.997375011444092,18.26670912709472,7.692282580190314
2015-04-24,21.950000762939453,22.63249969482422,21.950000762939453,22.2549991607666,22.2549991607666,343538000,0.1413112565602248,19.19174995422363,18.996040000915528,81.75331647125161,0.44869815375680133,0.23670554327342994,0.2119926104833714,20.749254609613256,19.19174995422363,17.634245298834006,16.230981115370945
2015-04-27,22.19300079345703,22.34950065612793,21.870500564575195,21.92799949645996,21.92799949645996,108618000,-0.014693312812301018,19.361749935150147,19.057430000305175,76.49422499348762,0.5927173752657104,0.3079079096718861,0.28480946559382436,21.290355715557833,19.361749935150147,17.43314415474246,19.921812717004602
2015-04-28,21.925500869750977,21.950000762939453,21.402000427246094,21.465499877929688,21.465499877929688,82810000,-0.02109173792187191,19.498549938201904,19.104910011291505,69.66790200454292,0.6619037772458789,0.37870708318668467,0.28319669405919423,21.608020965455946,19.498549938201904,17.389078910947863,21.63720926878905
2015-04-29,21.337499618530277,21.71199989318848,21.30150032043457,21.4685001373291,21.4685001373291,72434000,0.00013977123367614475,19.64172496795654,19.158850021362305,69.68680027564166,0.7088059216867535,0.4447268508866985,0.264079070800055,21.87428537108687,19.64172496795654,17.409164564826213,22.732834379592646
2015-04-30,21.355499267578125,21.587499618530277,20.96199989318848,21.089000701904297,21.089000701904297,72958000,-0.017677035330704638,19.770524978637695,19.20726001739502,64.23513389986294,0.7072015964519913,0.49722179999975713,0.2099797964522342,22.02487317765903,19.770524978637695,17.516176779616362,22.805142518543995
2015-05-01,21.19099998474121,21.28199958801269,20.799999237060547,21.14349937438965,21.14349937438965,71316000,0.0025842226123322654,19.89707498550415,19.251129989624022,64.66266918312101,0.7022328414782635,0.5382240082954585,0.16400883318280501,22.161326120013342,19.89707498550415,17.63282385099496,22.75963814941435
2015-05-04,21.239999771118164,21.488500595092773,21.121000289916992,21.152000427246094,21.152000427246094,45408000,0.0004020646112508075,20.01207504272461,19.290509986877442,64.73348810997126,0.6910154354847968,0.5687822937333261,0.12223314175147071,22.285940490698277,20.01207504272461,17.738209594750945,22.724934252136233
2015-05-05,21.14249992370605,21.3754997253418,21.051000595092773,21.059499740600582,21.059499740600582,57128000,-0.004373141299976568,20.129024982452393,19.331559982299805,63.24816662272973,0.6669730776038421,0.5884204505074293,0.07855262709641275,22.365437710904022,20.129024982452393,17.892612254000763,22.220775525900898
2015-05-06,21.07150077819824,21.13599967956543,20.727500915527344,20.95499992370605,20.95499992370605,51050000,-0.004962122471174668,20.223775005340578,19.372069969177247,61.53050662427631,0.6321994719037676,0.597176254786697,0.03502321711707057,22.431379008407504,20.223775005340578,18.01617100227365,21.83176981037373
2015-05-07,21.207500457763672,21.424999237060547,21.14249992370605,21.3439998626709,21.3439998626709,55322000,0.018563585797238602,20.332124996185303,19.41357997894287,65.30747899289273,0.6287819757096962,0.6034973989712968,0.025284576738399345,22.536300518981736,20.332124996185303,18.12794947338887,21.68170344427824
2015-05-08,21.537500381469727,21.76000022888184,21.50849914550781,21.684499740600582,21.684499740600582,58176000,0.0159529554029465,20.459724998474123,19.46246997833252,68.24630404621509,0.6461012270653121,0.6120181645901,0.0340830624752122,22.666810409166654,20.459724998474123,18.25263958778159,21.5749274328676
2015-05-11,21.6254997253418,21.950000762939453,21.568500518798828,21.64249992370605,21.64249992370605,47874000,-0.0019368589267426684,20.585949993133546,19.51515998840332,67.48690075047185,0.6489570514000285,0.6194059419520856,0.029551109447942814,22.760171955079613,20.585949993133546,18.41172803118748,21.12335804440679
2015-05-12,21.554000854492188,21.662500381469727,21.33550071716309,21.551000595092773,21.551000595092773,38956000,-0.004227761531053753,20.70072498321533,19.560519981384278,65.76987984411548,0.6364999069136346,0.6228247349443954,0.013675171969239175,22.823645957886765,20.70072498321533,18.577804008543897,20.510595415307932
2015-05-13,21.499000549316406,21.67650032043457,21.290000915527344,21.3435001373291,21.3435001373291,39926000,-0.00962834448674832,20.80927495956421,19.602779998779297,61.92228855421986,0.602933732615071,0.6188465344785306,-0.015912801863459558,22.827987199638255,20.80927495956421,18.790562719490165,19.402043021650005
2015-05-14,21.47249984741211,21.649999618530277,21.350500106811523,21.61400032043457,21.61400032043457,37770000,0.012673656212196072,20.92487497329712,19.652340011596678,64.81221630734674,0.5913427704053511,0.6133457816638948,-0.022003011258543648,22.847603946310038,20.92487497329712,19.0021460002842,18.37744765946342
2015-05-15,21.399999618530277,21.520000457763672,21.21500015258789,21.299999237060547,21.299999237060547,84806000,-0.014527670894737499,21.050974941253664,19.69050998687744,59.195847054166755,0.5504740637849324,0.6007714380881023,-0.05029737430316994,22.70615197215392,21.050974941253664,19.39579791035341,15.7254192313592
2015-05-18,21.299999237060547,21.363500595092773,21.072999954223636,21.261999130249023,21.261999130249023,47804000,-0.0017840426372131013,21.14029989242554,19.735659980773924,58.534771553862086,0.5091498655898405,0.58244712358845,-0.07329725799860942,22.63032582068601,21.14029989242554,19.650273964165066,14.09654485359823
2015-05-19,21.24349975585937,21.41200065612793,21.0314998626709,21.08550071716309,21.08550071716309,49284000,-0.008301120322916078,21.21662492752075,19.77881000518799,55.43800757019805,0.4568914338735546,0.5573359856454709,-0.10044455177191636,22.519457976140455,21.21662492752075,19.913791878901048,12.281246928485386
2015-05-20,21.030000686645508,21.354999542236328,20.917999267578125,21.19300079345703,21.19300079345703,43924000,0.005098293739187243,21.301774978637695,19.8331600189209,56.93250922368524,0.4193169828158858,0.529732185079554,-0.11041520226366819,22.337263540405733,21.301774978637695,20.266286416869658,9.722087129419668
2015-05-21,21.399999618530277,21.84499931335449,21.399999618530277,21.581499099731445,21.581499099731445,82428000,0.01833144395456987,21.405874919891357,19.89841999053955,61.9049071476273,0.41609108709953446,0.5070039654835501,-0.09091287838401563,22.03428534750999,21.405874919891357,20.777464492272724,5.871382785990997
2015-05-22,21.57749938964844,21.621999740600582,21.38050079345703,21.381500244140625,21.381500244140625,40412000,-0.009267143800650524,21.362199974060058,19.951809997558595,58.18082504657319,0.3928675724928752,0.4841766868854151,-0.09130911439253991,21.855338992635517,21.362199974060058,20.8690609554846,4.616931019972412
2015-05-26,21.309999465942383,21.350000381469727,21.100000381469727,21.273500442504883,21.273500442504883,44884000,-0.005051086238223035,21.329475021362306,20.006700019836426,56.21420538399959,0.36158001906665405,0.4596573533216629,-0.09807733425500886,21.74953466355055,21.329475021362306,20.909415379174064,3.938771505323371
2015-05-27,21.372499465942383,21.592500686645508,21.2504997253418,21.57099914550781,21.57099914550781,44622000,0.013984473491185145,21.33474998474121,20.064770011901857,60.20463617749052,0.35667849888319125,0.43906158243396864,-0.08238308355077739,21.764057601991052,21.33474998474121,20.90544236749137,4.024491663196283
2015-05-28,21.48550033569336,21.5674991607666,21.273500442504883,21.328500747680664,21.328500747680664,38248000,-0.011241871375144208,21.32775001525879,20.119420013427735,55.7449855690084,0.3294289627431759,0.4171350584958101,-0.08770609575263422,21.752648852474223,21.32775001525879,20.902851178043356,3.9844694063972312
2015-05-29,21.361499786376957,21.625,21.361499786376957,21.46150016784668,21.46150016784668,60322000,0.006235760391197553,21.346374988555908,20.17351001739502,57.600061468794635,0.31493507520805153,0.3966950618382584,-0.0817599866302069,21.76029410756802,21.346374988555908,20.932455869543798,3.8781209384171142
2015-06-01,21.520000457763672,21.65800094604492,21.309999465942383,21.54599952697754,21.54599952697754,45066000,0.003937253149593589,21.366499996185304,20.231189994812013,58.78221053665787,0.3067311512270656,0.3787022797160199,-0.07197112848895426,21.778139719315583,21.366499996185304,20.954860273055026,3.853131988896366
2015-06-02,21.50349998474121,21.661500930786133,21.3125,21.54949951171875,21.54949951171875,33378000,0.00016244244026974997,21.386374950408936,20.28368999481201,58.83340810688381,0.29708726482556713,0.36237927673792936,-0.06529201191236222,21.79302339557906,21.386374950408936,20.979726505238812,3.8028739897534427
2015-06-03,21.71999931335449,21.91950035095215,21.637500762939453,21.829500198364254,21.829500198364254,54558000,0.01299337307083337,21.42487497329712,20.345169982910157,62.812957692625254,0.3084821406271594,0.3515998495157754,-0.04311770888861599,21.845988339776216,21.42487497329712,21.00376160681802,3.931069534864985
2015-06-04,21.71999931335449,21.83799934387207,21.46299934387207,21.53899955749512,21.53899955749512,50216000,-0.013307709211358931,21.454074954986574,20.401859970092772,56.689912372390424,0.2907204435861175,0.3394239683298438,-0.0487035247437263,21.817907723443092,21.454074954986574,21.090242186530055,3.391735781849244
2015-06-05,21.482999801635746,21.540000915527344,21.325000762939453,21.34749984741211,21.34749984741211,38158000,-0.008890835879903913,21.454249954223634,20.45784996032715,53.02072728064231,0.25821520044379653,0.32318221475263437,-0.06496701430883783,21.8178740821704,21.454249954223634,21.09062582627687,3.3897631352540336
2015-06-08,21.2810001373291,21.34000015258789,21.07150077819824,21.174999237060547,21.174999237060547,43450000,-0.008080600144492966,21.428774929046632,20.513999938964844,49.888376411208256,0.21604477378921771,0.30175472655995106,-0.08570995277073334,21.795680637064184,21.428774929046632,21.06186922102908,3.4244207541721092
2015-06-09,21.14800071716309,21.374500274658203,20.957000732421875,21.27400016784668,21.27400016784668,45774000,0.00467536880062136,21.410349941253664,20.568919944763184,51.65368810241729,0.18844072717054416,0.2790919266820697,-0.09065119951152556,21.769400423146728,21.410349941253664,21.0512994593606,3.3539898495656266
2015-06-10,21.322999954223636,21.61000061035156,21.28300094604492,21.53849983215332,21.53849983215332,43446000,0.012433000950446749,21.40972490310669,20.62509994506836,56.10295762187211,0.185765840765324,0.2604267094987206,-0.07466086873339661,21.767836119741055,21.40972490310669,21.051613686472322,3.345313573668593
2015-06-11,21.614500045776367,21.944499969482425,21.57349967956543,21.648500442504883,21.648500442504883,58450000,0.0051071621147611435,21.42497491836548,20.68596996307373,57.840653951297526,0.1903281198688802,0.24640699157275253,-0.056078871703872324,21.796241667940894,21.42497491836548,21.053708168790063,3.4657380089361567
2015-06-12,21.5625,21.618000030517575,21.413000106811523,21.496000289916992,21.496000289916992,41088000,-0.007044374874504933,21.419074916839598,20.745629959106445,54.61294696336057,0.17956831930346695,0.23303925711889542,-0.05347093781542847,21.781790451968163,21.419074916839598,21.056359381711033,3.386845944904927
2015-06-15,21.382999420166016,21.40250015258789,21.131999969482425,21.183500289916992,21.183500289916992,41020000,-0.014537588192468642,21.413249969482422,20.797049980163575,48.62491401687138,0.14416313858351515,0.21526403341181938,-0.07110089482830423,21.787001379973034,21.413249969482422,21.03949855899181,3.490842455239376
2015-06-16,21.207500457763672,21.398500442504883,21.13349914550781,21.363000869750977,21.363000869750977,45928000,0.008473603388360784,21.418300056457518,20.847270011901855,51.88809836653437,0.1291002866833182,0.19803128406611917,-0.06893099738280098,21.786427391031985,21.418300056457518,21.05017272188305,3.437502823324939
2015-06-17,21.417999267578125,21.5674991607666,21.237499237060547,21.390499114990234,21.390499114990234,43718000,0.0012871901942481667,21.43354997634888,20.900669975280763,52.38702669009397,0.11802127086397718,0.18202928142569078,-0.0640080105617136,21.76909578940048,21.43354997634888,21.098004163297276,3.1310334818251286
2015-06-18,21.51499938964844,21.986499786376957,21.47050094604492,21.96949958801269,21.96949958801269,67568000,0.02706811420855071,21.47237491607666,20.958859977722167,61.45165489246109,0.1541842304390606,0.17646027122836475,-0.022276040789304147,21.86280686180796,21.47237491607666,21.08194297034536,3.636597695944468
2015-06-19,22.01300048828125,22.249500274658203,21.66200065612793,21.746000289916992,21.746000289916992,89902000,-0.010173162897968213,21.48059997558594,21.01023998260498,56.94492387792341,0.16293094444109357,0.1737544058709105,-0.010823461429816938,21.886505197752385,21.48059997558594,21.074694753419493,3.779272670482043
2015-06-22,21.850000381469727,21.96199989318848,21.708999633789062,21.81450080871582,21.81450080871582,36472000,0.0031500284137579992,21.502250003814698,21.06388000488281,57.96250093400826,0.173391448997112,0.17368181449615083,-0.0002903654990388249,21.930289670681248,21.502250003814698,21.07421033694815,3.981347689573058
2015-06-23,21.77949905395508,22.351999282836918,21.684499740600582,22.29949951171875,22.29949951171875,64900000,0.022232858191701288,21.55354995727539,21.127509994506838,64.38128282478547,0.21830038529625284,0.18260552865617125,0.035694856640081596,22.09146007869133,21.55354995727539,21.01563983585945,4.991383066661548
2015-06-24,22.24850082397461,22.32349967956543,22.011499404907227,22.04199981689453,22.04199981689453,52416000,-0.011547330678381318,21.577099990844726,21.183239974975585,59.21182474501361,0.23045640947289314,0.19217570481951562,0.03828070465337752,22.155705763919663,21.577099990844726,20.99849421776979,5.363146792853928
2015-06-25,21.903499603271484,22.17350006103516,21.819499969482425,22.0049991607666,22.0049991607666,44750000,-0.0016786433370519216,21.610924911499023,21.239889945983887,58.48513624403838,0.23440245687774208,0.20062105523116094,0.03378140164658114,22.206296528886167,21.610924911499023,21.01555329411188,5.509913340824678
2015-06-26,22.08799934387207,22.17449951171875,21.75300025939941,21.905000686645508,21.905000686645508,52490000,-0.004544352553277231,21.633099937438963,21.29194995880127,56.46810920560015,0.22684575013538222,0.20586599421200522,0.020979755923377003,22.23752610926719,21.633099937438963,21.028673765610737,5.5879755890387806
2015-06-29,21.749000549316406,21.850000381469727,21.450000762939453,21.493000030517575,21.493000030517575,55064000,-0.018808520575811283,21.630449962615966,21.346249961853026,48.97398516261618,0.18547396743944944,0.20178758885749407,-0.016313621418044627,22.236841921837094,21.630449962615966,21.02405800339484,5.606836291146588
2015-06-30,21.709999084472656,21.778499603271484,21.52300071716309,21.704500198364254,21.704500198364254,51938000,0.009840420953164841,21.63819999694824,21.390829963684084,52.46183319049656,0.16781832239263395,0.19499373556452207,-0.027175413171888124,22.244217363417402,21.63819999694824,21.03218263047908,5.601365793408236
2015-07-01,21.967500686645508,22.0,21.77899932861328,21.86949920654297,21.86949920654297,39742000,0.007602064395435759,21.64019994735718,21.437039947509767,55.043575919708395,0.16523540658511138,0.18904206976863994,-0.02380666318352856,22.24898707001594,21.64019994735718,21.031412824698418,5.626446374245349
2015-07-02,21.850000381469727,21.90999984741211,21.673999786376957,21.885499954223636,21.885499954223636,26868000,0.0007316467345479527,21.657524967193602,21.484949951171874,55.29711778671276,0.16260514294308237,0.18375468440352843,-0.021149541460446064,22.273485396407924,21.657524967193602,21.04156453797928,5.688188563996736
2015-07-06,21.761499404907227,21.986499786376957,21.676000595092773,21.802000045776367,21.802000045776367,38064000,-0.0038153073323397013,21.680249977111817,21.53099994659424,53.59832826021538,0.1520303836557524,0.17740982425397323,-0.025379440598220837,22.282157811204343,21.680249977111817,21.07834214301929,5.552591272960128
2015-07-07,21.78400039672852,21.886499404907227,21.278499603271484,21.836000442504883,21.836000442504883,69084000,0.0015595081486619033,21.713300037384034,21.522619972229005,54.21512459542657,0.14472505821347426,0.17087287104587345,-0.026147812832399198,22.271618758398766,21.713300037384034,21.1549813163693,5.142642712562978
2015-07-08,21.717500686645508,21.79949951171875,21.441499710083008,21.48500061035156,21.48500061035156,47662000,-0.016074364583272494,21.723850059509278,21.513759994506835,47.23476881175623,0.10935223761582691,0.15856874435986415,-0.04921650674403724,22.25592320576806,21.723850059509278,21.191776913250497,4.898516099137544
2015-07-09,21.7450008392334,21.93600082397461,21.707500457763672,21.71949958801269,21.71949958801269,45428000,0.0109145436816116,21.732900047302245,21.518839988708496,51.70827974511216,0.09909878109074555,0.14667475170604044,-0.047575970615294894,22.258168614625454,21.732900047302245,21.207631479979035,4.8338561920401615
2015-07-10,22.02449989318848,22.23600006103516,21.950000762939453,22.175500869750977,22.175500869750977,48020000,0.020995017858973064,21.75925006866455,21.532980003356933,58.98951917225796,0.1263122859907746,0.14260225856298728,-0.01628997257221268,22.316819985592527,21.75925006866455,21.20168015173657,5.124900124484834
2015-07-13,22.414499282836918,22.89349937438965,22.37700080871582,22.778499603271484,22.778499603271484,79136000,0.027192113362501047,21.823375034332276,21.566769981384276,66.23867091998022,0.19429641488570226,0.15294108982753027,0.04135532505817199,22.52219546973231,21.823375034332276,21.124554598932242,6.404329617216931
2015-07-14,23.11599922180176,23.479999542236328,22.90800094604492,23.278499603271484,23.278499603271484,94724000,0.021950523902293684,21.928125,21.609469985961915,70.8412340804764,0.2852321692633737,0.17939930571469898,0.10583286354867472,22.814719238770557,21.928125,21.041530761229446,8.086366150964169
2015-07-15,23.152000427246094,23.23500061035156,23.01000022888184,23.059499740600582,23.059499740600582,59748000,-0.00940781692992465,22.012949943542477,21.647619972229005,66.56108277712706,0.33575754710389205,0.2106709539925376,0.12508659311135445,22.987319978102793,22.012949943542477,21.03857990898216,8.852698407613001
2015-07-16,23.274999618530277,23.79400062561035,23.239999771118164,23.77400016784668,23.77400016784668,81912000,0.030985079263800452,22.1321249961853,21.701909980773927,72.41658745234612,0.42851384533926407,0.2542395322618829,0.17427431307738117,23.3301887521143,22.1321249961853,20.9340612402563,10.826468367908616
2015-07-17,23.88500022888184,24.270999908447266,23.862499237060547,24.15049934387207,24.15049934387207,98644000,0.01583659347889599,22.24117498397827,21.765819969177247,74.90981653145359,0.5263369324107217,0.30865901229165066,0.217677920119071,23.723493020272592,22.24117498397827,20.758856947683945,13.329493944111597
2015-07-20,24.62849998474121,24.65999984741211,24.270000457763672,24.405000686645508,24.405000686645508,95050000,0.01053813998417441,22.374125003814694,21.82703998565674,76.45882253576731,0.6172829119339838,0.3703837922201173,0.24689911971386647,24.11019892747186,22.374125003814694,20.638051080157528,15.518586075309518
2015-07-21,24.395000457763672,24.444000244140625,24.127500534057617,24.399999618530277,24.399999618530277,63636000,-0.00020491981047010555,22.50339994430542,21.881349983215333,76.3590600612184,0.681103375791345,0.4325277089343629,0.24857566685698207,24.42831614258748,22.50339994430542,20.578483746023362,17.107781073492117
2015-07-22,24.29949951171875,24.625,24.2450008392334,24.41349983215332,24.41349983215332,62298000,0.0005532874522173881,22.60909996032715,21.936769981384277,76.44839527182523,0.724420241999475,0.49090621554738534,0.23351402645208963,24.702421157824134,22.60909996032715,20.515778762830166,18.517510216419016
2015-07-23,24.58300018310547,24.58300018310547,23.78499984741211,24.108999252319336,24.108999252319336,187488000,-0.01247263120517228,22.712449932098387,21.98792995452881,70.02122511757864,0.7258118118111234,0.537887334800133,0.18792447701099046,24.886130642763412,22.712449932098387,20.538769221433363,19.140873989054512
2015-07-24,28.949499130249023,29.028499603271484,26.467500686645508,26.47100067138672,26.47100067138672,438188000,0.09797177370770194,22.935750007629395,22.090479965209962,82.38934434270129,0.9070524790044132,0.611720363640989,0.2953321153634242,25.628458597539932,22.935750007629395,20.243041417718857,23.480449420793562
2015-07-27,26.387500762939453,27.247499465942383,26.32999992370605,26.570499420166016,26.570499420166016,149820000,0.003758783055256787,23.16902494430542,22.18960994720459,82.71288908675842,1.0466505944686766,0.6987064098065265,0.34794418466215005,26.245191810991706,23.16902494430542,20.092858077619134,26.55413315045318
2015-07-28,26.799999237060547,26.819499969482425,26.1560001373291,26.30150032043457,26.30150032043457,105462000,-0.010123976048688199,23.409449958801268,22.28963996887207,78.51317931894998,1.1226360776091866,0.7834923433670585,0.33914373424212807,26.670163735783355,23.409449958801268,20.14873618181918,27.85809818445695
2015-07-29,26.54599952697754,26.648500442504883,26.250999450683597,26.450000762939453,26.450000762939453,75052000,0.005646082569271016,23.64672498703003,22.39340000152588,79.1427784876274,1.1812214791571627,0.8630381705250795,0.3181833086320832,27.063547440817057,23.64672498703003,20.229902533243003,28.89890634463011
2015-07-30,26.38249969482422,26.959999084472656,26.214500427246094,26.83799934387207,26.83799934387207,74862000,0.014669133071491647,23.895149993896485,22.50844997406006,80.7314296749628,1.2446119628471273,0.9393529289894891,0.3052590338576382,27.477461517720002,23.895149993896485,20.31283847007297,29.983586834470955
2015-07-31,26.954500198364254,27.142000198364254,26.72599983215332,26.8075008392334,26.8075008392334,60512000,-0.0011363926292679016,24.14125003814697,22.620739974975585,80.2142319333557,1.2776603304638492,1.0070144092843611,0.27064592117948805,27.812668532336097,24.14125003814697,20.469831543957845,30.416142398489786
2015-08-03,26.872499465942383,27.02199935913086,26.468000411987305,26.75149917602539,26.75149917602539,60284000,-0.0020890296168917244,24.388724994659423,22.724139976501466,79.21076002454559,1.2845253253439601,1.062516592496281,0.2220087328476792,28.063313454619045,24.388724994659423,20.7141365346998,30.133501942100487
2015-08-04,26.48450088500977,26.84749984741211,26.45800018310547,26.59499931335449,26.59499931335449,58692000,-0.005850134291208509,24.6266749382019,22.828409957885743,76.33676979456405,1.262781097810823,1.1025694935591894,0.1602116042516335,28.22478116142171,24.6266749382019,21.028568714982093,29.221210189754682
2015-08-05,26.940000534057617,26.957000732421875,26.70599937438965,26.850500106811523,26.850500106811523,57788000,0.009607099080793713,24.8949499130249,22.939949951171876,77.75576693297688,1.2517361840043897,1.1324028316482295,0.11933335235616016,28.31160598362398,24.8949499130249,21.478293842425817,27.448587625488706
2015-08-06,26.96500015258789,27.136999130249023,26.375999450683597,26.472999572753903,26.472999572753903,76410000,-0.014059348338240296,25.132624912261964,23.037989959716796,70.9829186950231,1.1987039589719046,1.1456630571129647,0.05304090185893995,28.283645743056702,25.132624912261964,21.981604081467225,25.075143100213033
2015-08-07,26.45800018310547,26.472999572753903,25.910499572753903,26.131000518798828,26.131000518798828,79384000,-0.01291878742396313,25.330399894714354,23.13403995513916,65.42308534560102,1.1162120751241495,1.1397728607152018,-0.023560785591052236,28.197961010218688,25.330399894714354,22.46283877921002,22.641262099479935
2015-08-10,26.426000595092773,26.61400032043457,26.149999618530277,26.200000762939453,26.200000762939453,52318000,0.002640551175642436,25.501474952697755,23.228809967041016,66.00168179178638,1.0443656092475315,1.1206914104216679,-0.07632580117413634,28.138640507570393,25.501474952697755,22.864309397825117,20.68245511104178
2015-08-11,26.1825008392334,26.448999404907227,26.100000381469727,26.37299919128418,26.37299919128418,53532000,0.006602993255993894,25.65619993209839,23.32534996032715,67.4713903995424,0.9899744851466608,1.0945480253666666,-0.10457354022000587,28.110272038957103,25.65619993209839,23.202127825239675,19.13044108912195
2015-08-12,26.1875,26.375,25.652999877929688,26.295499801635746,26.295499801635746,79246000,-0.0029385884057527845,25.817999935150148,23.42026996612549,66.09300672514611,0.9298963085697878,1.061617682007291,-0.13172137343750312,27.97459990488142,25.817999935150148,23.661399965418877,16.70617379462573
2015-08-13,26.36849975585937,26.732999801635746,26.27449989318848,26.482999801635746,26.482999801635746,57904000,0.00713049766745022,25.9534499168396,23.51333995819092,67.80658962533776,0.8871866681341203,1.0267314792326567,-0.13954481109853645,27.910589307384914,25.9534499168396,23.996310526294284,15.08192087615641
2015-08-14,26.412500381469727,26.70549964904785,26.412500381469727,26.576000213623047,26.576000213623047,39896000,0.0035117023254125357,26.07472496032715,23.614079971313476,68.65280859946714,0.851033146035256,0.9915918125931766,-0.1405586665579206,27.86328630118877,26.07472496032715,24.28616361946553,13.718736006480805
2015-08-17,26.56450080871582,26.937000274658203,26.356000900268555,26.76099967956543,26.76099967956543,51634000,0.006961147819661395,26.192524909973145,23.722349967956543,70.32387333718839,0.8277671457077886,0.958826879216099,-0.13105973350831035,27.829608635842746,26.192524909973145,24.555441184103543,12.50038880555773
2015-08-18,26.75200080871582,26.97450065612793,26.649999618530277,26.750999450683597,26.750999450683597,41426000,-0.00037368667096049357,26.310074901580812,23.833869972229003,70.10631490152805,0.7993078149910495,0.9269230663710892,-0.1276152513800397,27.739942203756485,26.310074901580812,24.88020759940514,10.869351816932765
2015-08-19,26.687000274658203,26.862499237060547,26.450000762939453,26.645999908447266,26.645999908447266,46480000,-0.0039250698812169915,26.421699905395506,23.941309967041015,67.73679723212265,0.759525665732685,0.8934435862434084,-0.13391792051072338,27.560931953389897,26.421699905395506,25.282467857401116,8.62345762818804
2015-08-20,26.519500732421875,26.662500381469727,25.78849983215332,25.78899955749512,25.78899955749512,88160000,-0.03216243916147654,26.505699920654298,24.026319961547852,52.222317108518226,0.6513370516710317,0.845022279328933,-0.1936852276579013,27.034822527261174,26.505699920654298,25.97657731404742,3.9925194066998584
2015-08-21,25.368000030517575,25.616500854492188,24.723499298095703,24.723499298095703,24.723499298095703,134130000,-0.041316075756407056,26.418324851989745,24.087819938659667,39.9659890379781,0.47415407635244833,0.7708486387336361,-0.29669456238118774,27.35877162164532,26.418324851989745,25.47787808233417,7.119654822358995
2015-08-24,23.179000854492188,23.82900047302246,22.549999237060547,23.168500900268555,23.168500900268555,201952000,-0.06289556260132323,26.248224925994872,24.1212699508667,29.196481825995946,0.20588658445164754,0.6578562278772384,-0.4519696434255909,27.944203673166538,26.248224925994872,24.552246178823207,12.92261668705876
2015-08-25,24.374500274658203,24.472000122070312,23.3125,23.318500518798828,23.318500518798828,113586000,0.006474291072001703,26.099074935913087,24.163969955444337,31.1245164098042,0.005324996726070452,0.5273499816470049,-0.5220249849209344,28.2212083906199,26.099074935913087,23.976941481206275,16.262135419878003
2015-08-26,24.201000213623047,25.18600082397461,23.9379997253418,25.03849983215332,25.03849983215332,127172000,0.07376114566062553,26.02849988937378,24.237479934692384,48.4567514807355,-0.01466291164291178,0.41894740298902156,-0.43361031463193334,28.19272288475525,26.02849988937378,23.86427689399231,16.62964062147139
2015-08-27,25.68549919128418,26.13450050354004,25.363000869750977,25.918500900268555,25.918500900268555,122290000,0.03514591824647484,25.982524967193605,24.32803997039795,54.73314087980889,0.04004366030104123,0.3431666544514255,-0.3031229941503843,28.114840253921688,25.982524967193605,23.85020968046552,16.41345704022542
2015-08-28,25.875,26.075000762939453,25.652000427246094,25.90049934387207,25.90049934387207,54934000,-0.0006945446600384875,25.93717489242554,24.406659965515136,54.58670869491929,0.0810125750140962,0.2907358385639596,-0.20972326354986343,28.035691170078653,25.93717489242554,23.838658614772424,16.181533157382894
2015-08-31,25.82200050354004,25.97050094604492,25.453500747680664,25.644500732421875,25.644500732421875,60046000,-0.009883925713222386,25.88182497024536,24.484629974365234,52.43815689923062,0.09176596568482864,0.25094186398813345,-0.1591758983033048,27.949679640440625,25.88182497024536,23.813970300050098,15.979202954757174
2015-09-01,24.957000732421875,25.5,24.671499252319336,24.82699966430664,24.82699966430664,77290000,-0.03187822124693118,25.793424987792967,24.54487995147705,46.186319470804726,0.03393146045544526,0.20753978328159584,-0.17360832282615057,27.882820227074884,25.793424987792967,23.70402974851105,16.200991068621146
2015-09-02,25.254499435424805,25.542999267578125,24.88599967956543,25.52750015258789,25.52750015258789,74142000,0.028215269575580182,25.72727499008179,24.609439964294435,51.52000737280587,0.04411322368043713,0.17485447136136412,-0.130741247680927,27.761662076968484,25.72727499008179,23.692887903195093,15.81502189929543
2015-09-03,25.725000381469727,25.79199981689453,25.12849998474121,25.23600006103516,25.23600006103516,62994000,-0.01141906139693738,25.66542501449585,24.673319969177246,49.328959846849294,0.02833410524361213,0.14555039813781373,-0.1172162928942016,27.680487872550916,25.66542501449585,23.65036215644078,15.702548131713842
2015-09-04,24.88249969482422,25.14249992370605,24.78199958801269,24.950000762939453,24.950000762939453,53850000,-0.01133298848486275,25.60637502670288,24.732220001220703,47.207672855881015,-0.007166106544936213,0.11500709720126376,-0.12217320374619997,27.632589472308595,25.60637502670288,23.580160581097168,15.825859329895259
2015-09-08,25.434499740600582,25.917499542236328,25.425500869750977,25.87700080871582,25.87700080871582,76214000,0.03715430931582686,25.590225028991703,24.81166000366211,54.09784424091135,0.03905072384272046,0.0998158225295551,-0.06076509868683465,27.602356001297064,25.590225028991703,23.578094056686343,15.725777870462455
2015-09-09,26.200000762939453,26.497499465942383,25.75300025939941,25.84449958801269,25.84449958801269,87414000,-0.0012559887037674189,25.563800048828128,24.898689994812013,53.83256158036351,0.07222277877589889,0.09429721377882387,-0.022074435002924983,27.54780155181306,25.563800048828128,23.579798545843197,15.521960735065912
2015-09-10,25.75749969482422,26.30649948120117,25.73900032043457,26.11199951171875,26.11199951171875,51520000,0.010350361894030602,25.55462503433228,24.9868399810791,55.75563364059555,0.11872825414709709,0.09918342185247851,0.019544832294618578,27.526667849499695,25.55462503433228,23.582582219164863,15.433940529497143
2015-09-11,26.05349922180176,26.472000122070312,26.030500411987305,26.472000122070312,26.472000122070312,64558000,0.013786788338058908,25.554075050354005,25.07888999938965,58.27461191740567,0.18252913676913352,0.11585256483580952,0.06667657193332399,27.525087765566987,25.554075050354005,23.583062335141022,15.426210585428155
2015-09-14,26.472000122070312,26.622499465942383,25.929000854492188,26.069000244140625,26.069000244140625,62604000,-0.01522362783587694,25.52872505187988,25.162560005187988,54.53176263693531,0.19828734073480803,0.13233952001560922,0.0659478207191988,27.459135375364358,25.52872505187988,23.598314728395405,15.12343698764013
2015-09-15,26.162500381469727,26.395999908447266,25.86000061035156,26.11849975585937,26.11849975585937,57318000,0.001898788264036888,25.49660005569458,25.248889999389647,54.91479693415051,0.2123225061357985,0.1483361172396471,0.06398638889615141,27.36427846596202,25.49660005569458,23.628921645427138,14.650411475943448
2015-09-16,26.099000930786133,26.415000915527344,25.926000595092773,26.36949920654297,26.36949920654297,45056000,0.009610025576882064,25.47752504348755,25.33955997467041,56.897634721911665,0.24092183684767576,0.16685326116125285,0.07406857568642292,27.300833639665644,25.47752504348755,23.654216447309455,14.31307470459467
2015-09-17,26.349000930786133,27.348499298095703,26.328500747680664,26.943500518798828,26.943500518798828,83390000,0.02176762280390343,25.492400074005126,25.448729972839356,61.10991137712295,0.30637245035633853,0.19475709900027,0.11161535135606854,27.357961460719494,25.492400074005126,23.626838687290757,14.636216137347551
2015-09-18,26.731000900268555,27.312000274658203,26.5674991607666,27.01300048828125,27.01300048828125,123202000,0.002579470675457829,25.553600120544434,25.554599990844725,61.5992526782488,0.35970415422803015,0.22774651004582203,0.13195764418220812,27.531019746742178,25.553600120544434,23.57618049434669,15.476642170728416
2015-09-21,27.21649932861328,27.48900032043457,26.97949981689453,27.41950035095215,27.41950035095215,65666000,0.015048304717102612,25.688400173187254,25.65947998046875,64.41924888499346,0.42981639953455186,0.268160487943568,0.16165591159098386,27.785065959664227,25.688400173187254,23.591734386710282,16.323833110209847
2015-09-22,26.98550033569336,27.177499771118164,26.632999420166016,26.920000076293945,26.920000076293945,76834000,-0.0182169721645149,25.875975131988525,25.7423099899292,58.7135697453207,0.4400032775138243,0.3025290458576193,0.13747423165620498,27.68944119305533,25.875975131988525,24.06250907092172,14.01660074116359
2015-09-23,26.915000915527344,27.06049919128418,26.700000762939453,26.80349922180176,26.80349922180176,44752000,-0.004327669173923021,26.050225067138673,25.812809982299804,57.43580050328646,0.43367665189690996,0.32875856706547746,0.1049180848314325,27.475402916761887,26.050225067138673,24.62504721751546,10.941769953619476
2015-09-24,26.52750015258789,26.72800064086914,26.14349937438965,26.6875,26.6875,70020000,-0.00432776410430058,26.132675075531004,25.885369987487792,56.1260485356433,0.4145242106926723,0.3459116957909164,0.0686125149017559,27.503968685707363,26.132675075531004,24.761381465354646,10.49485830450134
2015-09-25,27.12849998474121,27.13999938964844,26.06999969482422,26.212499618530277,26.212499618530277,80620000,-0.0177986091417226,26.14737501144409,25.934139976501466,50.997667770430624,0.3569030458633584,0.3481099658054048,0.008793080057953595,27.515469338934068,26.14737501144409,24.779280683954113,10.464486984955048
2015-09-28,26.000999450683597,26.013999938964844,24.71649932861328,25.202999114990234,25.202999114990234,108690000,-0.03851217999928558,26.1125,25.95518997192383,42.177213645403924,0.22716103272764343,0.32392017918985255,-0.09675914646220912,27.53833192239834,26.1125,24.686668077601663,10.920684901088274
2015-09-29,25.299999237060547,25.573999404907227,24.524999618530277,24.80349922180176,24.80349922180176,89150000,-0.015851283863707266,26.070449924468996,25.96315994262695,39.28169938023037,0.09105364027034923,0.27734687140595193,-0.1862932311356027,27.595184583383613,26.070449924468996,24.545715265554378,11.697033716963544
2015-09-30,25.27199935913086,25.63999938964844,25.083499908447266,25.59449958801269,25.59449958801269,80094000,0.031890676357296366,26.108824920654296,25.9870499420166,47.034920221736236,0.04647889031897989,0.23117327518855754,-0.18469438486957765,27.542351081357893,26.108824920654296,24.6752987599507,10.981161848992722
2015-10-01,25.549999237060547,26.040000915527344,25.299999237060547,26.035999298095703,26.035999298095703,75370000,0.017249788712016434,26.134249877929687,26.01949993133545,50.81041703942581,0.04624532930593617,0.1941876860120333,-0.14794235670609712,27.543464040744723,26.134249877929687,24.72503571511465,10.784424036636418
2015-10-02,25.64949989318848,26.6299991607666,25.405000686645508,26.62700080871582,26.62700080871582,91956000,0.02269939800863896,26.20379991531372,26.06985996246338,55.39414847288152,0.09268074725908093,0.17388629826144283,-0.0812055510023619,27.565315936198495,26.20379991531372,24.842283894428945,10.391744901769712
2015-10-05,26.84950065612793,27.295499801635746,26.799999237060547,27.18400001525879,27.18400001525879,67828000,0.02091858600765306,26.31549987792969,26.08411994934082,59.24841057178707,0.1724385670063171,0.1735967520104177,-0.001158185004100587,27.61225518746956,26.31549987792969,25.018744568389817,9.85544880815611
2015-10-06,27.274999618530277,27.575000762939453,26.66650009155273,26.874000549316406,26.874000549316406,90056000,-0.011403747269289832,26.365349864959718,26.090189971923827,56.33106149785546,0.208232473319935,0.18052389627232115,0.02770857704761384,27.667487554007952,26.365349864959718,25.063212175911485,9.877643920658233
2015-10-07,27.089500427246094,27.100000381469727,26.450000762939453,27.097000122070312,27.097000122070312,76242000,0.008297967113034765,26.427974891662597,26.106099967956542,57.93561429872066,0.25169225218054336,0.1947575674539656,0.056934684726577756,27.744288077385722,26.427974891662597,25.111661705939472,9.961513821010861
2015-10-08,26.83550071716309,26.96949958801269,25.99449920654297,26.65800094604492,26.65800094604492,93528000,-0.016201024986077006,26.455274963378905,26.110259971618653,53.748703324736326,0.24785377140912956,0.2053768082449984,0.04247696316413116,27.766882197362655,26.455274963378905,25.143667729395155,9.915657545040537
2015-10-09,26.724000930786133,27.089500427246094,26.513500213623047,26.989999771118164,26.989999771118164,70748000,0.012454003049411133,26.4811749458313,26.113299980163575,56.31964259861483,0.2685061070338506,0.21800266800276885,0.05050343903108173,27.813376311124877,26.4811749458313,25.14897358053772,10.06149740726134
2015-10-12,26.99799919128418,27.541000366210938,26.989999771118164,27.50950050354004,27.50950050354004,55522000,0.0192478968813401,26.55319995880127,26.127339973449708,60.06076524455338,0.3230684670807875,0.2390158278183726,0.08405263926241491,27.94299244737696,26.55319995880127,25.16340747022558,10.467984956480036
2015-10-13,27.3129997253418,27.65999984741211,27.155000686645508,27.44499969482422,27.44499969482422,58760000,-0.002344673932102803,26.61952495574951,26.141209983825682,59.38073998140446,0.3569896992760633,0.2626106021099108,0.0943790971661525,28.046127787993736,26.61952495574951,25.192922123505287,10.71846950398786
2015-10-14,27.566999435424805,27.612499237060547,26.983999252319336,27.241500854492188,27.241500854492188,71642000,-0.007414787487514896,26.663125038146973,26.154140014648437,57.18101928639134,0.3632643788410199,0.2827413574561326,0.08052302138488732,28.10965882651732,26.663125038146973,25.216591249776624,10.85044447191236
2015-10-15,27.387500762939453,28.149999618530277,27.350000381469727,28.121999740600582,28.121999740600582,98740000,0.032321966796598156,26.72204999923706,26.17957000732422,63.484132570567795,0.43427990071006306,0.31304906610691874,0.12123083460314432,28.29955194668463,26.72204999923706,25.144548051789492,11.80674347583818
2015-10-16,28.263500213623047,28.54700088500977,28.015499114990234,28.538000106811523,28.538000106811523,86316000,0.014792702156608994,26.798299980163574,26.22087001800537,66.0285178178674,0.5181549980463949,0.35407025249481394,0.16408474555158092,28.561212535300843,26.798299980163574,25.035387425026304,13.1568984334245
2015-10-19,28.538000106811523,28.950000762939453,28.36899948120117,28.65749931335449,28.65749931335449,87508000,0.00418737143793213,26.86019992828369,26.271399993896484,66.74533727742505,0.587496905620494,0.40075558311994997,0.18674132250054398,28.78547412037308,26.86019992828369,24.9349257361943,14.335516468454005
2015-10-20,28.600000381469727,28.649999618530277,27.763999938964844,28.04400062561035,28.04400062561035,86924000,-0.021407963096704785,26.91639995574951,26.308279991149902,59.77220551092138,0.5861894232944529,0.43784235115485054,0.14834707213960235,28.909791174009147,26.91639995574951,24.923008737489877,14.811722381423703
2015-10-21,28.193500518798828,28.262500762939453,27.625999450683597,27.78849983215332,27.78849983215332,66872000,-0.00911071130214225,26.96564998626709,26.336590003967284,57.096844782716396,0.5581029915291076,0.46189447922970195,0.09620851229940564,28.99381876887622,26.96564998626709,24.937481203657956,15.042610014162658
2015-10-22,28.13500022888184,28.457500457763672,27.833499908447266,28.195499420166016,28.195499420166016,155588000,0.014646331772892873,27.04104995727539,26.37458999633789,60.15620204633352,0.5622050079472523,0.48195658497321203,0.08024842297404022,29.133359788843897,27.04104995727539,24.948740125706884,15.475063541351663
2015-10-23,30.88400077819824,30.97249984741211,29.76799964904785,29.951499938964844,29.951499938964844,213854000,0.062279461435710504,27.22799997329712,26.443959999084473,70.07210878257955,0.6990917572622628,0.5253836194310222,0.17370813783124062,29.635239862409215,27.22799997329712,24.820760084185025,17.68209116698185
2015-10-26,30.114999771118164,30.49250030517578,29.81450080871582,30.430500030517575,30.430500030517575,85394000,0.01599252433196452,27.489375019073485,26.521049995422363,72.11102726138961,0.8365831863108504,0.5876235328069879,0.2489596535038625,30.08795383326879,27.489375019073485,24.89079620487818,18.90605961315806
2015-10-27,30.43000030517578,30.73550033569336,30.276500701904297,30.550500869750977,30.550500869750977,75742000,0.003943439612003052,27.776725101470948,26.596840019226075,72.6143882596511,0.944343396401031,0.6589675055257965,0.2853758908752345,30.39467164585121,27.776725101470948,25.158778557090685,18.849929463006617
2015-10-28,30.614999771118164,30.861499786376957,30.475000381469727,30.854999542236328,30.854999542236328,78524000,0.009967059911179632,28.03975009918213,26.678920021057127,73.9015907890049,1.042299655713812,0.7356339355633996,0.3066657201504124,30.781947863706954,28.03975009918213,25.297552334657304,19.559359515153524
2015-10-29,30.88500022888184,31.37700080871582,30.769500732421875,31.32749938964844,31.32749938964844,77920000,0.015313558723775822,28.304325103759766,26.77255001068115,75.80223426032104,1.1448602494907298,0.8174791983488657,0.3273810511418641,31.23664576705656,28.304325103759766,25.37200444046297,20.719947587849642
2015-10-30,31.300500869750977,31.535999298095703,31.263999938964844,31.295000076293945,31.295000076293945,77488000,-0.0010374052825050661,28.537725067138673,26.88267002105713,75.3955200384454,1.2095746127863514,0.895898281236363,0.3136763315499884,31.637200232532933,28.537725067138673,25.438249901744413,21.72194986182217
2015-11-02,31.35650062561035,31.43149948120117,31.02050018310547,31.417499542236328,31.417499542236328,56330000,0.003914346242011257,28.749400043487547,27.016550025939942,75.91997592288412,1.2562644603690813,0.9679715170629067,0.2882929433061746,32.02348419340092,28.749400043487547,25.47531589357418,22.776712870257132
2015-11-03,31.47649955749512,31.49449920654297,31.100000381469727,31.265499114990234,31.265499114990234,64938000,-0.004838081625234136,28.96897497177124,27.178489990234375,73.81741352605361,1.2664030309698866,1.0276578198443027,0.2387452111255839,32.29906516261692,28.96897497177124,25.638884780925554,22.990735392541037
2015-11-04,31.38800048828125,32.29650115966797,31.36750030517578,32.04750061035156,32.04750061035156,96810000,0.025011642785078614,29.216499996185302,27.35306999206543,77.3004466274305,1.3222962978116541,1.086585515437773,0.2357107823738811,32.68623084773829,29.216499996185302,25.746769144632317,23.751858381435255
2015-11-05,32.35499954223633,32.849998474121094,32.15449905395508,32.782501220703125,32.782501220703125,94476000,0.022934724903762138,29.52272500991821,27.507950019836425,79.99424343964024,1.4096509424842552,1.1511986008470694,0.2584523416371858,33.114107280690064,29.52272500991821,25.93134273914636,24.32961232112091
2015-11-06,32.75,33.112998962402344,32.599998474121094,32.96849822998047,32.96849822998047,81844000,0.005673667424738182,29.821649932861327,27.648949966430663,80.62097615330867,1.4768641612158646,1.2163317129208284,0.2605324482950362,33.51384892077583,29.821649932861327,26.12945094494683,24.761869287761712
2015-11-09,32.932498931884766,33.097999572753906,32.39250183105469,32.77450180053711,32.77450180053711,80976000,-0.005884296824504642,30.084899997711183,27.786430015563965,77.88048447332085,1.4972182309649078,1.2725090165296442,0.2247092144352636,33.830536233862276,30.084899997711183,26.339263761560087,24.90043999771352
2015-11-10,32.550498962402344,33.0,32.362998962402344,32.98400115966797,32.98400115966797,69790000,0.006392144735131389,30.36185007095337,27.933220024108888,78.72166968213313,1.5128150352748513,1.3205702202786858,0.19224481499616553,34.10486065454888,30.36185007095337,26.618839487357857,24.65601124337533
2015-11-11,33.162498474121094,33.79800033569336,33.162498474121094,33.662498474121094,33.662498474121094,107746000,0.02057049753208151,30.682899951934814,28.109930000305177,81.21346730534243,1.561919838262952,1.368840143875539,0.1930796943874129,34.40168688510643,30.682899951934814,26.9641130187632,24.240126839360983
2015-11-12,33.650001525878906,33.78200149536133,33.21099853515625,33.279998779296875,33.279998779296875,85694000,-0.0113627838741166,30.940799903869628,28.264979972839356,75.82279822889478,1.5520798098116657,1.4054880770627645,0.14659173274890125,34.62870841667614,30.940799903869628,27.252891391063116,23.83848203190947
2015-11-13,33.17850112915039,33.349998474121094,32.022499084472656,32.11750030517578,32.11750030517578,125222000,-0.03493084485460596,31.119774913787843,28.402609977722168,62.290222051627204,1.433947945598728,1.4111800507699572,0.02276789482877084,34.668686912706406,31.119774913787843,27.57086291486928,22.808082698221515
2015-11-16,32.04600143432617,32.4995002746582,31.114500045776367,32.390499114990234,32.390499114990234,148718000,0.008500001781597488,31.30642490386963,28.551419944763182,63.918822034345496,1.3468308864359138,1.3983102179031486,-0.05147933146723482,34.70727939553557,31.30642490386963,27.905570412203687,21.726239914705687
2015-11-17,32.532501220703125,32.662498474121094,32.04999923706055,32.165000915527344,32.165000915527344,86404000,-0.006961862448069844,31.512474918365477,28.677179946899415,61.554077208345454,1.2452398197678782,1.3676961382760946,-0.12245631850821637,34.58081860166973,31.512474918365477,28.44413123506122,19.47383498917773
2015-11-18,32.32550048828125,33.24399948120117,32.31850051879883,33.176998138427734,33.176998138427734,89396000,0.03146268285700127,31.781899833679198,28.823829917907716,67.3856440000861,1.2321840352334874,1.3405937176675733,-0.10840968243408589,34.40961809110053,31.781899833679198,29.154181576257866,16.535941974348226
2015-11-19,33.2495002746582,33.643001556396484,32.95000076293945,33.063499450683594,33.063499450683594,94104000,-0.0034210053384148287,32.025299835205075,28.962859916687012,66.17333263956868,1.1988591345362636,1.3122468010413115,-0.11338766650504795,34.12862456711545,32.025299835205075,29.9219751032947,13.13539447083155
2015-11-20,33.39699935913086,33.44350051879883,32.878501892089844,33.42250061035156,33.42250061035156,77922000,0.010857929911606723,32.19884986877442,29.101869926452636,68.12661350302204,1.1877259386411652,1.2873426285612823,-0.09961668992011719,34.15685938625459,32.19884986877442,30.240840351294242,12.1619842041563
2015-11-23,33.57500076293945,34.13850021362305,33.50600051879883,33.949501037597656,33.949501037597656,87702000,0.01576783357385514,32.37479991912842,29.25947994232178,70.79282633736338,1.2075079310547636,1.2713756890599788,-0.06386775800521516,34.29769129997978,32.37479991912842,30.45190853827706,11.878939086293684
2015-11-24,33.707000732421875,33.790000915527344,33.06050109863281,33.557498931884766,33.557498931884766,90868000,-0.01154662347699209,32.52514982223511,29.408259925842284,66.34702381665889,1.177975045668898,1.2526955603817629,-0.0747205147128649,34.31992916124555,32.52514982223511,30.730370483224668,11.036255628765637
2015-11-25,33.75,33.98500061035156,33.5620002746582,33.766998291015625,33.766998291015625,53958000,0.006242996820356117,32.670749759674074,29.556209907531738,67.52095633160422,1.1581247276970394,1.2337813938448183,-0.07565666614777888,34.36986501207348,32.670749759674074,30.971634507274665,10.40144633899188
2015-11-27,34.040000915527344,34.04949951171875,33.60499954223633,33.66299819946289,33.66299819946289,39336000,-0.0030799329764649164,32.787524700164795,29.69059986114502,66.2848114220823,1.1210781780772976,1.211240750691314,-0.0901625726140165,34.42107732434551,32.787524700164795,31.15397207598408,9.964476666776283
2015-11-30,33.79499816894531,34.06449890136719,33.22999954223633,33.2400016784668,33.2400016784668,113864000,-0.012565622304041901,32.88477478027344,29.81513988494873,61.36404724029335,1.0455339716794967,1.1780993948889507,-0.13256542320945397,34.37678181653354,32.88477478027344,31.392767744013344,9.074150856919386
2015-12-01,33.6875,34.04999923706055,33.393001556396484,33.952999114990234,33.952999114990234,95024000,0.021449981965113052,33.01154975891113,29.94580986022949,65.95225185913267,1.0313092867123856,1.1487413732536376,-0.11743208654125192,34.41134929328743,33.01154975891113,31.61175022453483,8.480665370752174
2015-12-02,34.04999923706055,34.24100112915039,33.712501525878906,33.800498962402344,33.800498962402344,85470000,-0.00449150757114003,33.138299751281735,30.08341983795166,64.19623885071792,0.9962465237913989,1.11824240336119,-0.12199587956979108,34.325702839153266,33.138299751281735,31.950896663410205,7.16634888804519
2015-12-03,33.97200012207031,34.13949966430664,33.07400131225586,33.3125,33.3125,101294000,-0.014437625993189207,33.20154972076416,30.213599853515625,58.800938098487904,0.918493769245238,1.0782926765379997,-0.1597989072927617,34.27952210013601,33.20154972076416,32.12357734139231,6.4935064082125615
2015-12-04,33.29999923706055,33.73899841308594,33.06999969482422,33.63199996948242,33.63199996948242,90696000,0.009590993455382169,33.244024658203124,30.352489852905272,61.10571289420169,0.8725963805510304,1.0371534173406058,-0.16455703678957545,34.319545519781585,33.244024658203124,32.16850379662466,6.470461219039381
2015-12-07,33.73699951171875,33.77299880981445,33.025001525878906,33.49150085449219,33.49150085449219,74656000,-0.004177542671197743,33.27017478942871,30.498069877624513,59.52863004876718,0.8154848630785594,0.9928197064881966,-0.17733484340963723,34.34305676674686,33.27017478942871,32.197292812110554,6.44951211773647
2015-12-08,33.15650177001953,33.9995002746582,32.989498138427734,33.86650085449219,33.86650085449219,73038000,0.01119687056215346,33.324774742126465,30.671339912414552,62.32364380178207,0.7913606273029359,0.9525278906511445,-0.16116726334820863,34.402333896283295,33.324774742126465,32.247215587969634,6.4670153811702615
2015-12-09,33.900001525878906,33.95000076293945,32.78400039672852,33.239498138427734,33.239498138427734,103164000,-0.018513950371146337,33.33754959106445,30.84005989074707,55.43063637993062,0.7134242073675736,0.9047071539944305,-0.19128294662685685,34.404653164562816,33.33754959106445,32.27044601756609,6.40181169034921
2015-12-10,33.27949905395508,33.42649841308594,32.97800064086914,33.11600112915039,33.11600112915039,69110000,-0.0037153692502526203,33.31022472381592,30.990489921569825,54.160042933530306,0.634381106024378,0.8506419444004201,-0.21626083837604204,34.37061230954471,33.31022472381592,32.24983713808713,6.366739309150573
2015-12-11,32.561500549316406,32.89400100708008,31.981000900268555,32.00749969482422,32.00749969482422,109488000,-0.03347328773190594,33.24659976959229,31.109919929504393,44.33623136810481,0.47679587111095856,0.7758727297425279,-0.2990768586315693,34.449706195248716,33.24659976959229,32.04349334393586,7.237470502212402
2015-12-14,32.087501525878906,32.929500579833984,31.763500213623047,32.89550018310547,32.89550018310547,86594000,0.027743513137480136,33.28549976348877,31.235289916992187,51.86799384650951,0.4187357303310222,0.7044453298602268,-0.2857095995292046,34.3859966045439,33.28549976348877,32.18500292243365,6.612469987680777
2015-12-15,33.25149917602539,33.57500076293945,32.86750030517578,32.93199920654297,32.93199920654297,95068000,0.001109544564889875,33.312574768066405,31.35024990081787,52.154555009466506,0.3713867018992403,0.6378336042680295,-0.2664469023687892,34.34840697951304,33.312574768066405,32.27674255661977,6.218866110821224
2015-12-16,33.178001403808594,33.86750030517578,32.965999603271484,33.78850173950195,33.78850173950195,79290000,0.02600821552275545,33.39374980926514,31.48853992462158,58.41183033670267,0.3983825460488504,0.5899433926241937,-0.19156084657534334,34.30397339061075,33.39374980926514,32.483526227919526,5.451460746663852
2015-12-17,34.0,34.125,33.532501220703125,33.532501220703125,33.532501220703125,73632000,-0.007576557278937912,33.41152496337891,31.61724994659424,56.052250907956704,0.3945714703524956,0.5508690081698541,-0.15629753781735845,34.318000157245564,33.41152496337891,32.505049769512254,5.426122841505782
2015-12-18,33.432498931884766,33.84199905395508,33.20650100708008,33.207000732421875,33.207000732421875,136826000,-0.009707014879053677,33.41870002746582,31.748229942321778,53.114324384036436,0.36112319294570483,0.5129198451250243,-0.15179665217931948,34.31627065512101,33.41870002746582,32.521129399810626,5.37166692251647
2015-12-21,33.42499923706055,33.494998931884766,32.94649887084961,33.22549819946289,33.22549819946289,65018000,0.0005570351622559144,33.40884990692139,31.87293991088867,53.26423848938182,0.3322774949927094,0.4767913750985614,-0.14451388010585198,34.31035278130009,33.40884990692139,32.50734703254269,5.396790831712728
2015-12-22,33.34149932861328,33.42449951171875,32.9630012512207,33.157501220703125,33.157501220703125,53356000,-0.0020465299978816853,33.36924991607666,31.985899925231934,52.59844845522466,0.30046669065561815,0.4415264382099727,-0.14105974755435458,34.24137909160394,33.36924991607666,32.497120740549384,5.227142819935562
2015-12-23,33.32500076293945,33.33000183105469,32.83150100708008,33.185001373291016,33.185001373291016,54458000,0.0008293795242544366,33.35062503814697,32.10069995880127,52.855113268748354,0.2743133183397788,0.408083814235934,-0.1337704958961552,34.22178731993349,33.35062503814697,32.479462756360455,5.224263597998949
2015-12-24,33.16749954223633,33.23400115966797,33.029998779296875,33.13949966430664,33.13949966430664,21824000,-0.0013711528431936681,33.31925010681152,32.21865993499756,52.35002421939047,0.24706694081334746,0.3758804395514167,-0.12881349873806924,34.173198362560804,33.31925010681152,32.46530185106224,5.125855191889244
2015-12-28,33.27799987792969,33.775001525878906,33.275001525878906,33.7599983215332,33.7599983215332,75672000,0.018723839029316514,33.32410011291504,32.33141990661621,58.214206005625556,0.2724029545436082,0.35518494254985505,-0.08278198800624686,34.186858932502645,33.32410011291504,32.461341293327436,5.177987202440523
2015-12-29,33.89899826049805,34.821998596191406,33.894500732421875,34.69850158691406,34.69850158691406,114700000,0.027799268721593773,33.3970251083374,32.45462993621826,65.19180315834109,0.3640151579291029,0.35695098562570465,0.007064172303398231,34.4455774122105,33.3970251083374,32.34847280446431,6.279315600546282
2015-12-30,34.59450149536133,34.77450180053711,34.319000244140625,34.45349884033203,34.45349884033203,70380000,-0.00706090278764171,33.422050094604494,32.57054992675781,62.26855381374576,0.4120984012197013,0.36798046874450396,0.04411793247519735,34.54381783539182,33.422050094604494,32.30028235381717,6.712740466919592
2015-12-31,34.30400085449219,34.38750076293945,33.79449844360352,33.79449844360352,33.79449844360352,74992000,-0.019127241612891477,33.42175006866455,32.685559883117676,55.11032982073879,0.3925043476346204,0.37288524452252725,0.01961910311209314,34.543115909786785,33.42175006866455,32.30038422754232,6.710395708294165
2016-01-04,32.81449890136719,32.88600158691406,31.3754997253418,31.84950065612793,31.84950065612793,186290000,-0.05755368113308201,33.34860010147095,32.76677989959717,40.36238648497047,0.2175233784729329,0.3418128713126084,-0.1242894928396755,34.66315866097973,33.34860010147095,32.03404154196217,7.883740579867996
2016-01-05,32.34299850463867,32.34550094604492,31.38249969482422,31.68950080871582,31.68950080871582,116452000,-0.005023621850138049,33.251475143432614,32.83665992736817,39.42765990582277,0.0651876070743782,0.28648781846496235,-0.22130021139058415,34.743048196316174,33.251475143432614,31.759902090549055,8.971469966066485
2016-01-06,31.100000381469727,31.989500045776367,31.015499114990234,31.63249969482422,31.63249969482422,106584000,-0.001798738144714651,33.15852508544922,32.87027992248535,39.08043124895163,-0.05945375689105248,0.2172995033937594,-0.27675326028481184,34.80258261218524,33.15852508544922,31.5144675587132,9.916348947966165
2016-01-07,31.09000015258789,31.5,30.260499954223636,30.39699935913086,30.39699935913086,141498000,-0.03905794191457823,32.98505001068115,32.869609909057615,32.41657150763534,-0.254988142823656,0.12284197415027634,-0.3778301169739323,34.98692654894906,32.98505001068115,30.983173472413238,12.1380839963539
2016-01-08,30.982999801635746,31.207000732421875,30.299999237060547,30.352500915527344,30.352500915527344,110258000,-0.0014639090877944794,32.84070014953613,32.86564990997314,32.20358243446401,-0.4088284846500656,0.01650788239020795,-0.42533636704027356,35.142281415221426,32.84070014953613,30.53911888385084,14.016639445598436
2016-01-11,30.624000549316406,30.99250030517578,29.92849922180176,30.886999130249023,30.886999130249023,97832000,0.017609692730401916,32.729250049591066,32.866289901733396,37.51434281061933,-0.4820616186997917,-0.08320601782779198,-0.3988556008719997,35.17788706477316,32.729250049591066,30.280613034408972,14.962988833975363
2016-01-12,31.262500762939453,31.29949951171875,30.61199951171875,30.894500732421875,30.894500732421875,94482000,0.0002428724830541018,32.673600101470946,32.857629928588864,37.588236757823694,-0.5333460076685554,-0.17323401579594466,-0.3601119918726108,35.23338756563006,32.673600101470946,30.11381263731183,15.668842467370926
2016-01-13,31.04400062561035,31.04400062561035,28.95800018310547,29.090499877929688,29.090499877929688,153104000,-0.05839229674292812,32.483350086212155,32.81353992462158,28.77537574571066,-0.711356967387978,-0.2808586061143514,-0.4304983612736267,35.477612115758795,32.483350086212155,29.489088056665516,18.435672562095622
2016-01-14,29.012500762939453,30.112499237060547,28.49399948120117,29.649999618530277,29.649999618530277,144760000,0.019233074128955474,32.31925010681152,32.77818992614746,33.94786570618572,-0.7980851534747977,-0.38430391558644067,-0.413781237888357,35.54774939541847,32.31925010681152,29.090750818204572,19.978800732919968
2016-01-15,28.61199951171875,29.231000900268555,28.26499938964844,28.50900077819824,28.50900077819824,155690000,-0.038482254806470606,32.05527505874634,32.72305995941162,29.278217912504886,-0.9479594500254329,-0.49703502247423914,-0.4509244275511938,35.607223294537306,32.05527505874634,28.503326822955376,22.16139608399217
2016-01-19,28.85449981689453,29.200000762939453,28.32250022888184,28.724000930786133,28.724000930786133,96144000,0.007541483276127803,31.814850044250488,32.65658996582031,31.19868400441841,-1.0374283659196273,-0.6051136911633168,-0.43231467475631047,35.578911355622395,31.814850044250488,28.050788732878576,23.662291704261186
2016-01-20,28.218000411987305,28.92250061035156,27.358999252319336,28.588499069213867,28.588499069213867,159328000,-0.004717374222998116,31.583924961090087,32.57270992279053,30.634072962538298,-1.106511814726602,-0.7053933158759739,-0.4011184988506281,35.539819726468096,31.583924961090087,27.62803019571208,25.05005169719397
2016-01-21,28.679000854492188,29.44050025939941,28.410999298095703,28.750999450683597,28.750999450683597,99044000,0.005684117276542278,31.360200023651124,32.48835994720459,32.21830689482273,-1.135064209261813,-0.7913274945531417,-0.3437367147086714,35.42406922114395,31.360200023651124,27.2963308261583,25.91736783839358
2016-01-22,29.436500549316406,30.0049991607666,29.20549964904785,29.819000244140625,29.819000244140625,102402000,0.03714656234086622,31.193274974822998,32.42924991607666,41.650489635753104,-1.05930246978415,-0.8449224895993435,-0.21437998018480653,35.2222423363331,31.193274974822998,27.164307613312893,25.832281892568204
2016-01-25,29.89949989318848,30.424999237060547,29.72800064086914,29.826499938964844,29.826499938964844,87922000,0.00025150725251732453,31.02534990310669,32.3660998916626,41.71182866852633,-0.9872748923181334,-0.8733929701431015,-0.1138819221750319,34.98767279148015,31.02534990310669,27.06302701473323,25.54248639095411
2016-01-26,30.17250061035156,30.225000381469727,29.518999099731445,30.0625,30.0625,75314000,0.007912428931255544,30.871499919891356,32.29409992218017,43.716904889986104,-0.9007658180121147,-0.8788675397169041,-0.021898278295210627,34.731138963508386,30.871499919891356,27.011860876274326,25.004544992192994
2016-01-27,30.09950065612793,30.16950035095215,28.93899917602539,29.167499542236328,29.167499542236328,103058000,-0.02977132499837576,30.641874980926513,32.21184993743896,38.33167683347715,-0.8941189636280136,-0.8819178244991261,-0.012201139128887428,34.32941371981278,30.641874980926513,26.954336242040252,24.068623354031864
2016-01-28,30.418500900268555,31.902999877929688,29.877500534057617,31.76749992370605,31.76749992370605,280304000,0.08914032475443312,30.495324897766114,32.20484992980957,55.48635824268182,-0.6713144864448424,-0.8397971568882694,0.16848267044342702,33.731711256279254,30.495324897766114,27.258938539252973,21.22545911127654
2016-01-29,28.599000930786133,29.649999618530277,28.5,29.350000381469727,29.350000381469727,293552000,-0.07609977329164319,30.240149974822998,32.144039955139164,43.397987308313276,-0.6819512329162549,-0.8082279720938665,0.12627673917761162,32.949885230152994,30.240149974822998,27.530414719493002,17.92144058535448
2016-02-01,28.90749931335449,29.09000015258789,28.515499114990234,28.74049949645996,28.74049949645996,127102000,-0.020766639764494776,29.98745002746582,32.075549926757816,40.9742518716063,-0.7311344953898917,-0.7928092767530717,0.06167478136317994,32.22583064843884,29.98745002746582,27.749069406492797,14.92878266690141
2016-02-02,28.5,28.577999114990234,27.504499435424805,27.604999542236328,27.604999542236328,126240000,-0.039508706324449805,29.77522497177124,31.964109954833983,36.84568158475179,-0.8519175663783578,-0.804630934678129,-0.04728663170022884,32.07129933064189,29.77522497177124,27.479150612900593,15.422717114967027
2016-02-03,27.674999237060547,27.799999237060547,26.09499931335449,26.55349922180176,26.55349922180176,200974000,-0.03809093779645767,29.518424892425536,31.83390995025635,33.481351480960626,-1.0207200826988192,-0.8478487642822671,-0.17287131841655212,32.038580701909716,29.518424892425536,26.99826908294136,17.075137434794858
2016-02-04,26.25,26.949499130249023,25.961000442504883,26.8129997253418,26.8129997253418,123982000,0.009772742242836863,29.277449893951417,31.701719932556152,35.05734889093651,-1.1206397338618146,-0.9024069581981766,-0.21823277566363797,31.863743016826156,29.277449893951417,26.691156771076678,17.667475358972812
2016-02-05,26.464000701904297,26.47249984741211,24.95949935913086,25.10650062561035,25.10650062561035,194178000,-0.06364446787796685,29.01292495727539,31.524859924316406,30.02026537620999,-1.322284519978215,-0.9863824705541844,-0.33590204942403057,32.11739008153653,29.01292495727539,25.908459833014252,21.400566325751655
2016-02-08,24.32349967956543,24.674999237060547,23.760499954223636,24.405000686645508,24.405000686645508,196510000,-0.02794096833428339,28.7155499458313,31.34180995941162,28.2249547845218,-1.5211596663973417,-1.093337909722816,-0.4278217566745257,32.34483039589506,28.7155499458313,25.086269495767535,25.277457383960932
2016-02-09,23.90049934387207,24.91900062561035,23.700000762939453,24.103500366210938,24.103500366210938,141558000,-0.012354038596669725,28.376375007629395,31.148540000915528,27.46472454997985,-1.683689682271524,-1.2114082642325577,-0.4722814180389663,32.379209001598134,28.376375007629395,24.373541013660656,28.2124407567388
2016-02-10,24.58799934387207,25.232999801635746,24.299999237060547,24.52400016784668,24.52400016784668,135724000,0.017445590692097612,28.057849979400636,30.965760040283204,30.2850579713855,-1.7582965232701362,-1.3207859160400734,-0.43751060723006274,32.21919761651355,28.057849979400636,23.896502342287725,29.66262661015058
2016-02-11,24.558500289916992,25.46500015258789,24.200000762939453,25.19099998474121,25.19099998474121,147948000,0.02719783935448805,27.86287498474121,30.80478000640869,34.627095502698495,-1.7435036466561513,-1.405329462163289,-0.3381741844928623,32.17509550073119,27.86287498474121,23.550654468751233,30.953162718143883
2016-02-12,25.53499984741211,25.837499618530277,25.074499130249023,25.35400009155273,25.35400009155273,107696000,0.006470569128270043,27.648075008392333,30.632800025939943,35.68136437360609,-1.6990419411114424,-1.4640719579529198,-0.23496998315852258,32.010507519476285,27.648075008392333,23.285642497308384,31.556862528474568
2016-02-16,25.974000930786133,26.22249984741211,25.58300018310547,26.05500030517578,26.05500030517578,102370000,0.0276485056043132,27.525374984741212,30.47789005279541,40.15151069923936,-1.5889247252405418,-1.4890425114104442,-0.09988221383009765,31.921957179620417,27.525374984741212,23.128792789862008,31.945666115840133
2016-02-17,26.437000274658203,26.874000549316406,25.96949958801269,26.70499992370605,26.70499992370605,96480000,0.02494721208662387,27.424424934387208,30.34574005126953,44.035492927075644,-1.4326913275644557,-1.4777722746412465,0.04508094707679078,31.798945886687044,27.424424934387208,23.049903982087372,31.902371428140093
2016-02-18,27.059499740600582,27.059999465942383,26.186500549316406,26.25,26.25,94700000,-0.01703800505545583,27.307499980926515,30.198100051879884,41.98165349898067,-1.3302555674293792,-1.4482689331988732,0.11801336576949395,31.676320056206656,27.307499980926515,22.938679905646374,31.997217455509535
2016-02-19,26.035499572753903,26.79750061035156,25.76749992370605,26.7450008392334,26.7450008392334,99494000,0.018857174827938916,27.207200050354004,30.06317005157471,44.98774612356375,-1.1953527759610054,-1.3976857017512998,0.20233292579029438,31.530727714070604,27.207200050354004,22.883672386637404,31.782231583660113
2016-02-22,27.11000061035156,28.03249931335449,27.054000854492188,27.975000381469727,27.975000381469727,111332000,0.04598988609609567,27.11500005722046,29.945340042114257,51.686434810989894,-0.9779178302622462,-1.313732127453489,0.3358142971912428,31.28782781825098,27.11500005722046,22.942172296189938,30.778740565920366
2016-02-23,27.77750015258789,27.84550094604492,27.26650047302246,27.64699935913086,27.64699935913086,81016000,-0.011724790629712767,27.00602502822876,29.83349006652832,49.94007208906083,-0.8225837768072033,-1.215502457324232,0.3929186805170286,30.99991381300466,27.00602502822876,23.012136243452858,29.577761115167327
2016-02-24,27.287500381469727,27.713499069213867,26.65749931335449,27.70199966430664,27.70199966430664,124634000,0.0019893770192320748,26.888000011444092,29.725210037231445,50.243657508414614,-0.6871216447494035,-1.1098262948092663,0.4227046500598628,30.646177268441246,26.888000011444092,23.129822754446938,27.954308653656618
2016-02-25,27.775999069213867,27.96949958801269,27.26449966430664,27.75749969482422,27.75749969482422,90510000,0.0020034665796739848,26.817500019073485,29.640210037231444,50.56941860194568,-0.5687325457483112,-1.0016075449970754,0.43287499924876416,30.452881376925355,26.817500019073485,23.182118661221615,27.112007869982417
2016-02-26,28.006000518798828,28.125,27.65850067138672,27.761499404907227,27.761499404907227,97540000,0.0001440947537416637,26.617199993133546,29.53753002166748,50.594522770292755,-0.46917720588900025,-0.8951214771754604,0.4259442712864602,29.503935930549584,26.617199993133546,23.73046405571751,21.690755888378423
2016-02-29,27.700000762939453,28.24049949645996,27.6254997253418,27.625999450683597,27.625999450683597,82908000,-0.00488085863977783,26.53099994659424,29.431410026550292,49.6741247774995,-0.39664037236590843,-0.7954252562135501,0.39878488384764166,29.17928585579822,26.53099994659424,23.882714037390258,19.963709732274445
2016-03-01,27.81450080871582,28.962499618530277,27.799999237060547,28.95199966430664,28.95199966430664,100770000,0.04799827119341504,26.541574954986572,29.334679985046385,57.77029038464768,-0.2295116068680194,-0.6822425263444439,0.4527309194764245,29.226503484415186,26.541574954986572,23.85664642555796,20.23187044462993
2016-03-02,29.087499618530277,29.25,28.684999465942383,29.010499954223636,29.010499954223636,91644000,0.0020205958343222363,26.611849975585937,29.244239959716797,58.09062095018159,-0.09128805969688614,-0.5640516330149324,0.4727635733180463,29.472274883510767,26.611849975585937,23.751425067661106,21.497377375485147
2016-03-03,28.89800071716309,28.99349975585937,28.655500411987305,28.874500274658203,28.874500274658203,54826000,-0.004687946770308371,26.72790002822876,29.157589950561523,57.007989692252046,0.007198084699172824,-0.4498016894721114,0.45699977417128423,29.753027547538984,26.72790002822876,23.702772508918535,22.63647735972692
2016-03-04,29.05349922180176,29.06999969482422,28.55349922180176,28.756999969482425,28.756999969482425,68330000,-0.004069345064264263,26.825100040435792,29.068219985961914,56.03629517933635,0.07490432066839503,-0.34486048744401016,0.4197648081124052,29.977179681121477,26.825100040435792,23.673020399750108,23.50097211890567
2016-03-07,28.677000045776367,28.68149948120117,27.77750015258789,28.13999938964844,28.13999938964844,98538000,-0.021455665767943777,26.976774978637696,28.96786994934082,51.10988893539307,0.0778774869746961,-0.2603128925602689,0.338190379534965,30.074945436132765,26.976774978637696,23.878604521142627,22.969168552938154
2016-03-08,27.89349937438965,28.5674991607666,27.73699951171875,28.01300048828125,28.01300048828125,94600000,-0.004513109599210141,27.15717496871948,28.864429931640625,50.132915302062564,0.06918843155603938,-0.19441262773700727,0.26360105929304667,30.048616065748075,27.15717496871948,24.265733871690887,21.29412282653884
2016-03-09,27.97800064086914,28.01749992370605,27.506500244140625,27.973499298095703,27.973499298095703,87546000,-0.0014101020775004747,27.35067491531372,28.761109924316408,49.81396434322617,0.05844120280518439,-0.14384186162856896,0.20228306443375335,29.896053878612328,27.35067491531372,24.805295952015115,18.612915192622477
2016-03-10,28.33699989318848,28.350000381469727,27.395000457763672,27.94650077819824,27.94650077819824,78398000,-0.0009651463197277721,27.521799945831297,28.644839973449706,49.58177755577939,0.047201284643264785,-0.10563323237420222,0.152834517017467,29.720618407802927,27.521799945831297,25.322981483859667,15.978740244456164
2016-03-11,28.34749984741211,28.50300025939941,28.136499404907227,28.480499267578125,28.480499267578125,75426000,0.019107883796187997,27.686274909973143,28.52047992706299,54.13532125471839,0.08045534467043325,-0.06841551696527512,0.14887086163570837,29.64175177242113,27.686274909973143,25.730798047525155,14.125965799346925
2016-03-14,28.350000381469727,28.84449958801269,28.15250015258789,28.668500900268555,28.668500900268555,69084000,0.006601065203391654,27.851999950408935,28.404779968261717,55.65385391748868,0.12058950661949552,-0.030614512248320992,0.1512040188678165,29.531012462850203,27.851999950408935,26.172987437967667,12.0566746763664
2016-03-15,28.549999237060547,29.076000213623047,28.350000381469727,28.85099983215332,28.85099983215332,77536000,0.006365834492694233,27.991799926757814,28.305909996032714,57.13742192892966,0.16521773055763944,0.008551936312871097,0.15666579424476834,29.506615259112596,27.991799926757814,26.47698459440303,10.82327921975997
2016-03-16,28.832000732421875,29.06599998474121,28.55699920654297,28.713499069213867,28.713499069213867,70754000,-0.004765892473030164,28.092224884033204,28.243189964294434,55.62744553205553,0.18733131830252248,0.04430781271080138,0.1430235055917211,29.51606612653027,28.092224884033204,26.66838364153614,10.136906196463883
2016-03-17,28.475500106811523,28.56999969482422,27.7504997253418,27.972000122070312,27.972000122070312,118562000,-0.025824053883372833,28.178324890136718,28.168839950561523,48.22593607894473,0.14337103578574784,0.06412045732579068,0.07925057845995716,29.328021951818194,28.178324890136718,27.028627828455242,8.160151933544531
2016-03-18,28.04700088500977,28.116500854492188,27.304500579833984,27.60400009155273,27.60400009155273,145938000,-0.013156014189604659,28.221274852752686,28.088269958496095,45.024106011305044,0.07793923325085572,0.06688421251080369,0.011055020740052032,29.20591222984045,28.221274852752686,27.23663747566492,6.9779794302362905
2016-03-21,27.445499420166016,27.761999130249023,26.929000854492188,27.698999404907227,27.698999404907227,103114000,0.003441505326743144,28.207474803924562,28.034309959411623,46.020438426910125,0.033365096908486436,0.06018038939034024,-0.026815292481853804,29.21304583801959,28.207474803924562,27.201903769829535,7.129819603384845
2016-03-22,27.25550079345703,28.13800048828125,27.252500534057617,28.02400016784668,28.02400016784668,80012000,0.011733303365531578,28.226324844360352,27.987739944458006,49.399057020476135,0.023988098277481384,0.05294193116776847,-0.028953832890287086,29.202878914592333,28.226324844360352,27.249770774128372,6.919456044077214
2016-03-23,28.049999237060547,28.624000549316406,27.905000686645508,28.48150062561035,28.48150062561035,79674000,0.016325308843260222,28.26529989242554,27.939629974365236,53.784277167568725,0.05286384129955124,0.05292631319412503,-6.247189457379149e-05,29.216941206986615,28.26529989242554,27.313658577864462,6.733636778544101
2016-03-24,28.355499267578125,29.177499771118164,28.35400009155273,29.147499084472656,29.147499084472656,103710000,0.023383545256862037,28.33479986190796,27.90468994140625,59.312215703434795,0.1280129319377714,0.06794363694285431,0.0600692949949171,29.329979786996986,28.33479986190796,27.339619936818934,7.024435887594898
2016-03-28,29.21999931335449,29.237499237060547,28.777999877929688,28.99349975585937,28.99349975585937,62430000,-0.005283449127727158,28.396399879455565,27.902749938964845,57.59667450805347,0.17314674104486016,0.08898425776325548,0.08416248328160468,29.39452174672007,28.396399879455565,27.39827801219106,7.029918380510153
2016-03-29,29.00749969482422,29.792499542236328,28.825000762939453,29.69300079345703,29.69300079345703,87852000,0.02412613321909496,28.49974994659424,27.903609962463378,62.852498690279496,0.2623354578340482,0.12365449777741404,0.13868096005663416,29.581902310316067,28.49974994659424,27.41759758287241,7.5941183045442635
2016-03-30,29.83550071716309,30.16200065612793,29.75,29.934499740600582,29.934499740600582,77810000,0.008133194378816988,28.548874950408937,27.932119941711427,64.48899646393762,0.3484879530070124,0.1686211888233337,0.1798667641836787,29.78669404347367,28.548874950408937,27.311055857344204,8.671578794014803
2016-03-31,29.964000701904297,30.037500381469727,29.61050033569336,29.68199920654297,29.68199920654297,53636000,-0.008435101179096849,28.582449913024902,27.951279907226564,61.441258281127276,0.39187248123186436,0.21327144730503986,0.1786010339268245,29.902245950992665,28.582449913024902,27.26265387505714,9.235009888822281
2016-04-01,29.52449989318848,29.951499938964844,29.415000915527344,29.924999237060547,29.924999237060547,58348000,0.008186781113585173,28.634974861145018,27.978009910583495,63.24168853111698,0.440782043030719,0.2587735664501757,0.1820084765805433,30.075202327860946,28.634974861145018,27.19474739442909,10.059219354651379
2016-04-04,29.950000762939453,29.975000381469727,29.52750015258789,29.659500122070312,29.659500122070312,49416000,-0.008872151103062609,28.680099868774413,27.99617992401123,59.94809308211584,0.4528989265145853,0.2975986384630576,0.15530028805152768,30.187767759017685,28.680099868774413,27.17243197853114,10.513686473489255
2016-04-05,29.53849983215332,29.67350006103516,29.262500762939453,29.30699920654297,29.30699920654297,46178000,-0.011884924360712312,28.73844985961914,27.98593990325928,55.79346648425415,0.4291112388144107,0.32390115853332824,0.10521008028108247,30.24831820883796,28.73844985961914,27.22858151040032,10.507653381404962
2016-04-06,29.375999450683597,30.11949920654297,29.375,30.10400009155273,30.10400009155273,56998000,0.027194899054415078,28.842999839782713,27.991489906311035,62.17617871944245,0.4691624231661713,0.3529534114598969,0.1162090117062744,30.425298726743,28.842999839782713,27.260700952822425,10.971805261239485
2016-04-07,29.9379997253418,29.979999542236328,29.45400047302246,29.57150077819824,29.57150077819824,63780000,-0.017688656382376045,28.92289991378784,27.981669921875,56.324736701193,0.45271639818082576,0.3729060088040827,0.07981038937674306,30.48273008577045,28.92289991378784,27.363069741805234,10.78612571099083
2016-04-08,29.715999603271484,29.89299964904785,29.450000762939453,29.729999542236328,29.729999542236328,51838000,0.005359848498285968,29.012074851989745,27.992919921875,57.60370075595187,0.44731595068616414,0.38778799718049906,0.05952795350566509,30.542065830612266,29.012074851989745,27.482083873367223,10.547270310228015
2016-04-11,29.80699920654297,30.200000762939453,29.745500564575195,29.796499252319336,29.796499252319336,54086000,0.0022367881300682235,29.077874851226806,27.953499908447267,58.15733217536203,0.4432920333600876,0.3988888044164168,0.044403228943670825,30.623870854664673,29.077874851226806,27.53187884778894,10.633486878582127
2016-04-12,29.920000076293945,30.202999114990234,29.61549949645996,30.15850067138672,30.15850067138672,52822000,0.012149125841996566,29.152374839782716,27.969669914245607,61.13277442507458,0.4639652365959108,0.4119040908523156,0.052061145743595216,30.754852819588095,29.152374839782716,27.549896859977338,10.993807458996862
2016-04-13,30.38400077819824,30.840499877929688,30.26449966430664,30.74099922180176,30.74099922180176,84566000,0.019314572589734125,29.246874809265137,28.009679908752442,65.39678146991426,0.5213419584052872,0.43379166436290995,0.08755029404237724,30.984342738527925,29.246874809265137,27.50940688000235,11.881392050219155
2016-04-14,30.75349998474121,31.2189998626709,30.75349998474121,31.037500381469727,31.037500381469727,70242000,0.009645137346663946,29.36307487487793,28.07832992553711,67.35971053210505,0.5840065257404987,0.4638346366384277,0.120171889102071,31.246994999557998,29.36307487487793,27.479154750197864,12.831899470391544
2016-04-15,31.09600067138672,31.338499069213867,30.905500411987305,31.29450035095215,31.29450035095215,57754000,0.008280304996334698,29.529199886322022,28.173149948120116,69.00115064362669,0.6469487737739144,0.500457464065525,0.1464913097083893,31.47800157936604,29.529199886322022,27.580398193278004,13.199149997604282
2016-04-18,31.26749992370605,31.881999969482425,31.24799919128418,31.76749992370605,31.76749992370605,87218000,0.015114463162838598,29.73737487792969,28.272239952087403,71.81088252851805,0.7266220249169422,0.5456903762358085,0.18093164868113365,31.70846576670231,29.73737487792969,27.766283989157067,13.256656963594422
2016-04-19,31.85700035095215,31.90049934387207,31.040000915527344,31.395000457763672,31.395000457763672,81118000,-0.011725803630659892,29.92217493057251,28.39800994873047,66.68468869647026,0.7510484377895317,0.5867619885465531,0.16428644924297853,31.784201958506124,29.92217493057251,28.060147902638896,12.445800027932577
2016-04-20,31.5,31.82749938964844,31.149999618530277,31.64949989318848,31.64949989318848,52188000,0.008106368266093567,30.1034499168396,28.542899932861328,68.34719323043889,0.7819289334610389,0.6257953775294504,0.1561335559315885,31.8956047621295,30.1034499168396,28.3112950715497,11.906640934781265
2016-04-21,31.549999237060547,31.891000747680664,31.424999237060547,31.549999237060547,31.549999237060547,51926000,-0.003143830280533,30.25687484741211,28.69182991027832,66.94071468401168,0.7892748086867911,0.6584912637609186,0.13078354492587252,31.99181554919814,30.25687484741211,28.52193414562608,11.468076002795911
2016-04-22,31.223499298095703,31.412500381469727,30.577999114990234,31.024999618530277,31.024999618530277,101678000,-0.016640241877203366,30.35074987411499,28.82184989929199,59.932714526296465,0.7441552278705146,0.6756240565828378,0.06853117128767683,32.037945586615905,30.35074987411499,28.663554161614076,11.117983703854776
2016-04-25,30.83049964904785,31.349000930786133,30.8125,31.309999465942383,31.309999465942383,53658000,0.009186135404233298,30.46657485961914,28.944229888916016,62.243530991983036,0.7230597580459559,0.6851111968754614,0.0379485611704945,32.0816829186655,30.46657485961914,28.851466800572783,10.60249185534175
2016-04-26,31.308500289916992,31.337499618530277,30.74399948120117,30.8439998626709,30.8439998626709,50428000,-0.014883411409137182,30.524124813079833,29.05402988433838,56.505152532864116,0.6611182135287521,0.6803126002061195,-0.019194386677367392,32.10656995059366,30.524124813079833,28.941679675566004,10.368488185684113
2016-04-27,30.59000015258789,30.79750061035156,30.06399917602539,30.328500747680664,30.328500747680664,81376000,-0.016713108458223047,30.543824863433837,29.139499893188475,50.91332826326128,0.5639319661895108,0.6570364734027978,-0.093104507213287,32.10609963282582,30.543824863433837,28.981550094041854,10.229725821027023
2016-04-28,30.777000427246094,31.34000015258789,29.959999084472656,30.100000381469727,30.100000381469727,157452000,-0.00753417942126311,30.564724922180176,29.20739990234375,48.61668033548809,0.46313437035772864,0.6182560527937839,-0.15512168243605529,32.09109399512401,30.564724922180176,29.03835584923634,9.987782169347664
2016-04-29,33.29999923706055,33.499000549316406,32.70000076293945,32.97949981689453,32.97949981689453,206214000,0.09566443185819673,30.717449951171876,29.34198989868164,68.12801082698832,0.6085876690948346,0.6163223760539941,-0.007734706959159454,32.53977829066108,30.717449951171876,28.89512161168267,11.865101708546513
2016-05-02,33.19599914550781,34.275001525878906,33.10150146484375,34.192501068115234,34.192501068115234,131570000,0.03678046234647003,30.944099998474123,29.490939903259278,72.81158636869418,0.8123749668455602,0.6555328942123073,0.1568420726332529,33.24773714134875,30.944099998474123,28.640462855599495,14.88902338725781
2016-05-03,33.86800003051758,34.01499938964844,33.52149963378906,33.566001892089844,33.566001892089844,98468000,-0.0183227069227061,31.157050132751465,29.60275993347168,67.30995369431784,0.912802402986177,0.7069867959670812,0.20581560701909574,33.599222762734314,31.157050132751465,28.714877502768616,15.676533045185186
2016-05-04,33.12950134277344,33.70000076293945,33.10699844360352,33.54499816894531,33.54499816894531,92710000,-0.000625743965934844,31.329100036621092,29.72071990966797,67.12682867157483,0.9794070499339753,0.7614708467604601,0.21793620317351525,33.92996119473964,31.329100036621092,28.728238878502548,16.603484652149962
2016-05-05,33.66550064086914,33.824501037597656,32.79999923706055,32.954498291015625,32.954498291015625,97682000,-0.01760321687769084,31.49824991226196,29.82576988220215,62.01829312521709,0.9733234406145357,0.8038413655312753,0.1694820750832604,34.05961378889652,31.49824991226196,28.936886035627403,16.26353136297547
2016-05-06,32.8025016784668,33.84749984741211,32.800498962402344,33.6974983215332,33.6974983215332,87306000,0.022546240090086433,31.696624851226808,29.94456985473633,65.56891705039018,1.0167357327204876,0.8464202389691178,0.17031549375136978,34.293771609076344,31.696624851226808,29.09947809337727,16.387528767114233
2016-05-09,33.6974983215332,34.3489990234375,33.570499420166016,33.98749923706055,33.98749923706055,79644000,0.008606007269745364,31.906174850463866,30.069089851379395,66.87069740073017,1.0622954564612854,0.8895952824675513,0.17270017399373416,34.53239877562645,31.906174850463866,29.279950925301286,16.462167197860758
2016-05-10,34.70000076293945,35.227500915527344,34.67499923706055,35.153499603271484,35.153499603271484,122112000,0.03430674196057093,32.155924797058105,30.21963985443115,71.53126858401289,1.1788987398139348,0.947455973936828,0.23144276587710677,35.00999251955485,32.155924797058105,29.30185707456136,17.75142677754899
2016-05-11,35.28950119018555,35.95000076293945,35.08250045776367,35.6614990234375,35.6614990234375,146764000,0.014450891828668544,32.40194978713989,30.35382984161377,73.29399529745817,1.2973440153904932,1.017433582227561,0.27991043316293207,35.55805444894166,32.40194978713989,29.245845125338125,19.48095520507475
2016-05-12,35.86899948120117,36.122501373291016,35.57550048828125,35.89649963378906,35.89649963378906,100964000,0.006589756930776014,32.64489974975586,30.491549835205078,74.09313407602824,1.3941049607233609,1.092767857926721,0.30133710279663983,36.07927439282012,32.64489974975586,29.210525106691602,21.040803735903292
2016-05-13,35.73199844360352,35.962501525878906,35.32550048828125,35.49599838256836,35.49599838256836,95268000,-0.011157111565377131,32.85497465133667,30.62397979736328,70.23576519101339,1.4220787643970496,1.158630039220787,0.2634487251762627,36.44376836334814,32.85497465133667,29.2661809393252,21.84627290141869
2016-05-16,35.506500244140625,35.662498474121094,35.013999938964844,35.53300094604492,35.53300094604492,108658000,0.0010424432376223702,33.043249702453615,30.759499816894532,70.38914801497766,1.4307413077874216,1.2130522929341139,0.21768901485330772,36.77627729922588,33.043249702453615,29.310222105681348,22.59479700324434
2016-05-17,35.494998931884766,35.7234992980957,34.695499420166016,34.76350021362305,34.76350021362305,102428000,-0.021655945513589514,33.21167469024658,30.891969833374024,63.10606866543919,1.3598387826973592,1.242409590886763,0.1174291918105963,36.935991323123346,33.21167469024658,29.487358057369818,22.427755707064666
2016-05-18,34.47800064086914,35.12699890136719,34.4379997253418,34.872501373291016,34.872501373291016,85664000,0.003135505889745094,33.37282476425171,31.02915985107422,63.67935247901917,1.297486882241941,1.2534250491577987,0.04406183308414224,37.091728908139366,33.37282476425171,29.653920620364055,22.28702047344383
2016-05-19,34.59400177001953,34.970001220703125,34.47800064086914,34.92599868774414,34.92599868774414,60512000,0.0015340830839882802,33.54162473678589,31.168209838867188,63.97522292934898,1.2381170949213711,1.2503634583105134,-0.012246363389142312,37.220511195392895,33.54162473678589,29.862738278178888,21.936244815071714
2016-05-20,35.0525016784668,35.36199951171875,35.0,35.13999938964844,35.13999938964844,58324000,0.006127260778355126,33.7473747253418,31.31207981109619,65.19656690949117,1.1945639888258626,1.2392035644135835,-0.044639575587720914,37.29831167960817,33.7473747253418,30.19643777107543,21.044226303030776
2016-05-23,35.212501525878906,35.29999923706055,34.82099914550781,34.837501525878906,34.837501525878906,51902000,-0.008608362806592496,33.92374982833862,31.439219856262206,61.996944164431916,1.1226970363554472,1.2159022588019561,-0.09320522244650897,37.319958921219865,33.92374982833862,30.52754073545738,20.022604282054797
2016-05-24,34.9005012512207,35.375,34.900001525878906,35.209999084472656,35.209999084472656,60676000,0.010692430348859583,34.14204978942871,31.570049819946288,64.31912153269546,1.083311656201154,1.1893841382817958,-0.1060724820806418,37.26895435626416,34.14204978942871,31.01514522259326,18.317028919591245
2016-05-25,35.400001525878906,35.542999267578125,35.2760009765625,35.41749954223633,35.41749954223633,65354000,0.005893225309828942,34.396499729156496,31.70137981414795,65.58082595317117,1.0566614757172346,1.1628396057688837,-0.10617813005164911,37.029990993317114,34.396499729156496,31.763008464995874,15.312553805748541
2016-05-26,35.416500091552734,35.75,35.364498138427734,35.74549865722656,35.74549865722656,48934000,0.0092609336974534,34.67877464294433,31.842019805908205,67.53505325919994,1.0499051500299998,1.140252714621107,-0.09034756459110715,36.492207305947495,34.67877464294433,32.86534197994117,10.458458706655135
2016-05-27,35.75,35.83000183105469,35.55500030517578,35.61199951171875,35.61199951171875,44984000,-0.003734712076280511,34.81039962768555,31.994819793701172,65.89514870235203,1.0219974969293517,1.116601671082756,-0.09460417415340427,36.488467630200546,34.81039962768555,33.13233162517055,9.641187808601828
2016-05-31,35.61650085449219,36.21149826049805,35.566001892089844,36.13949966430664,36.13949966430664,72366000,0.014812427266666317,34.907749557495116,32.16552978515625,69.08910982224616,1.0305656156816738,1.0993944600025396,-0.06882884432086578,36.6555898938,34.907749557495116,33.15990922119023,10.014053374744693
2016-06-01,36.04499816894531,36.32149887084961,35.9109992980957,35.97200012207031,35.97200012207031,65262000,-0.004634805235053108,35.02804946899414,32.33098979949951,66.94518989507858,1.0121724048883536,1.0819500489797025,-0.0697776440913489,36.720245101804736,35.02804946899414,33.335853836183546,9.661946117259426
2016-06-02,36.04850006103516,36.41400146484375,35.775001525878906,36.4119987487793,36.4119987487793,60532000,0.012231697576333245,35.17139949798584,32.49874977111816,69.61274169390167,1.0213266469400182,1.0698253685717656,-0.0484987216317474,36.82200666704327,35.17139949798584,33.52079232892841,9.386076144919713
2016-06-03,36.33700180053711,36.34999847412109,35.92150115966797,36.277000427246094,36.277000427246094,67346000,-0.003707522964191301,35.337524604797366,32.65465976715088,67.80473534497577,1.006090626921555,1.0570784202417236,-0.05098779332016856,36.70706989895678,35.337524604797366,33.96797931063795,7.751223717427498
2016-06-06,36.32500076293945,36.57500076293945,36.22100067138672,36.33649826049805,36.33649826049805,54096000,0.0016400979284734163,35.4694746017456,32.798439750671385,68.19678377505367,0.9874344198511551,1.04314962016361,-0.055715200312454805,36.680946242756214,35.4694746017456,34.25800296073499,6.831066175144245
2016-06-07,36.49449920654297,36.5,36.02750015258789,36.1870002746582,36.1870002746582,54650000,-0.004114265077721169,35.57944965362549,32.94230976104736,66.02132513310443,0.9496391542463698,1.0244475269801618,-0.07480837273379204,36.62012439185065,35.57944965362549,34.538774915400325,5.849864167975519
2016-06-08,36.31999969482422,36.47100067138672,36.08000183105469,36.33200073242188,36.33200073242188,44468000,0.004006976446324195,35.638374710083006,33.07508975982666,67.11698873422226,0.9207723683748057,1.0037124952590906,-0.08294012688428487,36.70893306805613,35.638374710083006,34.56781635210988,6.007896637723148
2016-06-09,36.15499877929688,36.445499420166016,36.1150016784668,36.38249969482422,36.38249969482422,43406000,0.0013899306777584997,35.674424743652345,33.20404975891113,67.5099224626028,0.8916912155516883,0.9813082393176101,-0.08961702376592184,36.79314465048976,35.674424743652345,34.55570483681493,6.271831514460341
2016-06-10,36.11750030517578,36.249000549316406,35.71049880981445,35.89550018310547,35.89550018310547,68514000,-0.013385542934204464,35.67437477111817,33.328319778442385,60.0567631612511,0.8198961494072705,0.9490258213355423,-0.12912967192827174,36.79305508228187,35.67437477111817,34.555694459954466,6.271618316177917
2016-06-13,35.70050048828125,36.0994987487793,35.55799865722656,35.762001037597656,35.762001037597656,67044000,-0.0037191053147838105,35.68767490386963,33.445059814453124,58.16118927790191,0.7436534033629414,0.9079513377410222,-0.16429793437808082,36.80387833952887,35.68767490386963,34.57147146821038,6.255400155184747
2016-06-14,35.61650085449219,36.04050064086914,35.61349868774414,35.96500015258789,35.96500015258789,50138000,0.005676391395907032,35.70927486419678,33.57116981506348,60.217421071518345,0.6916380371067703,0.8646886776141719,-0.1730506405074016,36.82938241648917,35.70927486419678,34.58916731190439,6.273482486285058
2016-06-15,36.09999847412109,36.12799835205078,35.66749954223633,35.7130012512207,35.7130012512207,54188000,-0.007006781601502476,35.75674991607666,33.69928985595703,56.504907151440854,0.6229008658613182,0.8163311152636012,-0.19343024940228304,36.789576254701366,35.75674991607666,34.72392357745195,5.776958705971976
2016-06-16,35.602500915527344,35.900001525878906,35.26499938964844,35.8754997253418,35.8754997253418,61960000,0.004550120920334022,35.806899833679196,33.81471984863281,58.290633298090306,0.5749112126403588,0.7680471347389528,-0.19313592209859398,36.75722156613149,35.806899833679196,34.8565781012269,5.308036925098122
2016-06-17,35.90950012207031,35.90999984741211,34.95899963378906,35.31949996948242,35.31949996948242,117956000,-0.01549803515257031,35.826574897766115,33.9296798324585,50.63110541196314,0.4864075298757271,0.7117192137663076,-0.22531168389058054,36.717572833973435,35.826574897766115,34.935576961558795,4.973949861240441
2016-06-20,35.67499923706055,36.06549835205078,35.54050064086914,35.70050048828125,35.70050048828125,73544000,0.010787256873059592,35.854599952697754,34.04908985137939,54.99523259758522,0.4419171357064684,0.6577587981543398,-0.2158416624478714,36.691043299964015,35.854599952697754,35.01815660543149,4.665751944630612
2016-06-21,35.7859992980957,35.91999816894531,35.63600158691406,35.79100036621094,35.79100036621094,42750000,0.0025349750477419164,35.90227489471435,34.16897987365723,55.990405344281164,0.4092432600445264,0.6080556905323771,-0.1988124304878507,36.598304356959744,35.90227489471435,35.20624543246896,3.8773557624776767
2016-06-22,35.82899856567383,35.849998474121094,35.378501892089844,35.529998779296875,35.529998779296875,45210000,-0.0072923803258784226,35.918274879455566,34.27640983581543,52.39219626680647,0.3581596894439443,0.5580764903146905,-0.19991680087074626,36.56271398131053,35.918274879455566,35.2738357776006,3.588363327680686
2016-06-23,35.775001525878906,36.10599899291992,35.625,36.104000091552734,36.104000091552734,56500000,0.016155399154990313,35.952599906921385,34.38366985321045,58.68111267171744,0.35984463551297097,0.5184301193543467,-0.15858548384137572,36.55867952971513,35.952599906921385,35.34652028412764,3.371548229406709
2016-06-24,34.650001525878906,35.62649917602539,34.61000061035156,34.948001861572266,34.948001861572266,152650000,-0.03201856378930534,35.91272506713867,34.4618798828125,45.61294365282635,0.26484757336903186,0.46771361015728374,-0.20286603678825188,36.657196529851554,35.91272506713867,35.16825360442579,4.146003742801998
2016-06-27,34.60049819946289,34.840999603271484,34.10599899291992,34.56800079345703,34.56800079345703,111360000,-0.01087332745432501,35.860525131225586,34.527349891662595,42.279745739324646,0.15708799419442698,0.4055884869647124,-0.2485004927702854,36.80228302371481,35.860525131225586,34.918767238736365,5.2523374325558025
2016-06-28,35.0,35.400001525878906,34.90850067138672,35.397499084472656,35.397499084472656,80740000,0.023996131450350733,35.823425102233884,34.59994987487793,50.741651916856526,0.13704160074326666,0.3518791097204233,-0.21483750897715664,36.77669082879379,35.823425102233884,34.87015937567398,5.322024478895859
2016-06-29,35.787498474121094,35.974998474121094,35.676998138427734,35.779998779296875,35.779998779296875,61402000,0.010805839528702954,35.81382503509521,34.68764984130859,54.084377517262304,0.1502868054527724,0.3115606488668931,-0.1612738434141207,36.7647767489474,35.81382503509521,34.86287332124303,5.310528618042411
2016-06-30,35.86000061035156,35.96849822998047,35.62699890136719,35.78099822998047,35.78099822998047,57102000,2.7933222965126348e-05,35.78227500915527,34.770279808044435,54.09314375807204,0.15903116070189327,0.2810547512338932,-0.1220235905319999,36.69275878551235,35.78227500915527,34.87179123279819,5.089021176681058
2016-07-01,35.86600112915039,36.400001525878906,35.82699966430664,36.28400039672852,36.28400039672852,58408000,0.014057801392656444,35.78262500762939,34.86495983123779,58.39801479125832,0.20419535933337585,0.2656828728537897,-0.06148751352041387,36.69387428310774,35.78262500762939,34.871375732151044,5.093250007700974
2016-07-05,36.13999938964844,36.47800064086914,35.980499267578125,36.40499877929688,36.40499877929688,48628000,0.003334758605593846,35.78605003356934,34.97255981445313,59.38467345619827,0.24690569522579153,0.2619274373281901,-0.015021742102398594,36.706073416496274,35.78605003356934,34.866026650642404,5.1417990086299055
2016-07-06,36.28549957275391,36.88850021362305,36.12900161743164,36.88050079345703,36.88050079345703,78764000,0.013061448430278899,35.82072505950928,35.083969841003416,63.089441135675926,0.3154862535904428,0.2726392005806407,0.04284705300980213,36.844954462247976,35.82072505950928,34.79649565677058,5.718641378906409
2016-07-07,36.96649932861328,36.977500915527344,36.58150100708008,36.82849884033203,36.82849884033203,58916000,-0.0014100121203947102,35.845549964904784,35.20365982055664,62.41887908253255,0.36147387139220655,0.29040613474295385,0.0710677366492527,36.93981766599222,35.845549964904784,34.751282263817345,6.105459127611663
2016-07-08,37.00699996948242,37.30500030517578,36.900001525878906,37.29050064086914,37.29050064086914,68584000,0.012544681838379868,35.89095001220703,35.34289981842041,65.88784581473006,0.43023954040917545,0.3183728158761982,0.11186672453297725,37.13557470791448,35.89095001220703,34.64632531649958,6.935590700631418
2016-07-11,37.5,37.79499816894531,37.34999847412109,37.68899917602539,37.68899917602539,63906000,0.010686328376066534,35.980624961853025,35.49467979431152,68.58173855170004,0.5110018190485022,0.356898616510659,0.15410320253784315,37.451514578744565,35.980624961853025,34.509735344961484,8.176009274163471
2016-07-12,37.84299850463867,37.867000579833984,37.01649856567383,37.41049957275391,37.41049957275391,112474000,-0.007389413605035089,36.06304988861084,35.58329978942871,64.73416242430442,0.546237233458811,0.3947663399002895,0.15147089355852156,37.655434825554046,36.06304988861084,34.470664951667636,8.831116291393313
2016-07-13,37.3380012512207,37.84349822998047,37.0625,37.13150024414063,37.13150024414063,82846000,-0.007457781419643927,36.121374893188474,35.64207977294922,61.039674904999984,0.5453620449341088,0.42488548090705336,0.12047656402705542,37.77922803658423,36.121374893188474,34.46352174979272,9.179346845451233
2016-07-14,37.44300079345703,37.45199966430664,36.95100021362305,37.060001373291016,37.060001373291016,47810000,-0.0019255583636402784,36.18872489929199,35.711959762573244,60.0931622234775,0.5327577902109724,0.4464599427678372,0.08629784744313518,37.883771529717755,36.18872489929199,34.493678268866226,9.367816275057136
2016-07-15,37.32749938964844,37.32749938964844,36.70249938964844,36.77199935913086,36.77199935913086,62428000,-0.007771235927900411,36.23354988098144,35.77649978637695,56.305705699039336,0.4938368283699788,0.4559353198882655,0.03790150848171325,37.940466920724354,36.23354988098144,34.52663284123853,9.421748878317066
2016-07-18,36.77450180053711,37.08000183105469,36.43600082397461,36.80350112915039,36.80350112915039,59098000,0.0008566781945107405,36.30774993896485,35.853479843139645,56.627708081751145,0.46022838888505646,0.4567939336876237,0.0034344551974327397,37.977904010618516,36.30774993896485,34.63759586731118,9.199986639002873
2016-07-19,36.625,37.166500091552734,36.615501403808594,36.997501373291016,36.997501373291016,44336000,0.005271244261784824,36.37259998321533,35.91947990417481,58.648748580700236,0.4441280254151039,0.4542607520331198,-0.010132726618015897,38.04412429930052,36.37259998321533,34.70107566713014,9.191118132091406
2016-07-20,37.20000076293945,37.3125,37.03499984741211,37.2859992980957,37.2859992980957,44280000,0.007797767797718347,36.44734992980957,35.985449905395505,61.520317380219154,0.44946657196391016,0.4533019160192779,-0.0038353440553677287,38.14170861674263,36.44734992980957,34.752991242876504,9.297568630893966
2016-07-21,37.375,37.46799850463867,37.13949966430664,37.22150039672852,37.22150039672852,46342000,-0.001729842369290413,36.53192501068115,36.02680992126465,60.50863947837037,0.4433818562225582,0.451317904059934,-0.007936047837375781,38.20338986080051,36.53192501068115,34.860460160561786,9.150707769331417
2016-07-22,37.38949966430664,37.56399917602539,37.17649841308594,37.24300003051758,37.24300003051758,45554000,0.0005776133030614972,36.5888750076294,36.05843994140625,60.740396570705165,0.43527691460526796,0.4481097061690008,-0.012832791563732848,38.27568356999199,36.5888750076294,34.902066445266804,9.22033575512155
2016-07-25,37.32749938964844,37.42499923706055,36.76750183105469,36.980499267578125,36.980499267578125,53586000,-0.00704832485901663,36.69049987792969,36.080119934082035,56.38917806601604,0.4030262366409332,0.4390930122633873,-0.03606677562245414,38.20581952899719,36.69049987792969,35.17518022686219,8.260010935304837
2016-07-26,37.135501861572266,37.15650177001953,36.63750076293945,36.77949905395508,36.77949905395508,50594000,-0.005435302865131164,36.80107479095459,36.10578994750976,53.2439361416133,0.35713151479421157,0.42270071276955223,-0.06556919797534067,37.96205286882626,36.80107479095459,35.64009671308291,6.30947919030362
2016-07-27,36.89849853515625,37.047000885009766,36.69300079345703,36.83349990844727,36.83349990844727,58262000,0.0014682324632255828,36.87287483215332,36.131799926757814,53.98649755898132,0.3214119972977798,0.40244296967519777,-0.08103097237741796,37.83902929108712,36.87287483215332,35.90672037321952,5.240461793835014
2016-07-28,37.29899978637695,37.667999267578125,36.98500061035156,37.63050079345703,37.63050079345703,152352000,0.02163793522176194,36.96539993286133,36.189139938354494,63.26055673678616,0.35334222373528235,0.3926228204872147,-0.03928059675193235,37.84581725864518,36.96539993286133,36.084982607077485,4.763467065866513
2016-07-29,38.25,38.29999923706055,37.75,37.94049835205078,37.94049835205078,135542000,0.008237933380032203,37.07337493896485,36.250499877929684,66.12079331536528,0.3990612408748859,0.39391050456474896,0.005150736310136961,37.872187912339626,37.07337493896485,36.27456196559007,4.309362040493441
2016-08-01,37.993499755859375,38.525001525878906,37.85300064086914,38.387001037597656,38.387001037597656,71564000,0.011768498173212238,37.1785249710083,36.31971992492676,69.77119645179062,0.4659517250492513,0.4083187486616494,0.0576329763876019,38.08095298547403,37.1785249710083,36.276096956542574,4.854565990283033
2016-08-02,38.19049835205078,38.2504997253418,37.85100173950195,38.02899932861328,38.02899932861328,72066000,-0.009326118199067812,37.25972499847412,36.377499923706054,63.83244957220919,0.48449026748854607,0.4235530524270288,0.06093721506151728,38.16138752746528,37.25972499847412,36.35806246948296,4.839877530111054
2016-08-03,37.85300064086914,37.94449996948242,37.61249923706055,37.73199844360352,37.73199844360352,71630000,-0.007809852750616408,37.302299880981444,36.435389862060546,59.32130574587304,0.4698011316497386,0.43280266827157077,0.03699846337816781,38.208716493563855,37.302299880981444,36.39588326839903,4.85984304171308
2016-08-04,37.685001373291016,38.25,37.51750183105469,38.03850173950195,38.03850173950195,63564000,0.008123166239300872,37.36280002593994,36.49195991516113,62.28365874344228,0.4773890957605289,0.4417199537693624,0.0356691419911665,38.29577974462576,37.36280002593994,36.42982030725412,4.994163810196666
2016-08-05,38.240501403808594,38.42350006103516,38.15449905395508,38.29899978637695,38.29899978637695,54088000,0.0068482730644587875,37.41322498321533,36.54958992004394,64.64049793191322,0.4986742212873736,0.4531108072729647,0.04556341401440889,38.4303429745449,37.41322498321533,36.39610699188576,5.437210995768899
2016-08-08,38.34049987792969,38.34999847412109,38.05099868774414,38.32799911499024,38.32799911499024,39726000,0.0007571824009775519,37.44517498016357,36.60123992919922,64.9034237906896,0.5119810413326888,0.4648848540849096,0.04709618724777925,38.532648134046106,37.44517498016357,36.35770182628104,5.808348629475594
2016-08-09,38.36949920654297,38.630001068115234,38.345001220703125,38.41550064086914,38.41550064086914,37522000,0.0022829661839738336,37.49542503356933,36.657309951782224,65.73143356562485,0.5235522495142817,0.476618333170784,0.046933916343497695,38.66185698174934,37.49542503356933,36.32899308538933,6.221729435714935
2016-08-10,38.4900016784668,38.60499954223633,38.30950164794922,38.428001403808594,38.428001403808594,32086000,0.0003254093459907903,37.56025009155273,36.70307998657226,65.85536991528159,0.5276488153666605,0.48682442960995936,0.040824385756701165,38.78139947797454,37.56025009155273,36.339100705130924,6.502349603345387
2016-08-11,38.49700164794922,38.6875,38.45600128173828,38.5620002746582,38.5620002746582,40394000,0.003487011188573863,37.63535003662109,36.75487998962402,67.22376386778794,0.5355346522091864,0.4965664741298048,0.03896817807938158,38.90786594882302,37.63535003662109,36.36283412441916,6.762343971631511
2016-08-12,38.42300033569336,38.657501220703125,38.42100143432617,38.62799835205078,38.62799835205078,31266000,0.0017114796152302159,37.72814998626709,36.799199981689455,67.9059887629817,0.5408748593027752,0.5054281511643989,0.03544670813837636,39.00597809730175,37.72814998626709,36.45032187523243,6.773871029985743
2016-08-15,38.595001220703125,38.60200119018555,38.385501861572266,38.42449951171875,38.42449951171875,42370000,-0.005268169437032899,37.80919990539551,36.84214996337891,63.51596640844317,0.5226614404544279,0.5088748090224047,0.013786631432023189,39.04716345668181,37.80919990539551,36.57123635410921,6.548477906879152
2016-08-16,38.430999755859375,38.436500549316406,38.19100189208984,38.20199966430664,38.20199966430664,32092000,-0.005790572427475604,37.86942481994629,36.87945999145508,59.02300745125406,0.48468613654373627,0.504037074526671,-0.019350937982934746,39.05985878354897,37.86942481994629,36.67899085634361,6.287045389586499
2016-08-17,38.22050094604492,38.26100158691406,37.959999084472656,38.23149871826172,38.23149871826172,37822000,0.0007721861215197467,37.91669979095459,36.92034996032715,59.43272861026657,0.45176311770934063,0.49358228316320496,-0.041819165453864326,39.085603449868515,37.91669979095459,36.74779613204066,6.165640287041965
2016-08-18,38.20000076293945,38.25849914550781,38.02999877929688,38.22299957275391,38.22299957275391,29176000,-0.00022230741123796527,37.96677474975586,36.95816993713379,59.248913772949855,0.4201424375825127,0.47889431404706656,-0.058751876464553876,39.097442353230086,37.96677474975586,36.83610714628163,5.956089822886524
2016-08-19,38.095001220703125,38.1245002746582,37.84450149536133,37.865501403808594,37.865501403808594,46864000,-0.00935295955161386,37.99789981842041,36.987829971313474,51.968172769320425,0.362062079987993,0.4555278672352519,-0.0934657872472589,39.08040406285866,37.99789981842041,36.91539557398215,5.6977056606348775
2016-08-22,37.875,37.99250030517578,37.60499954223633,37.9739990234375,37.9739990234375,33586000,0.002865342214060762,38.047574806213376,37.029399948120115,53.822788606147355,0.3210865434955892,0.4286396024873194,-0.10755305899173023,39.02483551605861,38.047574806213376,37.07031409636814,5.137046000028578
2016-08-23,38.16550064086914,38.23500061035156,38.04999923706055,38.122501373291016,38.122501373291016,30482000,0.003910632371425082,38.11472492218017,37.076609954833984,56.30941486635527,0.29717043832893353,0.4023457696556423,-0.10517533132670875,38.899913764502514,38.11472492218017,37.32953607985783,4.120133853388589
2016-08-24,38.150001525878906,38.170501708984375,37.76800155639648,37.86249923706055,37.86249923706055,34882000,-0.006820175142353779,38.16617488861084,37.114559936523435,51.119093695198934,0.25430528024175914,0.3727376717728657,-0.11843239153110657,38.70501547172281,38.16617488861084,37.62733430549887,2.8236551589704373
2016-08-25,37.79999923706055,38.02799987792969,37.73699951171875,37.96099853515625,37.96099853515625,32460000,0.0026015001671968463,38.1826997756958,37.15951988220215,52.890674660750285,0.22568089491907273,0.34332631640210715,-0.11764542148303442,38.6728905614062,38.1826997756958,37.692508989985406,2.5676067359826376
2016-08-26,38.00249862670898,38.5,37.9900016784668,38.45000076293945,38.45000076293945,55536000,0.012881700868071944,38.20817489624024,37.2110099029541,60.537316599477045,0.23969124487496174,0.3225993020966781,-0.08290805722171635,38.69832664515225,38.20817489624024,37.718023147328225,2.565690458877398
2016-08-29,38.43600082397461,38.749000549316406,38.43000030517578,38.56449890136719,38.56449890136719,43972000,0.002977844893519377,38.217049789428714,37.275909881591794,62.08899405231203,0.25707024525770805,0.3094934907288841,-0.05242324547117605,38.72590269902486,38.217049789428714,37.70819687983257,2.6629628001107406
2016-08-30,38.5525016784668,38.59199905395508,38.27799987792969,38.37900161743164,38.37900161743164,34184000,-0.004810053007818782,38.23454990386963,37.3294799041748,58.1029951968077,0.25295919162246605,0.2981866309076005,-0.04522743928513445,38.74039508901899,38.23454990386963,37.728704718720266,2.6460109321081147
2016-08-31,38.33000183105469,38.48199844360352,38.20000076293945,38.45800018310547,38.45800018310547,32676000,0.0020583799042324102,38.270849990844724,37.38281990051269,59.30130567591972,0.2531574347070418,0.2891807916674888,-0.036023356960447006,38.72919808726946,38.270849990844724,37.81250189441999,2.395285688895769
2016-09-01,38.54499816894531,38.60200119018555,38.337501525878906,38.53099822998047,38.53099822998047,35846000,0.0018981238371065245,38.29547481536865,37.44283988952637,60.42760906019024,0.25625097437065847,0.2825948282081227,-0.026343853837464237,38.75416395721693,38.29547481536865,37.83678567352037,2.3955265945113813
2016-09-02,38.70550155639648,38.79999923706055,38.584999084472656,38.62200164794922,38.62200164794922,43636000,0.00236182352259795,38.311624908447264,37.4931999206543,61.84521357127144,0.2630139806759004,0.27867865870167824,-0.015664678025777812,38.791910132266004,38.311624908447264,37.831339684628524,2.5072558262223046
2016-09-06,38.70199966430664,39.4739990234375,38.51100158691406,39.44350051879883,39.44350051879883,74396000,0.021270230329795137,38.36739997863769,37.58310989379883,71.70060531714364,0.330847995476546,0.28911252605665183,0.041735469419894144,39.05617085413503,38.36739997863769,37.67862910314035,3.590396408830601
2016-09-07,39.47650146484375,39.53950119018555,39.21649932861328,39.2239990234375,39.2239990234375,48492000,-0.005564959815286041,38.40782489776611,37.676229858398436,66.74008942887755,0.3627138650439292,0.30383279385410733,0.05888107118982189,39.19150740526272,38.40782489776611,37.624142390269505,4.080848158325091
2016-09-08,39.19449996948242,39.32500076293945,39.071998596191406,39.20299911499024,39.20299911499024,40610000,-0.00053538417729182,38.4465747833252,37.75233985900879,66.2677320199045,0.381871304457988,0.31944049597488344,0.06243080848310456,39.30362265065886,38.4465747833252,37.589526915991534,4.458383469340294
2016-09-09,38.96799850463867,39.04999923706055,38.00550079345703,38.00699996948242,38.00699996948242,85146000,-0.030507848187831588,38.41882476806641,37.7968798828125,46.208832763144535,0.29712154533210366,0.31497670584632753,-0.017855160514223867,39.294856381706474,38.41882476806641,37.54279315442634,4.560429002858102
2016-09-12,37.86750030517578,38.632999420166016,37.79999923706055,38.574501037597656,38.574501037597656,62494000,0.014931488109319435,38.41614990234375,37.85274993896484,53.414529399751295,0.2726069013613923,0.30650274494934054,-0.03389584358794823,39.28993424129813,38.41614990234375,37.54236556338937,4.54904690436493
2016-09-13,38.4384994506836,38.49449920654297,37.95249938964844,38.05049896240234,38.05049896240234,62344000,-0.01358415691973791,38.39744987487793,37.88807991027832,47.13586214319095,0.20849290477204363,0.28690077691388116,-0.07840787214183753,39.28560891788415,38.39744987487793,37.50929083187171,4.626135568379553
2016-09-14,38.11000061035156,38.375,37.942501068115234,38.054500579833984,38.054500579833984,50460000,0.00010516596472487372,38.3900749206543,37.921069946289066,47.186916972056345,0.1562043708886378,0.2607614957088325,-0.10455712482019469,39.28700948499346,38.3900749206543,37.49314035631514,4.672741932350858
2016-09-15,38.09999847412109,38.54349899291992,37.87900161743164,38.484500885009766,38.484500885009766,60680000,0.011299591339365866,38.402725028991696,37.953149948120114,52.49604634572695,0.14775948269328865,0.23816109310572373,-0.09040161041243508,39.29749063064295,38.402725028991696,37.507959427340445,4.659906821590177
2016-09-16,38.66400146484375,39.02299880981445,38.58300018310547,38.92599868774414,38.92599868774414,109984000,0.011472093767138869,38.437874984741214,37.99509994506836,57.24810333726672,0.1746784464883575,0.2254645637822505,-0.050786117293892985,39.356551326445086,38.437874984741214,37.51919864303734,4.780057909385268
2016-09-19,38.99850082397461,39.09700012207031,38.54999923706055,38.755001068115234,38.755001068115234,45944000,-0.004392889723924931,38.482349967956544,38.02438995361328,54.955092897501984,0.18013732941736293,0.216399116909273,-0.03626178749191006,39.37153252041677,38.482349967956544,37.59316741549632,4.621248718961449
2016-09-20,38.79999923706055,39.06850051879883,38.79999923706055,39.01100158691406,39.01100158691406,38744000,0.006605612482086798,38.53420009613037,38.05083000183105,57.68752171111297,0.2027830787454974,0.21367590927651786,-0.01089283053102047,39.41969557252745,38.53420009613037,37.64870461973329,4.595893903016321
2016-09-21,39.16249847412109,39.53450012207031,38.95050048828125,39.48699951171875,39.48699951171875,54372000,0.012201633012272062,38.602425003051756,38.09236000061035,62.27036175487687,0.25618590109531425,0.22217790764027714,0.034007993455037105,39.55801375592275,38.602425003051756,37.64683625018076,4.950926024960605
2016-09-22,39.7135009765625,40.29449844360352,39.7135009765625,40.23500061035156,40.23500061035156,81578000,0.018942971304031886,38.721050071716306,38.15443000793457,68.11473707692352,0.35477582503700944,0.24869749111962364,0.1060783339173858,39.852608656954104,38.721050071716306,37.58949148647851,5.844668897883748
2016-09-23,40.15650177001953,40.38750076293945,40.10599899291992,40.28749847412109,40.28749847412109,47070000,0.001304780986035814,38.83737506866455,38.21897994995117,68.48372690266348,0.4321634773713896,0.28539068836997683,0.14677278900141277,40.1028849516758,38.83737506866455,37.5718651856533,6.516969186376907
2016-09-26,40.09000015258789,40.29650115966797,39.85749816894531,39.95800018310547,39.95800018310547,53028000,-0.008178673372517098,38.91277503967285,38.28269996643066,63.51551160502846,0.4615851250466889,0.32062957570531925,0.14095554934136967,40.25438712979535,38.91277503967285,37.571162949550356,6.895484008810363
2016-09-27,40.09249877929688,40.83200073242188,40.05550003051758,40.80550003051758,40.80550003051758,76392000,0.021209766342872083,39.02482509613037,38.362739944458006,69.62026526692725,0.5469828695995673,0.36590023448416886,0.18108263511539846,40.587490915890086,39.02482509613037,37.462159276370656,8.00857308603116
2016-09-28,40.900001525878906,41.50699996948242,40.85150146484375,41.43600082397461,41.43600082397461,88442000,0.015451367903480895,39.17767505645752,38.45150993347168,73.2114648475926,0.657952870996823,0.4243107617866997,0.2336421092101233,41.02910912434612,39.17767505645752,37.32624098856891,9.451474929130278
2016-09-29,41.41299819946289,41.875,41.23149871826172,41.45249938964844,41.45249938964844,98444000,0.00039816983651275173,39.327400016784665,38.534839935302735,73.3004065521705,0.7387132662650018,0.4871912626823601,0.25152200358264165,41.3936808828499,39.327400016784665,37.26111915071943,10.508097993680538
2016-09-30,41.63050079345703,41.997501373291016,41.619998931884766,41.865501403808594,41.865501403808594,88612000,0.009963259640341393,39.49412517547607,38.627719955444334,75.49383048938465,0.8265147250404183,0.5550559551539718,0.27145876988644657,41.80060909526873,39.49412517547607,37.18764125568341,11.680136777532047
2016-10-03,41.79999923706055,41.99300003051758,41.5625,41.83700180053711,41.83700180053711,55388000,-0.0006807419549713645,39.65487518310547,38.71959999084473,75.03573354919624,0.8836125978936309,0.6207672837019036,0.2628453141917273,42.13725309531968,39.65487518310547,37.172497270891256,12.519912877051755
2016-10-04,42.045501708984375,42.118499755859375,41.51300048828125,41.70149993896485,41.70149993896485,59006000,-0.0032388043057740568,39.76777515411377,38.814020004272464,72.77464709571034,0.907468474016234,0.6781075217647697,0.22936095225146425,42.402165636512194,39.76777515411377,37.13338467171535,13.248870333777822
2016-10-05,41.900001525878906,42.28350067138672,41.805999755859375,42.21799850463867,42.21799850463867,69382000,0.012385611223332038,39.91747512817383,38.92278999328613,75.77161470032607,0.957019618963578,0.7338899412045314,0.22312967775904657,42.744479422873404,39.91747512817383,37.09047083347425,14.16424403408357
2016-10-06,42.185001373291016,42.36050033569336,42.02999877929688,42.08300018310547,42.08300018310547,53680000,-0.0031976485459955795,40.06147518157959,39.027779998779295,73.49438610019408,0.9741664377149704,0.7819452405066193,0.19222119720835107,43.01863831180267,40.06147518157959,37.10431205135651,14.763126504052423
2016-10-07,42.28950119018555,42.29750061035156,41.872501373291016,41.97150039672852,41.97150039672852,48524000,-0.002649520849079323,40.25970020294189,39.114599990844724,71.58089021611863,0.9676043732910884,0.8190770670635131,0.14852730622757526,43.17056033827148,40.25970020294189,37.34884006761231,14.460416350129107
2016-10-10,42.16249847412109,42.2599983215332,42.01350021362305,42.08549880981445,42.08549880981445,36542000,0.002716090966688789,40.43525009155273,39.1975,72.37287796872475,0.9605302147630894,0.8473676966034285,0.11316251815966094,43.34189154503164,40.43525009155273,37.52860863807382,14.376770005862454
2016-10-11,42.05099868774414,42.06449890136719,41.41749954223633,41.54999923706055,41.54999923706055,71764000,-0.012724087581184262,40.61022510528564,39.26075996398926,63.43053402308943,0.9013236549586452,0.8581588882744718,0.04316476668417335,43.337352725923125,40.61022510528564,37.88309748464816,13.43074367880089
2016-10-12,41.70000076293945,41.88349914550781,41.505001068115234,41.704498291015625,41.704498291015625,47608000,0.0037183888517926533,40.792724990844725,39.3342699432373,64.78255896111057,0.8569899653423576,0.8579251036880491,-0.0009351383456914775,43.2901519502031,40.792724990844725,38.295298031486354,12.244472316663714
2016-10-13,41.45000076293945,41.59000015258789,41.06050109863281,41.4640007019043,41.4640007019043,61828000,-0.005766706205961869,40.94169998168945,39.40890998840332,61.001805494492636,0.793304332860977,0.8450009495226347,-0.0516966166616577,43.21610314235411,40.94169998168945,38.6672968210248,11.110448084382654
2016-10-14,41.75400161743164,41.7869987487793,41.14799880981445,41.14799880981445,41.14799880981445,59996000,-0.007621114382127869,41.052799987792966,39.47109992980957,56.348453546276296,0.709159548694771,0.817832669357062,-0.10867312066229096,43.131125850556344,41.052799987792966,38.97447412502959,10.125135744121561
2016-10-17,41.07500076293945,41.09999847412109,40.58399963378906,40.647499084472656,40.647499084472656,67230000,-0.012163403806223938,41.14742488861084,39.518069915771484,49.8608839596105,0.5952266536803705,0.7733114662217238,-0.17808481254135322,42.95311054613929,41.14742488861084,39.34173923108239,8.776664213697824
2016-10-18,41.105499267578125,41.16299819946289,40.7509994506836,40.88249969482422,40.88249969482422,50250000,0.0057814285169965896,41.24099979400635,39.56915992736816,52.61924934799314,0.5179262672021991,0.7222344264178189,-0.20430815921561973,42.76633641553577,41.24099979400635,39.71566317247693,7.3971854666389545
2016-10-19,41.02000045776367,41.03350067138672,40.75849914550781,40.884498596191406,40.884498596191406,41814000,4.889381476447241e-05,41.31087474822998,39.61853988647461,52.64311456083052,0.45162044921921307,0.6681116309780978,-0.2164911817588847,42.62130864386281,41.31087474822998,40.000440852597144,6.34425634227937
2016-10-20,40.699501037597656,40.78549957275391,40.15499877929688,40.51599884033203,40.51599884033203,63040000,-0.009013190047870712,41.32492465972901,39.66029983520508,47.857438004303745,0.36512878281961747,0.6075150613464018,-0.2423862785267843,42.59429927128035,41.32492465972901,40.055550048177665,6.143385000715285
2016-10-21,40.46799850463867,40.97100067138672,40.45000076293945,40.949501037597656,40.949501037597656,55860000,0.010699531288220099,41.358024787902835,39.708049850463865,53.24251250192146,0.32778501681468697,0.5515690524400588,-0.22378403562537186,42.54960667413829,41.358024787902835,40.16644290166738,5.762276570732121
2016-10-24,41.247501373291016,41.915000915527344,41.11050033569336,41.90449905395508,41.90449905395508,81218000,0.023321359043681378,41.45534973144531,39.773579864501954,62.44428061467554,0.3709738166420209,0.5154500052804513,-0.14447618863843037,42.47989443956989,41.45534973144531,40.43080502332073,4.942882956056345
2016-10-25,41.96500015258789,42.15449905395508,41.6609992980957,41.75899887084961,41.75899887084961,64968000,-0.003472185240017467,41.503024673461915,39.84026985168457,60.49103487170165,0.3889767213685005,0.49015534849806114,-0.10117862712956066,42.490232803378774,41.503024673461915,40.51581654354506,4.757282813404703
2016-10-26,41.63800048828125,41.672000885009766,41.0,41.12950134277344,41.12950134277344,79962000,-0.015074535910763909,41.48769969940186,39.89881988525391,52.79646670349021,0.34843245107840914,0.46181076901413076,-0.11337831793572162,42.48802263170317,41.48769969940186,40.48737676710055,4.822262692552852
2016-10-27,41.5620002746582,41.58599853515625,40.77149963378906,40.917999267578125,40.917999267578125,148128000,-0.005142344747451566,41.46097469329834,39.952549896240235,50.47340304275945,0.2958242965497533,0.4286134745212553,-0.13278917797150203,42.49172828612528,41.46097469329834,40.4302211004714,4.972162861349948
2016-10-28,39.09999847412109,39.4744987487793,38.730499267578125,38.81600189208984,38.81600189208984,216822000,-0.05137097153119685,41.3084997177124,39.96440994262695,34.313886022403935,0.08355516209034164,0.3596018120350726,-0.27604664994473094,42.83686693416572,41.3084997177124,39.78013250125908,7.399771121670537
2016-10-31,39.05149841308594,39.685001373291016,39.00550079345703,39.49100112915039,39.49100112915039,108266000,0.017389715688315377,41.191199684143065,39.99691993713379,40.86161976012829,-0.029858666932462086,0.28170971624156566,-0.31156838317402774,42.88992464434199,41.191199684143065,39.49247472394414,8.247999442720108
2016-11-01,39.95000076293945,40.04199981689453,38.83549880981445,39.27050018310547,39.27050018310547,106108000,-0.005583574478747688,41.0696496963501,40.02284996032715,39.47723741217206,-0.1359652048321749,0.19817473202681754,-0.33413993685899246,42.94376413707029,41.0696496963501,39.195535255629906,9.126517779316467
2016-11-02,39.19649887084961,39.23749923706055,38.1775016784668,38.27799987792969,38.27799987792969,100530000,-0.02527343172478269,40.87264976501465,40.02595993041992,33.90853096063617,-0.296721460239624,0.09919549357352925,-0.3959169538131532,43.029496952408586,40.87264976501465,38.715802577620714,10.553987567696728
2016-11-03,38.25249862670898,38.84999847412109,38.20000076293945,38.35150146484375,38.35150146484375,77450000,0.0019202044816464259,40.686074829101564,40.035739974975584,34.64379805081208,-0.4134252777965912,-0.0033286607004948537,-0.41009661709609635,43.02936249524537,40.686074829101564,38.342787162957755,11.518868192552816
2016-11-04,38.13949966430664,38.29999923706055,37.6614990234375,37.75249862670898,37.75249862670898,102442000,-0.015618758464616245,40.475124740600585,40.031569976806644,31.56214927173457,-0.5479321957018684,-0.11224936770076956,-0.4356828280010988,43.0642766125491,40.475124740600585,37.88597286865207,12.793793168233716
2016-11-07,38.58200073242188,39.38650131225586,38.547000885009766,39.24649810791016,39.24649810791016,119688000,0.03957352587370777,40.33317470550537,40.047499923706056,44.76035197627879,-0.5278914212503238,-0.19537777841068044,-0.3325136428396434,42.86425193034707,40.33317470550537,37.80209748066367,12.550845517728199
2016-11-08,39.24850082397461,39.58700180053711,38.95500183105469,39.38750076293945,39.38750076293945,68252000,0.003592744877303433,40.225049781799314,40.0639599609375,45.82229343380148,-0.49492602808795283,-0.25528742834613494,-0.2396385997418179,42.723512384004394,40.225049781799314,37.72658717959423,12.42242143021816
2016-11-09,38.20000076293945,38.875,38.00450134277344,38.59400177001953,38.59400177001953,171258000,-0.020145959442710915,40.069524955749515,40.068259963989256,41.04074379183839,-0.5267573231584706,-0.30958140730860206,-0.2171759158498685,42.56749882142702,40.069524955749515,37.571551090072006,12.468198055435534
2016-11-10,38.94049835205078,38.94150161743164,35.8849983215332,37.11899948120117,37.11899948120117,254940000,-0.038218433465590174,39.852274894714355,40.041479949951174,33.94904331018945,-0.6633574397928754,-0.38033661380545675,-0.2830208259874187,42.57317376666784,39.852274894714355,37.13137602276087,13.654923735931385
2016-11-11,36.7864990234375,37.16299819946289,36.44499969482422,36.95050048828125,36.95050048828125,132456000,-0.004539427120207162,39.6423999786377,40.009869995117185,33.242373584120514,-0.7762622093571068,-0.4595217329157868,-0.31674047644132,42.57077488601186,39.6423999786377,36.714025071263535,14.77395369075632
2016-11-14,37.2755012512207,37.29999923706055,35.505001068115234,35.95349884033203,35.95349884033203,146426000,-0.02698208778702238,39.40769996643066,39.956499938964846,29.349479405590003,-0.9354069641585667,-0.5546987791643428,-0.3807081849942239,42.705365306386696,39.40769996643066,36.11003462647463,16.73614721369245
2016-11-15,36.5,37.3390007019043,36.29949951171875,37.1619987487793,37.1619987487793,135116000,0.03361285959439342,39.22167491912842,39.91086990356445,38.71758679096487,-0.9530285660880438,-0.6343647365490831,-0.31866382953896066,42.58468002847191,39.22167491912842,35.85866980978493,17.148707271057166
2016-11-16,36.99399948120117,37.493499755859375,36.78049850463867,37.324501037597656,37.324501037597656,72976000,0.0043728080913219,39.04367504119873,39.87287994384766,39.8721291293364,-0.9430107945192034,-0.6960939481431072,-0.24691684637609623,42.412639981718414,39.04367504119873,35.67471010067905,17.257417171742993
2016-11-17,37.46599960327149,37.875,37.400001525878906,37.81999969482422,37.81999969482422,73802000,0.013275426153116943,38.90887508392334,39.845219955444335,43.375195785716265,-0.884888592918486,-0.7338528770981829,-0.15103571582030306,42.247013704965184,38.90887508392334,35.5707364628815,17.15875164132473
2016-11-18,38.04999923706055,38.387001037597656,37.88199996948242,38.007999420166016,38.007999420166016,87468000,0.0049709076377260075,38.76180000305176,39.84523994445801,44.69181858226223,-0.8142699259058332,-0.749936286859713,-0.06433363904612022,41.98455188170855,38.76180000305176,35.539048124394974,16.6284944373226
2016-11-21,38.29999923706055,39.01750183105469,38.25550079345703,39.0,39.0,92292000,0.026099784123540415,38.616575050354,39.853749923706054,51.146695911334085,-0.6705285316965615,-0.7340547358270827,0.06352620413052124,41.50410079164898,38.616575050354,35.72904930905902,14.954851576193882
2016-11-22,39.40850067138672,39.619998931884766,39.04999923706055,39.26649856567383,39.26649856567383,106226000,0.006833296555739166,38.491950035095215,39.87806991577148,52.742348649085926,-0.5290101346219132,-0.6930458155860488,0.16403568096413568,41.018844166347584,38.491950035095215,35.965055903842845,13.129468000184255
2016-11-23,39.08649826049805,39.087501525878906,38.65599822998047,39.00600051879883,39.00600051879883,70806000,-0.006634104297313703,38.38577499389648,39.89709991455078,50.989207119560625,-0.43288576305064197,-0.6410138050789675,0.20812804202832558,40.62220419977259,38.38577499389648,36.149345788020376,11.652385323634649
2016-11-25,39.32500076293945,39.337501525878906,38.89500045776367,39.01850128173828,39.01850128173828,36742000,0.00032048307371135287,38.29080009460449,39.90777992248535,51.073253802595914,-0.35164426277540883,-0.5831398966182558,0.231495633842847,40.230689582058424,38.29080009460449,36.35091060715056,10.132405082479746
2016-11-28,38.8494987487793,38.84999847412109,38.21200180053711,38.3385009765625,38.3385009765625,88776000,-0.017427637731796786,38.26692504882813,39.89602996826172,46.41089136692905,-0.33823121126011557,-0.5341581595466278,0.19592694828651225,40.192068898389124,38.26692504882813,36.34178119926713,10.061659498925174
2016-11-29,38.400001525878906,38.49449920654297,38.06600189208984,38.1259994506836,38.1259994506836,65446000,-0.005542770856085566,38.19867496490478,39.883449935913085,45.0275528255209,-0.3408196121514564,-0.49549045006759357,0.15467083791613717,40.040371492685466,38.19867496490478,36.3569784371241,9.642724672899002
2016-11-30,38.09999847412109,38.40449905395508,37.51250076293945,37.52849960327149,37.52849960327149,92518000,-0.01567171630962705,38.11157493591309,39.85379989624023,41.300037460722216,-0.3866273828752469,-0.47371783662912426,0.08709045375387736,39.90644696021786,38.11157493591309,36.31670291160832,9.419038847504773
2016-12-01,37.62049865722656,37.66849899291992,36.9015007019043,37.182498931884766,37.182498931884766,93320000,-0.009219677712789864,38.05679988861085,39.80770988464356,39.27256842998736,-0.4457118450301536,-0.46811663830933015,0.02240479327917655,39.89436930291641,38.05679988861085,36.219230474305284,9.656983349540575
2016-12-02,37.16999816894531,37.42449951171875,36.834999084472656,37.016998291015625,37.016998291015625,71226000,-0.004451035987987906,37.99007472991944,39.74334983825683,38.303945564626645,-0.5001260833686558,-0.4745185273211953,-0.02560755604746051,39.876266669740836,37.99007472991944,36.10388279009805,9.929919607849078
2016-12-05,37.25,38.074501037597656,37.09999847412109,37.96799850463867,37.96799850463867,86294000,0.0256909057332686,38.000849723815925,39.69695983886719,46.47352456869341,-0.46119561393323494,-0.47185394464360325,0.010658330710368313,39.88394946170941,38.000849723815925,36.11774998592244,9.910829634492673
2016-12-06,38.199501037597656,38.4119987487793,37.86249923706055,38.23600006103516,38.23600006103516,75894000,0.007058616912970717,37.95032482147217,39.66251983642578,48.54147902801511,-0.4040597018831704,-0.4582950960915167,0.05423539420834628,39.74937588152764,37.95032482147217,36.151273761416704,9.481083856428924
2016-12-07,38.227500915527344,38.52099990844727,37.79100036621094,38.52099990844727,38.52099990844727,73698000,0.007453704544334361,37.90699977874756,39.616829833984376,50.72179385369235,-0.3319553988950261,-0.4330271566522186,0.10107175775719246,39.60438469473176,37.90699977874756,36.20961486276336,8.95552233567076
2016-12-08,38.59349822998047,38.68949890136719,38.259498596191406,38.36650085449219,38.36650085449219,63792000,-0.004010774754608759,37.8956247329712,39.55543983459473,49.497430167202666,-0.2840051669674466,-0.40322275871526425,0.11921759174781765,39.577418979264365,37.8956247329712,36.213830486678035,8.87592833285535
2016-12-09,38.5,38.51250076293945,38.266998291015625,38.43299865722656,38.43299865722656,49418000,0.0017332256331263896,37.96132469177247,39.49504981994629,50.05623896362539,-0.23789612729645881,-0.3701574324315032,0.13226130513504436,39.619121645284984,37.96132469177247,36.30352773825995,8.734136476917088
2016-12-12,38.31999969482422,38.34450149536133,37.86000061035156,38.00600051879883,38.00600051879883,59278000,-0.011110195752249585,38.01409969329835,39.41785980224609,46.49836310697303,-0.23312227389836693,-0.34275040072487595,0.10962812682650902,39.60570140470812,38.01409969329835,36.422497981888576,8.373744080491074
2016-12-13,38.24800109863281,39.12300109863281,38.09999847412109,38.71699905395508,38.71699905395508,105706000,0.018707533690754286,38.1522747039795,39.355459747314455,52.54658177552873,-0.17000757941276845,-0.30820183646245447,0.13819425704968602,39.45857673668432,38.1522747039795,36.84597267127468,6.847833020915872
2016-12-14,38.91249847412109,39.042999267578125,38.14049911499024,38.44100189208984,38.44100189208984,109096000,-0.007128578366329963,38.21622486114502,39.290249786376954,50.17536348806587,-0.14063820400262017,-0.2746891099704876,0.13405090596786745,39.445293571422866,38.21622486114502,36.98715615086718,6.432182743028891
2016-12-15,38.31399917602539,38.45500183105469,38.01549911499024,38.04999923706055,38.04999923706055,76038000,-0.010171500111440857,38.25249977111817,39.20688980102539,46.94343526526169,-0.147216390005525,-0.2491945659774951,0.10197817597197009,39.415185598989936,38.25249977111817,37.0898139432464,6.0790057372911
2016-12-16,38.25,38.25650024414063,37.70000076293945,37.88850021362305,37.88850021362305,96964000,-0.004244389662962256,38.255924797058114,39.12299980163574,45.63590214808393,-0.1635756727605866,-0.2320707873341134,0.0684951145735268,39.41388821767881,38.255924797058114,37.09796137643742,6.053772986869442
2016-12-19,37.94449996948242,38.525001525878906,37.80799865722656,38.29999923706055,38.29999923706055,62264000,0.010860789451083708,38.270524787902836,39.04956977844238,49.49590821443198,-0.14170253147952394,-0.21399713616319552,0.07229460468367158,39.422966438189654,38.270524787902836,37.11808313761602,6.022606988922713
2016-12-20,38.432498931884766,38.71950149536133,38.385501861572266,38.56100082397461,38.56100082397461,54072000,0.006814662979457875,38.24857482910157,38.97907981872559,51.83201814047971,-0.10212997190173922,-0.19162370331090425,0.08949373140916503,39.360619343967706,38.24857482910157,37.136530314235436,5.8148284992832275
2016-12-21,38.5,38.56100082397461,38.28499984741211,38.52999877929688,38.52999877929688,40892000,-0.0008039740674586904,38.21174983978272,38.918679809570314,51.52713418437288,-0.07243505303986097,-0.16778597325669561,0.09535092021683464,39.231467852246844,38.21174983978272,37.192031827318594,5.337196107164316
2016-12-22,38.40599822998047,38.56050109863281,38.1510009765625,38.31700134277344,38.31700134277344,50872000,-0.00552809351859862,38.17729988098145,38.85092987060547,49.3781178986971,-0.06533558102697157,-0.1472958948107508,0.08196031378377924,39.131829280136344,38.17729988098145,37.22277048182656,5.000507642660214
2016-12-23,38.227500915527344,38.32500076293945,37.89950180053711,38.02949905395508,38.02949905395508,39632000,-0.007503256485194232,38.12784976959229,38.782239837646486,46.55565787657674,-0.08196340712174077,-0.1342293972729488,0.05226599015120803,39.00202948644249,38.12784976959229,37.25367005274209,4.5855180511510305
2016-12-27,38.16999816894531,38.73249816894531,38.060001373291016,38.56999969482422,38.56999969482422,52774000,0.014212667910831422,38.13942470550538,38.73067985534668,52.09906582539447,-0.0509399900369516,-0.11757151582574937,0.06663152578879777,39.03042346300375,38.13942470550538,37.248425948007004,4.6723240551122345
2016-12-28,38.8125,39.0,38.525001525878906,38.60649871826172,38.60649871826172,66020000,0.0009463060338679163,38.163449668884276,38.68985984802246,52.45767814696572,-0.023141778314119676,-0.09868556832342344,0.07554379000930377,39.077323604165976,38.163449668884276,37.249575733602576,4.789262727613466
2016-12-29,38.619998931884766,38.66999816894531,38.04249954223633,38.25749969482422,38.25749969482422,63166000,-0.009039903514286185,38.199899673461914,38.63735984802246,48.703065229877964,-0.02893920657398752,-0.08473629597353627,0.05579708939954875,39.066495266898634,38.199899673461914,37.333304080025194,4.537161620027805
2016-12-30,38.32350158691406,38.369998931884766,37.41400146484375,37.493499755859375,37.493499755859375,82788000,-0.019969939098456124,38.21544971466064,38.569539871215824,41.67154121511695,-0.09409742377108898,-0.08660852153304681,-0.007488902238042175,39.017197818720916,38.21544971466064,37.41370161060037,4.195937036180932
2017-01-03,37.89599990844727,37.9379997253418,37.3849983215332,37.68349838256836,37.68349838256836,70422000,0.005067508446695346,38.248774719238284,38.51288986206055,43.842938859239474,-0.12891838811943046,-0.09507049485032354,-0.03384789326910692,38.887284765846346,38.248774719238284,37.61026467263022,3.3387215736712488
2017-01-04,37.91949844360352,37.98400115966797,37.709999084472656,37.85900115966797,37.85900115966797,50210000,0.004657284610836365,38.24332485198975,38.451079864501956,45.84828475237646,-0.14073039348845384,-0.10420247457794961,-0.036527918910504234,38.89308935118801,38.24332485198975,37.593560352791485,3.3980544406795015
2017-01-05,38.07749938964844,39.119998931884766,38.01300048828125,39.022499084472656,39.022499084472656,116602000,0.03073239887913859,38.28264980316162,38.393439865112306,56.84942722905987,-0.05556639920924766,-0.09447525950420924,0.03890886029496157,39.01573906353872,38.28264980316162,37.54956054278452,3.8298773159456485
2017-01-06,39.11800003051758,39.97200012207031,38.92399978637695,39.79949951171875,39.79949951171875,119724000,0.01991160088348276,38.346574783325195,38.35424987792969,62.35025379981754,0.07377370331642652,-0.06082546694008209,0.1345991702565086,39.331398983097216,38.346574783325195,37.361750583553174,5.136438940566167
2017-01-09,39.900001525878906,40.0885009765625,39.5885009765625,39.84600067138672,39.84600067138672,68922000,0.0011683855384734265,38.42054977416992,38.328579864501954,62.657069089722896,0.1779773097323698,-0.013064911605591714,0.1910422213379615,39.60273660224324,38.42054977416992,37.2383629460966,6.153929785086533
2017-01-10,39.83000183105469,39.900001525878906,39.47700119018555,39.79499816894531,39.79499816894531,51168000,-0.001279990502987438,38.48864974975586,38.3061198425293,62.05970782576602,0.2535215047668373,0.040252371668894095,0.21326913309794324,39.81409531740965,38.48864974975586,37.163204182102064,6.887462024630792
2017-01-11,39.68299865722656,39.97499847412109,39.47549819946289,39.95100021362305,39.95100021362305,59856000,0.003920142024267603,38.58589973449707,38.32881980895996,63.214921077150635,0.3222640257536966,0.0966547024858546,0.225609323267842,40.03506481635981,38.58589973449707,37.13673465263433,7.511371209867818
2017-01-12,40.01549911499024,40.70650100708008,39.97499847412109,40.68199920654297,40.68199920654297,97478000,0.01829738902683742,38.684149742126465,38.352639770507814,68.11417863383423,0.43076291170847725,0.16347634433037914,0.2672865673780981,40.39784643977259,38.684149742126465,36.97045304448034,8.859942426393506
2017-01-13,40.71599960327149,41.08250045776367,40.56999969482422,40.85699844360352,40.85699844360352,75838000,0.004301638082535808,38.804949569702146,38.384369735717776,69.17269646355462,0.5248202354361879,0.2357451225515409,0.28907511288464705,40.75708073810774,38.804949569702146,36.85281840129655,10.06124832039346
2017-01-17,40.78499984741211,40.79999923706055,40.172000885009766,40.48600006103516,40.48600006103516,73410000,-0.009080412088530276,38.92674961090088,38.42852973937988,64.29934574500642,0.5629357008819511,0.30118323821762294,0.26175246266432817,40.97679137838943,38.92674961090088,36.876707843412326,10.532817602189247
2017-01-18,40.47499847412109,40.58649826049805,40.2135009765625,40.374000549316406,40.374000549316406,47084000,-0.002766376316502228,39.05102462768555,38.46897972106934,62.859575474126494,0.5774485893888723,0.35643630845187285,0.22101228093699948,41.13530119830175,39.05102462768555,36.96674805706935,10.674631923171264
2017-01-19,40.5,40.67549896240234,40.36600112915039,40.45199966430664,40.45199966430664,50816000,0.001931914448134897,39.15862464904785,38.52296974182129,63.47299686845185,0.5884606270002024,0.40284117216153875,0.18561945483866366,41.29816575582877,39.15862464904785,37.019083542266934,10.927560025185619
2017-01-20,40.76399993896485,40.80099868774414,40.3129997253418,40.416500091552734,40.416500091552734,67524000,-0.0008775727540912825,39.25139961242676,38.54636978149414,62.96329335646736,0.5875503130343986,0.4397830003361108,0.14776731269828786,41.43960130578087,39.25139961242676,37.06319791907265,11.14967473751605
2017-01-23,40.34000015258789,40.92499923706055,40.25400161743164,40.89400100708008,40.89400100708008,55950000,0.011814504334756615,39.36959972381592,38.57649978637696,66.8225796974246,0.6182326151484574,0.47547292329858015,0.14275969184987725,41.64289812512698,39.36959972381592,37.09630132250485,11.54849638938989
2017-01-24,41.09999847412109,41.199501037597656,40.72499847412109,41.12200164794922,41.12200164794922,59434000,0.005575405566935476,39.50984973907471,38.62705978393555,68.50989148476549,0.6534141552199841,0.511061169682861,0.14235298553712317,41.85117312226415,39.50984973907471,37.16852635588527,11.851846558018684
2017-01-25,41.28950119018555,41.87099838256836,41.26449966430664,41.82600021362305,41.82600021362305,78452000,0.017119754327643122,39.69967479705811,38.72119979858398,73.06492256141019,0.7296911544725688,0.5547871666408025,0.1749039878317663,42.1435004758002,39.69967479705811,37.255849118316014,12.311565226842566
2017-01-26,41.7765007019043,42.19200134277344,41.650001525878906,41.95750045776367,41.95750045776367,71726000,0.0031439832513029398,39.869049835205075,38.821339797973636,73.82650747585393,0.7916268154768602,0.602155096408014,0.1894717190688462,42.4423462637956,39.869049835205075,37.29575340661455,12.908742190882402
2017-01-27,41.95000076293945,41.98500061035156,41.47200012207031,41.78850173950195,41.78850173950195,59974000,-0.004027854767751027,40.02814998626709,38.93803985595703,71.04626366448971,0.8176491385621745,0.6452539048388461,0.17239523372332832,42.662282696501656,40.02814998626709,37.39401727603252,13.161401219583164
2017-01-30,41.650001525878906,41.67499923706055,40.81900024414063,41.51900100708008,41.51900100708008,74946000,-0.0064491599651470555,40.19122505187988,39.025179901123046,66.7305139435085,0.8072204257029227,0.6776472090116614,0.12957321669126132,42.76993947758965,40.19122505187988,37.61251062617011,12.832226051239282
2017-01-31,41.1875,41.3494987487793,40.97800064086914,41.17399978637695,41.17399978637695,62744000,-0.008309477885662386,40.375250053405765,39.102169876098635,61.57398308323368,0.7623292236550796,0.694583611940345,0.06774561171473459,42.666959495244456,40.375250053405765,38.083540611567074,11.352050767771674
2017-02-01,41.46049880981445,41.68899917602539,41.24700164794922,41.61750030517578,41.61750030517578,77004000,0.010771373223389613,40.571950149536136,39.178119888305666,65.2874368265569,0.7538495002037635,0.7064367895930288,0.04741271061073471,42.56109574014913,40.571950149536136,38.582804558923144,9.805521219865415
2017-02-02,41.829498291015625,42.1245002746582,41.41299819946289,41.997501373291016,41.997501373291016,147010000,0.009130799911785559,40.77887516021728,39.25790992736816,68.12939886476512,0.7689284402530561,0.7189351197250343,0.049993320528021745,42.428071678058004,40.77887516021728,39.12967864237656,8.088484595816565
2017-02-03,40.33599853515625,40.915000915527344,40.20000076293945,40.5099983215332,40.5099983215332,217376000,-0.03541884643413129,40.853250122070314,39.288109893798826,50.64873494440832,0.6533184952482785,0.7058117948296831,-0.052493299581404695,42.30073420890578,40.853250122070314,39.40576603523485,7.086261594905449
2017-02-06,40.4900016784668,40.5359992980957,40.150001525878906,40.38199996948242,40.38199996948242,77946000,-0.003159673101806648,40.882375144958495,39.310419921875,49.47243560177732,0.5450849832405069,0.6736664325118479,-0.12858144927134096,42.26590482852459,40.882375144958495,39.4988454613924,6.768342977434415
2017-02-07,40.46549987792969,40.80799865722656,40.375,40.625,40.625,69322000,0.006017533324283564,40.92132511138916,39.34279991149902,51.76286742276086,0.4734594707601474,0.6336250401615078,-0.1601655694013604,42.227663493632804,40.92132511138916,39.614986729145514,6.384633824480268
2017-02-08,40.634498596191406,41.07400131225586,40.625,40.98550033569336,40.98550033569336,57160000,0.008873854417067228,40.98085021972656,39.382139892578124,55.02039898242712,0.44070492826520535,0.5950410177822473,-0.15433608951704192,42.180620293724296,40.98085021972656,39.78108014572883,5.855271755295166
2017-02-09,41.08000183105469,41.25,40.98550033569336,41.06800079345703,41.06800079345703,49698000,0.0020129181561270304,41.03670024871826,39.43672988891601,55.75675774997888,0.4166014921347525,0.5593531126527483,-0.14275162051799584,42.13959288401557,41.03670024871826,39.93380761342095,5.375152624908024
2017-02-10,41.19100189208984,41.400001525878906,41.14250183105469,41.37300109863281,41.37300109863281,48592000,0.007426714212598773,41.07125034332275,39.501669921875,58.4640000818755,0.4172999469510188,0.5309424795124025,-0.11364253256138368,42.17082044809594,41.07125034332275,39.97168023854957,5.3544515717523105
2017-02-13,41.58100128173828,42.150001525878906,41.4275016784668,41.82649993896485,41.82649993896485,83452000,0.010961226604057517,41.11972541809082,39.58762992858887,62.17055739044202,0.4492681601019157,0.5146076156303052,-0.06533945552838949,42.26189646432369,41.11972541809082,39.977554371857956,5.555343741329381
2017-02-14,41.84999847412109,41.91550064086914,41.5724983215332,41.81949996948242,41.81949996948242,55848000,-0.00016735728527716986,41.186400413513184,39.68036994934082,62.07847179180282,0.46863621375029396,0.505413335254303,-0.036777121504009025,42.328498394298705,41.186400413513184,40.04430243272766,5.5459956166055315
2017-02-15,41.70000076293945,42.14049911499024,41.64099884033203,42.1349983215332,42.1349983215332,59378000,0.007544288006336997,41.27445030212402,39.782729949951175,64.6219415687427,0.5036379908321322,0.5050582663698688,-0.0014202755377366039,42.423948260594344,41.27445030212402,40.1249523436537,5.570021890327469
2017-02-16,42.09199905395508,42.25,41.96900177001953,42.20700073242188,42.20700073242188,54294000,0.0017088504510960334,41.36220035552979,39.86750999450683,65.1956729672078,0.5310653533365794,0.510259683763211,0.02080566957336849,42.515105520630996,41.36220035552979,40.20929519042858,5.574680046957781
2017-02-17,42.09999847412109,42.36349868774414,42.0364990234375,42.25350189208984,42.25350189208984,62246000,0.0011017404426045818,41.45405044555664,39.94786003112793,65.58385751429067,0.5502114950633015,0.5182500460232291,0.031961449040072365,42.58341241212133,41.45405044555664,40.324688478991945,5.4487412179320485
2017-02-21,42.44200134277344,42.89899826049805,42.36249923706055,42.821998596191406,42.821998596191406,70154000,0.01345442812180253,41.55045032501221,40.03388000488281,69.99054242633598,0.6042919814149812,0.5354584331015796,0.0688335483134016,42.79536480333756,41.55045032501221,40.30553584668685,5.992303181253139
2017-02-22,42.84749984741211,42.92150115966797,42.60900115966797,42.78049850463867,42.78049850463867,52340000,-0.0009691301880624392,41.63337516784668,40.12215995788574,69.29304081602535,0.6364656659094976,0.5556598796631632,0.08080578624633439,42.970609624167885,41.63337516784668,40.296140711525474,6.423858027028023
2017-02-23,42.87850189208984,43.042999267578125,42.400001525878906,42.609500885009766,42.609500885009766,69240000,-0.003997092731641838,41.672550201416016,40.20569000244141,66.35857794236139,0.6407789628404004,0.5726836962986106,0.06809526654178977,43.07440634940032,41.672550201416016,40.27069405343171,6.727959489921832
2017-02-24,42.234500885009766,42.29050064086914,41.88750076293945,42.262001037597656,42.262001037597656,73760000,-0.008155454539350404,41.687775230407716,40.29081001281738,60.73008501117998,0.6091352166212971,0.579974000363148,0.02916121625814916,43.1081711546298,41.687775230407716,40.26737930618563,6.814448199125894
2017-02-27,42.11899948120117,42.625,41.98350143432617,42.43199920654297,42.43199920654297,54272000,0.004022482721395049,41.719950103759764,40.36511001586914,62.40983110641825,0.5909625033840626,0.5821717009673308,0.008790802416731802,43.176702790748834,41.719950103759764,40.263197416770694,6.98348240286025
2017-02-28,42.5724983215332,42.704498291015625,42.102500915527344,42.25199890136719,42.25199890136719,55874000,-0.004242088719402681,41.75659999847412,40.44132995605469,59.50735911620366,0.5556310085159808,0.5768635624770608,-0.021232553961080036,43.228094004114446,41.75659999847412,40.2851059928338,7.04795891281424
2017-03-01,42.65250015258789,42.74150085449219,42.45050048828125,42.65399932861328,42.65399932861328,55202000,0.009514352875576781,41.83059997558594,40.533409957885745,63.58098534362951,0.5536860707384932,0.5722280641293473,-0.01854199339085416,43.32611698729289,41.83059997558594,40.33508296387899,7.15034932599483
2017-03-02,42.65399932861328,42.74100112915039,42.36399841308594,42.445499420166016,42.445499420166016,42642000,-0.00488816785598345,41.87199993133545,40.6245499420166,60.198360921952265,0.5292199749883935,0.5636264463011565,-0.03440647131276309,43.387339259157386,41.87199993133545,40.35666060351352,7.237960118011514
2017-03-03,42.36000061035156,42.5994987487793,42.3134994506836,42.49399948120117,42.49399948120117,38822000,0.001142643194159465,41.89682483673096,40.708429946899415,60.72183932423799,0.507889335323874,0.5524790241057,-0.04458968878182601,43.43566035112237,41.89682483673096,40.35798932233954,7.345833582321101
2017-03-06,42.26150131225586,42.42449951171875,42.055999755859375,42.33050155639648,42.33050155639648,52208000,-0.003847553226356659,41.98784999847412,40.78381996154785,57.95463864077534,0.47234681354731833,0.5364525819940238,-0.06410576844670546,43.397754237369675,41.98784999847412,40.57794575957856,6.71577248631113
2017-03-07,42.27399826049805,42.42300033569336,42.1875,42.30099868774414,42.30099868774414,44952000,-0.0006969647787666844,42.08379993438721,40.859239959716795,57.44590379114808,0.43676373359003406,0.5165148123132259,-0.07975107872319187,43.28997817960824,42.08379993438721,40.877621689166176,5.732268697701173
2017-03-08,42.400001525878906,42.65349960327149,42.339500427246094,42.525001525878906,42.525001525878906,45730000,0.005295450345943475,42.17880001068115,40.94339996337891,60.295706027289704,0.42177705992952497,0.4975672618364858,-0.07579020190696084,43.1947125169603,42.17880001068115,41.162887504402,4.817171214078568
2017-03-09,42.54999923706055,42.81999969482422,42.51549911499024,42.650001525878906,42.650001525878906,40964000,0.002939447278418772,42.26202507019043,41.035810012817386,61.83179463256178,0.4152002978316318,0.48109386903551504,-0.06589357120388323,43.1360879563793,42.26202507019043,41.387962184001566,4.1363985030872925
2017-03-10,42.84999847412109,42.86750030517578,42.58599853515625,42.62300109863281,42.62300109863281,48728000,-0.0006330697838242694,42.33977508544922,41.11687004089355,61.28029535691132,0.4031620564323717,0.4655075065148864,-0.06234545008251474,43.03312031941141,42.33977508544922,41.64642985148703,3.2751484038963197
2017-03-13,42.5885009765625,42.78450012207031,42.58549880981445,42.72949981689453,42.72949981689453,38194000,0.002498620827174447,42.407600021362306,41.19933006286621,62.69372253686454,0.39763157067967825,0.4519323193478448,-0.05430074866816653,42.96056784201252,42.407600021362306,41.85463220071209,2.607871326704016
2017-03-14,42.6775016784668,42.6875,42.37749862670898,42.62649917602539,42.62649917602539,42612000,-0.002410527652102701,42.44759998321533,41.286710052490236,60.39736440814255,0.3805505797707198,0.4376559714324198,-0.05710539166169998,42.93894642892512,42.44759998321533,41.956253537505546,2.315072917687106
2017-03-15,42.71649932861328,42.72249984741211,42.355499267578125,42.64849853515625,42.64849853515625,51244000,0.0005160958454508702,42.48904991149902,41.38981002807617,60.728229409304475,0.36458621292347715,0.4230420197306313,-0.058455806807154176,42.8936720360509,42.48904991149902,42.084427786947145,1.904594832761243
2017-03-16,42.76499938964844,42.775001525878906,42.5255012512207,42.67100143432617,42.67100143432617,36846000,0.0005276363750852386,42.51585006713867,41.48956008911133,61.08636025029575,0.34971879253052407,0.40837737429060994,-0.05865858176008587,42.89320512006361,42.51585006713867,42.13849501421373,1.7751264637966422
2017-03-17,42.67449951171875,42.69150161743164,42.53200149536133,42.615501403808594,42.615501403808594,67688000,-0.001300649824284017,42.53627510070801,41.58469009399414,59.64174883928836,0.3296577764830104,0.39263345472909006,-0.06297567824607964,42.88789507091984,42.53627510070801,42.18465513049618,1.6532710933401684
2017-03-20,42.57550048828125,42.88999938964844,42.55049896240234,42.8484992980957,42.8484992980957,45654000,0.005467444629579932,42.566024971008304,41.6612100982666,63.539976459509916,0.32877039905007166,0.3798608435932864,-0.051090444543214764,42.917594362031835,42.566024971008304,42.21445557998477,1.651877953193821
2017-03-21,42.94200134277344,43.13999938964844,42.06549835205078,42.15999984741211,42.15999984741211,87658000,-0.01606822787173301,42.532925033569335,41.70842010498047,48.60111831316907,0.26940545600335497,0.3577697660753002,-0.08836431007194523,42.90586657605447,42.532925033569335,42.1599834910842,1.7536604510072642
2017-03-22,42.02149963378906,42.46849822998047,41.95249938964844,42.40299987792969,42.40299987792969,53174000,0.00576375786046146,42.51405010223389,41.759560089111325,52.817489282394554,0.2392089309111327,0.33405759904246674,-0.09484866813133402,42.87290651708203,42.51405010223389,42.15519368738575,1.6881779740353886
2017-03-23,42.40999984741211,42.54449844360352,42.2400016784668,42.36899948120117,42.36899948120117,39060000,-0.0008018394176448895,42.502025032043456,41.81104011535645,52.17259295185922,0.210112374693459,0.30926855417266524,-0.09915617947920624,42.86339089010314,42.502025032043456,42.14065917398377,1.7004641909990927
2017-03-24,42.58399963378906,42.59000015258789,42.17649841308594,42.28049850463867,42.28049850463867,42766000,-0.002088814407849471,42.50294990539551,41.85763008117676,50.44600889321955,0.17786157753566556,0.2829871588452653,-0.10512558130959976,42.861940655548224,42.50294990539551,42.1439591552428,1.6892509858810614
2017-03-27,41.90349960327149,42.51499938964844,41.67499923706055,42.34099960327149,42.34099960327149,55116000,0.0014309457261054703,42.498399925231936,41.890810089111326,51.62461747496833,0.15539324486667283,0.25746837604954687,-0.10207513118287403,42.86313315535408,42.498399925231936,42.133666695109795,1.7164562937137477
2017-03-28,42.587501525878906,42.92300033569336,42.505001068115234,42.79999923706055,42.79999923706055,60832000,0.010840547887149832,42.525799942016604,41.92967010498047,59.495569299604966,0.17263434253805343,0.2405015693472482,-0.06786722680919477,42.894686132518366,42.525799942016604,42.15691375151484,1.7348818411634042
2017-03-29,42.95249938964844,43.821998596191406,42.95100021362305,43.71599960327149,43.71599960327149,89716000,0.021401878096712235,42.57889995574951,41.99427009582519,69.98960514402988,0.257246236393847,0.24385050275656797,0.013395733637279056,43.21515981295775,42.57889995574951,41.942640098541276,2.9886157597752696
2017-03-30,43.747501373291016,43.85300064086914,43.58300018310547,43.81700134277344,43.81700134277344,55254000,0.0023104067256507488,42.64747505187988,42.063130111694335,70.8853202885792,0.32866314400303054,0.2608130310058605,0.06785011299717003,43.47755715564359,42.64747505187988,41.81739294811617,3.8927608387316153
2017-03-31,43.84999847412109,44.51750183105469,43.83250045776367,44.32699966430664,44.32699966430664,79152000,0.011639279409916048,42.73912506103515,42.140630111694335,74.95083903376336,0.4215547395000243,0.2929613727046933,0.128593366795331,43.84134420297859,42.73912506103515,41.63690591909172,5.157892869212332
2017-04-03,44.400001525878906,44.67449951171875,44.27099990844727,44.57550048828125,44.57550048828125,68446000,0.005606082655188249,42.85137500762939,42.22381011962891,76.66097422616009,0.5093524399984801,0.3362395861634507,0.17311285383502945,44.195081502022745,42.85137500762939,41.50766851323604,6.271474341974391
2017-04-04,44.57500076293945,45.42699813842773,44.51399993896485,45.34149932861328,45.34149932861328,99694000,0.017184301509601818,43.003400039672854,42.31276008605957,80.97309060382142,0.6334405465693607,0.3956797782446327,0.23776076832472798,44.70418271529504,43.003400039672854,41.30261736405067,7.909991647419163
2017-04-05,45.54100036621094,46.18600082397461,45.28099822998047,45.4640007019043,45.4640007019043,150168000,0.0027017495033232475,43.15034999847412,42.39960006713867,81.55986266825302,0.7332140667199667,0.46318663593969955,0.27002743078026714,45.14319285337374,43.15034999847412,41.1575071435745,9.2367401653525
2017-04-06,45.68999862670898,45.859500885009766,44.7244987487793,44.91400146484375,44.91400146484375,126882000,-0.012097466755439101,43.263549995422366,42.46136009216308,70.97654467822846,0.7591539047166762,0.522380089695095,0.23677381502158124,45.38302853205537,43.263549995422366,41.14407145878936,9.797987159432186
2017-04-07,44.98249816894531,45.00450134277344,44.46549987792969,44.74399948120117,44.74399948120117,74218000,-0.003785055396937742,43.36959991455078,42.51709007263184,68.03773285535065,0.7572644012643508,0.5693569520089462,0.1879074492554046,45.56128613388334,43.36959991455078,41.17791369521822,10.107016083389023
2017-04-10,44.98149871826172,45.42549896240234,44.95000076293945,45.35200119018555,45.35200119018555,63686000,0.013588452441311683,43.500724983215335,42.58836006164551,72.4338436985526,0.7956557881507251,0.614616719237302,0.18103906891342314,45.8328379062975,43.500724983215335,41.16861206013317,10.72217956818883
2017-04-11,45.35200119018555,45.5620002746582,44.875,45.11800003051758,45.11800003051758,60254000,-0.005159665583149842,43.62530002593994,42.66034004211426,68.52730098485304,0.7980004484653875,0.6512934650829191,0.14670698338246846,46.02257691530032,43.62530002593994,41.228023136579566,10.990305570093215
2017-04-12,45.15449905395508,45.204498291015625,44.76250076293945,44.811500549316406,44.811500549316406,49122000,-0.006793286071941518,43.73345012664795,42.73309005737305,63.6825868168499,0.7662933097731823,0.6742934340209717,0.09199987575221058,46.13984510939309,43.73345012664795,41.32705514390281,11.004825714762717
2017-04-13,44.5724983215332,44.74850082397461,44.2244987487793,44.23350143432617,44.23350143432617,63492000,-0.012898454814163851,43.81157512664795,42.78541007995605,55.68715899120551,0.6866106556444791,0.6767568783456732,0.009853777298805877,46.1760145037054,43.81157512664795,41.4471357495905,10.793674366751103
2017-04-17,44.375,45.11899948120117,44.375,45.0994987487793,45.0994987487793,57094000,0.01957786036312048,43.93577499389649,42.84745002746582,63.151834553180635,0.6854390097661778,0.6784933046297742,0.006945705136403579,46.2968133503992,43.93577499389649,41.57473663739378,10.7476804805683
2017-04-18,45.04949951171875,45.480499267578125,45.03900146484375,45.18899917602539,45.18899917602539,59984000,0.0019845104652858048,44.052799987792966,42.94103004455567,63.82998074707645,0.6838494180490571,0.6795645273136308,0.004284890735426261,46.41868316464042,44.052799987792966,41.68691681094551,10.741125093083937
2017-04-19,45.391998291015625,45.525001525878906,44.868499755859375,44.959999084472656,44.959999084472656,57404000,-0.005067607066505442,44.192799949645995,43.032590026855466,60.749318414074914,0.6565430421006795,0.6749602302710406,-0.018417188170361087,46.42149167690046,44.192799949645995,41.96410822239153,10.086220967188646
2017-04-20,44.98500061035156,45.26599884033203,44.81449890136719,45.10300064086914,45.10300064086914,56288000,0.0031806396643336843,44.32779998779297,43.12215003967285,61.98323096316665,0.6390747173852915,0.6677831276938908,-0.028708410308599275,46.42998527321649,44.32779998779297,42.225614702369455,9.484726451583061
2017-04-21,45.13349914550781,45.182498931884766,44.8385009765625,44.92649841308594,44.92649841308594,48410000,-0.003913314530636147,44.455674934387204,43.2009700012207,59.49708305149671,0.6040258554359923,0.6550316732423112,-0.051005817806318854,46.36828651083183,44.455674934387204,42.54306335794258,8.60457783744135
2017-04-24,45.43399810791016,45.4995002746582,45.19100189208984,45.37049865722656,45.37049865722656,62458000,0.009882814370667736,44.6101749420166,43.287019958496096,63.46678867393715,0.6051012582227102,0.6450455902383909,-0.039944332015680706,46.2786185345864,44.6101749420166,42.9417313494468,7.480103338480112
2017-04-25,45.35200119018555,45.4739990234375,45.150001525878906,45.38100051879883,45.38100051879883,67612000,0.00023146894751158165,44.76217498779297,43.36717994689941,63.5577684217,0.5998858247682364,0.6360136371443601,-0.036127812376123725,46.09645046020998,44.76217498779297,43.427899515375955,5.961620376046877
2017-04-26,45.51499938964844,45.78749847412109,45.37799835205078,45.464500427246094,45.464500427246094,52178000,0.0018399750444610952,44.895400047302246,43.439939956665036,64.3186250935974,0.5956243146185756,0.6279357726392033,-0.03231145802062774,45.91418404776393,44.895400047302246,43.87661604684056,4.538478326903357
2017-04-27,45.71950149536133,46.09299850463867,45.605499267578125,45.91899871826172,45.91899871826172,106110000,0.00999677301508961,45.00555000305176,43.52192993164063,68.20933172860362,0.6217540570653171,0.6266994295244261,-0.0049453724591090875,45.96510331316653,45.00555000305176,44.04599669293699,4.264155465491278
2017-04-28,47.44150161743164,47.47949981689453,46.21649932861328,46.2495002746582,46.2495002746582,147294000,0.007197490485894464,45.127174949646,43.60421997070313,70.71040390870692,0.6615053577026231,0.6336606151600656,0.027844742542557532,46.06979094595205,45.127174949646,44.184558953339945,4.177598076360183
2017-05-01,46.38999938964844,47.720001220703125,46.38999938964844,47.4114990234375,47.4114990234375,109330000,0.025124568738659425,45.28139991760254,43.708309936523435,77.43276401589544,0.7778060734013934,0.6624897068083312,0.11531636659306221,46.588669878587766,45.28139991760254,43.97412995661732,5.773982091384236
2017-05-02,47.33250045776367,47.505001068115234,47.070499420166016,47.34700012207031,47.34700012207031,76976000,-0.0013604062874136291,45.419974899291994,43.81017990112305,76.38479927136288,0.8549157693708409,0.7009749193208331,0.1539408500500078,46.96458640021046,45.419974899291994,43.87536339837353,6.801463472154147
2017-05-03,47.29999923706055,47.29999923706055,46.79499816894531,47.05149841308594,47.05149841308594,71654000,-0.006241191801434343,45.50547485351562,43.89476989746094,71.603473199971,0.8820139330818151,0.7371827220730295,0.1448312110087856,47.20480584901191,45.50547485351562,43.80614385801933,7.468688112656863
2017-05-04,47.23749923706055,47.25,46.71099853515625,46.87649917602539,46.87649917602539,48368000,-0.0037193127310027885,45.57609977722168,43.97668991088867,68.8547185946066,0.8792331941943345,0.7655928164972905,0.11364037769704405,47.37703615321966,45.57609977722168,43.77516340122369,7.902985928155566
2017-05-05,47.0260009765625,47.03950119018555,46.51499938964844,46.70750045776367,46.70750045776367,57328000,-0.003605190686853832,45.665774726867674,44.05864990234375,66.2113000323728,0.8535534218804841,0.7831849375739293,0.07036848430655485,47.50412836775185,45.665774726867674,43.827421085983495,8.051341083687232
2017-05-08,47.04750061035156,47.45249938964844,46.96049880981445,47.45199966430664,47.45199966430664,68314000,0.015939607113341525,45.80117473602295,44.16244987487793,71.41726784907294,0.8830970877191504,0.8031673676029736,0.07992972011617683,47.74395558927329,45.80117473602295,43.85839388277261,8.483541587951148
2017-05-09,47.63999938964844,47.89450073242188,47.5099983215332,47.64099884033203,47.64099884033203,65242000,0.003982954930507487,45.91562461853027,44.26662986755371,72.57256970610317,0.91125690733017,0.824785275548413,0.08647163178175699,48.00336059643448,45.91562461853027,43.827888640626064,9.09379321418033
2017-05-10,47.67499923706055,47.6875,47.25,47.4474983215332,47.4474983215332,41930000,-0.004061638578303994,46.03209953308105,44.370539855957034,69.4763236402356,0.9074988111402575,0.841327982666782,0.06617082847347555,48.18766495826931,46.03209953308105,43.876534107892795,9.365488200854955
2017-05-11,47.25550079345703,47.51449966430664,47.03900146484375,47.38100051879883,47.38100051879883,43882000,-0.00140150282073348,46.16057453155518,44.465079879760744,68.39636815951422,0.8889078989654777,0.8508439659265212,0.0380639330389565,48.31611933492994,46.16057453155518,44.00502972818042,9.339332645876139
2017-05-12,47.72499847412109,48.13949966430664,47.57649993896485,48.067501068115234,48.067501068115234,72518000,0.014488941596833227,46.35227451324463,44.57751991271973,73.05323605665679,0.9189759415208414,0.8644703610453853,0.05450558047545606,48.4698036124996,46.35227451324463,44.234745413989664,9.136678281666228
2017-05-15,47.936500549316406,48.157501220703125,47.803001403808594,47.89849853515625,47.89849853515625,85412000,-0.0035159417320134168,46.492224502563474,44.685609893798826,70.30666748985095,0.9185791808763568,0.8752921250115797,0.0432870558647771,48.62994707814036,46.492224502563474,44.354501926986586,9.196043417793522
2017-05-16,48.04999923706055,48.50299835205078,48.045501708984375,48.30350112915039,48.30350112915039,62522000,0.008455434019437602,46.647949600219725,44.80506988525391,72.93294859375762,0.9401080889421749,0.8882553177976987,0.05185277114447617,48.83640155062412,46.647949600219725,44.45949764981533,9.382843058096958
2017-05-17,47.73500061035156,48.02000045776367,47.20600128173828,47.23799896240234,47.23799896240234,102912000,-0.022058487311286012,46.761849594116214,44.90380989074707,58.318839194795835,0.8612646607181915,0.8828571863817973,-0.02159252566360581,48.8203017713675,46.761849594116214,44.70339741686493,8.803981002112828
2017-05-18,47.2400016784668,48.13750076293945,47.23799896240234,47.92449951171875,47.92449951171875,78786000,0.014532803344672107,46.90292453765869,45.011799850463866,63.40655778037266,0.8444413387136152,0.875174016848161,-0.030732678134545832,48.872089793164406,46.90292453765869,44.93375928215298,8.396769604098601
2017-05-19,48.141998291015625,48.44599914550781,47.98600006103516,47.992000579833984,47.992000579833984,79442000,0.0014084877005076102,47.056199645996095,45.11863983154297,63.873500488549496,0.8270221107965625,0.8655436356378413,-0.0385215248412788,48.85608965599581,47.056199645996095,45.25630963599638,7.649959085265241
2017-05-22,48.20000076293945,48.56900024414063,48.14500045776367,48.53350067138672,48.53350067138672,52844000,0.01128313229309863,47.2143497467041,45.236849822998046,67.46059272692096,0.8471464026572448,0.8618641890417221,-0.014717786384477294,48.94862894276719,47.2143497467041,45.48007055064101,7.3464072061445975
2017-05-23,48.7509994506836,48.7599983215332,48.34249877929688,48.57699966430664,48.57699966430664,48312000,0.0008962673682750832,47.37414970397949,45.35379981994629,67.73771860863472,0.8567292130641277,0.8608371938462034,-0.0041079807820756375,48.98806088673169,47.37414970397949,45.76023852122729,6.8134676520289155
2017-05-24,48.79999923706055,49.04999923706055,48.51150131225586,49.01750183105469,49.01750183105469,48920000,0.009068122152297464,47.55179977416992,45.481619873046874,70.47956853889909,0.889613591065789,0.8665924732901205,0.02302111777566851,49.06482333206474,47.55179977416992,46.0387762162751,6.363685770382518
2017-05-25,49.24250030517578,49.95000076293945,49.105499267578125,49.66899871826172,49.66899871826172,96440000,0.013291107520177148,47.73929977416992,45.622029876708986,73.99910795702681,0.9572109199204633,0.884716162616189,0.07249475730427424,49.32420157014415,47.73929977416992,46.154397978195696,6.639820037041099
2017-05-26,49.75,49.932498931884766,49.462501525878906,49.78900146484375,49.78900146484375,69384000,0.002416049239541307,47.916274833679196,45.76438987731934,74.59981609892414,1.0088362722271569,0.9095401845383827,0.09929608768877418,49.58450380793009,47.916274833679196,46.2480458594283,6.963099615074151
2017-05-30,49.82550048828125,50.060001373291016,49.7760009765625,49.834999084472656,49.834999084472656,65262000,0.0009238510168030345,48.03744983673096,45.908779830932616,74.8397650289798,1.0414561017002057,0.9359233679707473,0.10553273372945848,49.883958762099944,48.03744983673096,46.19094091136197,7.687789138036581
2017-05-31,50.0,50.00600051879883,49.108001708984375,49.73099899291992,49.73099899291992,78262000,-0.0020868886016521815,48.15664978027344,46.046429824829104,73.15700979496408,1.0468481989503857,0.9581083341666751,0.08873986478371065,50.11395361271639,48.15664978027344,46.199345947830494,8.128903656602468
2017-06-01,49.929500579833984,49.949501037597656,49.56850051879883,49.79750061035156,49.79750061035156,49096000,0.0013372266549704914,48.293949890136716,46.19917984008789,73.56629843170559,1.0444478548936402,0.9753762383120682,0.06907161658157202,50.30637116617617,48.293949890136716,46.28152861409726,8.334051286413663
2017-06-02,49.949501037597656,50.42399978637695,49.78350067138672,50.33649826049805,50.33649826049805,75046000,0.010823789217132784,48.46694984436035,46.35784980773926,76.67109087519574,1.0736616673407156,0.9950333241177978,0.07862834322291778,50.555655405055035,48.46694984436035,46.378244283665666,8.619092257309555
2017-06-05,50.36149978637695,50.66049957275391,50.17549896240234,50.56700134277344,50.56700134277344,54398000,0.004579243496091179,48.65992488861084,46.521809844970704,77.86828403482423,1.1027022316065072,1.0165671056155396,0.08613512599096751,50.77573307435482,48.65992488861084,46.54411670286686,8.69630682984962
2017-06-06,50.59999847412109,50.82500076293945,50.0625,50.150001525878906,50.150001525878906,66928000,-0.00824648102164205,48.79482498168945,46.67919990539551,70.79062921003225,1.0796234605911792,1.0291783766106675,0.05044508398051173,50.929327534017524,48.79482498168945,46.66032242936138,8.748889059973296
2017-06-07,50.29750061035156,50.51250076293945,50.09999847412109,50.50350189208984,50.50350189208984,56460000,0.00704886052752185,48.937950134277344,46.84244995117187,73.02867869045464,1.077437860540826,1.0388302733966992,0.03860758714412671,51.126971448155516,48.937950134277344,46.74892882039917,8.946109544318356
2017-06-08,50.60300064086914,50.68050003051758,50.30550003051758,50.51350021362305,50.51350021362305,55358000,0.0001979728367069722,49.09125022888183,46.996719970703126,73.09147863067986,1.0642445885947254,1.0439131364363043,0.020331452158421026,51.27069807773545,49.09125022888183,46.91180238002821,8.879170274508049
2017-06-09,50.625,50.64950180053711,46.34999847412109,48.91550064086914,48.91550064086914,152954000,-0.031635098854680854,49.16797523498535,47.100709991455076,52.179636208021904,0.9143040866669025,1.017991326482424,-0.10368723981552153,51.204549021764464,49.16797523498535,47.13140144820623,8.284147464059071
2017-06-12,48.34999847412109,48.79750061035156,47.25,48.24549865722656,48.24549865722656,188944000,-0.013697130252466216,49.17687511444092,47.18927993774414,46.21002719842468,0.7329624629665901,0.9609855537792573,-0.22802309081266725,51.19561231538896,49.17687511444092,47.15813791349287,8.21010768272764
2017-06-13,48.89950180053711,49.22499847412109,48.30500030517578,49.03950119018555,49.03950119018555,91600000,0.016457546404488266,49.23392524719238,47.28352996826172,53.06316031421802,0.6458720770788418,0.8979628584391742,-0.25209078136033247,51.167627912863615,49.23392524719238,47.30022258152115,7.855163511593077
2017-06-14,49.429500579833984,49.516998291015625,48.33549880981445,48.82350158691406,48.82350158691406,79498000,-0.004404604411325286,49.259925270080565,47.36848999023437,51.153827118225166,0.5530477656285626,0.8289798398770519,-0.2759320742484893,51.15651528976318,49.259925270080565,47.36333525039795,7.70033656886021
2017-06-15,47.935001373291016,48.2864990234375,47.542999267578125,48.20849990844727,48.20849990844727,107478000,-0.012596427099190843,49.308450317382814,47.42583000183105,46.07080032357521,0.42495966389519424,0.7481758046806805,-0.3232161407854862,51.03792909475414,49.308450317382814,47.57897154001149,7.0149386818657735
2017-06-16,49.79999923706055,49.98749923706055,49.09999847412109,49.385501861572266,49.385501861572266,229454000,0.024414822186134,49.38150043487549,47.504260025024415,55.23804599574251,0.4136547865597038,0.6812716010564852,-0.26761681449678143,50.99018778309073,49.38150043487549,47.77281308666025,6.515344143245644
2017-06-19,50.84999847412109,50.84999847412109,49.494998931884766,49.75849914550781,49.75849914550781,100868000,0.007552768927631126,49.46982536315918,47.60114997863769,57.692449410654135,0.429838443359408,0.6309849695170698,-0.20114652615766182,50.952712226211816,49.46982536315918,47.98693850010655,5.995116627830101
2017-06-20,49.900001525878906,50.24399948120117,49.60100173950195,49.62950134277344,49.62950134277344,81536000,-0.0025924777666052057,49.52462539672852,47.698860015869144,56.53783386094674,0.42732907974094303,0.5902537915618444,-0.1629247118209014,50.94473094629372,49.52462539672852,48.10451984716332,5.734947162907804
2017-06-21,49.935001373291016,50.13600158691406,49.63249969482422,50.11149978637695,50.11149978637695,58450000,0.009711934042506698,49.60135040283203,47.79404998779297,59.77705291316529,0.4589432253445196,0.5639916783183795,-0.1050484529738599,50.97337018029697,49.60135040283203,48.2293306253671,5.532187193784943
2017-06-22,50.11149978637695,50.34799957275391,49.86000061035156,50.06499862670898,50.06499862670898,45068000,-0.0009279538602159354,49.65372524261475,47.8929899597168,59.317731895388725,0.4747725263955189,0.5461478479338074,-0.07137532153828852,51.01250553336577,49.65372524261475,48.29494495186373,5.473024568093687
2017-06-23,50.12699890136719,50.23099899291992,49.9010009765625,50.1870002746582,50.1870002746582,57582000,0.002436865101283381,49.67962532043457,48.000499954223635,60.182193574604284,0.49149621250954567,0.5352175208489551,-0.04372130833940946,51.058186316022955,49.67962532043457,48.30106432484618,5.549804317953855
2017-06-26,50.42499923706055,50.4900016784668,49.59999847412109,49.69900131225586,49.69900131225586,67724000,-0.009723612882453048,49.67512531280518,48.109809951782225,55.135469606611586,0.4600690269940273,0.5201878220779695,-0.060118795083942245,51.05281608939535,49.67512531280518,48.29743453621501,5.5468034269257585
2017-06-27,49.53450012207031,49.93999862670898,48.79999923706055,48.8390007019043,48.8390007019043,75648000,-0.017304182934144485,49.62532539367676,48.184599990844724,47.56543965440348,0.3615995990322389,0.4884701774688235,-0.12687057843658456,51.04758440543877,49.62532539367676,48.20306638191475,5.731988658932733
2017-06-28,48.9275016784668,49.53400039672852,48.46049880981445,49.51649856567383,49.51649856567383,74752000,0.013872066463946231,49.614600372314456,48.271149978637695,53.03592824860971,0.33437580729413696,0.4576513034338862,-0.12327549613974925,51.03674518420549,49.614600372314456,48.19245556042342,5.732767375809042
2017-06-29,48.95000076293945,49.37799835205078,48.26250076293945,48.79650115966797,48.79650115966797,86060000,-0.014540555710960135,49.56455039978027,48.3478800201416,47.37875108703656,0.2518003847148762,0.4164811196900842,-0.16468073497520802,51.02730213261729,49.56455039978027,48.10179866694326,5.902410981391643
2017-06-30,49.00600051879883,49.17350006103516,48.38050079345703,48.400001525878906,48.400001525878906,67806000,-0.008125575079485081,49.467725563049314,48.413820037841795,44.5599108601703,0.15260542034380364,0.36370597982082814,-0.2111005594770245,50.969123762027,49.467725563049314,47.966327364071624,6.070213181982971
2017-07-03,48.63949966430664,48.7244987487793,47.54999923706055,47.68299865722656,47.68299865722656,58182000,-0.014814108389417546,49.32352542877197,48.46895004272461,39.9330912392957,0.015952664772044045,0.2941553168110713,-0.2782026520390273,50.925521188656184,49.32352542877197,47.72152966888776,6.4958688413205605
2017-07-05,48.07649993896485,48.75,47.76250076293945,48.56999969482422,48.56999969482422,73060000,0.018602039774678225,49.24452533721924,48.53294006347656,47.23257393761065,-0.020535339184043266,0.23121718561204843,-0.25175252479609167,50.83146390419407,49.24452533721924,47.65758677024441,6.445137022268805
2017-07-06,48.233001708984375,48.720001220703125,47.95100021362305,48.25699996948242,48.25699996948242,65192000,-0.006444301571102318,49.13220024108887,48.590460052490236,45.14762133298487,-0.07385742477026014,0.17020226353558673,-0.24405968830584687,50.663847453638596,49.13220024108887,47.60055302853914,6.234800009093931
2017-07-07,48.477500915527344,49.00550079345703,48.45700073242188,48.9379997253418,48.9379997253418,52868000,0.014111937258636909,49.0534252166748,48.659930038452146,50.289162709754855,-0.06046754064793447,0.1240683026988825,-0.18453584334681697,50.448798289033704,49.0534252166748,47.6580521443159,5.689197303533329
2017-07-10,49.25,49.97200012207031,49.17499923706055,49.82350158691406,49.82350158691406,70926000,0.01809436157060018,49.09882526397705,48.73802009582519,56.05702087236611,0.02135052322744002,0.10352474680459402,-0.082174223577154,50.531871055067505,49.09882526397705,47.66577947288659,5.837393393368447
2017-07-11,49.650001525878906,49.79949951171875,49.18600082397461,49.70650100708008,49.70650100708008,59654000,-0.0023483010247660197,49.171875381469725,48.80716011047363,55.1465520535101,0.07587630453075889,0.097995058349827,-0.02211875381906811,50.57205239274108,49.171875381469725,47.77169837019837,5.695031968615968
2017-07-12,50.032501220703125,50.4275016784668,49.90499877929688,50.32550048828125,50.32550048828125,72172000,0.012453089005661555,49.23617534637451,48.865440139770506,58.94565566634065,0.1671101225191407,0.11181807118368975,0.055292051335450954,50.72164608424021,49.23617534637451,47.750704608508805,6.034062261804364
2017-07-13,50.23099899291992,50.34400177001953,49.79499816894531,50.03150177001953,50.03150177001953,57616000,-0.0058419432575773644,49.29657535552978,48.919130172729496,56.49795736382302,0.21323233148039833,0.13210092324303147,0.08113140823736686,50.80802484734603,49.29657535552978,47.78512586371353,6.132066906942677
2017-07-14,50.119998931884766,50.22249984741211,49.84450149536133,50.09049987792969,50.09049987792969,42050000,0.001179219208357063,49.3906753540039,48.97991020202637,56.884870176961016,0.251644368973011,0.15600961238902739,0.09563475658398363,50.85298240835503,49.3906753540039,47.928368299652774,5.921389184780952
2017-07-17,50.234500885009766,50.73749923706055,50.19049835205078,50.50199890136719,50.50199890136719,74252000,0.00821511113764739,49.44650020599365,49.052420196533205,59.58486484409246,0.31169766096966356,0.18714722210515464,0.12455043886450892,50.98691538288149,49.44650020599365,47.90608502910581,6.2306337980260915
2017-07-18,50.29999923706055,51.30149841308594,50.20000076293945,51.22249984741211,51.22249984741211,80152000,0.014266780755591402,49.51970024108887,49.14272018432617,63.85315587977995,0.41267170981427626,0.23225211964697898,0.18041959016729728,51.240982383634574,49.51970024108887,47.798418098543166,6.951908570389421
2017-07-19,51.25,51.579498291015625,51.125,51.34349822998047,51.34349822998047,59280000,0.0023622115853150216,49.60540008544922,49.22055015563965,64.53063068400655,0.4967319129622112,0.2851480783100254,0.21158383465218578,51.50178372950017,49.60540008544922,47.70901644139827,7.645875815069646
2017-07-20,51.579498291015625,51.74850082397461,51.1259994506836,51.435001373291016,51.435001373291016,61950000,0.0017821758638392193,49.67157516479492,49.29643020629883,65.06388998610876,0.5642296799893671,0.3409643986458938,0.22326528134347334,51.72023696068924,49.67157516479492,47.622913368900605,8.248829593575369
2017-07-21,51.06399917602539,51.30500030517578,50.54999923706055,51.28350067138672,51.28350067138672,54692000,-0.002945478717979899,49.73250026702881,49.3731502532959,63.36525724405192,0.598597051952865,0.392490929307288,0.20610612264557693,51.893720303330404,49.73250026702881,47.57128023072722,8.691378976312674
2017-07-24,51.41699981689453,52.1505012512207,51.37149810791016,51.9474983215332,51.9474983215332,65760000,0.012947588238978236,49.82052516937256,49.46448020935058,67.38430102501607,0.6716699103182648,0.4483267255094834,0.22334318480878146,52.18268683540762,49.82052516937256,47.458363503337495,9.48268472885234
2017-07-25,51.90250015258789,52.166500091552734,51.624000549316406,51.993499755859375,51.993499755859375,48952000,0.0008855370482221403,49.93525009155273,49.54300018310547,67.64909345193769,0.7249359974132616,0.503648579890239,0.2212874175230226,52.47858856815044,49.93525009155273,47.39191161495502,10.186545464114753
2017-07-26,52.15999984741211,52.65999984741211,52.15999984741211,52.63999938964844,52.63999938964844,58426000,0.012434239603503539,50.12530002593994,49.63783020019531,71.18919598994569,0.8099799282040436,0.564914849553,0.24506507865104366,52.87245781255304,50.12530002593994,47.37814223932685,10.961162467621879
2017-07-27,53.477500915527344,54.16550064086914,52.00899887084961,52.29999923706055,52.29999923706055,219834000,-0.006458969538946313,50.26447505950928,49.717760162353514,67.03464393120024,0.840256728723098,0.6199832253870197,0.2202735033360783,53.15257696782867,50.26447505950928,47.37637315118989,11.491622681426996
2017-07-28,50.60699844360352,51.64250183105469,50.04999923706055,51.00199890136719,51.00199890136719,154188000,-0.02481836242119062,50.374749946594235,49.793040161132815,54.06310560530458,0.7508581071516787,0.6461582017399514,0.10469990541172725,53.19792001573467,50.374749946594235,47.551579877453804,11.20867129716165
2017-07-31,50.95249938964844,50.95249938964844,49.35100173950195,49.38899993896485,49.38899993896485,147042000,-0.03162619107383846,50.42419986724853,49.822330169677734,42.94260111421896,0.5435873826274289,0.6256440379174469,-0.08205665529001804,53.13988070474845,50.42419986724853,47.708519029748615,10.771339335674032
2017-08-01,49.80550003051758,50.31999969482422,49.57899856567383,49.80950164794922,49.80950164794922,91452000,0.00851407620125988,50.530525016784665,49.85868019104004,46.0576964954203,0.4085453572054405,0.5822243017750457,-0.1736789445696052,52.960018014688856,50.530525016784665,48.101032018880474,9.615942035421913
2017-08-02,50.0885009765625,50.16049957275391,49.08649826049805,49.79449844360352,49.79449844360352,81400000,-0.00030121169353869437,50.59174995422363,49.88390014648437,45.96127975724196,0.29689057617539305,0.5251575566551152,-0.22826698047972216,52.87802582792829,50.59174995422363,48.30547408051897,9.038137149923955
2017-08-03,49.9734992980957,49.97499847412109,49.22949981689453,49.34600067138672,49.34600067138672,65116000,-0.0090069743894452,50.646199989318845,49.89928016662598,43.05940168099156,0.1702507906767181,0.4541762034594358,-0.2839254127827177,52.75223059267779,50.646199989318845,48.5401693859599,8.316638183331037
2017-08-04,49.48400115966797,49.58349990844727,49.09999847412109,49.37900161743164,49.37900161743164,54606000,0.0006687663761180129,50.66825008392334,49.90651016235351,43.34286212532592,0.07172395966365741,0.37768575470028015,-0.30596179503662274,52.71054996150465,50.66825008392334,48.62595020634203,8.061458109165343
2017-08-07,49.532501220703125,49.75,49.35699844360352,49.61349868774414,49.61349868774414,53532000,0.0047489228747330525,50.65774993896484,49.90540016174317,45.422002208819265,0.012419525479906213,0.30463250885620535,-0.29221298337629914,52.71938227153545,50.65774993896484,48.59611760639423,8.13945481216428
2017-08-08,49.71749877929688,49.81399917602539,49.28950119018555,49.492000579833984,49.492000579833984,58056000,-0.00244889215886257,50.647024917602536,49.89946014404297,44.51060150490307,-0.043877752366064726,0.23493045661175135,-0.2788082089778161,52.73045650465983,50.647024917602536,48.563593330545245,8.227261484546498
2017-08-09,49.130001068115234,49.400001525878906,48.76350021362305,49.10049819946289,49.10049819946289,71394000,-0.00791041735602449,50.58577480316162,49.88477012634277,41.61310585628997,-0.11871623398592135,0.1642011184922168,-0.28291735247813815,52.77286288052061,50.58577480316162,48.39868672580263,8.647047854339872
2017-08-10,48.81499862670898,48.99300003051758,47.73400115966797,47.84600067138672,47.84600067138672,113682000,-0.02554958858013978,50.47649974822998,49.84707015991211,33.97997840372206,-0.27607135733534705,0.07614662332670402,-0.35221798066205107,52.96153875138054,50.47649974822998,47.99146074507943,9.846320626610781
2017-08-11,48.0,48.51950073242188,47.56900024414063,48.39950180053711,48.39950180053711,69360000,0.011568388608943936,50.391949844360354,49.81911018371582,39.27281983115795,-0.3520552373226451,-0.009493748803165794,-0.3425614885194793,53.03388266280441,50.391949844360354,47.7500170259163,10.485535196013963
2017-08-14,48.920501708984375,49.275001525878906,48.80950164794922,49.165000915527344,49.165000915527344,63458000,0.015816260219888134,50.32509994506836,49.79568023681641,45.750504323179115,-0.34650928526420444,-0.07689685609537353,-0.2696124291688309,53.01964850778413,50.32509994506836,47.630551382352586,10.708567158960317
2017-08-15,49.44499969482422,49.58700180053711,49.09999847412109,49.137001037597656,49.137001037597656,50986000,-0.0005695083374003262,50.220825004577634,49.76708023071289,45.5590753344256,-0.3404489508622177,-0.12960727504874237,-0.21084167581347535,52.92976379861075,50.220825004577634,47.51188621054452,10.788109489584038
2017-08-16,49.08250045776367,49.323001861572266,48.6609992980957,48.90900039672852,48.90900039672852,62642000,-0.0046401008619690876,50.09910011291504,49.742260208129885,43.946569080325055,-0.35000915080621553,-0.17368765020023702,-0.1763215006059785,52.814091700187625,50.09910011291504,47.38410852564245,10.838484448436983
2017-08-17,48.891998291015625,48.891998291015625,48.01599884033203,48.02849960327149,48.02849960327149,70248000,-0.018002837643680936,49.928775024414065,49.692760162353515,38.30771199603614,-0.423750007211261,-0.22370012160244182,-0.20004988560881917,52.713678547784646,49.928775024414065,47.143871501043485,11.155505105057452
2017-08-18,48.06999969482422,48.27149963378906,47.73249816894531,47.92350006103516,47.92350006103516,65696000,-0.0021861924295710766,49.76077499389648,49.640960159301756,37.68670482400245,-0.48507115440544624,-0.27597432816304274,-0.2090968262424035,52.603302181717915,49.76077499389648,46.91824780607505,11.424770567460367
2017-08-21,47.87850189208984,48.060001373291016,47.27299880981445,47.66450119018555,47.66450119018555,63290000,-0.005404423101813438,49.5466251373291,49.615940170288084,36.13079965300815,-0.5482477904298619,-0.3304290206164066,-0.21781876981345533,52.342879982462414,49.5466251373291,46.75037029219579,11.287367554835035
2017-08-22,47.7760009765625,48.39649963378906,47.775001525878906,48.345001220703125,48.345001220703125,55000000,0.014276873008747692,49.36420021057129,49.617930221557614,42.81145362007162,-0.5372124140495202,-0.37178569930302935,-0.1654267147464909,51.967518606573044,49.36420021057129,46.76088181456954,10.547394204289189
2017-08-23,47.96900177001953,48.09999847412109,47.709999084472656,47.900001525878906,47.900001525878906,53366000,-0.009204668188810716,49.127200317382815,49.59514022827148,39.87423602281338,-0.5579429362554649,-0.40901714669351646,-0.1489257895619484,51.326107859504184,49.127200317382815,46.92829277526145,8.95189437995848
2017-08-24,47.87099838256836,47.95000076293945,47.05699920654297,47.622501373291016,47.622501373291016,103914000,-0.005793322416450586,48.89332542419434,49.571120223999024,38.11795527764553,-0.5899632386317464,-0.44520636508116246,-0.14475687355058392,50.64143803546145,48.89332542419434,47.14521281292723,7.150720864660499
2017-08-25,47.79999923706055,47.88100051879883,47.20500183105469,47.26300048828125,47.26300048828125,66496000,-0.0075489710670970656,48.70637550354004,49.5522102355957,35.911206081982456,-0.6370052756095959,-0.48356614718684915,-0.1534391284227467,50.30587158762592,48.70637550354004,47.10687941945415,6.567912588649229
2017-08-28,47.32699966430664,47.650001525878906,47.11249923706055,47.30099868774414,47.30099868774414,51934000,0.0008039734902636209,48.601975440979004,49.51052017211914,36.33077247978881,-0.6635710576081948,-0.5195671292711183,-0.14400392833707654,50.28025187996712,48.601975440979004,46.92369900199089,6.906206687117769
2017-08-29,47.0,47.79999923706055,46.81650161743164,47.70299911499024,47.70299911499024,57486000,0.008498772507952612,48.496650314331056,49.46941017150879,40.750083081209866,-0.6447542309879424,-0.5446045496144831,-0.10014968137345925,50.12214902404531,48.496650314331056,46.871151604616806,6.703550448035401
2017-08-30,47.922000885009766,48.47050094604492,47.84550094604492,48.37950134277344,48.37950134277344,58092000,0.01418154498320856,48.42590045928955,49.44441017150879,47.37044921374103,-0.5686980867644351,-0.5494232570444736,-0.019274829719961528,49.938542753523485,48.42590045928955,46.913258165055616,6.247244882955043
2017-08-31,48.73500061035156,49.04999923706055,48.63800048828125,49.02999877929688,49.02999877929688,66630000,0.013445724293737804,48.41010036468506,49.422780151367185,52.82847092077442,-0.4507375163052316,-0.5296861088966253,0.07894859259139364,49.89022137809381,48.41010036468506,46.9299793512763,6.114926439972832
2017-09-01,49.209999084472656,49.22499847412109,48.84400177001953,48.91249847412109,48.91249847412109,50718000,-0.002396498227640431,48.386775207519534,49.39973014831543,51.783804492595365,-0.3625548997907657,-0.4962598670754534,0.13370496728468767,49.81901429617239,48.386775207519534,46.95453611886668,5.919960908782695
2017-09-05,48.77000045776367,48.8385009765625,48.01850128173828,48.26350021362305,48.26350021362305,57664000,-0.013268556723623814,48.319275283813475,49.361260147094725,46.33380136194071,-0.3411062164668479,-0.4652291369537323,0.12412292048688439,49.63652738333773,48.319275283813475,47.00202318428922,5.452284173498444
2017-09-06,48.41600036621094,48.59199905395508,48.02999877929688,48.38999938964844,48.38999938964844,42598000,0.0026210112293032495,48.264175224304196,49.33508010864258,47.49376015842839,-0.3103233398040146,-0.43424797752378874,0.12392463771977413,49.46789964596943,48.264175224304196,47.06045080263896,4.988065852450663
2017-09-07,48.70000076293945,49.02949905395508,48.62749862670898,48.9734992980957,48.9734992980957,51336000,0.0120582747635265,48.25782527923584,49.33777008056641,52.58470048103884,-0.23612225183244107,-0.3946228323855192,0.15850058055307814,49.44506245043635,48.25782527923584,47.070588108035324,4.920392348104231
2017-09-08,48.95500183105469,48.99399948120117,48.17350006103516,48.29499816894531,48.29499816894531,52106000,-0.013854454733169819,48.28027515411377,49.31334007263184,46.89127552739242,-0.22942209062645702,-0.3615826840337068,0.13216059340724978,49.452398260434904,48.28027515411377,47.10815204779263,4.8554947235890635
2017-09-11,48.72299957275391,49.09700012207031,48.71099853515625,48.89799880981445,48.89799880981445,43734000,0.012485778315173057,48.305200004577635,49.31537002563476,51.87794146501619,-0.1734555645908742,-0.3239572601451403,0.15050169555426612,49.5072237514347,48.305200004577635,47.10317625772057,4.9767881997928
2017-09-12,49.16350173950195,49.23350143432617,48.7760009765625,49.12900161743164,49.12900161743164,49622000,0.004724177128713647,48.30340003967285,49.32995002746582,53.67253901834711,-0.10920287076914548,-0.2810063822699414,0.17180351150079592,49.500365547399724,48.30340003967285,47.10643453194598,4.956030038232395
2017-09-13,49.19850158691406,50.0,48.97100067138672,49.97999954223633,49.97999954223633,67494000,0.017321701984327253,48.345549964904784,49.37589004516602,59.64335701527032,0.010267910366415833,-0.22275152374267,0.23301943410908582,49.70527016242727,48.345549964904784,46.9858297673823,5.625006638706309
2017-09-14,49.84000015258789,49.928001403808594,49.387001037597656,49.61050033569336,49.61050033569336,78266000,-0.007392941375093831,48.38062496185303,49.396700057983395,56.253255613374776,0.07427764081545263,-0.16334569083104547,0.2376233316464981,49.8299153413816,48.38062496185303,46.93133458232446,5.991201563317137
2017-09-15,49.6505012512207,49.8125,49.20149993896485,49.339500427246094,49.339500427246094,75204000,-0.005462551407736771,48.446175003051756,49.418350067138675,53.836313548916614,0.10196301937300234,-0.11028394879023591,0.21224696816323824,49.943621279411865,48.446175003051756,46.94872872669165,6.181896821640842
2017-09-18,49.52000045776367,49.63949966430664,48.40850067138672,48.70949935913086,48.70949935913086,68226000,-0.012768695723707313,48.48547496795654,49.41378005981446,48.60776596917855,0.07223537583627149,-0.07378008386493444,0.14601545970120594,49.967162359384695,48.48547496795654,47.00378757652839,6.1118815167114775
2017-09-19,48.86249923706055,48.9119987487793,48.37300109863281,48.49300003051758,48.49300003051758,53422000,-0.004444704451118442,48.526899909973146,49.387170028686526,46.92130691151318,0.03085069014647246,-0.05285392906265306,0.08370461920912552,49.9599892858282,48.526899909973146,47.09381053411809,5.906371016956428
2017-09-20,48.589500427246094,48.740501403808594,48.108001708984375,48.66049957275391,48.66049957275391,57776000,0.0034540973363357264,48.54267482757568,49.36625,48.412575069939685,0.011437003130339463,-0.03999574262405455,0.051432745754394014,49.974352903972246,48.54267482757568,47.110996751179115,5.898636947724482
2017-09-21,48.56549835205078,48.584999084472656,48.10100173950195,48.23249816894531,48.23249816894531,46752000,-0.008795663989611957,48.55929965972901,49.324389953613284,44.93826869776044,-0.03804604885996099,-0.03960580387123584,0.001559755011274852,49.96828251683803,48.55929965972901,47.15031680261998,5.803143237164581
2017-09-22,48.05049896240234,48.28049850463867,47.72100067138672,47.755001068115234,47.755001068115234,52836000,-0.009899903985017278,48.565924644470215,49.2788599395752,41.37114855822054,-0.11447218539881732,-0.054579080176752136,-0.05989310522206518,49.95837506331304,48.565924644470215,47.17347422562739,5.734269156971044
2017-09-25,47.46549987792969,47.47100067138672,46.64450073242188,46.98949813842773,46.98949813842773,102480000,-0.016029796096028393,48.55224952697754,49.216839904785154,36.38480444496567,-0.23411144704508047,-0.0904855535504178,-0.14362589349466265,49.99989311847938,48.55224952697754,47.1046059354757,5.963240037714295
2017-09-26,47.27450180053711,47.43149948120117,46.587501525878906,46.93000030517578,46.93000030517578,71296000,-0.0012661942691252204,48.53369960784912,49.14539993286133,36.02140497237939,-0.3299242404798335,-0.13837329093630096,-0.19155094954353252,50.05274810773597,48.53369960784912,47.01465110796227,6.259768005162258
2017-09-27,47.400001525878906,47.76499938964844,47.165000915527344,47.54349899291992,47.54349899291992,62978000,0.013072633363619968,48.52572460174561,49.071819915771485,42.408717531026525,-0.35229135722000393,-0.18115690419304156,-0.17113445302696237,50.06369102917929,48.52572460174561,46.98775817431193,6.338767489021093
2017-09-28,47.59299850463867,47.98500061035156,47.505001068115234,47.81999969482422,47.81999969482422,50452000,0.005815741536933761,48.49774951934815,49.00134994506836,45.07040552710933,-0.3437436991611662,-0.2136742631866665,-0.13006943597449971,50.06540496348423,48.49774951934815,46.93009407521207,6.464858512705478
2017-09-29,48.00550079345703,48.24150085449219,47.91899871826172,48.067501068115234,48.067501068115234,50876000,0.005175687471152379,48.449624633789064,48.933999938964845,47.413246520403916,-0.3133858096598132,-0.23361657248129586,-0.07976923717851736,50.008035511607765,48.449624633789064,46.89121375597036,6.433118479650124
2017-10-02,48.20000076293945,48.365501403808594,47.60599899291992,47.95949935913086,47.95949935913086,48858000,-0.0022468758846300174,48.40197467803955,48.86751991271973,46.48159154067743,-0.2946453110844516,-0.245822320201927,-0.048822990882524564,49.95913764623876,48.40197467803955,46.84481170984034,6.434295206165247
2017-10-03,47.900001525878906,48.18450164794922,47.51850128173828,47.85499954223633,47.85499954223633,53332000,-0.002178918009798525,48.38154964447021,48.78566993713379,45.548973956840676,-0.2849409706869821,-0.25364605029893805,-0.031294920388044045,49.95606198355303,48.38154964447021,46.8070373053874,6.50873050017229
2017-10-04,47.71049880981445,48.38949966430664,47.70249938964844,48.272499084472656,48.272499084472656,50548000,0.008724261753839224,48.375674629211424,48.711249923706056,49.87603649642376,-0.24078585765373361,-0.2510740117698972,0.010288154116163573,49.95089371492468,48.375674629211424,46.80045554349817,6.512442866324674
2017-10-05,48.5,49.07550048828125,48.48199844360352,49.04249954223633,49.04249954223633,64584000,0.015951120666370278,48.37912464141846,48.639299926757815,56.70893592063085,-0.14202285955646943,-0.22926378132721165,0.08724092177074222,49.959858579701304,48.37912464141846,46.79839070313561,6.534776931162353
2017-10-06,48.78200149536133,49.78749847412109,48.78200149536133,49.479000091552734,49.479000091552734,75642000,0.00890045477678969,48.438324737548825,48.58287994384766,60.03491037326574,-0.02820539147717227,-0.18905210335720377,0.1608467118800315,50.08915208363905,48.438324737548825,46.7874973914586,6.816203306100396
2017-10-09,49.6619987487793,49.92499923706055,49.375,49.54949951171875,49.54949951171875,58772000,0.0014248351833214823,48.470899772644046,48.553829956054685,60.561923948517666,0.06691315283155319,-0.13785905211945237,0.20477220495100557,50.18135825508702,48.470899772644046,46.76044129020107,7.057671677092821
2017-10-10,49.83349990844727,49.897499084472656,49.005001068115234,49.36000061035156,49.36000061035156,61698000,-0.003824436235170703,48.48244972229004,48.55324996948242,58.33514489860081,0.12555696432811203,-0.0851758488299395,0.21073281315805154,50.21352310811564,48.48244972229004,46.751376336464446,7.141031015310789
2017-10-11,49.5634994506836,49.775001525878906,49.334999084472656,49.75,49.75,46742000,0.007901122058873167,48.470949745178224,48.552059936523435,61.4746819330689,0.20118318431215698,-0.027904042201520207,0.2290872265136772,50.16473004907826,48.470949745178224,46.77716944127819,6.988847187045382
2017-10-12,49.84049987792969,50.422000885009766,49.619998931884766,50.04650115966797,50.04650115966797,81346000,0.005959822304883788,48.492749786376955,48.557099990844726,63.71335028323653,0.281794324565908,0.03403563115196544,0.24775869341394258,50.25449553788768,48.492749786376955,46.73100403486623,7.266017123267568
2017-10-13,50.34999847412109,50.38850021362305,50.05149841308594,50.14699935913086,50.14699935913086,48630000,0.0020080964130191337,48.53312473297119,48.57311996459961,64.46703811630628,0.3497568198835168,0.0971798688982757,0.25257695098524113,50.404257691353614,48.53312473297119,46.66199177458876,7.710745882023389
2017-10-16,50.422000885009766,50.47850036621094,50.05199813842773,50.31700134277344,50.31700134277344,40178000,0.0033900729019715747,48.61349983215332,48.59187995910644,65.76250698229458,0.4125793682447707,0.1602597687675747,0.252319599477196,50.6397079832869,48.61349983215332,46.58729168101975,8.335989624813744
2017-10-17,50.27949905395508,50.57350158691406,50.21900177001953,50.45650100708008,50.45650100708008,46394000,0.0027724160936446474,48.71167488098145,48.60874000549316,66.83114329859998,0.4682257327090156,0.22185296155586287,0.2463727711531527,50.889608015076234,48.71167488098145,46.53374174688666,8.942140213475268
2017-10-18,50.4635009765625,51.115501403808594,49.82749938964844,49.84999847412109,49.84999847412109,49994000,-0.012020305032128253,48.77114982604981,48.61589996337891,58.30970409776802,0.45810543747819565,0.2691034567403294,0.18900198073786623,51.00450514895068,48.77114982604981,46.53779450314894,9.15851002433403
2017-10-19,49.5,49.5525016784668,49.012001037597656,49.33050155639648,49.33050155639648,62164000,-0.010421202279360164,48.826049995422366,48.620500030517576,52.17325632902616,0.40351450689505697,0.2959856667712749,0.10752884012378205,51.057723276628465,48.826049995422366,46.59437671421627,9.14132223030668
2017-10-20,49.67649841308594,49.73099899291992,49.09999847412109,49.14550018310547,49.14550018310547,47302000,-0.0037502431042487627,48.895574951171874,48.646490020751955,50.14922562552547,0.3413874345586194,0.30506602032874386,0.03632141422987556,51.075485793318016,48.895574951171874,46.71566410902573,8.916597644359623
2017-10-23,49.33649826049805,49.3390007019043,48.125,48.31499862670898,48.31499862670898,69882000,-0.016898832106748807,48.961849975585935,48.64479995727539,42.22911397457876,0.22257108638239487,0.2885670335394741,-0.06599594715707924,50.980569811212256,48.961849975585935,46.943130139959614,8.24609297497102
2017-10-24,48.45000076293945,48.99250030517578,48.25,48.79499816894531,48.79499816894531,54478000,0.009934793664073238,49.05509986877441,48.63739990234375,47.39970630439855,0.16523549404229954,0.2639007256400392,-0.09866523159773966,50.84962846784414,49.05509986877441,47.260571269704684,7.316379352484083
2017-10-25,48.900001525878906,49.22200012207031,48.3120002746582,48.64550018310547,48.64550018310547,60662000,-0.0030637973450112765,49.11019992828369,48.627569885253905,46.018239446228336,0.10650565508727539,0.23242171152948643,-0.12591605644221104,50.77895867824447,49.11019992828369,47.44144117832291,6.795976202083037
2017-10-26,49.01649856567383,49.14500045776367,48.4275016784668,48.62149810791016,48.62149810791016,112374000,-0.0004934079227257859,49.15027484893799,48.62181983947754,45.78750632273324,0.05736381338228824,0.1974101319000468,-0.14004631851775856,50.72925373856013,49.15027484893799,47.57129595931585,6.425107059828619
2017-10-27,52.90700149536133,55.27899932861328,52.52750015258789,55.04750061035156,55.04750061035156,331300000,0.13216381132847,49.499274826049806,48.76219985961914,77.83289989960264,0.5308242360203508,0.2640929527241076,0.2667312832962432,52.45341512771198,49.499274826049806,46.545134524387635,11.936095274298873
2017-10-30,54.7504997253418,56.13949966430664,54.678001403808594,55.54249954223633,55.54249954223633,132262000,0.008992214476522209,49.87842483520508,48.91457984924316,78.86907417432091,0.9352068268299192,0.3983157275452699,0.5368910992846493,53.74906526031503,49.87842483520508,46.007784410095134,15.520299359485707
2017-10-31,55.45000076293945,55.527000427246094,55.055999755859375,55.26399993896485,55.26399993896485,69540000,-0.005014171230441233,50.24887485504151,49.06656982421875,76.69684119289522,1.219156673763571,0.5624839167889302,0.6566727569746409,54.655115689143784,50.24887485504151,45.84263402093923,17.53766963663743
2017-11-01,55.27000045776367,55.44850158691406,54.83700180053711,55.18399810791016,55.18399810791016,75110000,-0.0014476301234627176,50.594449806213376,49.20334976196289,76.04887479793358,1.421349066761202,0.7342569467833846,0.6870921199778175,55.393110678530064,50.594449806213376,45.79578893389669,18.96911969868828
2017-11-02,54.89049911499024,55.09700012207031,54.34349822998047,54.71099853515625,54.71099853515625,73698000,-0.008571317573420112,50.877874755859374,49.33956970214844,72.16685039007233,1.5258320404654597,0.8925719655197997,0.6332600749456601,55.93883436075214,50.877874755859374,45.81691515096661,19.89454012840785
2017-11-03,54.557498931884766,55.63399887084961,54.42599868774414,55.58000183105469,55.58000183105469,75030000,0.015883521031699654,51.182924842834474,49.498719711303714,74.72006211413694,1.6596257210693466,1.045982716629709,0.6136430044396375,56.59325936493857,51.182924842834474,45.77259032073038,21.141169789406952
2017-11-06,55.45750045776367,56.27050018310547,55.4384994506836,56.03300094604492,56.03300094604492,67622000,0.008150397626239814,51.50709991455078,49.67411972045898,75.95815406195729,1.7816733977118488,1.1931208528461372,0.5885525448657116,57.253611352936915,51.50709991455078,45.76058847616464,22.313473085922062
2017-11-07,56.23699951171875,56.52999877929688,55.875,56.15850067138672,56.15850067138672,53780000,0.0022397466354273643,51.84702491760254,49.851269760131835,76.30439216158521,1.8670022005477804,1.327897122386466,0.5391050781613145,57.84413225334566,51.84702491760254,45.849917581859415,23.1338532742196
2017-11-08,56.14099884033203,56.777000427246094,55.95550155639648,56.64400100708008,56.64400100708008,51630000,0.008645179801616942,52.191724967956546,50.03008979797363,77.64561579959289,1.951308244357186,1.45257934678061,0.498728897576576,58.45373080611754,52.191724967956546,45.92971912979555,23.996163537440445
2017-11-09,56.29800033569336,56.48099899291992,55.78850173950195,56.45650100708008,56.45650100708008,74654000,-0.003310147529595686,52.512224960327146,50.191629791259764,75.85978072207828,1.980165592135421,1.5580965958515722,0.42206899628384886,58.95575675833753,52.512224960327146,46.06869316231676,24.541073256288247
2017-11-10,56.30500030517578,56.587501525878906,56.20299911499024,56.26750183105469,56.26750183105469,43598000,-0.0033476955293720856,52.81825008392334,50.336379852294925,74.01191929808765,1.9651317782942783,1.6395036323401135,0.3256281459541648,59.36394019063753,52.81825008392334,46.27255997720915,24.785713636153
2017-11-13,56.150001525878906,56.994998931884766,56.117000579833984,56.45849990844727,56.45849990844727,58368000,0.0033944652095283523,53.12532501220703,50.487299880981446,74.68307387882108,1.946194798942436,1.700841865660578,0.24535293328185803,59.74861072481091,53.12532501220703,46.50203929960315,24.934570136114917
2017-11-14,56.50550079345703,56.900001525878906,56.19449996948242,56.84199905395508,56.84199905395508,62768000,0.0067925847503862435,53.44459991455078,50.65886985778808,76.02207236341448,1.9397718005284545,1.7486278526341534,0.1911439478943011,60.137758858589734,53.44459991455078,46.75144097051182,25.0470915854557
2017-11-15,56.35049819946289,56.587501525878906,56.08150100708008,56.33449935913086,56.33449935913086,78574000,-0.00892825205430392,53.76882495880127,50.817759857177734,70.6935707916726,1.8721495691294905,1.7733321959332211,0.09881737319626938,60.36154526150945,53.76882495880127,47.17610465609309,24.52246374273439
2017-11-16,56.507999420166016,56.90800094604492,56.50249862670898,56.86449813842773,56.86449813842773,44266000,0.009408067619774974,54.14552478790283,50.975579833984376,72.8349778264161,1.8401132554801407,1.7866884078426053,0.05342484763753541,60.53874350048454,54.14552478790283,47.752306075321115,23.614947819325906
2017-11-17,56.91400146484375,56.93999862670898,56.29050064086914,56.49399948120117,56.49399948120117,48268000,-0.006515465173448587,54.512949752807614,51.13955986022949,69.03731284016295,1.7644881794749097,1.7822483621690663,-0.01776018269415669,60.54919515494797,54.512949752807614,48.47670435066726,22.146097136596296
2017-11-20,56.48849868774414,56.67100143432617,56.12749862670898,56.31549835205078,56.31549835205078,43278000,-0.0031596475871705776,54.912974739074706,51.28790985107422,67.21884054877913,1.670890230085881,1.7599767357524294,-0.08908650566654841,60.27609838621672,54.912974739074706,49.549851091932695,19.5331747100772
2017-11-21,56.64300155639648,57.0,56.40999984741211,56.9744987487793,56.9744987487793,49588000,0.01170193669616193,55.3219497680664,51.44481979370117,70.32641938592324,1.6310868514707053,1.7341987588960848,-0.10311190742537946,59.954238807317516,55.3219497680664,50.68966072881529,16.746658636117044
2017-11-22,57.04999923706055,58.01350021362305,57.04999923706055,57.80799865722656,57.80799865722656,71106000,0.014629350441896172,55.78007469177246,51.601379776000975,73.71978962203659,1.6478040050646214,1.7169198081297923,-0.06911580306517084,59.377251357441956,55.78007469177246,52.18289802610297,12.89771189998093
2017-11-24,58.03499984741211,59.34199905395508,58.03499984741211,59.29999923706055,59.29999923706055,70560000,0.025809587159050906,56.31399974822998,51.79516975402832,78.46678032948188,1.7611430861284987,1.7257644637295337,0.03537862239896494,58.32106380298367,56.31399974822998,54.30693569347629,7.1281175683734865
2017-11-27,60.132999420166016,60.670501708984375,59.557498931884766,59.791500091552734,59.791500091552734,134880000,0.008288378765863635,56.551199722290036,52.004209747314455,79.76355279638874,1.8690795501565134,1.7544274810149298,0.11465206914158355,58.98040710813023,56.551199722290036,54.12199233644984,8.591178959136052
2017-11-28,60.24399948120117,60.266998291015625,59.42599868774414,59.68000030517578,59.68000030517578,91188000,-0.0018648099848008748,56.75807476043701,52.22361976623535,78.60703933838045,1.9234505341694117,1.7882320916458263,0.1352184425235854,59.49380917821817,56.75807476043701,54.02234034265585,9.639983136595367
2017-11-29,59.7400016784668,59.7400016784668,57.259498596191406,58.0634994506836,58.0634994506836,185150000,-0.027086140184754415,56.89804973602295,52.415029754638674,64.0969482117785,1.815177584144017,1.7936211901454646,0.02155639399855236,59.599946410476086,56.89804973602295,54.19615306156981,9.497326136795618
2017-11-30,58.35499954223633,58.92850112915039,58.0,58.837501525878906,58.837501525878906,90184000,0.013330269145295004,57.08072490692139,52.61856979370117,67.21730479491362,1.771406320645177,1.789178216245407,-0.01777189560023018,59.78839268924582,57.08072490692139,54.37305712459696,9.487152753367036
2017-12-01,58.602500915527344,58.98249816894531,57.59999847412109,58.11750030517578,58.11750030517578,82142000,-0.012237114119919568,57.25104999542236,52.81626983642578,61.83369184353046,1.6594896342507397,1.7632404998464737,-0.10375086559573399,59.76248032617484,57.25104999542236,54.73961966466989,8.773394831896645
2017-12-04,58.692501068115234,58.7599983215332,56.400001525878906,56.6974983215332,56.6974983215332,118638000,-0.02443329420890661,57.30692481994629,52.99511978149414,52.844282767152215,1.4396175463947145,1.698515909156122,-0.25889836276140743,59.714744958529515,57.30692481994629,54.89910468136306,8.403243224613435
2017-12-05,56.41299819946289,57.9635009765625,56.23699951171875,57.07849884033203,57.07849884033203,81596000,0.00671988235950316,57.35919971466065,53.196899795532225,54.745320595005985,1.2813403959114638,1.6150808065071902,-0.33374041059572646,59.69854287880539,57.35919971466065,55.019856550515904,8.156819397000136
2017-12-06,56.89950180053711,57.79449844360352,56.80400085449219,57.61750030517578,57.61750030517578,57066000,0.009443161186693416,57.432149696350095,53.41064979553223,57.36399765182936,1.185729179527094,1.529210481111171,-0.3434813015840772,59.707286580325444,57.432149696350095,55.157012812374745,7.922868623251057
2017-12-07,57.829498291015625,58.15950012207031,57.54999923706055,57.98949813842773,57.98949813842773,50232000,0.00645633412212665,57.49942455291748,53.61956977844238,59.12209232184804,1.1269825644480207,1.448764897778541,-0.3217823333305203,59.75686469640259,57.49942455291748,55.241984409432376,7.85204429796529
2017-12-08,58.52000045776367,58.63949966430664,57.85499954223633,58.09999847412109,58.09999847412109,61002000,0.0019055232281814938,57.581599426269534,53.82516975402832,59.65428762622327,1.076927749618605,1.3743974681465538,-0.2974697185279489,59.800523729766596,57.581599426269534,55.36267512277247,7.707060330403942
2017-12-11,58.22999954223633,58.494998931884766,57.84999847412109,58.44599914550781,58.44599914550781,47270000,0.00595526128181989,57.69052429199219,54.03273971557617,61.35103907932952,1.0530395266051187,1.310125879838267,-0.2570863532331482,59.85390900954315,57.69052429199219,55.52713957444123,7.499965528485422
2017-12-12,58.32550048828125,58.68000030517578,58.08050155639648,58.25400161743164,58.25400161743164,44718000,-0.0032850414208537293,57.78029937744141,54.238629760742185,59.846974712473546,1.0070071897924109,1.2495021418290957,-0.2424949520366848,59.87980400834614,57.78029937744141,55.68079474653668,7.267198867177975
2017-12-13,58.5,58.54349899291992,58.01350021362305,58.20650100708008,58.20650100708008,52336000,-0.0008154051057901457,57.848524475097655,54.44565979003906,59.45860313592934,0.9556768807539271,1.190737089614062,-0.235060208860135,59.909967927099196,57.848524475097655,55.787081023096114,7.127039006462267
2017-12-14,58.18550109863281,58.89649963378906,58.122501373291016,58.7130012512207,58.7130012512207,64286000,0.008701781336744707,57.96744956970215,54.65446983337402,62.27021109586185,0.9449744999201286,1.1415845716752755,-0.1966100717551469,59.93823266335523,57.96744956970215,55.996666476049064,6.799619815197638
2017-12-15,58.95149993896485,59.13750076293945,58.46649932861328,58.95700073242188,58.95700073242188,95572000,0.004155799839922203,58.07207469940185,54.85275985717774,63.58054921511591,0.945284849620009,1.1023246272642222,-0.15703977764421317,60.019571107600854,58.07207469940185,56.12457829120285,6.707170075392745
2017-12-18,59.368499755859375,59.73899841308594,59.045501708984375,59.52899932861328,59.52899932861328,58952000,0.009701962262080421,58.223824691772464,55.05375984191895,66.51632485895227,0.9803850418204192,1.0779367101754618,-0.09755166835504259,60.12831717413905,58.223824691772464,56.31933220940588,6.541969691783943
2017-12-19,59.45750045776367,59.64849853515625,58.95700073242188,59.36899948120117,59.36899948120117,51756000,-0.0026877630938977326,58.37649974822998,55.25014984130859,64.93941406635892,0.9839491927044506,1.0591392066812595,-0.07519001397680891,60.12801226597774,58.37649974822998,56.624987230482226,6.000745249550056
2017-12-20,59.525001525878906,59.54999923706055,58.79999923706055,58.88100051879883,58.88100051879883,47424000,-0.008219760593352499,58.47182483673096,55.44056983947754,60.24798233854085,0.9365998302401266,1.0346313313930329,-0.09803150115290626,60.11171247155384,58.47182483673096,56.83193720190808,5.609154971310999
2017-12-21,58.79499816894531,58.95849990844727,58.38199996948242,58.73799896240234,58.73799896240234,42462000,-0.00242865364271172,58.518324851989746,55.62032981872559,58.905044011284325,0.8774217174830028,1.003189408611027,-0.1257676911280241,60.13282760605522,58.518324851989746,56.90382209792427,5.517939066605322
2017-12-22,58.604000091552734,58.73099899291992,58.39149856567383,58.417999267578125,58.417999267578125,31702000,-0.005447916178231371,58.47422485351562,55.78775978088379,55.902179186922886,0.7955309501518855,0.9616577169191987,-0.1661267667673132,60.04859773791934,58.47422485351562,56.89985196911191,5.384843966201151
2017-12-26,58.417999267578125,58.91600036621094,58.02750015258789,58.8380012512207,58.8380012512207,40104000,0.007189598906302885,58.42654991149902,55.96157981872559,58.86611941678504,0.7558100690274756,0.920488187340854,-0.16467811831337842,59.89249064076363,58.42654991149902,56.960609182234414,5.018063642248693
2017-12-27,58.99549865722656,59.36449813842773,58.78049850463867,59.11299896240234,59.11299896240234,37344000,0.004673811233108838,58.39819984436035,56.137499771118165,60.72736948131726,0.7380136397618458,0.8839932778250524,-0.14597963806320668,59.78592539305696,58.39819984436035,57.01047429566374,4.752631253686234
2017-12-28,59.45000076293945,59.505001068115234,59.21900177001953,59.30500030517578,59.30500030517578,36834000,0.0032480392831288896,58.460274887084964,56.314469757080076,62.01955526547704,0.7309765029828128,0.8533899228566046,-0.12241341987379184,59.892902368054735,58.460274887084964,57.02764740611519,4.9011999472697205
2017-12-29,59.11750030517578,59.20000076293945,58.375,58.4734992980957,58.4734992980957,53768000,-0.01402075715034623,58.4420747756958,56.48693977355957,53.76855618181509,0.6508022955058621,0.8128723973864562,-0.16207010188059412,59.86428134037536,58.4420747756958,57.01986821101624,4.867063909479865
2018-01-02,58.59999847412109,59.5,58.5255012512207,59.45050048828125,59.45050048828125,53890000,0.016708444028718628,58.508724784851076,56.68933975219726,60.42990243860012,0.6585086119930779,0.7819996403077806,-0.12349102831470271,59.98764918586489,58.508724784851076,57.02980038383726,5.055397828108989
2018-01-03,59.415000915527344,60.27450180053711,59.415000915527344,60.209999084472656,60.209999084472656,62176000,0.012775310383486449,58.684349822998044,56.910629730224606,64.68929358814088,0.7176287352961239,0.7691254593054493,-0.05149672400932537,60.09381757929598,58.684349822998044,57.27488206670011,4.8035558391602855
2018-01-04,60.25,60.79349899291992,60.233001708984375,60.47949981689453,60.47949981689453,60442000,0.004476012896857506,58.854399871826175,57.15391975402832,66.08436985765806,0.7772684489000241,0.7707540572243643,0.006514391675659814,60.26850471377714,58.854399871826175,57.44029502987521,4.805434581035982
2018-01-05,60.8754997253418,61.45700073242188,60.5,61.45700073242188,61.45700073242188,70894000,0.016162516530176196,59.04637489318848,57.40715980529785,70.61862150661662,0.8931142411514088,0.7952260940097732,0.09788814714163563,60.74960623655897,59.04637489318848,57.34314354981799,5.769130946485837
2018-01-08,61.79999923706055,62.65399932861328,61.60150146484375,62.34349822998047,62.34349822998047,85590000,0.014424678832250848,59.264074897766115,57.681119766235355,74.01193993359334,1.0444164230208273,0.8450641598119841,0.19935226320884314,61.423294804519514,59.264074897766115,57.104854991012715,7.286775033536511
2018-01-09,62.845001220703125,62.96649932861328,62.0880012512207,62.6349983215332,62.6349983215332,73226000,0.0046757095740346255,59.49082489013672,57.961389770507814,75.03303022755054,1.174309405600546,0.9109132089696965,0.26339619663084957,62.032119546669676,59.49082489013672,56.94953023360377,8.54348434813614
2018-01-10,62.25749969482422,62.71649932861328,61.86149978637695,62.71649932861328,62.71649932861328,53720000,0.0013012055442500614,59.70434989929199,58.114769744873044,75.32494586717465,1.269196473364829,0.9825698618487231,0.286626611516106,62.55715023623537,59.70434989929199,56.85154956234861,9.556423750548909
2018-01-11,62.98699951171875,63.8385009765625,62.823001861572266,63.83399963378906,63.83399963378906,62500000,0.01781828254348916,59.98334980010986,58.2805997467041,78.95782903457467,1.4182197391387348,1.0696998373067255,0.3485199018320093,63.27230181283763,59.98334980010986,56.694397787382094,10.96621653738233
2018-01-12,63.66949844360352,65.28800201416016,63.66949844360352,65.26000213623047,65.26000213623047,108874000,0.022339231610462695,60.336024856567384,58.48051979064942,82.49877355231183,1.6325689961177332,1.182273669068927,0.45029532704880615,64.24202795549549,60.336024856567384,56.43002175763929,12.94749897167925
2018-01-16,66.1500015258789,66.99700164794922,64.61499786376953,65.24299621582031,65.24299621582031,144414000,-0.0002605871874575838,60.66252460479736,58.68169975280762,82.32086245971901,1.7805450756427135,1.3019279503836845,0.478617125259029,65.0350849904138,60.66252460479736,56.28996421918093,14.41601850270055
2018-01-17,65.61199951171875,65.69999694824219,64.04399871826172,64.75,64.75,105076000,-0.00755630863716783,60.95217456817627,58.88247978210449,77.12812422135697,1.8368623050553339,1.4089148213180143,0.4279474837373196,65.59366404959809,60.95217456817627,56.310685086754454,15.229938929349323
2018-01-18,64.69750213623047,65.2300033569336,64.20099639892578,64.66600036621094,64.66600036621094,80538000,-0.0012972916415299185,61.209024620056155,59.06419975280762,76.24561373635376,1.8533517612438217,1.497802209303176,0.35554955194064575,66.07039805445461,61.209024620056155,56.347651185657696,15.884498943005699
2018-01-19,65.5999984741211,65.6500015258789,64.64949798583984,64.72899627685547,64.72899627685547,91570000,0.0009741736041779525,61.477024459838866,59.23811965942383,76.46312192474207,1.8501753478674772,1.5682768370160363,0.2818985108514409,66.49165880371592,61.477024459838866,56.46239011596181,16.313848589575016
2018-01-22,64.8584976196289,66.37249755859375,64.83300018310547,66.3655014038086,66.3655014038086,82802000,0.025282411609683475,61.85124950408935,59.44225967407227,81.26292383754844,1.9571495030946053,1.64605137023175,0.31109813286285526,67.144448288725,61.85124950408935,56.55805071945371,17.11589928118002
2018-01-23,66.90450286865234,68.24500274658203,66.86699676513672,68.12699890136719,68.12699890136719,103386000,0.02654236704761037,62.320699501037595,59.671919631958005,84.84529971770127,2.159175784025436,1.7486762529904873,0.41049953103494863,68.07178291962518,62.320699501037595,56.569616082450004,18.456414849746146
2018-01-24,68.74099731445312,69.40799713134766,66.9000015258789,67.87550354003906,67.87550354003906,136150000,-0.0036915667119321594,62.79357471466064,59.90029968261719,82.42233616138085,2.2727901828935018,1.8534990389710904,0.4192911439224114,68.73541553858124,62.79357471466064,56.85173389074005,18.92499623065202
2018-01-25,68.4000015258789,68.91699981689453,67.88099670410156,68.89749908447266,68.89749908447266,95060000,0.015056912893923968,63.29654960632324,60.15289962768555,84.37506132154249,2.4174302803330576,1.9662852872434837,0.4511449930895739,69.51071114813885,63.29654960632324,57.082388064507626,19.63507199196472
2018-01-26,69.60050201416016,70.12650299072266,69.04550170898438,70.10250091552734,70.10250091552734,97146000,0.017489776074125496,63.846024703979495,60.42577964782715,86.30664381331019,2.599328733165187,2.0928939764278245,0.5064347567373626,70.416556461958,63.846024703979495,57.275492946000995,20.58243027171263
2018-01-29,70.45899963378906,71.56950378417969,70.02200317382812,70.88400268554688,70.88400268554688,114038000,0.011147987016343786,64.42497482299805,60.70661972045898,87.39498542271103,2.7745618076857568,2.229227542679411,0.5453342650063457,71.32523575408297,64.42497482299805,57.52471389191314,21.421074513549364
2018-01-30,70.15850067138672,71.9625015258789,69.5999984741211,71.89099884033203,71.89099884033203,117438000,0.014206254114237371,65.09584980010986,61.01774971008301,88.64710155477967,2.960563917647022,2.3754948176729336,0.5850690999740884,72.15825723087856,65.09584980010986,58.03344236934117,21.698487545535595
2018-01-31,72.56500244140625,73.62899780273438,72.50199890136719,72.54450225830078,72.54450225830078,128494000,0.009090198056924459,65.75054988861083,61.33134979248047,89.38409403427565,3.1246847731224534,2.5253328087628377,0.5993519643596157,73.02279581491956,65.75054988861083,58.4783039623021,22.12071515334479
2018-02-01,72.25,72.99400329589844,69.25700378417969,69.5,69.5,182276000,-0.04196737400527717,66.21504993438721,61.591469802856444,67.42439125069401,2.9747942686519053,2.6152251007406515,0.3595691679112538,73.19320543763595,66.21504993438721,59.23689443113846,21.07724908510507
2018-02-02,73.86949920654297,74.9000015258789,70.69999694824219,71.49749755859375,71.49749755859375,222514000,0.02874097206609716,66.76594982147216,61.895109786987305,72.24273260549846,2.9828024334285743,2.6887405672782365,0.2940618661503378,73.58373795514152,66.76594982147216,59.9481616878028,20.42294957803995
2018-02-05,70.13099670410156,72.9489974975586,66.03600311279297,69.5,69.5,229900000,-0.027938006598856924,67.16809978485108,62.14561981201172,62.31633610967415,2.795740051489119,2.710140464120413,0.08559958736870588,73.62513894015562,67.16809978485108,60.71106062954654,19.226505367837863
2018-02-06,68.072998046875,72.19950103759766,67.5895004272461,72.14199829101562,72.14199829101562,221336000,0.03801436389950541,67.65802478790283,62.4322998046875,68.4844609122163,2.8280786181817916,2.7337280949326894,0.0943505232491022,74.06316536840127,67.65802478790283,61.252884207404385,18.933868083135867
2018-02-07,72.44999694824219,73.04949951171875,70.75749969482422,70.83899688720703,70.83899688720703,143254000,-0.018061620618718965,68.06822471618652,62.66307975769043,63.006923646582045,2.717243153968454,2.7304311067398426,-0.013187952771388733,74.17807967798655,68.06822471618652,61.958369754386496,17.952150176606885
2018-02-08,71.48400115966797,71.6875,67.49700164794922,67.5250015258789,67.5250015258789,171572000,-0.046782076355553315,68.3086498260498,62.81774978637695,51.6843735248105,2.335076215530478,2.65136012849797,-0.31628391296749214,73.91489064165161,68.3086498260498,62.702409010447994,16.41443896161989
2018-02-09,68.67449951171875,69.17500305175781,63.29650115966797,66.9800033569336,66.9800033569336,282830000,-0.008071057484337008,68.46595001220703,62.96374984741211,50.090196512954854,1.9655714814477534,2.5142023990879268,-0.5486309176401734,73.72708336041428,68.46595001220703,63.204816663999786,15.368612711192128
2018-02-12,68.2334976196289,69.69049835205078,67.20050048828125,69.3115005493164,69.3115005493164,134778000,0.0348088545167482,68.66852493286133,63.188709869384766,56.30006764230068,1.8396621754311724,2.379294354356576,-0.5396321789254035,73.72844079176367,68.66852493286133,63.60860907395899,14.73722018595719
2018-02-13,69.29650115966797,70.98600006103516,69.17649841308594,70.72550201416016,70.72550201416016,118358000,0.020400675986486094,68.94265022277833,63.42646987915039,59.58438814604282,1.832848309788261,2.270005145442913,-0.437156835654652,73.82133358463183,68.94265022277833,64.06396686092482,14.152874443000771
2018-02-14,70.3125,72.60299682617188,70.16799926757812,72.55249786376953,72.55249786376953,119184000,0.025832207585371192,69.3327751159668,63.71516983032227,63.41078685754834,1.9523659094979706,2.2064772982539247,-0.25411138875595407,74.05329398958717,69.3327751159668,64.61225624234642,13.616990999494206
2018-02-15,73.34449768066406,73.4469985961914,71.84200286865234,73.08799743652344,73.08799743652344,113054000,0.007380856462852581,69.75387496948242,64.04297981262206,64.47251132213047,2.066473785051514,2.178476595613443,-0.11200281056192907,74.23032218932677,69.75387496948242,65.27742774963808,12.834977904246344
2018-02-16,72.86849975585938,73.29000091552734,72.3280029296875,72.43450164794922,72.43450164794922,89452000,-0.008941218962002284,70.1391502380371,64.35009986877441,62.104151236660115,2.0801942652707055,2.1588201295448957,-0.07862586427419016,74.11810767492315,70.1391502380371,66.16019280115106,11.345895761161428
2018-02-20,72.32450103759766,74.4384994506836,72.32450103759766,73.4175033569336,73.4175033569336,129984000,0.013570904563712238,70.49175033569335,64.66609992980958,64.23256984381877,2.1456541024523546,2.156186924126388,-0.010532821674033244,74.31748290589513,70.49175033569335,66.66601776549157,10.85441218861217
2018-02-21,74.25,75.17449951171875,73.94599914550781,74.14600372314453,74.14600372314453,126088000,0.009922706887337096,70.79270057678222,64.9892300415039,65.76707922691212,2.23060239039836,2.1710700173807824,0.05953237301757763,74.77092244125471,70.79270057678222,66.81447871230974,11.239073610866653
2018-02-22,74.76799774169922,75.12699890136719,73.78800201416016,74.26699829101562,74.26699829101562,97162000,0.001631842065593636,71.11227531433106,65.3125700378418,66.02777058859331,2.28138933491104,2.193133880886834,0.08825545402420598,75.12847729663201,71.11227531433106,67.0960733320301,11.295383151638749
2018-02-23,74.76699829101562,75.0,74.32499694824219,75.0,75.0,88362000,0.009869817359685173,71.41740036010742,65.64365005493164,67.63572018368612,2.3536540079962407,2.2252379063087155,0.12841610168752515,75.63632286295584,71.41740036010742,67.19847785725901,11.81483078794628
2018-02-26,75.45999908447266,76.14199829101562,75.3499984741211,76.09750366210938,76.09750366210938,99100000,0.014633382161458375,71.71715049743652,66.0005200958252,69.93059446580914,2.470999511145834,2.2743902272761396,0.19660928386969445,76.35124024401414,71.71715049743652,67.0830607508589,12.923240018420021
2018-02-27,76.2249984741211,76.33899688720703,75.3604965209961,75.5989990234375,75.5989990234375,96176000,-0.006550867172796515,71.95290031433106,66.34837005615235,67.5863658884908,2.4950105807718757,2.3185142979752866,0.17649628279658902,76.86486513659358,71.95290031433106,67.04093549206854,13.65327818838232
2018-02-28,75.97550201416016,76.43499755859375,75.5999984741211,75.62249755859375,75.62249755859375,90300000,0.0003108313001467522,72.13947525024415,66.6865599822998,67.64143122656964,2.487264030368607,2.3522642444539508,0.1349997859146561,77.30480002384977,72.13947525024415,66.97415047663853,14.320383550580754
2018-03-01,75.68000030517578,75.92449951171875,73.25,74.67250061035156,74.67250061035156,136704000,-0.012562358807392093,72.24587516784668,67.0008699798584,62.9829965780762,2.3770666741487787,2.3572247303929164,0.019841943755862346,77.52656928571594,72.24587516784668,66.96518104997742,14.618672984722744
2018-03-02,73.45500183105469,75.05249786376953,72.75050354003906,75.01249694824219,75.01249694824219,131752000,0.004553166629101657,72.5215000152588,67.31053993225098,63.94016350652076,2.2907628502282336,2.3439323543599797,-0.05316950413174615,77.77552012067592,72.5215000152588,67.26747990984167,14.489551662090996
2018-03-05,74.71199798583984,76.26899719238281,74.05000305175781,76.18049621582031,76.18049621582031,104678000,0.01557072907976953,72.75564994812012,67.64676986694336,67.08853952085725,2.2902140653653476,2.3331886965610535,-0.04297463119570599,78.21947250534001,72.75564994812012,67.29182739090024,15.019651562774778
2018-03-06,76.66000366210938,77.10649871826172,76.4000015258789,76.88200378417969,76.88200378417969,91234000,0.00920849302913429,73.1247501373291,68.00678993225098,68.84778424685346,2.3196455178306223,2.3304800608149674,-0.010834542984345052,78.65592768078422,73.1247501373291,67.59357259387399,15.128058647906492
2018-03-07,76.32599639892578,77.29499816894531,76.12550354003906,77.25,77.25,83482000,0.004786506564700588,73.38015022277833,68.37702995300293,69.76093633666514,2.345625464838008,2.333509141619576,0.012116323218432257,79.17181537627596,73.38015022277833,67.5884850692807,15.785372845148007
2018-03-08,77.5,77.74400329589844,77.26249694824219,77.59300231933594,77.59300231933594,77252000,0.0044401594736043215,73.71785049438476,68.76053001403808,70.62524103601919,2.36661135802629,2.340129584900919,0.026481773125371255,79.66304618998498,73.71785049438476,67.77265479878454,16.129595900393422
2018-03-09,78.17500305175781,78.9469985961914,77.9540023803711,78.94450378417969,78.94450378417969,90686000,0.01741782666536884,74.2888256072998,69.16266006469726,73.8025647102865,2.4638954497935117,2.3648827578794376,0.09901269191407414,79.93104208610576,74.2888256072998,68.64660912849384,15.189946624358926
2018-03-12,79.62999725341797,80.2665023803711,79.33499908447266,79.91950225830078,79.91950225830078,103484000,0.012350428812454961,74.93580055236816,69.57879013061523,75.83340042258241,2.589814255241393,2.4098690573518287,0.1799451978895643,80.01688585451181,74.93580055236816,69.85471525022452,13.5611690665606
2018-03-13,80.7979965209961,80.87699890136719,78.90049743652344,79.40899658203125,79.40899658203125,130638000,-0.006387748444923624,75.4406753540039,69.98087005615234,72.65742354545073,2.6182309376962536,2.4515414334207137,0.16668950427553986,80.18126392774093,75.4406753540039,70.70008678026687,12.56772570365233
2018-03-14,79.8499984741211,80.3219985961914,79.54450225830078,79.55000305175781,79.55000305175781,85188000,0.001775698923243585,75.88190040588378,70.40240013122559,72.99385955324848,2.6219057099943797,2.485614288735447,0.13629142125893257,80.42339847814705,75.88190040588378,71.34040233362052,11.969911264666019
2018-03-15,79.75,79.84549713134766,78.90550231933594,79.11599731445312,79.11599731445312,81394000,-0.005455760159082668,76.21007537841797,70.79571006774903,70.13344282646514,2.5602839974515774,2.5005482304786733,0.05973576697290417,80.68995280925195,76.21007537841797,71.73019794758399,11.756653982007851
2018-03-16,79.17250061035156,79.47200012207031,78.375,78.58399963378906,78.58399963378906,108500000,-0.006724274466889391,76.48487548828125,71.16319007873535,66.68388955199325,2.4403892909055145,2.488516442564042,-0.048127151658527545,80.83744605436826,76.48487548828125,72.13230492219424,11.381519648950455
2018-03-19,77.72650146484375,78.08300018310547,76.26750183105469,77.24649810791016,77.24649810791016,131616000,-0.01702002356856136,76.7254753112793,71.49853004455566,58.847198578841166,2.2119487091721624,2.433202895885666,-0.22125418671350383,80.66859914741696,76.7254753112793,72.78235147514164,10.278525666058625
2018-03-20,77.51699829101562,79.3499984741211,77.27050018310547,79.32550048828125,79.32550048828125,91632000,0.02691387223103381,77.02087516784668,71.85590003967285,65.61211775997285,2.1736099964571594,2.381284315999965,-0.20767431954280546,80.81068674365594,77.02087516784668,73.23106359203743,9.84099847619326
2018-03-21,79.32250213623047,79.5,78.15850067138672,79.09300231933594,79.09300231933594,95016000,-0.0029309385697435797,77.26822509765626,72.19089012145996,64.33837269655527,2.1002551967052483,2.3250784921410217,-0.2248232954357734,80.91839068988705,77.26822509765626,73.61805950542546,9.448037890394122
2018-03-22,78.27349853515625,78.69249725341797,77.12000274658203,77.24600219726562,77.24600219726562,126412000,-0.023352257063312565,77.41717529296875,72.48311019897461,55.17468298494129,1.871509914264891,2.2343647765657955,-0.36285486230090447,80.79853456261928,77.41717529296875,74.03581602331822,8.7354240369905
2018-03-23,76.95050048828125,77.45099639892578,74.76799774169922,74.77799987792969,74.77799987792969,160120000,-0.03194990354365934,77.40607528686523,72.72434020996094,45.7897370434358,1.4740880986821026,2.0823094409890572,-0.6082213423069547,80.82039802568053,77.40607528686523,73.99175254804993,8.821846931683062
2018-03-26,76.5,77.84950256347656,74.9625015258789,77.79299926757812,77.79299926757812,112494000,0.0403193371656132,77.49085006713867,73.00352020263672,55.702551720976146,1.3864317774004888,1.9431339082713437,-0.5567021308708548,80.85482432465855,77.49085006713867,74.12687580961878,8.68224894837342
2018-03-27,78.62000274658203,78.79850006103516,74.11599731445312,74.85250091552734,74.85250091552734,139992000,-0.037799009933227934,77.45352516174316,73.19537017822266,46.72802952675604,1.0673857109632792,1.767984268809731,-0.7005985578464518,80.91576538822316,77.45352516174316,73.99128493526315,8.940174689918749
2018-03-28,72.3499984741211,72.79499816894531,69.30850219726562,71.57099914550781,71.57099914550781,274106000,-0.043839574227757305,77.25095024108887,73.3219302368164,39.14783456764959,0.5434846834002087,1.5230843517278265,-0.9795996683276178,81.5022148813556,77.25095024108887,72.99968560082215,11.006375007683797
2018-03-29,70.30000305175781,72.77349853515625,68.26000213623047,72.36699676513672,72.36699676513672,251622000,0.011121789958675743,77.13567504882812,73.47427017211913,41.621711417616524,0.19032574333230912,1.2565326300487232,-1.066206886716414,81.7682787846534,77.13567504882812,72.50307131300283,12.011572421950731
2018-04-02,70.88099670410156,71.06800079345703,67.75,68.59950256347656,68.59950256347656,209272000,-0.05206094449224363,76.81502532958984,73.55294021606446,34.477377151623145,-0.38907553626452795,0.9274109967860729,-1.3164865330506008,82.70751406474795,76.81502532958984,70.92253659443173,15.342021199303751
2018-04-03,69.56900024414062,70.69999694824219,67.7665023803711,69.60250091552734,69.60250091552734,204624000,0.014621073252283123,76.48612556457519,73.65041030883789,37.550656378838696,-0.7585772339472925,0.5902133506393998,-1.3487905845866923,83.16536949766402,76.48612556457519,69.80688163148636,17.465243228851275
2018-04-04,67.91200256347656,70.76950073242188,67.64399719238281,70.52850341796875,70.52850341796875,139646000,0.013304155601610468,76.16845054626465,73.7336703491211,40.33318859155285,-0.9655589657382109,0.27905888736387774,-1.2446178531020886,83.32917245568588,76.16845054626465,69.00772863684342,18.80233051366014
2018-04-05,72.09950256347656,72.97799682617188,71.35350036621094,72.5875015258789,72.5875015258789,128270000,0.02919384373872269,75.9353256225586,73.82288040161133,46.08554770745413,-0.9524700579264334,0.03275309830581552,-0.9852231562322489,83.24211963067178,75.9353256225586,68.62853161444541,19.244782183280744
2018-04-06,71.49849700927734,72.625,70.01300048828125,70.2614974975586,70.2614974975586,117646000,-0.032044139547784845,75.56875038146973,73.87060028076172,41.24770096101074,-1.1169110348866127,-0.19717972833267014,-0.9197313065539425,83.23299305505998,75.56875038146973,67.90450770787947,20.284158822003246
2018-04-09,71.25150299072266,71.92400360107422,70.12850189208984,70.30400085449219,70.30400085449219,84164000,0.0006049309856379637,75.13672523498535,73.89873031616212,41.36882028524199,-1.229627646084225,-0.40366931188298116,-0.8259583342012439,82.96350031544365,75.13672523498535,67.30995015452704,20.833420823120946
2018-04-10,71.59950256347656,71.91899871826172,70.78500366210938,71.81099700927734,71.81099700927734,85082000,0.02143542524562969,74.73129997253417,73.9329002380371,45.647243508527,-1.1837093132096328,-0.5596773121483115,-0.6240320010613213,82.3626846451642,74.73129997253417,67.09991529990415,20.423529834044814
2018-04-11,71.97200012207031,72.43900299072266,71.24449920654297,71.35250091552734,71.35250091552734,71650000,-0.006384761566404218,74.32847518920899,73.94227020263672,44.58134355770162,-1.1708190335277209,-0.6819056564241934,-0.48891337710352745,81.77804217641264,74.32847518920899,66.87890820200533,20.044988056704227
2018-04-12,71.9749984741211,72.60600280761719,71.75299835205078,72.42500305175781,72.42500305175781,62700000,0.015031037769792865,73.97222518920898,73.95295028686523,47.66014451987992,-1.0618214185388695,-0.7578888088471287,-0.30393260969174074,81.06166540960513,73.97222518920898,66.88278496881284,19.167843612281505
2018-04-13,72.45700073242188,72.98899841308594,71.22599792480469,71.53949737548828,71.53949737548828,73706000,-0.012226519005276604,73.59340019226075,73.93285018920898,45.4166816440254,-1.0349625271982887,-0.8133035525173608,-0.221658974680928,80.34455444269537,73.59340019226075,66.84224594182612,18.347173069317137
2018-04-16,72.25,72.3499984741211,71.3740005493164,72.07499694824219,72.07499694824219,56172000,0.007485369514734552,73.2679500579834,73.98435012817383,47.04021860027334,-0.9594068768719097,-0.8425242173882707,-0.11688265948363907,79.64245440567113,73.2679500579834,66.89344571029567,17.40052599436186
2018-04-17,73.11499786376953,75.3594970703125,72.85099792480469,75.19149780273438,75.19149780273438,102288000,0.04323969457439136,73.1652000427246,74.05823013305664,55.361733090328904,-0.6406676880598781,-0.8021529115225923,0.1614852234627142,79.34308913887219,73.1652000427246,66.98731094657703,16.88750688179632
2018-04-18,75.73249816894531,76.69000244140625,75.20549774169922,76.39199829101562,76.39199829101562,104550000,0.015965907361371823,73.01852493286133,74.19607009887696,58.09334478272192,-0.28787577538915343,-0.6992974842959045,0.4114217089067511,78.72578735928043,73.01852493286133,67.31126250644222,15.632368448052844
2018-04-19,77.16100311279297,78.4260025024414,76.9530029296875,77.84549713134766,77.84549713134766,130474000,0.019026846696625466,72.95614967346191,74.31014007568359,61.18999643062719,0.107757405851018,-0.5378865062665201,0.6456439121175381,78.41850802213408,72.95614967346191,67.49379132478974,14.974360278388222
2018-04-20,78.05999755859375,78.05999755859375,75.80449676513672,76.37449645996094,76.37449645996094,110832000,-0.018896413095091713,72.91257438659667,74.42085006713867,56.62927816856993,0.2991536349644548,-0.3704784780203252,0.66963211298478,78.24982232183105,72.91257438659667,67.5753264513623,14.64013026596824
2018-04-23,77.33450317382812,77.4000015258789,75.17050170898438,75.89299774169922,75.89299774169922,89308000,-0.006304443768269441,72.96832427978515,74.58820999145507,55.17951310951658,0.4072886331268819,-0.21492505579088378,0.6222136889177656,78.40472065442401,72.96832427978515,67.53192790514629,14.900702265804775
2018-04-24,76.79000091552734,76.9749984741211,72.42250061035156,73.00450134277344,73.00450134277344,149894000,-0.03806011733462866,72.72889938354493,74.70869995117188,47.34840321505638,0.25694695447228355,-0.12055065373825033,0.3774976082105339,77.69577691644609,72.72889938354493,67.76202185064376,13.658607719904344
2018-04-25,72.9000015258789,73.49949645996094,70.7509994506836,73.00849914550781,73.00849914550781,131746000,5.476104433066453e-05,72.63669929504394,74.7826399230957,47.35953844927889,0.1365486326166092,-0.06913079646727843,0.20567942908388764,77.51005209507909,72.63669929504394,67.76334649500879,13.418431309054988
2018-04-26,74.25050354003906,76.47100067138672,73.92500305175781,75.89800262451172,75.89800262451172,176022000,0.03957763154732241,72.85304946899414,74.88608993530273,54.80018995072866,0.27116505532696067,-0.0010716261084306178,0.27223668143539126,77.89907904105894,72.85304946899414,67.80701989692935,13.852624176596365
2018-04-27,81.70050048828125,81.90499877929688,78.36949920654297,78.63099670410156,78.63099670410156,261064000,0.03600877473825914,73.16624946594239,75.00765991210938,60.48886278871756,0.5915601842516196,0.11745473596357944,0.47410544828804013,78.79650016142216,73.16624946594239,67.53599877046261,15.390294668857004
2018-04-30,79.125,79.80000305175781,78.0469970703125,78.30650329589844,78.30650329589844,109282000,-0.004126787422321976,73.65159950256347,75.11203002929688,59.53085652072717,0.8099550682618286,0.2559548024232293,0.5540002658385993,79.29702868862162,73.65159950256347,68.00617031650532,15.330092555183844
2018-05-01,78.16100311279297,79.25,77.60900115966797,79.11299896240234,79.11299896240234,91442000,0.010299216955919732,74.12712440490722,75.24559997558593,61.1766188929933,1.0361677505748617,0.4119973920535558,0.6241703585213059,79.92822015504608,74.12712440490722,68.32602865476836,15.651749064084356
2018-05-02,79.04900360107422,79.42500305175781,78.31800079345703,78.48400115966797,78.48400115966797,87206000,-0.007950625194139027,74.52489929199218,75.34692993164063,59.156048226838884,1.1514152666922826,0.5598809669813012,0.5915342997109814,80.3752217505243,74.52489929199218,68.67457683346007,15.700316308004043
2018-05-03,78.00050354003906,78.73999786376953,77.3010025024414,78.60399627685547,78.60399627685547,85038000,0.001528911821702117,74.82572402954102,75.43608978271484,59.43133063923103,1.2381596232357879,0.6955366982321985,0.5426229250035893,80.8623949001017,74.82572402954102,68.78905315898034,16.13528221438237
2018-05-04,78.12249755859375,79.24500274658203,78.1094970703125,79.04750061035156,79.04750061035156,68872000,0.005642261901468659,75.26502418518066,75.53169982910157,60.49122659342316,1.327390907835266,0.821907540152812,0.5054833676824539,81.18682318760393,75.26502418518066,69.3432251827574,15.7358588973635
2018-05-07,79.46700286865234,80.34750366210938,79.3915023803711,80.00700378417969,80.00700378417969,76038000,0.012138311349751518,75.75017433166504,75.63183990478515,62.758150503433484,1.4587160602589222,0.949269244174034,0.5094468160848882,81.55544300524969,75.75017433166504,69.94490565808039,15.32740676784934
2018-05-08,79.75,79.84400177001953,79.12550354003906,79.61949920654297,79.61949920654297,61358000,-0.004843383195326512,76.14059944152832,75.70227981567383,61.230148876043565,1.5140705460185728,1.062229504542942,0.45184104147563087,81.88362379363437,76.14059944152832,70.39757508942228,15.085314258699437
2018-05-09,80.0,80.4000015258789,79.5999984741211,80.4000015258789,80.4000015258789,72746000,0.009802904151798408,76.5929744720459,75.79829986572265,63.17496647307623,1.6024473732015707,1.1702730782746678,0.43217429492690296,82.17930419380734,76.5929744720459,71.00664475028445,14.587055171229274
2018-05-10,80.42400360107422,80.77999877929688,80.1719970703125,80.4540023803711,80.4540023803711,56350000,0.0006716524063099527,76.99442443847656,75.8949299621582,63.312092156796034,1.6577347290657087,1.267765408432876,0.38996932063283274,82.47799459009784,76.99442443847656,71.51085428685528,14.244070766456604
2018-05-11,80.54949951171875,80.55500030517578,79.89450073242188,80.14550018310547,80.14550018310547,45278000,-0.003834516470754168,77.42472457885742,76.00438995361328,61.894121093270286,1.6575496077635279,1.3457222482990063,0.31182735946452156,82.46094524337143,77.42472457885742,72.38850391434342,13.009334400368688
2018-05-14,80.19999694824219,80.55899810791016,80.00250244140625,80.0770034790039,80.0770034790039,50190000,-0.0008546543966294617,77.8248249053955,76.10568008422851,61.564430416819384,1.633050990943019,1.403187996827809,0.22986299411521016,82.34214679175395,77.8248249053955,73.30750301903706,11.6089484090706
2018-05-15,79.38999938964844,79.38999938964844,78.26100158691406,78.80599975585938,78.80599975585938,101550000,-0.015872268790349864,78.00555000305175,76.1581901550293,55.64173054783428,1.4938560398391445,1.4213216054300761,0.07253443440906837,82.37375435642123,78.00555000305175,73.63734564968227,11.199727078902935
2018-05-16,78.875,79.72149658203125,78.83350372314453,79.36399841308594,79.36399841308594,51412000,0.007080662119067549,78.15415000915527,76.20783004760742,57.57155578384638,1.4122888794101556,1.4195150602260922,-0.0072261808159366225,82.49480065354052,78.15415000915527,73.81349936477002,11.107921060818317
2018-05-17,79.02799987792969,79.7020034790039,78.6500015258789,79.08799743652344,79.08799743652344,42952000,-0.003477659670395261,78.21627502441406,76.2445899963379,56.2675968858029,1.3102713524034044,1.3976663186615548,-0.08739496625815035,82.57301357868181,78.21627502441406,73.85953647014631,11.140235335696715
2018-05-18,79.06649780273438,79.17949676513672,78.6050033569336,78.71849822998047,78.71849822998047,52852000,-0.004672001043388829,78.33347511291504,76.26709991455078,54.48830654203296,1.1859355030596106,1.355320155541166,-0.16938465248155543,82.61111971722833,78.33347511291504,74.05583050860174,10.921626030626665
2018-05-21,79.25,79.60250091552734,78.75,79.27300262451172,79.27300262451172,58504000,0.007044143460552821,78.50247535705566,76.27366989135743,56.70110293049557,1.119240410367567,1.3081042065064463,-0.18886379613887927,82.64606745327583,78.50247535705566,74.35888326083548,10.556589654972596
2018-05-22,79.49449920654297,79.49449920654297,78.76249694824219,79.06999969482422,79.06999969482422,42312000,-0.0025608078786804045,78.80575027465821,76.25667984008788,55.63464006541604,1.0380375779942597,1.254090880804009,-0.21605330280974933,82.09517665014047,78.80575027465821,75.51632389917594,8.348188714701077
2018-05-23,78.55249786376953,80.09300231933594,78.31700134277344,80.09300231933594,80.09300231933594,67238000,0.012937936366005598,79.15997543334962,76.27035995483398,59.74374066456794,1.04419468418142,1.2121116414794912,-0.1679169572980712,81.14194502492684,79.15997543334962,77.17800584177239,5.007504311938515
2018-05-24,79.90149688720703,80.41200256347656,79.41899871826172,80.15350341796875,80.15350341796875,68600000,0.0007553855752788774,79.37275047302246,76.2824299621582,59.97981731135199,1.0419452717211897,1.178078367527831,-0.13613309580664135,80.72050298814916,79.37275047302246,78.02499795789576,3.396008093696538
2018-05-25,80.1500015258789,80.70600128173828,80.02249908447266,80.50749969482422,80.50749969482422,53968000,0.004416479152626884,79.4665756225586,76.31026000976563,61.405950468567895,1.0565479105773363,1.1537722761377323,-0.09722436556039593,80.85535769179145,79.4665756225586,78.07779355332573,3.495260890136102
2018-05-29,80.0354995727539,81.0895004272461,80.00749969482422,80.64350128173828,80.64350128173828,76930000,0.0016893033249025802,79.58342552185059,76.35145004272461,61.96670771727341,1.0667974219070402,1.1363773052915938,-0.06957988338455356,80.95527729255872,79.58342552185059,78.21157375114245,3.44758160813642
2018-05-30,80.90499877929688,81.30000305175781,80.64649963378906,81.24449920654297,81.24449920654297,58148000,0.00745252767120097,79.69000053405762,76.43141006469726,64.4264808664235,1.1106132846493892,1.1312245011631528,-0.02061121651376352,81.22105157027946,79.69000053405762,78.15894949783578,3.842517319516153
2018-05-31,81.1500015258789,81.75,81.06749725341797,81.48100280761719,81.48100280761719,63326000,0.0029110106331380337,79.83985061645508,76.47452011108399,65.37547691569989,1.1511517745229725,1.1352099558351167,0.015941818687855713,81.453835751861,79.83985061645508,78.22586548104915,4.043056501093408
2018-06-01,81.85150146484375,82.33650207519531,81.75450134277344,82.0770034790039,82.0770034790039,66268000,0.007314596664868223,80.0135009765625,76.53420013427734,67.71301522775585,1.217338373998686,1.1516356394678307,0.0657027345308554,81.79670977628005,80.0135009765625,78.23029217684494,4.457269780608382
2018-06-04,82.44499969482422,83.28399658203125,82.27449798583984,83.26349639892578,83.26349639892578,63754000,0.014455850842866047,80.22430076599122,76.65455001831054,71.79526888442382,1.3499701777526383,1.1913025471247922,0.15866763062784606,82.44419944072163,80.22430076599122,78.0044020912608,5.534230036371918
2018-06-05,83.64949798583984,84.94999694824219,83.50299835205078,84.81749725341797,84.81749725341797,95644000,0.018663651200122366,80.46482543945312,76.8553399658203,76.06396713374667,1.5624655887130672,1.2655351554424472,0.29693043327061996,83.44921630705994,80.46482543945312,77.4804345718463,7.417876945131674
2018-06-06,85.22550201416016,85.7249984741211,84.32350158691406,84.7874984741211,84.7874984741211,109464000,-0.0003536862117876627,80.72322540283203,76.99522994995117,75.82539200363571,1.708751656630298,1.3541784556800176,0.35457320095028044,84.22089488854361,80.72322540283203,77.22555591712045,8.665831842712453
2018-06-07,84.9280014038086,84.99500274658203,83.80549621582031,84.46499633789062,84.46499633789062,75314000,-0.003803651977406841,80.92647514343261,77.18747985839843,73.16844012007749,1.7781636288134024,1.4389754903066947,0.3391881385067077,84.77974975267401,80.92647514343261,77.07320053419122,9.522902368877235
2018-06-08,84.05599975585938,84.47200012207031,83.65049743652344,84.19950103759766,84.19950103759766,59102000,-0.003143258294014406,81.11375007629394,77.44004989624024,70.96391270626083,1.7911031428501332,1.5094010208153825,0.28170212203475065,85.2131806722084,81.11375007629394,77.01431948037948,10.10785617002941
2018-06-11,84.07550048828125,84.71199798583984,84.02950286865234,84.45600128173828,84.45600128173828,46710000,0.0030463392416790747,81.32927513122559,77.68182998657227,71.84646464741083,1.8012910648576508,1.5677790296238363,0.23351203523381447,85.649709607807,81.32927513122559,77.00884065464417,10.624549326451877
2018-06-12,84.6500015258789,84.97550201416016,84.57599639892578,84.9375,84.9375,45184000,0.005701178257960349,81.57229995727539,78.00858993530274,73.47624551885299,1.8271556756951526,1.6196543588380996,0.20750131685705298,86.12423693889804,81.57229995727539,77.02036297565274,11.16049684514666
2018-06-13,85.1405029296875,85.6875,85.00599670410156,85.24299621582031,85.24299621582031,66550000,0.0035967177727189714,81.89414978027344,78.32139984130859,74.48545090166638,1.85096775353135,1.6659170377767496,0.18505071575460041,86.52773369491625,81.89414978027344,77.26056586563062,11.316031553108436
2018-06-14,85.67400360107422,86.23999786376953,85.44349670410156,86.19300079345703,86.19300079345703,63488000,0.011144664310384744,82.235599899292,78.63468978881836,77.36915017569962,1.924314131208419,1.7175964564630835,0.20671767474533564,87.0749632848479,82.235599899292,77.3962365137361,11.76950953475701
2018-06-15,85.69999694824219,86.04350280761719,85.4260025024414,85.79850006103516,85.79850006103516,95552000,-0.004576946257703773,82.57112503051758,78.89890975952149,73.64675492815813,1.9283795922584233,1.7597530836221515,0.1686265086362717,87.42153746478621,82.57112503051758,77.72071259624894,11.748447008505607
2018-06-18,85.31300354003906,86.33699798583984,85.12799835205078,86.18949890136719,86.18949890136719,62154000,0.004557175708828076,82.94467506408691,79.21746978759765,74.93397404887918,1.9407797374123135,1.795958414380184,0.14482132303212936,87.70054738293601,82.94467506408691,78.18880274523781,11.4675771896737
2018-06-19,85.4520034790039,86.80549621582031,85.01950073242188,86.73899841308594,86.73899841308594,85802000,0.006375480989251114,83.31797485351562,79.54616973876954,76.65943920227558,1.9722125217308104,1.8312092358503096,0.14100328588050082,88.03433497724342,83.31797485351562,78.60161472978783,11.321350841807668
2018-06-20,87.125,88.14649963378906,87.06800079345703,87.50399780273438,87.50399780273438,86652000,0.008819555259391043,83.73967475891114,79.86002975463867,78.84294515850867,2.0353895830152027,1.8720453052832882,0.1633442777319145,88.36873822924211,83.73967475891114,79.11061128858016,11.05584296489849
2018-06-21,88.0,88.15499877929688,85.87799835205078,86.51100158691406,86.51100158691406,98822000,-0.011348009699612582,84.06057472229004,80.1631997680664,69.72489175831403,1.9824785843775317,1.894131961102137,0.08834662327539466,88.52070117426163,84.06057472229004,79.60044827031845,10.611696307588804
2018-06-22,87.13099670410156,87.1500015258789,85.59500122070312,85.78350067138672,85.78350067138672,81502000,-0.008409345657574563,84.34207458496094,80.43036972045898,63.89479936543052,1.8603974886577674,1.8873850666132632,-0.02698757795549578,88.47927325152817,84.34207458496094,80.20487591839371,9.810521467312673
2018-06-25,85.12550354003906,85.25,82.31549835205078,83.15750122070312,83.15750122070312,150224000,-0.030611940875939325,84.47457466125488,80.66272979736328,48.22112834289456,1.534067357897925,1.8167215248701956,-0.28265416697227064,88.26746770209091,84.47457466125488,80.68168162041884,8.979963630585011
2018-06-26,83.61849975585938,85.07849884033203,83.16699981689453,84.55449676513672,84.55449676513672,87732000,0.016799393006361685,84.67012443542481,80.91231979370117,54.60131730121831,1.372354593948046,1.7278481386857658,-0.3554935447377199,88.03151278299795,84.67012443542481,81.30873608785167,7.9399631687957735
2018-06-27,85.40550231933594,85.59750366210938,83.0,83.02549743652344,83.02549743652344,97444000,-0.018083004300295413,84.75917434692383,81.06899978637695,47.67686251365272,1.1080457345087922,1.6038876578503711,-0.49584192334157895,87.83507909635955,84.75917434692383,81.6832695974881,7.257986579354537
2018-06-28,83.62699890136719,85.2750015258789,83.05850219726562,85.07250213623047,85.07250213623047,90594000,0.024655133217022396,84.93874931335449,81.24260986328125,55.76494014503776,1.0516326641611045,1.4934366591125179,-0.4418039949514134,87.62250684446889,84.93874931335449,82.2549917822401,6.319277250512662
2018-06-29,85.8499984741211,86.17050170898438,84.71600341796875,84.98999786376953,84.98999786376953,90870000,-0.0009698112831901806,85.08439903259277,81.38549987792969,55.39327583002891,0.9888684344426935,1.392523014178553,-0.4036545797358595,87.42540449214553,85.08439903259277,82.74339357304001,5.50278426167412
2018-07-02,84.13500213623047,85.69450378417969,83.90299987792969,85.68900299072266,85.68900299072266,63714000,0.008224557530564391,85.20567436218262,81.57179000854492,57.95033495828647,0.9841861171901485,1.3108556347808722,-0.3266695175907237,87.40372978649874,85.20567436218262,83.0076189378665,5.159410897853771
2018-07-03,86.197998046875,86.25,84.6240005493164,84.697998046875,84.697998046875,43546000,-0.011565135656379955,85.19969940185547,81.74789001464843,53.28655327009024,0.8902473133697839,1.2267339704986546,-0.3364866571288707,87.4025874159027,85.19969940185547,82.99681138780824,5.17111686898571
2018-07-05,85.26899719238281,85.53450012207031,84.10749816894531,84.98650360107422,84.98650360107422,59662000,0.0034062854005068033,85.20964965820312,81.98753005981445,54.436202147226396,0.8295179550036806,1.1472907673996597,-0.3177728123959791,87.40679055968317,85.20964965820312,83.01250875672307,5.157023671129567
2018-07-06,84.80000305175781,85.76349639892578,84.58350372314453,85.53150177001953,85.53150177001953,53006000,0.006412761389779309,85.26297492980957,82.23799011230469,56.60866265534102,0.8159604147181483,1.0810246968633574,-0.26506428214520916,87.43688151599827,85.26297492980957,83.08906834362088,5.099297996529683
2018-07-09,86.20249938964844,86.97799682617188,85.8115005493164,86.95099639892578,86.95099639892578,60240000,0.01659616164256117,85.40054969787597,82.45904998779297,61.727197167144496,0.909275754809272,1.0466749084525404,-0.13739915364326838,87.63524218911424,85.40054969787597,83.16585720663771,5.233438190138121
2018-07-10,86.92649841308594,87.5,86.55000305175781,87.15350341796875,87.15350341796875,60058000,0.0023289787055904565,85.5354248046875,82.62950012207031,62.40847391687267,0.9881783532110404,1.0349755974042405,-0.04679724419320008,87.84999179648504,85.5354248046875,83.22085781288995,5.411949486619504
2018-07-11,86.89949798583984,87.8479995727539,86.69999694824219,87.75,87.75,64196000,0.006844206585369106,85.6760498046875,82.81837005615235,64.41766090061009,1.0863191094632327,1.045244299816039,0.04107480964719379,88.16351531032677,85.6760498046875,83.18858429904822,5.806676454644818
2018-07-12,88.22550201416016,89.9000015258789,88.10900115966797,89.83100128173828,89.83100128173828,90654000,0.023715114321803732,85.9054500579834,83.03273010253906,70.3679853903673,1.3168361106602902,1.0995626619848893,0.21727344867540088,88.97012035184203,85.9054500579834,82.84077976412478,7.134984548221499
2018-07-13,90.19650268554688,90.76499938964844,89.7614974975586,90.65149688720705,90.65149688720705,87664000,0.00913376889672457,86.1283748626709,83.27608001708984,72.33253972870406,1.5478865603459866,1.189227441657109,0.3586591186888777,89.82727701761122,86.1283748626709,82.42947270773057,8.589276555695184
2018-07-16,91.09750366210938,92.09750366210938,90.72250366210938,91.12449645996094,91.12449645996094,109324000,0.0052177800587498435,86.3946746826172,83.52649002075195,73.42630465001639,1.7490014192043617,1.3011822371665596,0.44781918203780213,90.68054653107922,86.3946746826172,82.10880283415517,9.921611173852478
2018-07-17,90.5780029296875,92.58450317382812,89.86900329589844,92.19650268554688,92.19650268554688,113658000,0.011764193682617163,86.69502487182618,83.78947006225586,75.76473142538671,1.9721545668557496,1.4353767031043976,0.5367778637513521,91.66812036373875,86.69502487182618,81.7219293799136,11.47262025534919
2018-07-18,92.4000015258789,92.94400024414062,91.5634994506836,92.14600372314452,92.14600372314452,97238000,-0.0005477318654329988,86.9653751373291,84.03225006103516,75.42800725763226,2.120486550871263,1.5723986726577708,0.5480878782134921,92.47732298364342,86.9653751373291,81.45342729101479,12.676189431967067
2018-07-19,91.4729995727539,92.0500030517578,90.5634994506836,90.64849853515624,90.64849853515624,93538000,-0.016251439318926697,87.12260017395019,84.25283004760742,66.05302459462963,2.0930768760482152,1.67653431333586,0.41654256271235535,92.86174182837149,87.12260017395019,81.38345851952889,13.174863107764123
2018-07-20,91.25050354003906,91.74199676513672,90.50299835205078,90.68499755859376,90.68499755859376,77688000,0.000402643441726358,87.33129997253418,84.45852996826171,66.16341262562257,2.0506609346684996,1.751359637602388,0.2993012970661115,93.26652102694216,87.33129997253418,81.39607891812621,13.592425754052925
2018-07-23,90.6104965209961,90.9499969482422,88.49949645996094,90.0999984741211,90.0999984741211,77770000,-0.006450891550112137,87.5471248626709,84.65144989013672,62.647153525775146,1.9473931227501708,1.7905663346319447,0.15682678811822615,93.55499712954618,87.5471248626709,81.53925259579562,13.72488765633232
2018-07-24,91.45050048828124,92.0,90.46900177001952,91.46199798583984,91.46199798583984,85574000,0.01511653201758878,87.96234970092773,84.8777798461914,67.03920211989308,1.9529423123786245,1.8230415301812808,0.1299007821973437,93.84591746890194,87.96234970092773,82.07878193295352,13.377468400920081
2018-07-25,91.46499633789062,93.19200134277344,91.13200378417967,93.18049621582033,93.18049621582033,74764000,0.018789205001256803,88.39364967346191,85.13984970092774,71.57992929386951,2.0721223931130055,1.8728577027676256,0.19926469034537986,94.47603483874818,88.39364967346191,82.31126450817564,13.76204102388672
2018-07-26,91.9499969482422,92.23400115966795,90.2249984741211,90.4000015258789,90.4000015258789,198488000,-0.029839878546057186,88.76237487792969,85.37172973632812,57.72384264048175,1.9200773256233816,1.882301627338777,0.0377756982846047,94.37425994950814,88.76237487792969,83.15048980635123,12.644738447559996
2018-07-27,93.80249786376952,94.00250244140624,90.32649993896484,90.8635025024414,90.8635025024414,193620000,0.005127223105519718,89.05192489624024,85.60171981811523,59.14362704618843,1.816046911041056,1.869050684079233,-0.05300377303817694,94.46651744721773,89.05192489624024,83.63733234526275,12.160528943728856
2018-07-30,91.3665008544922,91.4749984741211,88.3010025024414,88.96099853515625,88.96099853515625,131246000,-0.020938043492589764,89.25047492980957,85.79917984008789,51.49855564729322,1.5620792109319837,1.8076563894497832,-0.2455771785177996,94.33593727919178,89.25047492980957,84.16501258042736,11.395933418576515
2018-07-31,89.32450103759766,90.09149932861328,86.96600341796875,88.87200164794922,88.87200164794922,114774000,-0.0010004034202905077,89.4096248626709,86.00224990844727,51.165372016536075,1.338200728836469,1.7137652573271205,-0.3755645284906515,94.23170371238922,89.4096248626709,84.58754601295257,10.786487153088533
2018-08-01,89.19999694824219,89.9219970703125,88.8010025024414,89.8584976196289,89.8584976196289,83062000,0.011100188511422582,89.66764984130859,86.21395980834961,54.66653782294331,1.226242044265021,1.6162606147147007,-0.3900185704496797,93.97886182573006,89.66764984130859,85.35643785688711,9.615980773559569
2018-08-02,89.4384994506836,91.8280029296875,89.30000305175781,91.71649932861328,91.71649932861328,87094000,0.020676972776122904,90.00414962768555,86.46688980102539,60.42192955046913,1.272767518388548,1.5475619954494702,-0.2747944770609221,93.8239076265025,90.00414962768555,86.1843916288686,8.487959754340004
2018-08-03,91.88700103759766,92.0500030517578,91.0749969482422,91.16449737548828,91.16449737548828,69210000,-0.006018567620502124,90.28579940795899,86.68831970214843,58.06341915271227,1.250680283695985,1.4881856530987732,-0.2375053694027882,93.53258403001865,90.28579940795899,87.03901478589933,7.192237635043744
2018-08-06,91.29049682617188,92.38849639892578,90.9459991455078,92.3874969482422,92.3874969482422,67836000,0.013415305387102894,90.5576244354248,86.9329995727539,61.6364168984848,1.316683922903593,1.4538853070597373,-0.13720138415614436,93.54179924400607,90.5576244354248,87.57344962684353,6.590664954355644
2018-08-07,92.72650146484376,93.48600006103516,92.3134994506836,93.1240005493164,93.1240005493164,67550000,0.00797189690599387,90.85614929199218,87.18532958984375,63.64520740534312,1.4121436548710022,1.4455369766219903,-0.03339332175098808,93.6035990585048,90.85614929199218,88.10869952547957,6.047911534711651
2018-08-08,93.0500030517578,94.57550048828124,92.7249984741211,94.32599639892578,94.32599639892578,79260000,0.012907476510019888,91.18494911193848,87.4589794921875,66.70897247958015,1.5667269467815856,1.4697749706539094,0.09695197612767625,93.94073902363236,91.18494911193848,88.4291592002446,6.044396445976799
2018-08-09,94.0999984741211,95.72850036621094,93.8740005493164,94.9260025024414,94.9260025024414,97208000,0.006360983466085601,91.43969917297363,87.73260955810547,68.1518052367723,1.7178485091368998,1.5193896783505076,0.19845883078639215,94.56495897205306,91.43969917297363,88.3144393738942,6.835673842643495
2018-08-10,94.42549896240234,94.9749984741211,93.9104995727539,94.31500244140624,94.31500244140624,72798000,-0.006436593187619577,91.6228744506836,87.98928955078125,65.05958545297753,1.767931226806951,1.5690979880417966,0.19883323876515435,94.96387090245062,91.6228744506836,88.28187799891657,7.292930879537798
2018-08-13,94.9250030517578,96.25,94.68350219726562,94.80999755859376,94.80999755859376,110630000,0.005248317917343481,91.80714950561523,88.24394943237304,66.39005558427048,1.8265092488390877,1.6205802402012548,0.20592900863783292,95.41385197794467,91.80714950561523,88.20044703328578,7.857127667619933
2018-08-14,95.96949768066406,96.05049896240234,95.0,95.98249816894533,95.98249816894533,79722000,0.012366845697121098,91.99644927978515,88.49832946777343,69.36570531025573,1.9451216025522484,1.6854885126714536,0.2596330898807948,96.03641873737195,91.99644927978515,87.95647982219836,8.782881272515624
2018-08-15,95.47750091552734,95.8105010986328,93.489501953125,94.13099670410156,94.13099670410156,154014000,-0.019289990364543486,92.095698928833,88.68459945678711,60.28864533898732,1.8681867588066439,1.7220281618984916,0.14615859690815225,96.2416290394252,92.095698928833,87.9497688182408,9.003526025240275
2018-08-16,95.1969985961914,95.25,94.17749786376952,94.32599639892578,94.32599639892578,79142000,0.002071577924933621,92.27957382202149,88.8753694152832,60.869424715463694,1.8021758254442801,1.7380576946076494,0.06411813083663076,96.47831936583141,92.27957382202149,88.08082827821157,9.100054042096014
2018-08-17,94.29000091552734,94.4000015258789,92.77749633789062,94.11100006103516,94.11100006103516,82086000,-0.002279290398177758,92.45087394714355,89.06828948974609,59.83046037320828,1.7127695364489455,1.7330000629759088,-0.020230526526963333,96.65496468498549,92.45087394714355,88.24678320930161,9.094756076065911
2018-08-20,94.52850341796876,94.5875015258789,93.3030014038086,93.83550262451172,93.83550262451172,57240000,-0.002927367006458015,92.63764915466308,89.26100952148437,58.45361861229777,1.601226129491181,1.7066452762789635,-0.10541914678778253,96.7380095335004,92.63764915466308,88.53728877582576,8.852470709811668
2018-08-21,94.0,94.8874969482422,93.72049713134766,94.1709976196289,94.1709976196289,62112000,0.0035753524597155195,92.77309913635254,89.45530944824219,59.670743296255914,1.5223501136277662,1.669786243748724,-0.1474361301209579,96.8881166108029,92.77309913635254,88.65808166190219,8.871143710317018
2018-08-22,93.83200073242188,95.29000091552734,93.83200073242188,95.24500274658205,95.24500274658205,61610000,0.011404839643848863,92.87632446289062,89.66145950317383,63.37022674889079,1.5288795687210097,1.6416049087431814,-0.11272534002217172,97.12833739307528,92.87632446289062,88.62431153270596,9.156290270473793
2018-08-23,95.3584976196289,95.9749984741211,95.03800201416016,95.1449966430664,95.1449966430664,71260000,-0.0010499879325084338,93.11357421875,89.85949951171875,62.79261729592017,1.5085944148102328,1.6150028099565918,-0.10640839514635902,97.3156455896792,93.11357421875,88.9115028478208,9.025690198632812
2018-08-24,95.52549743652344,95.80049896240234,95.1269989013672,95.26950073242188,95.26950073242188,56018000,0.0013085721135976947,93.33387413024903,90.04102951049805,63.241822516087645,1.4854414789619597,1.5890905437576655,-0.10364906479570579,97.50284461264889,93.33387413024903,89.16490364784917,8.933456413867459
2018-08-27,95.75,96.38500213623048,95.46399688720705,96.38400268554688,96.38400268554688,71380000,0.0116984128662041,93.70502433776855,90.25273956298828,67.07392833783925,1.539279745096934,1.5791283840255192,-0.039848638928585256,97.56061166315637,93.70502433776855,89.84943701238073,8.229200840906865
2018-08-28,96.8864974975586,97.08899688720705,96.44100189208984,96.64099884033205,96.64099884033205,62014000,0.0026663776936470818,94.09347419738769,90.46176956176758,67.90483755400496,1.5844201910818754,1.5801867454367906,0.004233445645084766,97.45715492566997,94.09347419738769,90.72979346910542,7.149657841788271
2018-08-29,97.67250061035156,99.93450164794922,97.4469985961914,99.90499877929688,99.90499877929688,130636000,0.03377448472317157,94.59579925537109,90.7250895690918,76.14028371131612,1.8621066303199,1.6365707224134125,0.2255359079064876,98.26632843475372,94.59579925537109,90.92527007598846,7.760448578638582
2018-08-30,99.87100219726562,101.27850341796876,99.34500122070312,100.11900329589844,100.11900329589844,145546000,0.0021420801683240676,95.01592445373535,90.97738967895508,76.56487618065972,2.0755182278527258,1.7243602235012754,0.3511580043514504,99.16439967826193,95.01592445373535,90.86744922920877,8.73216831468399
2018-08-31,100.3499984741211,101.11900329589844,100.23699951171876,100.635498046875,100.635498046875,84088000,0.005158808357790701,95.48947448730469,91.2598796081543,77.60088973158462,2.2602702775320864,1.8315422343074377,0.42872804322464875,99.92366793338576,95.48947448730469,91.05528104122362,9.28729259405568
2018-09-04,101.3249969482422,102.5250015258789,100.6500015258789,101.97550201416016,101.97550201416016,114422000,0.013315420436047276,95.96887474060058,91.58371963500977,80.06338023744277,2.486155871935736,1.9624649618330974,0.5236909101026388,100.9920242298238,95.96887474060058,90.94572525137737,10.46828881301475
2018-09-05,101.90550231933594,102.0189971923828,99.49449920654295,99.74099731445312,99.74099731445312,164412000,-0.021912171605654396,96.29972457885742,91.91538955688476,66.86292166732696,2.456548417182077,2.0612816529028937,0.3952667642791834,101.40083271717127,96.29972457885742,91.19861644054357,10.594232040895774
2018-09-06,100.32550048828124,100.375,96.760498046875,97.91549682617188,97.91549682617188,149774000,-0.018302408612638987,96.47919960021973,92.18260955810547,58.3926277504031,2.259732869040036,2.1009718961303223,0.1587609729097137,101.54234906581789,96.47919960021973,91.41605013462157,10.4958363804391
2018-09-07,96.9355010986328,98.76000213623048,96.86750030517578,97.60350036621094,97.60350036621094,97852000,-0.0031863848938521455,96.6130744934082,92.47416961669921,57.062131912184356,2.054892105239091,2.091755937952076,-0.0368638327129851,101.64637547392331,96.6130744934082,91.5797735128931,10.419502757586963
2018-09-10,98.5500030517578,98.6520004272461,96.57599639892578,96.95050048828124,96.95050048828124,90896000,-0.006690332574955105,96.74484939575196,92.71172958374024,54.27471964653387,1.8188955951301153,2.0371838693876843,-0.21828827425756892,101.6673695318274,96.74484939575196,91.82232925967651,10.176293966697921
2018-09-11,96.41349792480467,99.44400024414062,95.8499984741211,99.35749816894533,99.35749816894533,100672000,0.024827078442519523,96.97222442626953,92.99907958984375,61.70123721902728,1.8052811005378402,1.9908033156177154,-0.1855222150798752,101.93618083906362,96.97222442626953,92.00826801347544,10.237893256884735
2018-09-12,99.6999969482422,100.0,98.12200164794922,99.5,99.5,88280000,0.0014342332856687179,97.14809951782226,93.2752995300293,62.093763697481656,1.785409137160343,1.949724479926241,-0.16431534276589788,102.20766010488387,97.14809951782226,92.08853893076065,10.416180269452232
2018-09-13,100.0,100.43800354003906,99.10150146484376,99.49349975585938,99.49349975585938,72430000,-6.53290868404266e-05,97.41622467041016,93.57120956420898,62.062516756750156,1.7489748542162147,1.909574554784236,-0.1605997005680213,102.37517491435804,97.41622467041016,92.45727442646228,10.180953451492451
2018-09-14,99.64649963378906,99.68250274658205,97.96099853515624,98.5094985961914,98.5094985961914,72840000,-0.009890105002663963,97.62539978027344,93.84166946411133,57.3571076644778,1.622002319466361,1.852060107720661,-0.2300577882543,102.3946049590205,97.62539978027344,92.85619460152638,9.770418742419821
2018-09-17,97.73650360107422,97.84100341796876,94.37049865722656,95.40149688720705,95.40149688720705,141004000,-0.03155027437226776,97.68992462158204,94.03906936645508,45.59779004514462,1.2561062961454468,1.7328693454056183,-0.47676304926017155,102.29943782306499,97.68992462158204,93.08041142009908,9.437028883661567
2018-09-18,95.93250274658205,97.91000366210938,95.77200317382812,97.05249786376952,97.05249786376952,85374000,0.01730581836168099,97.85077438354492,94.24109939575196,51.30860230879216,1.086824802544072,1.6036604368333092,-0.5168356342892371,102.12325260572074,97.85077438354492,93.5782961613691,8.732640592968679
2018-09-19,97.0250015258789,97.04149627685548,95.24500274658205,96.3209991455078,96.3209991455078,81136000,-0.007537144683164243,97.95827445983886,94.42444931030273,48.861248151675554,0.8834582097751706,1.4596199914216816,-0.576161781646511,101.95423944250386,97.95827445983886,93.96230947717386,8.158504229886725
2018-09-20,96.9290008544922,97.75,96.6125030517578,97.21499633789062,97.21499633789062,63098000,0.009281436034859869,98.0567741394043,94.61374923706055,51.88204203792573,0.7853735246930427,1.324770698075954,-0.5393971733829113,101.87345479024586,98.0567741394043,94.24009348856274,7.784634329119382
2018-09-21,97.71099853515624,97.8655014038086,95.5250015258789,95.75050354003906,95.75050354003906,137118000,-0.015064474134848682,98.08704948425293,94.73213928222657,46.98569293777768,0.5827507872679689,1.1763667159143572,-0.5936159286463882,101.81953819587001,98.08704948425293,94.35456077263585,7.610563741579973
2018-09-24,95.1894989013672,96.84400177001952,93.25,96.71800231933594,96.71800231933594,84274000,0.010104372755515678,98.15947456359864,94.85346939086914,50.3212893494066,0.49453913450257403,1.0400011996320004,-0.5454620651294264,101.72284828074373,98.15947456359864,94.59610084645354,7.26037651074904
2018-09-25,97.1449966430664,98.79550170898438,96.94249725341795,98.72750091552734,98.72750091552734,90768000,0.020776882772626015,98.27664947509766,95.00552947998047,56.450264928337155,0.5800935494452091,0.9480196695946422,-0.36792612014943316,101.7518161067641,98.27664947509766,94.80148284343122,7.072212270620831
2018-09-26,98.4250030517578,99.7624969482422,98.07599639892578,98.74250030517578,98.74250030517578,86270000,0.00015192716831013975,98.38172454833985,95.13644943237304,56.49341118988737,0.6417091415295317,0.8867575639816202,-0.24504842245208847,101.7789223396313,98.38172454833985,94.9845267570484,6.906156213234977
2018-09-27,99.66200256347656,100.80799865722656,99.4290008544922,100.64900207519533,100.64900207519533,86588000,0.019307813394711104,98.41892471313477,95.30650939941407,61.688943943274566,0.8347561524059302,0.8763572816664822,-0.04160112926055204,101.8973516599499,98.41892471313477,94.94049776631964,7.068614002751669
2018-09-28,100.22049713134766,101.32599639892578,99.822998046875,100.1500015258789,100.1500015258789,81702000,-0.004957829079553222,98.42047462463378,95.49653945922852,59.68006916637746,0.936684608247873,0.8884227469827604,0.04826186126511267,101.90195654534467,98.42047462463378,94.93899270392289,7.074710692036241
2018-10-01,101.09950256347656,101.65950012207033,100.18000030517578,100.21800231933594,100.21800231933594,69210000,0.0006789894400496266,98.39959983825683,95.68719955444335,59.871844333427504,1.0112931812972903,0.9129968338456664,0.09829634745162386,101.83237258748456,98.39959983825683,94.96682708902911,6.977208758715081
2018-10-02,99.99949645996094,100.66950225830078,98.28849792480467,98.56549835205078,98.56549835205078,108014000,-0.016489093067526883,98.22909965515137,95.85650955200195,53.244214698182724,0.9263988046004528,0.9156772279966238,0.010721576603828997,101.24832748476845,98.22909965515137,95.2098718255343,6.147318544538333
2018-10-03,99.08499908447266,99.48500061035156,97.4905014038086,97.63800048828124,97.63800048828124,105062000,-0.00940996473691802,98.12394981384277,95.98002960205078,49.90506917059357,0.7753404313937011,0.8876098686760393,-0.11226943728233818,101.07085046863244,98.12394981384277,95.1770491590531,6.006486001389929
2018-10-04,97.4499969482422,97.8000030517578,94.82849884033205,95.47100067138672,95.47100067138672,145140000,-0.022194225670922108,98.00172500610351,96.0258396911621,43.103540875429736,0.47528798344360723,0.805145491629553,-0.3298575081859457,101.16770118345704,98.00172500610351,94.83574882874998,6.461062143868085
2018-10-05,95.89949798583984,96.4540023803711,93.1415023803711,94.48249816894533,94.48249816894533,136446000,-0.010353955604213705,97.84567489624024,96.10748962402344,40.398751961444106,0.15593286894672076,0.6753029670929867,-0.5193700981462659,101.36295702054134,97.84567489624024,94.32839277193914,7.189448338990929
2018-10-08,93.6999969482422,95.0999984741211,91.53299713134766,93.22100067138672,93.22100067138672,147864000,-0.013351652655319346,97.65919990539551,96.15463958740234,37.19133445891357,-0.1966834213497748,0.5009056894044344,-0.6975891107542092,101.7026435795621,97.65919990539551,93.61575623122891,8.280722508649598
2018-10-09,92.99949645996094,94.83399963378906,92.61599731445312,93.51599884033205,93.51599884033205,95458000,0.003164503350325809,97.36712493896485,96.24573959350586,38.422529899372584,-0.4471757216793151,0.3112894071876845,-0.7584651288669996,101.71046296596774,97.36712493896485,93.02378691196196,8.921569841413174
2018-10-10,92.89450073242188,92.9280014038086,87.72049713134766,87.76249694824219,87.76249694824219,219778000,-0.061524252143350444,96.78024978637696,96.22354949951172,27.216764043221787,-1.097303165219003,0.029570892706346996,-1.12687405792535,102.69859752884247,96.78024978637696,90.86190204391144,12.230486603473503
2018-10-11,86.19999694824219,87.7699966430664,84.25499725341797,85.96800231933594,85.96800231933594,278718000,-0.020447169250033426,96.10397491455078,96.14573959350587,24.788477028584325,-1.737307962717324,-0.32380487837838723,-1.4135030843389367,103.52731938790106,96.10397491455078,88.68063044120049,15.44856907313277
2018-10-12,90.4000015258789,90.44750213623048,87.12650299072266,89.43049621582031,89.43049621582031,188892000,0.04027654247009993,95.65002479553223,96.10001953125,36.5514424325462,-1.9427275022033825,-0.6475894031433863,-1.2951380990599963,103.52603362486245,95.65002479553223,87.77401596620201,16.46838847384826
2018-10-15,89.75,89.75250244140625,86.71150207519531,88.04750061035156,88.04750061035156,128744000,-0.015464474245241777,95.28232498168946,96.03767959594727,34.24746940668638,-2.191853827852867,-0.9564422880852825,-1.2354115397675847,103.8285536259685,95.28232498168946,86.73609633741042,17.9387491770827
2018-10-16,89.17500305175781,91.19400024414062,88.07749938964844,90.9980010986328,90.9980010986328,117198000,0.033510326446840155,94.97960014343262,96.00988967895508,42.56524529485979,-2.126692319506219,-1.19049229436947,-0.936200025136749,103.68108499085956,94.97960014343262,86.27811529600568,18.322850031557238
2018-10-17,92.1395034790039,92.25,90.3499984741211,91.58650207519533,91.58650207519533,105904000,0.006467185756362515,94.742875289917,95.97913970947266,44.08461084430004,-2.004458098944667,-1.3532854552845095,-0.6511726436601577,103.54255918017658,94.742875289917,85.94319139965741,18.575927452765605
2018-10-18,91.07450103759766,91.50749969482422,88.39350128173828,88.53600311279297,88.53600311279297,117480000,-0.03330729849140657,94.30892562866211,95.86333984375,38.412229769464304,-2.129192366457673,-1.5084668375191421,-0.6207255289385307,103.42835342233127,94.30892562866211,85.18949783499295,19.339479763721556
2018-10-19,89.25800323486328,90.45500183105467,87.6500015258789,88.20149993896484,88.20149993896484,118144000,-0.0037781598679350603,93.9314754486084,95.72884979248047,37.837302902454596,-2.2293383578178663,-1.652641141578887,-0.5766972162389792,103.39924123924644,93.9314754486084,84.46370965797036,20.158878044704036
2018-10-22,89.19999694824219,90.4749984741211,87.80000305175781,89.46499633789062,89.46499633789062,90000000,0.014325112382443717,93.56882514953614,95.63184967041016,41.40479959555508,-2.1816030160026543,-1.7584335164636407,-0.4231694995390136,103.13697381256105,93.56882514953614,84.00067648651122,20.451573796579506
2018-10-23,87.11199951171875,88.81700134277344,85.69999694824219,88.43499755859375,88.43499755859375,134478000,-0.011512868959461908,93.05419998168945,95.50434967041015,39.418776671790084,-2.2015071036297655,-1.847048233896866,-0.35445886973289964,102.56414018124906,93.05419998168945,83.54425978212984,20.439572209380998
2018-10-24,88.68499755859375,88.885498046875,82.8280029296875,83.20999908447266,83.20999908447266,138568000,-0.059082926650834144,92.2775749206543,95.2488996887207,31.234171973624626,-2.6088220693230113,-1.9994030009820951,-0.6094190683409162,102.32429989969131,92.2775749206543,82.2308499416173,21.77500869019537
2018-10-25,85.16699981689453,89.7405014038086,84.60050201416016,89.1084976196289,89.1084976196289,205714000,0.07088689580645524,91.70054969787597,95.14844970703125,45.09391137406275,-2.4276778194767843,-2.0850579646810328,-0.3426198547957515,101.05989273255176,91.70054969787597,82.34120666320018,20.412839542427687
2018-10-26,82.47949981689453,84.9229965209961,80.1500015258789,82.1405029296875,82.1405029296875,299276000,-0.07819674751655215,90.80007476806641,94.90473983764649,35.891105826880846,-2.8139412705671987,-2.2308346258582663,-0.5831066447089324,100.19976270156258,90.80007476806641,81.40038683457024,20.704141395271087
2018-10-29,83.0,83.28700256347656,74.75,76.94400024414062,76.94400024414062,277322000,-0.06326358495753426,89.63637466430664,94.5613998413086,30.836818454744304,-3.4990374505185144,-2.484475190790316,-1.0145622597281982,99.8145881564415,89.63637466430664,79.45816117217178,22.710007026171798
2018-10-30,74.30799865722656,77.04949951171875,73.81800079345703,76.52100372314453,76.52100372314453,249202000,-0.005497459446531794,88.53414993286133,94.21510986328126,30.4607866926889,-4.029661958417165,-2.793512544315686,-1.236149414101479,99.35972952361242,88.53414993286133,77.70857034211024,24.45515001603454
2018-10-31,78.49949645996094,81.19550323486328,78.25450134277344,79.90049743652344,79.90049743652344,187804000,0.04416426273766638,87.64727478027343,93.92969985961913,37.06397670332709,-4.129882094781422,-3.0607864544088335,-1.0690956403725886,98.24816886657558,87.64727478027343,77.04638069397129,24.1899000576526
2018-11-01,81.17649841308594,83.52249908447266,79.9219970703125,83.27649688720703,83.27649688720703,162710000,0.04225254609166407,87.03754959106445,93.69032974243164,42.89730031576476,-3.892027463732717,-3.2270346562736103,-0.6649928074591065,97.16032088739533,87.03754959106445,76.91477829473357,23.260699189927834
2018-11-02,83.92949676513672,84.87200164794922,82.59149932861328,83.27649688720703,83.27649688720703,139110000,0.0,86.47724952697754,93.45295974731445,42.89730031576476,-3.661320530988206,-3.3138918312165297,-0.34742869977167645,96.11874348244615,86.47724952697754,76.83575557150894,22.29833628661104
2018-11-05,82.87850189208984,82.90450286865234,79.81800079345703,81.38999938964844,81.38999938964844,112494000,-0.022653420449634698,85.88569946289063,93.17536972045899,40.466571994152645,-3.589332614472383,-3.3689799878677005,-0.22035262660468247,95.2472734049401,85.88569946289063,76.52412552084115,21.80007614910189
2018-11-06,80.9175033569336,83.25,80.72750091552734,82.1405029296875,82.1405029296875,85148000,0.00922107808904249,85.31692466735839,92.8904997253418,41.8775859171116,-3.432158521535513,-3.381615694601263,-0.05054282693424961,94.1206768956367,85.31692466735839,76.51317243908008,20.637762700901856
2018-11-07,83.6500015258789,87.96150207519531,83.2040023803711,87.77449798583984,87.77449798583984,163844000,0.06858973168176319,85.31752471923828,92.71316970825195,51.22363830286649,-2.820468005250504,-3.2693861567311115,0.44891815148060754,94.1219452239395,85.31752471923828,76.51310421453705,20.639184115279228
2018-11-08,87.75,89.19999694824219,86.25550079345703,87.74549865722656,87.74549865722656,130698000,-0.0003303844428476088,85.40639953613281,92.46997970581054,51.178021565001025,-2.3113945499849535,-3.07778783538188,0.7663932853969264,94.27097018328519,85.40639953613281,76.54182888898043,20.75856304749634
2018-11-09,86.625,87.19599914550781,85.09349822998047,85.62149810791016,85.62149810791016,118044000,-0.024206376188181555,85.2159496307373,92.18002960205078,47.819051561049456,-2.055643088397744,-2.873358885985053,0.8177157975873088,93.88809531413749,85.2159496307373,76.54380394733711,20.35333930086758
2018-11-12,84.91200256347656,85.42749786376953,81.50050354003906,81.84249877929688,81.84249877929688,136124000,-0.04413610380713673,84.90569953918457,91.80416961669921,42.47727023652955,-2.133300515494895,-2.7253472118870214,0.5920466963921265,93.59440417314863,84.90569953918457,76.2169949052205,20.466717031061425
2018-11-13,82.4645004272461,83.85299682617188,80.6875,81.55850219726562,81.55850219726562,118666000,-0.003470038015299326,84.43372459411621,91.39582962036133,42.09668318532357,-2.1924871100436434,-2.618775191518346,0.42628808147470254,92.76559504270567,84.43372459411621,76.10185414552676,19.735882761637793
2018-11-14,82.81600189208984,83.6500015258789,79.85350036621094,79.95050048828125,79.95050048828125,129738000,-0.019715929862163195,83.8519245147705,91.00001968383789,39.9159527508639,-2.342146406090052,-2.5634494344326875,0.2213030283426356,91.71662504184927,83.8519245147705,75.98722398769173,18.758545072375536
2018-11-15,79.05049896240234,81.24099731445312,77.32550048828125,80.97200012207031,80.97200012207031,168546000,0.012776650897123432,83.47372436523438,90.66114974975586,41.97243445093523,-2.351222562905747,-2.521004060127299,0.16978149722155234,91.12565532462233,83.47372436523438,75.82179340584642,18.333747577638633
2018-11-16,79.375,80.7239990234375,78.65599822998047,79.67050170898438,79.67050170898438,121322000,-0.016073437868940443,83.04717445373535,90.30248977661132,40.08970199558293,-2.4353621880883765,-2.503875685719515,0.06851349763113834,90.54696086660944,83.04717445373535,75.54738804086126,18.061508924791013
2018-11-19,78.85050201416016,79.05950164794922,75.16799926757812,75.614501953125,75.614501953125,155800000,-0.05090968010562913,82.35464973449707,89.8757698059082,34.844128072501974,-2.7970856676807756,-2.5625176821117672,-0.23456798556900837,89.91372843792541,82.35464973449707,74.79557103106873,18.357381708981908
2018-11-20,71.875,76.73750305175781,71.0,74.77300262451172,74.77300262451172,217576000,-0.011128808718927297,81.67154998779297,89.38407989501952,33.85440010352835,-3.1157397856818108,-2.673162102825776,-0.4425776828560348,89.37708815436547,81.67154998779297,73.96601182122048,18.86957739316617
2018-11-21,77.14949798583984,77.5,75.75,75.83650207519531,75.83650207519531,114336000,0.014223040580892299,81.3028751373291,88.91080993652344,36.316367235660906,-3.245053001318311,-2.7875402825242834,-0.4575127187940278,89.37553427536375,81.3028751373291,73.23021599929444,19.858237791465758
2018-11-23,75.8499984741211,76.80999755859375,75.09049987792969,75.10299682617188,75.10299682617188,54152000,-0.009672192531983259,80.60260009765625,88.42299987792968,35.33937569446918,-3.36789935250755,-2.903612096520937,-0.4642872559866129,88.26474306040068,80.60260009765625,72.94045713491182,19.012148376010575
2018-11-26,76.94999694824219,79.2405014038086,76.21099853515625,79.06649780273438,79.06649780273438,125154000,0.052774205345442304,80.44889984130859,88.03413986206054,44.09172991548131,-3.109589158271831,-2.944807508871116,-0.16478164940071505,88.10480166501738,80.44889984130859,72.7929980175998,19.032955923103042
2018-11-27,78.79949951171875,79.88249969482422,77.90049743652344,79.07099914550781,79.07099914550781,115664000,5.693110101656629e-05,80.55524978637695,87.70752990722656,44.1009840744175,-2.871413381503828,-2.9301286833976588,0.058715301893830674,88.07126264688054,80.55524978637695,73.03923692587335,18.660516553384603
2018-11-28,80.69599914550781,84.07250213623047,80.06099700927734,83.88749694824219,83.88749694824219,169174000,0.06091358215761211,80.92357444763184,87.44422988891601,53.05510986264827,-2.2678637216355213,-2.797675691045231,0.5298119694097099,88.3339417168508,80.92357444763184,73.51320717841287,18.314483312929895
2018-11-29,83.74949645996094,84.49949645996094,82.61650085449219,83.67849731445312,83.67849731445312,132264000,-0.0024914277024860043,81.11247444152832,87.19137985229492,52.66091922396017,-1.7858249136462376,-2.5953055355654326,0.809480621919195,88.60109199887698,81.11247444152832,73.62385688417966,18.4647740286779
2018-11-30,83.9749984741211,84.80000305175781,83.32499694824219,84.50849914550781,84.50849914550781,115236000,0.009918938050902604,81.17407455444337,86.93724990844727,54.11883271682079,-1.3215969275460395,-2.340563813961554,1.0189668864155146,88.75261087444036,81.17407455444337,73.59553823444637,18.6723072892296
2018-12-03,88.4729995727539,88.91699981689453,86.5,88.61799621582031,88.61799621582031,137246000,0.04862821032044029,81.44114952087402,86.79459976196289,60.5903846266823,-0.6150014806614479,-1.995451347301533,1.380449866640085,89.64768683022811,81.44114952087402,73.23461221151993,20.153294391432155
2018-12-04,87.80000305175781,88.51699829101562,83.25,83.41999816894531,83.41999816894531,173890000,-0.05865623540184539,81.54264945983887,86.52863967895507,50.825110627750256,-0.4690476102813932,-1.6901705998975052,1.221122989616112,89.79423662756551,81.54264945983887,73.29106229211223,20.23870262344293
2018-12-06,80.74349975585938,85.05249786376953,80.49250030517578,84.95950317382812,84.95950317382812,175788000,0.0184548674019982,81.6835994720459,86.2532797241211,53.22938212488755,-0.2265414993629804,-1.3974447797906002,1.1709032804276198,90.06648174899007,81.6835994720459,73.30071719510173,20.525251901547257
2018-12-07,85.25350189208984,85.94650268554688,81.27300262451172,81.45649719238281,81.45649719238281,151522000,-0.041231479123390424,81.36769943237304,85.90755966186524,47.53439737015379,-0.31340423719902333,-1.1806366712722849,0.8672324340732616,89.27111958296999,81.36769943237304,73.4642792817761,19.426431386733984
2018-12-10,81.19200134277344,82.89949798583984,79.54350280761719,82.05149841308594,82.05149841308594,149896000,0.007304527462037358,81.08299942016602,85.53560958862305,48.54146860087896,-0.33042304567888436,-1.0105939461536049,0.6801709004747205,88.43813948054253,81.08299942016602,73.7278593597895,18.142249578762446
2018-12-11,83.9000015258789,83.97350311279297,80.9800033569336,82.16200256347656,82.16200256347656,124894000,0.0013467657815862122,80.91002464294434,85.175849609375,48.738268202283535,-0.33117621929228847,-0.8747104007813417,0.5435341814890532,87.98757080686723,80.91002464294434,73.83247847902145,17.49485603336812
2018-12-12,83.44999694824219,85.24949645996094,83.01349639892578,83.177001953125,83.177001953125,131960000,0.01235363498916997,80.97674980163575,84.83502960205078,50.60682227092467,-0.2470236123303664,-0.7491730430911466,0.5021494307607802,88.11312047146725,80.97674980163575,73.84037913180424,17.625727600362026
2018-12-13,84.0,84.60600280761719,82.07499694824219,82.91899871826172,82.91899871826172,105426000,-0.0031018578309504052,81.04477462768554,84.522099609375,50.106841301148656,-0.19885845339109665,-0.6391101251511366,0.44025167176004,88.2278140839504,81.04477462768554,73.86173517142068,17.726101378560884
2018-12-14,81.9000015258789,82.12850189208984,79.25,79.59549713134766,79.59549713134766,127344000,-0.04008130390245668,81.02702445983887,84.16124954223633,44.067149368018306,-0.42397865826781356,-0.596083831774472,0.17210517350665844,88.22253621580647,81.02702445983887,73.83151270387127,17.76077007377721
2018-12-17,78.30000305175781,78.80650329589844,75.25050354003906,76.04550170898438,76.04550170898438,176596000,-0.04460045543160707,80.78069953918457,83.77273956298828,38.70106752998721,-0.8787137395618458,-0.6526098133319468,-0.22610392622989905,88.2970280187039,80.78069953918457,73.26437105966524,18.609218594036463
2018-12-18,77.0,78.37750244140625,76.15049743652344,77.5739974975586,77.5739974975586,130460000,0.020099752835132323,80.67587432861328,83.43456954956055,41.97720499519181,-1.1030425438853086,-0.7426963594426191,-0.3603461844426895,88.30878466905783,80.67587432861328,73.04296398816872,18.92241120152916
2018-12-19,77.15249633789062,79.22650146484375,74.15899658203125,74.75399780273438,74.75399780273438,175844000,-0.03635238334743507,80.63284912109376,83.0652294921875,37.94759546134608,-1.4911856848211755,-0.8923942245183305,-0.598791460302845,88.38811454815794,80.63284912109376,72.87758369402957,19.235995035763633
2018-12-20,74.19999694824219,75.4749984741211,71.6344985961914,73.04149627685547,73.04149627685547,199836000,-0.022908494210543306,80.54627380371093,82.65573944091797,35.70600000781923,-1.9149026755410858,-1.0968959147228816,-0.8180067608182042,88.59439955511053,80.54627380371093,72.49814805231134,19.98385616450156
2018-12-21,73.24949645996094,74.0,68.197998046875,68.87249755859375,68.87249755859375,272806000,-0.0570771264386426,80.19807357788086,82.277939453125,30.91785008901644,-2.557622122427503,-1.389041156263806,-1.168580966163697,89.53115318423461,80.19807357788086,70.86499397152711,23.27507180653245
2018-12-24,67.30000305175781,69.80149841308594,65.3499984741211,67.197998046875,67.197998046875,144400000,-0.024313035987901577,79.80282363891601,81.90253936767579,29.22278607130066,-3.165608862405236,-1.744354697492092,-1.4212541649131438,90.53082048002013,79.80282363891601,69.0748267978119,26.886258786142964
2018-12-26,68.44450378417969,73.65799713134766,68.15049743652344,73.54499816894531,73.54499816894531,208236000,0.09445222040160872,79.52674865722656,81.58482940673828,42.165661108755494,-3.099563035129705,-2.0153963650196145,-1.0841666701100907,90.59511291829955,79.52674865722656,68.45838439615358,27.835575948865877
2018-12-27,72.70999908447266,73.44999694824219,69.5155029296875,73.08200073242188,73.08200073242188,194440000,-0.006295430662189294,79.22729873657227,81.28551940917968,41.568493363594484,-3.0494293416293345,-2.2222029603415585,-0.827226381287776,90.64725583085448,79.22729873657227,67.80734164229006,28.82833890942851
2018-12-28,73.6675033569336,75.67350006103516,72.44999694824219,73.9010009765625,73.9010009765625,176580000,0.011206593086295902,78.72797393798828,80.94357940673828,43.10350980994696,-2.910066122498108,-2.3597755927728685,-0.5502905297252396,90.1625058089732,78.72797393798828,67.29344206700337,29.04820560984221
2018-12-31,75.54000091552734,76.03800201416016,74.3499984741211,75.09850311279297,75.09850311279297,139090000,0.016204139597652434,78.29897422790528,80.61381942749023,45.36359601696027,-2.672188032567803,-2.4222580807318557,-0.24992995183594724,89.6014266811372,78.29897422790528,66.99652177467335,28.869988565453763
2019-01-02,73.26000213623047,77.66799926757812,73.04650115966797,76.95649719238281,76.95649719238281,159662000,0.024740760502233394,77.92137413024902,80.38222930908204,48.76427124907552,-2.3071479724834205,-2.3992360590821686,0.09208808659874812,88.86778509915952,77.92137413024902,66.97496316133852,28.096041916850922
2019-01-03,76.00050354003906,76.9000015258789,74.85549926757812,75.01399993896484,75.01399993896484,139512000,-0.025241497784936007,77.24117431640624,80.11847930908203,45.57074870954093,-2.1498126866787572,-2.3493513846014866,0.19953869792272938,87.07886947749961,77.24117431640624,67.40347915531288,25.472671145041904
2019-01-04,76.5,79.69999694824219,75.91549682617188,78.76950073242188,78.76950073242188,183652000,0.05006399867375011,77.00864944458007,79.90456939697266,52.101753338136795,-1.70246090160812,-2.2199732880028136,0.5175123863946935,86.46357188239868,77.00864944458007,67.55372700676146,24.555481769935273
2019-01-07,80.1155014038086,81.72799682617188,79.45950317382812,81.47550201416016,81.47550201416016,159864000,0.03435341415874271,76.83444938659667,79.76537948608399,56.18164408112938,-1.116706997364446,-1.9993200298751401,0.8826130325106942,85.81339782364951,76.83444938659667,67.85550094954384,23.372194396486847
2019-01-08,83.2344970703125,83.83049774169922,80.83049774169922,82.8290023803711,82.8290023803711,177628000,0.01661235994563981,76.9030746459961,79.75775955200196,58.10392696061664,-0.53708545346025,-1.706873114592162,1.169787661131912,86.04183524388804,76.9030746459961,67.76431404810415,23.766957667063178
2019-01-09,82.64900207519531,83.38999938964844,82.06999969482422,82.97100067138672,82.97100067138672,126976000,0.0017143547179709895,76.94904975891113,79.63500961303711,58.31055855140831,-0.06551787928380293,-1.3786020675304904,1.3130841882466875,86.19951905589103,76.94904975891113,67.69858046193123,24.043102094080492
2019-01-10,82.05049896240234,83.1624984741211,81.08100128173828,82.81099700927734,82.81099700927734,130154000,-0.0019284287379283116,76.98149948120117,79.64841949462891,57.963653486059556,0.2919267129572063,-1.044496311432951,1.3364230243901574,86.30911868446793,76.98149948120117,67.6538802779344,24.233404820971465
2019-01-11,82.02749633789062,83.0145034790039,81.81099700927734,82.02799987792969,82.02799987792969,93724000,-0.009455231305329326,76.9240493774414,79.75009948730468,56.20156867007086,0.5061877851415915,-0.7343594921180426,1.2405472772596342,86.1114244660277,76.9240493774414,67.73667428885511,23.886873254700408
2019-01-14,80.75,82.41000366210938,79.75749969482422,80.8604965209961,80.8604965209961,120118000,-0.014232985793521946,76.82112426757813,79.83688934326172,53.58577649629912,0.5751534538481167,-0.4724569029248108,1.0476103567729274,85.78085229963436,76.82112426757813,67.8613962355219,23.326209079805487
2019-01-15,81.5999984741211,83.75800323486328,81.30049896240234,83.72799682617188,83.72799682617188,119970000,0.035462313843586335,77.02774925231934,79.91343933105469,58.673395081175336,0.8513783929473533,-0.20768984375037797,1.0590682366977313,86.41430877228319,77.02774925231934,67.64118973235549,24.37189093820295
2019-01-16,84.21099853515625,85.25,83.79399871826172,84.18900299072266,84.18900299072266,127338000,0.005505997778829874,77.43492431640625,79.931689453125,59.44308589308306,1.094867046189293,0.052821534237556256,1.042045511951737,87.30954240848702,77.43492431640625,67.56030622432549,25.504301009534576
2019-01-17,84.0,85.00849914550781,83.875,84.66100311279297,84.66100311279297,84178000,0.005606434395265758,77.78927459716797,79.95937957763672,60.25918592456169,1.3108098236102137,0.30441919211208773,1.006390631498126,88.15485227826804,77.78927459716797,67.42369691606791,26.65040324589281
2019-01-18,85.5999984741211,85.80999755859375,84.5770034790039,84.80999755859375,84.80999755859375,120410000,0.0017598946424279838,78.29207458496094,80.02777954101562,60.529188062697166,1.4769433534641792,0.5389240243825061,0.9380193290816731,88.99018182355573,78.29207458496094,67.59396734636616,27.328710588669917
2019-01-22,84.05000305175781,84.09349822998047,80.51000213623047,81.6084976196289,81.6084976196289,128336000,-0.03774908655967102,78.72042465209961,80.01713943481445,52.305839107233474,1.334883379119347,0.6981158953298743,0.6367674837894728,89.22764032531529,78.72042465209961,68.21320897888393,26.695017766105096
2019-01-23,82.80000305175781,82.87149810791016,80.5999984741211,82.0009994506836,82.0009994506836,104504000,0.004809570602366753,79.3768497467041,79.90166946411132,53.1462679215558,1.239681170595773,0.8064289503830541,0.43325222021271903,88.93896803598408,79.3768497467041,69.81473145742412,24.092964938248937
2019-01-24,82.05349731445312,82.86299896240234,81.58899688720703,82.74649810791016,82.74649810791016,81798000,0.009091336230296898,80.15427474975586,79.801689453125,54.77628378305485,1.2104351032908625,0.8872301809646157,0.32320492232624676,88.00427907504462,80.15427474975586,72.30427042446709,19.587238109999056
2019-01-25,83.5250015258789,84.17400360107422,83.08049774169922,83.52850341796875,83.52850341796875,98918000,0.009450615167288179,80.65345001220703,79.75982955932618,56.48637935247001,1.2361095755405103,0.9570060598797947,0.27910351566071556,88.01323537410633,80.65345001220703,73.29366465030773,18.250391919466267
2019-01-28,82.17949676513672,82.25,80.70449829101562,81.89450073242188,81.89450073242188,96754000,-0.019562216712664893,81.09407501220703,79.76086959838867,52.056829480371896,1.1117903914128107,0.9879629261863979,0.12382746522641275,87.59272960754325,81.09407501220703,74.59542041687081,16.02744613427795
2019-01-29,81.5634994506836,81.61900329589844,79.53600311279297,79.69400024414062,79.69400024414062,92656000,-0.02686994204251958,81.38372497558593,79.72357955932617,46.7410417362869,0.8261808447670944,0.9556065099025373,-0.12942566513544285,87.03535325415535,81.38372497558593,75.73209669701652,13.888841485849495
2019-01-30,81.1500015258789,83.84750366210938,80.98400115966797,83.52149963378906,83.52149963378906,115676000,0.04802744720961405,81.80487480163575,79.79499954223633,55.292639944936006,0.8983251017571661,0.9441502282734631,-0.045825126516297,86.72876013947042,81.80487480163575,76.88098946380107,12.038122055132634
2019-01-31,84.64250183105469,86.82050323486328,83.9540023803711,85.9365005493164,85.9365005493164,218206000,0.02891472167185971,82.25387496948242,79.89428955078125,59.69056828466705,1.1372607026119113,0.9827723231411528,0.15448837947075844,86.96035511845112,82.25387496948242,77.54739482051373,11.44378948885965
2019-02-01,81.94400024414062,83.65299987792969,81.10050201416016,81.3115005493164,81.3115005493164,230124000,-0.05381880772938674,82.56875,79.92710952758789,49.62287134214339,0.9425548548187663,0.9747288294766755,-0.032173974657909166,85.9523613948438,82.56875,79.18513860515618,8.195864403527512
2019-02-04,81.1500015258789,82.48149871826172,80.67500305175781,81.66549682617188,81.66549682617188,98582000,0.004353581897566405,82.7135498046875,80.04812942504883,50.31364097032965,0.8075051915411535,0.9412841018895711,-0.1337789103484176,85.65315392724112,82.7135498046875,79.77394568213388,7.107914312697111
2019-02-05,82.16699981689453,83.26300048828125,82.125,82.94049835205078,82.94049835205078,89062000,0.015612487224473615,82.78679962158203,80.2114793395996,52.82280269534771,0.7942042358633898,0.911868128684335,-0.11766389282094514,85.67185749222138,82.78679962158203,79.90174175094269,6.969849985328399
2019-02-06,83.5374984741211,83.61299896240234,81.66699981689453,82.01300048828125,82.01300048828125,78798000,-0.011182689786027766,82.74599952697754,80.33500930786133,50.812555721629884,0.7007440650930619,0.8696433159660804,-0.1688992508730185,85.65052997633224,82.74599952697754,79.84146907762285,7.020352563165874
2019-02-07,81.25,81.2770004272461,79.64550018310547,80.71849822998047,80.71849822998047,92532000,-0.015784110453143985,82.63337440490723,80.4473193359375,48.063293996278524,0.5162694598091946,0.7989685447347032,-0.28269908492550866,85.66612672872319,82.63337440490723,79.60062208109127,7.340260144661002
2019-02-08,79.30000305175781,79.42949676513672,78.33799743652344,79.41100311279297,79.41100311279297,113150000,-0.016198209157239574,82.463374710083,80.45420944213868,45.39185695624628,0.26155305646574334,0.6914854470809113,-0.42993239061516797,85.8028974998812,82.463374710083,79.1238519202848,8.099408498715889
2019-02-11,80.04900360107422,80.4645004272461,79.30000305175781,79.55000305175781,79.55000305175781,66346000,0.0017503863887402549,82.33947486877442,80.46378952026367,45.73715426604942,0.07009657539937564,0.5672076727446042,-0.4971110973452285,85.91027931817912,82.33947486877442,78.76867041936971,8.673371927852456
2019-02-12,80.19999694824219,81.97000122070312,79.94400024414062,81.90049743652344,81.90049743652344,97172000,0.029547382710171766,82.39147491455078,80.4240495300293,51.34032992826386,0.1068000630876611,0.4751261508132156,-0.3683260877255545,85.90443566631149,82.39147491455078,78.87851416279008,8.527486018193112
2019-02-13,82.3499984741211,82.81900024414062,81.85549926757812,82.0,82.0,71206000,0.001214920135908626,82.3050750732422,80.39047958374023,51.568322615639964,0.1422767885556766,0.4085562783617078,-0.2662794898060312,85.76692802661765,82.3050750732422,78.84322211986674,8.412246633138475
2019-02-14,81.2249984741211,81.8949966430664,80.3030014038086,81.13249969482422,81.13249969482422,82410000,-0.010579272014338836,82.15224990844726,80.32295959472657,49.39533264317496,0.09924825238633161,0.3466946731666326,-0.247446420780301,85.53694390802507,82.15224990844726,78.76755590886945,8.240051863095173
2019-02-15,81.39299774169922,81.44550323486328,80.2249984741211,80.39749908447266,80.39749908447266,86878000,-0.009059262479477748,81.93907470703125,80.15854965209961,47.5664809583046,0.005772874762513425,0.2785103134858088,-0.27273743872329537,85.19966366726037,81.93907470703125,78.67848574680214,7.958569148814957
2019-02-19,80.05000305175781,81.69999694824219,80.02799987792969,81.37899780273438,81.37899780273438,73634000,0.012208075244112715,81.76752471923828,80.1177296447754,50.21717052937606,0.010767586345778568,0.22496176805780277,-0.2141941817120242,84.75550403612478,81.76752471923828,78.77954540235179,7.308474427093627
2019-02-20,81.5,81.74649810791016,80.50599670410156,81.1050033569336,81.1050033569336,66752000,-0.0033668938325457365,81.74235000610352,80.0406396484375,49.46539522946929,-0.007298992407513083,0.1785096159647396,-0.1858086083722527,84.74371874733407,81.74235000610352,78.74098126487297,7.343485331670657
2019-02-21,80.99250030517578,81.1780014038086,80.04550170898438,80.97200012207031,80.97200012207031,69668000,-0.0016398893947140447,81.69090003967285,80.03094970703125,49.081284128639254,-0.03198048461177905,0.13641159584943588,-0.16839208046121493,84.70800689995849,81.69090003967285,78.67379317938722,7.386641250911401
2019-02-22,81.17500305175781,81.74700164794922,81.05850219726562,81.5780029296875,81.5780029296875,61924000,0.0074841032295558385,81.63247528076172,80.02147979736328,50.95019991496617,-0.0026112817754437856,0.10860702032445994,-0.11121830209990373,84.61055716206094,81.63247528076172,78.6543933994625,7.2963164991789995
2019-02-25,82.07250213623047,82.7300033569336,81.51950073242188,81.6500015258789,81.6500015258789,63690000,0.0008825736547322105,81.53855018615722,80.01123977661133,51.17947076900985,0.026172013382549153,0.0921200189360778,-0.06594800555352864,84.38719212444542,81.53855018615722,78.68990824786903,6.9872273465362875
2019-02-26,81.29900360107422,81.99949645996094,80.80650329589844,81.81999969482422,81.81999969482422,53316000,0.00208203509820426,81.53482513427734,79.98409973144531,51.75291029789216,0.061985879038914504,0.08609319095664515,-0.024107311917730648,84.38178983294097,81.53482513427734,78.68786043561371,6.983432401982938
2019-02-27,81.40899658203125,82.09049987792969,80.75499725341797,82.05449676513672,82.05449676513672,62976000,0.0028660116253622636,81.65284996032715,79.96680969238281,52.58032190000475,0.10804510270871504,0.09048357330705913,0.01756152940165591,84.37787712032667,81.65284996032715,78.92782280032762,6.67466514965134
2019-02-28,81.76249694824219,82.5885009765625,81.69149780273438,81.99150085449219,81.99150085449219,60518000,-0.0007677325817357916,81.5763500213623,80.0147297668457,52.32073430442281,0.13787479102869327,0.09996181685138596,0.03791297417730731,84.16998272960889,81.5763500213623,78.98271731311571,6.358785867637855
2019-03-01,82.75650024414062,83.71299743652344,82.55000305175781,83.58650207519531,83.58650207519531,99498000,0.019453250691601864,81.45885009765625,80.16554977416992,57.97758880200311,0.2869109713807205,0.1373516477572529,0.14955932362346763,83.37657412045645,81.45885009765625,79.54112607485605,4.708448549178274
2019-03-04,84.25,85.47149658203125,83.71800231933594,84.80850219726562,84.80850219726562,123348000,0.014619586796095208,81.63370018005371,80.31023986816406,61.7244044056594,0.49788906006807565,0.20945913021941748,0.2884299298486582,84.04099465355952,81.63370018005371,79.2264057065479,5.89779580784949
2019-03-05,85.14749908447266,85.38999938964844,84.45050048828125,84.62149810791016,84.62149810791016,73630000,-0.0022050158240090045,81.78150024414063,80.50758987426758,60.830548280052525,0.6425936288623575,0.2960860299480055,0.346507598914352,84.51881139426494,81.78150024414063,79.04418909401632,6.694206249463935
2019-03-06,84.79850006103516,84.88749694824219,83.41400146484375,83.44750213623047,83.44750213623047,79920000,-0.013873495481994347,81.80685043334961,80.71570999145507,55.40595315175334,0.6549910496485438,0.36786703388811315,0.2871240157604307,84.59553452128154,81.80685043334961,79.01816634541768,6.81772754521077
2019-03-07,83.36849975585938,83.48750305175781,81.02549743652344,81.29750061035156,81.29750061035156,99140000,-0.02576471998369667,81.77107543945313,80.96421005249023,47.11894117960534,0.4857297499134745,0.39143957709318544,0.09429017282028906,84.56661249356983,81.77107543945313,78.97553838533642,6.837471658757001
2019-03-08,80.20050048828125,81.13600158691406,79.32849884033203,81.04000091552734,81.04000091552734,93340000,-0.0031673752931026256,81.78715057373047,81.24105010986328,46.227153794971585,0.3270409525292308,0.37855985218039456,-0.05151889965116374,84.56191254851278,81.78715057373047,79.01238859894816,6.7853249693076965
2019-03-11,81.30599975585938,83.614501953125,81.30049896240234,83.53099822998047,83.53099822998047,77528000,0.030737873720530162,81.99315032958984,81.44077011108398,55.083471861590574,0.3976971967283731,0.3823873210899903,0.01530987563838282,84.6405161897344,81.99315032958984,79.34578446944528,6.457529316785318
2019-03-12,83.44999694824219,84.2135009765625,83.04900360107422,83.65499877929688,83.65499877929688,72290000,0.0014844854239022265,82.19840011596679,81.65223007202148,55.47658152157894,0.45841427293554204,0.39759271145910063,0.06082156147644141,84.68809697059606,82.19840011596679,79.70870326133752,6.057774484945617
2019-03-13,84.1500015258789,85.0,83.96749877929688,84.54049682617188,84.54049682617188,71040000,0.010585118161452245,82.33040008544921,81.86501998901367,58.284313286780844,0.5713985583421675,0.432353880835714,0.13904467750645344,85.0152145406554,82.33040008544921,79.64558563024302,6.5220488481039185
2019-03-14,84.55999755859375,85.0999984741211,84.21700286865234,84.31099700927734,84.31099700927734,58932000,-0.002714673150861824,82.44594993591309,82.04926986694336,57.276174015596276,0.6350996676880527,0.4729030382061818,0.1621966294818709,85.25976257693199,82.44594993591309,79.63213729489419,6.825835940288473
2019-03-15,85.1500015258789,85.94000244140625,84.65650177001953,85.61799621582031,85.61799621582031,151018000,0.015502120161135613,82.67022476196288,82.22249984741211,61.373767434880584,0.7820323861569136,0.5347289077963282,0.24730347836058542,85.73350568306208,82.67022476196288,79.60694384086369,7.410844545105502
2019-03-18,85.63500213623047,87.5,85.63150024414062,87.10749816894531,87.10749816894531,108582000,0.017397066258948213,83.00572471618652,82.46436981201173,65.44159766180655,1.007059231518184,0.6291949725406994,0.37786425897748466,86.44640368712699,83.00572471618652,79.56504574524605,8.290220903931264
2019-03-19,87.67549896240234,89.20800018310547,87.67549896240234,88.09249877929688,88.09249877929688,127284000,0.011307873960989534,83.34139976501464,82.65082977294922,67.85264542777219,1.2504614042763507,0.7534482588878297,0.4970131453885209,87.34556844416457,83.34139976501464,79.33723108586472,9.6090746986249
2019-03-20,88.49700164794922,89.9749984741211,88.35150146484375,89.8635025024414,89.8635025024414,125312000,0.02010391063581385,83.77932472229004,82.81858978271484,71.67855905724781,1.5681874901436998,0.9163961051390038,0.651791385004696,88.5514861595175,83.77932472229004,79.00716328506259,11.392217478587025
2019-03-21,89.81300354003906,91.1875,89.36399841308594,90.96299743652344,90.96299743652344,115356000,0.012235166707998735,84.2788745880127,82.9812696838379,73.76599412248116,1.8869560992811358,1.1105081039674303,0.7764479953137056,89.80337827254681,84.2788745880127,78.75437090347859,13.110055661136894
2019-03-22,90.5084991455078,90.9489974975586,88.15550231933594,88.2385025024414,88.2385025024414,127260000,-0.029951683771010984,84.6118995666504,83.08661972045898,61.641857970773486,1.8978611846411866,1.2679787201021815,0.6298824645390051,90.24690688838831,84.6118995666504,78.97689224491248,13.319656810917275
2019-03-25,87.8895034790039,89.13400268554688,87.375,88.71299743652344,88.71299743652344,102076000,0.005377413721055602,84.96504936218261,83.20465972900391,62.788946225006384,1.9226284549823447,1.3989086670782143,0.5237197879041304,90.69773469722169,84.96504936218261,79.23236402714353,13.494219983565761
2019-03-26,89.6500015258789,90.28849792480467,88.66799926757812,89.18800354003906,89.18800354003906,97318000,0.0053544138654035844,85.33344955444336,83.34785980224609,63.951151805075426,1.9580149405160512,1.510729921765782,0.44728501875026927,91.1566108315819,85.33344955444336,79.51028827730482,13.648015655158344
2019-03-27,89.20649719238281,89.375,87.28399658203125,88.28500366210938,88.28500366210938,86496000,-0.01012467867973188,85.644974899292,83.49634994506836,60.107759532984396,1.8913916561219395,1.5868622686370135,0.304529387484926,91.3993682772971,85.644974899292,79.89058152128689,13.437784025908272
2019-03-28,88.5,88.89649963378906,87.67350006103516,88.6709976196289,88.6709976196289,60860000,0.00437213503435796,85.97894973754883,83.5952099609375,61.18170034752828,1.8484311460868383,1.6391760441269787,0.20925510195985964,91.62064049122081,85.97894973754883,80.33725898387685,13.123423281845776
2019-03-29,89.3290023803711,89.64299774169922,88.83149719238281,89.0374984741211,89.0374984741211,66416000,0.004133266392968293,86.25149955749512,83.69217987060547,62.22165410164035,1.822944419824097,1.6759297192664024,0.1470147005576945,91.93108791001102,86.25149955749512,80.57191120497923,13.16983097489195
2019-04-01,90.00550079345703,90.78350067138672,89.9365005493164,90.70950317382812,90.70950317382812,84776000,0.018778657625842854,86.54654960632324,83.81314987182617,66.6157213672256,1.9155811838988939,1.7238600121929006,0.19172117170599323,92.50203587539497,86.54654960632324,80.59106333725151,13.762504215735042
2019-04-02,90.5510025024414,91.0,90.25599670410156,90.6989974975586,90.6989974975586,68962000,-0.00011581671050930886,86.85042457580566,83.93092987060547,66.56333358305139,1.9654918005639246,1.7721863698671054,0.19330543069681916,92.99907131768038,86.85042457580566,80.70177783393095,14.159163347573484
2019-04-03,91.33599853515624,91.5,90.4810028076172,91.03500366210938,91.03500366210938,78522000,0.003704629310371743,87.22979965209962,84.11945999145507,67.44514748517764,2.009000703663773,1.8195492366264392,0.18945146703733373,93.42788961290749,87.22979965209962,81.03170969129174,14.210946226009563
2019-04-04,91.03250122070312,91.4375,90.20999908447266,90.94300079345705,90.94300079345705,72478000,-0.001010631789435723,87.71207466125489,84.29830001831054,66.92469727140511,2.012855020517165,1.8582103934045844,0.15464462711258053,93.47446137020934,87.71207466125489,81.94968795230044,13.13932370476667
2019-04-05,91.4499969482422,91.9290008544922,91.2594985961914,91.86399841308594,91.86399841308594,72810000,0.0101271962833136,88.2532745361328,84.48065002441406,69.46490687516425,2.06640616126424,1.8998495469765158,0.16655661428772417,93.40864958745368,88.2532745361328,83.09789948481193,11.683136016012984
2019-04-08,91.6614990234375,92.51000213623048,91.25550079345705,92.49299621582033,92.49299621582033,75056000,0.00684705448924583,88.70137443542481,84.6599398803711,71.09749457851458,2.134989857950714,1.9468776091713555,0.1881122487793585,93.69234499461592,88.70137443542481,83.7104038762337,11.25342327772964
2019-04-09,92.27449798583984,92.65450286865234,91.58899688720705,91.79199981689452,91.79199981689452,74288000,-0.007578913297284995,89.10822448730468,84.85788986206055,66.81031074863117,2.1084732140391935,1.9791967301449234,0.12927648389427016,93.69787489458174,89.10822448730468,84.51857408002762,10.30129470917907
2019-04-10,92.0500030517578,92.4000015258789,91.44049835205078,92.3665008544922,92.3665008544922,59280000,0.006258726672734971,89.49952468872071,85.11133987426757,68.48742047515509,2.109499023500476,2.0052571888160338,0.10424183468444204,93.78938170851106,89.49952468872071,85.20966766893036,9.586323580399933
2019-04-11,92.43499755859376,92.49749755859376,92.0155029296875,92.20349884033205,92.20349884033205,53096000,-0.001764730856449126,89.89414978027345,85.28497985839844,67.4460585292441,2.07325983578356,2.018857718209539,0.0544021175740208,93.61679517638075,89.89414978027345,86.17150438416616,8.282286233768241
2019-04-12,92.41999816894533,92.5749969482422,92.06500244140624,92.15299987792967,92.15299987792967,62288000,-0.0005476903050047888,90.22089996337891,85.4093098449707,67.10563150447271,2.0172120098218755,2.0185285765320065,-0.0013165667101309175,93.50638454071301,90.22089996337891,86.93541538604481,7.283200630159301
2019-04-15,92.0999984741211,92.34249877929688,90.94499969482422,92.24349975585938,92.24349975585938,74488000,0.0009820611162911774,90.47770004272462,85.62794982910157,67.4229746353338,1.9575310878938978,2.006329078804385,-0.04879799091048698,93.5452970863867,90.47770004272462,87.41010299906254,6.780890854240374
2019-04-16,92.56749725341795,93.4885025024414,92.4000015258789,93.1520004272461,93.1520004272461,60892000,0.009848939749589336,90.73067512512208,85.85767990112305,70.49974613962638,1.9609374722729882,1.9972507574981058,-0.036313285225117564,93.80422446569676,90.73067512512208,87.65712578454739,6.7751051920116545
2019-04-17,93.64949798583984,93.82350158691406,93.02200317382812,93.24099731445312,93.24099731445312,57870000,0.0009553942674214166,90.89954986572266,86.0636898803711,70.7907763547136,1.9483588929480646,1.9874723845880975,-0.03911349164003286,94.13104745418526,90.89954986572266,87.66805227726006,7.1100409039124814
2019-04-18,93.4394989013672,93.54100036621094,92.9739990234375,93.08450317382812,93.08450317382812,54998000,-0.001678383384266291,91.0056251525879,86.28511993408203,69.49252622475993,1.9038164974391094,1.9707412071583,-0.06692470971919051,94.37483394267164,91.0056251525879,87.63641636250415,7.404396781923403
2019-04-22,92.7699966430664,94.4209976196289,92.28199768066406,94.3655014038086,94.3655014038086,67476000,0.01376167016316665,91.31197509765626,86.55805999755859,73.73815539255072,1.9494105877090107,1.9664750832684421,-0.01706449555943146,94.73287071844281,91.31197509765626,87.8910794768697,7.492764485989873
2019-04-23,94.55999755859376,96.46299743652344,94.47899627685548,96.1884994506836,96.1884994506836,92808000,0.019318479950358514,91.68575019836427,86.89360992431641,78.35474154527887,2.108341293651705,1.9948483253450948,0.11349296830661015,95.50004653205411,91.68575019836427,87.87145386467444,8.320368924151285
2019-04-24,96.25,96.4844970703125,94.90799713134766,95.0875015258789,95.0875015258789,73516000,-0.01144625325368731,91.98072509765626,87.20435989379882,70.31522275397086,2.1210040773129606,2.020079475738668,0.10092460157429262,95.88808360454617,91.98072509765626,88.07336659076635,8.496037626886393
2019-04-25,95.8499984741211,96.12249755859376,95.0155029296875,95.1125030517578,95.1125030517578,121982000,0.00026293177839042947,92.32210006713868,87.46860000610351,70.38952037572723,2.1087484987437364,2.037813280339682,0.07093521840405437,96.06792951695824,92.32210006713868,88.57627061731911,8.114697233047162
2019-04-26,96.4499969482422,97.5500030517578,94.9000015258789,97.53150177001952,97.53150177001952,168652000,0.02543302552920257,92.7651252746582,87.77923004150391,76.51438911260595,2.2680837865209895,2.0838673815759434,0.1842164049450461,96.76607720302448,92.7651252746582,88.76417334629193,8.625982914420245
2019-04-29,97.4499969482422,97.81700134277344,96.70449829101562,96.92150115966795,96.92150115966795,80426000,-0.006254395751948416,93.15932540893554,88.09501007080078,72.44491255667893,2.3184109999193367,2.130776105244622,0.18763489467471484,97.16707953516664,93.15932540893554,89.15157128270445,8.604085760901572
2019-04-30,96.50499725341795,96.7854995727539,95.34750366210938,96.32599639892578,96.32599639892578,70120000,-0.006144196629405685,93.44015007019043,88.41358001708984,68.60860283317602,2.283915861412467,2.161404056478191,0.12251180493427594,97.50855005174219,93.44015007019043,89.37175008863866,8.70803392009893
2019-05-01,96.65450286865234,97.18199920654295,95.52749633789062,95.57599639892578,95.57599639892578,62340000,-0.007786060129541195,93.68400001525879,88.69751998901367,64.01110233232242,2.1710331647314405,2.163329878128841,0.007703286602599668,97.64930096849754,93.68400001525879,89.71869906202004,8.46526824771125
2019-05-02,95.66649627685548,96.07749938964844,94.09349822998048,95.04100036621094,95.04100036621094,79258000,-0.005597598276473326,93.88429985046386,88.97623992919922,60.87729331220967,2.015173440622533,2.1336985906275796,-0.1185251500050466,97.69585926998239,93.88429985046386,90.07274043094533,8.119695040788438
2019-05-03,97.4499969482422,98.22000122070312,96.8000030517578,98.1230010986328,98.1230010986328,127632000,0.03242811755501651,94.24329986572266,89.31925994873046,69.99165282432963,2.115953789954091,2.1301496304928818,-0.014195840538790971,98.22771083729589,94.24329986572266,90.25888889414944,8.4555845927513
2019-05-06,95.89900207519533,97.9499969482422,95.5250015258789,97.52749633789062,97.52749633789062,108356000,-0.006068961956672836,94.52647476196289,89.63824981689453,66.75555347519435,2.123294666323261,2.1287786376589577,-0.005483971335696669,98.5982990356769,94.52647476196289,90.45465048824887,8.615203907619968
2019-05-07,96.99949645996094,97.45500183105467,95.16899871826172,96.0500030517578,96.0500030517578,118042000,-0.015149504925400237,94.70432510375976,89.92624984741211,59.41548359260179,1.9869862626893706,2.1004201626650403,-0.11343389997566966,98.71561549840014,94.70432510375976,90.69303470911937,8.471187330136278
2019-05-08,95.94349670410156,96.76850128173828,95.5,95.88849639892578,95.88849639892578,81572000,-0.0016814851400367425,94.90914993286133,90.20761978149415,58.656247831390466,1.8446644896712314,2.049269028066279,-0.20460453839504744,98.71792432938632,94.90914993286133,91.10037553633633,8.026147951423694
2019-05-09,95.0,95.47000122070312,93.8000030517578,94.99349975585938,94.99349975585938,106166000,-0.009333722778829934,95.04049987792968,90.4663998413086,54.5001088461355,1.6407412658976455,1.9675634756325522,-0.3268222097349067,98.66626342271968,95.04049987792968,91.41473633313967,7.629933658696969
2019-05-10,94.9000015258789,95.1894989013672,92.8000030517578,94.4990005493164,94.4990005493164,114360000,-0.005205610992477072,95.1552749633789,90.71654983520507,52.2953176527929,1.4228272220670561,1.8586162249194529,-0.43578900285239675,98.55268534908157,95.1552749633789,91.75786457767623,7.140771516892122
2019-05-13,91.8280029296875,92.3270034790039,90.9000015258789,91.13400268554688,91.13400268554688,115668000,-0.035608819608768605,95.10432510375975,90.8674998474121,40.33684107916026,0.967449412587797,1.6803828624531219,-0.7129334498653248,98.70479851497247,95.10432510375975,91.50385169254703,7.5716291709857915
2019-05-14,91.9749984741211,92.62200164794922,90.7874984741211,92.00599670410156,92.00599670410156,92582000,0.009568262041155462,95.09244995117186,91.01144973754883,43.9158795105864,0.6692076384065473,1.478147817643807,-0.8089401792372597,98.73194279331919,95.09244995117186,91.45295710902452,7.654641023585245
2019-05-15,91.39749908447266,93.72149658203124,91.1500015258789,93.55750274658205,93.55750274658205,93852000,0.01686309695084609,95.11272506713865,91.19016983032226,49.697795598185344,0.5516829966287133,1.2928548534407882,-0.7411718568120749,98.71305943215626,95.11272506713865,91.51239070212105,7.570668094045628
2019-05-16,94.2969970703125,95.87550354003906,94.114501953125,95.37850189208984,95.37850189208984,94156000,0.019463956305463936,95.2196002960205,91.42878982543945,55.49692553600581,0.5985831892178908,1.1540005205962087,-0.555417331378318,98.71676669037952,95.2196002960205,91.72243390166149,7.345475896741754
2019-05-17,94.65249633789062,95.52649688720705,93.3665008544922,93.4499969482422,93.4499969482422,94732000,-0.020219492921261573,95.2378749847412,91.67183975219727,49.04792833177809,0.47466604328459994,1.018133625133887,-0.5434675818492871,98.69379862254014,95.2378749847412,91.78195134694225,7.257456423408537
2019-05-20,92.6344985961914,93.38899993896484,91.7770004272461,92.94850158691406,92.94850158691406,75964000,-0.005366456690265031,95.16702499389648,91.910009765625,47.50208049468349,0.33216533268065973,0.8809399666432416,-0.5487746339625819,98.74743953462784,95.16702499389648,91.58661045316511,7.524485589333064
2019-05-21,93.739501953125,93.9499969482422,92.3000030517578,92.8759994506836,92.8759994506836,80102000,-0.0007800247985996211,95.00139999389647,92.09690979003906,47.270126740014014,0.21095047068276074,0.7469420674511454,-0.5359915967683847,98.68253016216514,95.00139999389647,91.3202698256278,7.749633518043243
2019-05-22,92.58899688720705,93.57450103759766,92.5500030517578,92.98400115966795,92.98400115966795,58732000,0.0011628591845378455,94.89622497558592,92.28348983764648,47.679973249845936,0.12219308868678525,0.6219922716982734,-0.4997991830114882,98.68026634617618,94.89622497558592,91.11218360499566,7.975114650901623
2019-05-23,91.82949829101562,92.1999969482422,90.20999908447266,90.77400207519533,90.77400207519533,88486000,-0.023767519755121258,94.6792999267578,92.40815994262695,40.70752415352893,-0.1250349078057269,0.47258683579747335,-0.5976217436032003,98.86498174385244,94.6792999267578,90.49361810966317,8.84180981551955
2019-05-24,91.79450225830078,92.08799743652344,90.89250183105467,91.16400146484376,91.16400146484376,67394000,0.004296377605180091,94.36092491149903,92.54522003173828,42.31077174207637,-0.28619609439847693,0.3208302497582833,-0.6070263441567603,98.5987233088887,94.36092491149903,90.12312651410936,8.982104406806721
2019-05-28,91.6374969482422,92.4635009765625,91.36750030517578,91.82150268554688,91.82150268554688,64000000,0.007212290050219838,94.10592498779297,92.6692901611328,45.01036992779363,-0.3567502475487174,0.18531415029688314,-0.5420643978456006,98.31035816199764,94.10592498779297,89.90149181358831,8.935533389103922
2019-05-29,91.15599822998048,91.5,90.37650299072266,90.95950317382812,90.95950317382812,85580000,-0.009387773958249856,93.83760032653808,92.74633026123047,42.22086782056474,-0.4767256818912955,0.052906183859247405,-0.5296318657505429,98.12520064060368,93.83760032653808,89.55000001247248,9.138341771625695
2019-05-30,91.27449798583984,91.47350311279295,90.3915023803711,90.81600189208984,90.81600189208984,62938000,-0.001577639243082074,93.59960060119629,92.80080032348633,41.75691273747509,-0.5767381537012994,-0.07302268365286196,-0.5037154700484374,98.00170784830394,93.59960060119629,89.19749335408864,9.40625220371162
2019-05-31,89.50050354003906,89.77950286865234,88.63500213623047,88.75350189208984,88.75350189208984,92376000,-0.022710755340790256,93.28522567749023,92.77860031127929,35.68700913509467,-0.8130529033678329,-0.22102872759585618,-0.5920241757719766,98.10856785149994,93.28522567749023,88.46188350348052,10.341063419163888
2019-06-03,88.00050354003906,88.31449890136719,83.5999984741211,84.6344985961914,84.6344985961914,181974000,-0.04640947352034053,92.61080055236816,92.65203033447266,27.187325452101504,-1.3175156863592292,-0.44032611934853083,-0.8771895670106984,98.24386670961665,92.61080055236816,86.97773439511967,12.165030695449374
2019-06-04,84.96199798583984,86.54100036621094,84.04450225830078,86.47799682617188,86.47799682617188,113582000,0.02178187690076805,92.05832557678222,92.61682022094726,34.68522032141108,-1.5506759488599329,-0.6623960852508113,-0.8882798636091216,97.8200958565381,92.05832557678222,86.29655529702634,12.517651703213337
2019-06-05,87.4800033569336,87.5999984741211,85.76249694824219,86.92500305175781,86.92500305175781,84796000,0.005169016882808464,91.60207557678223,92.58106033325195,36.39553298275505,-1.6800212311272986,-0.8659211144261089,-0.8141001167011898,97.47138922686239,91.60207557678223,85.73276192670207,12.814804933454619
2019-06-06,86.885498046875,88.0,86.30650329589844,87.71800231933594,87.71800231933594,73786000,0.009122798271355315,91.19355087280273,92.5516603088379,39.42589788785481,-1.698955385562698,-1.0325279686534268,-0.6664274169092712,96.94887860533994,91.19355087280273,85.43822314026552,12.622225316272143
2019-06-07,88.18499755859375,90.3125,87.97450256347656,90.20149993896484,90.20149993896484,96164000,0.02831229113708922,90.95395088195801,92.589990234375,47.81189124423818,-1.4963147518814282,-1.1252853252990271,-0.371029426582401,96.44968335313578,90.95395088195801,85.45821841078023,12.08464814972195
2019-06-10,91.0999984741211,94.24349975585938,90.9000015258789,93.03150177001952,93.03150177001952,107420000,0.03137422141504964,90.88057594299316,92.67720031738281,55.390694641259834,-1.0947435708574886,-1.1191769744107196,0.02443340355323098,96.22204652493733,90.88057594299316,85.539105361049,11.75492238362292
2019-06-11,94.1624984741211,94.68499755859376,92.9000015258789,93.18499755859376,93.18499755859376,80854000,0.001649933470424969,90.98312568664551,92.76015029907227,55.76591000315872,-0.755401886683444,-1.0464219568652646,0.29102007018182063,96.41805613254851,90.98312568664551,85.5481952407425,11.947117456969815
2019-06-12,92.6989974975586,93.25,92.21900177001952,92.76599884033205,92.76599884033205,53566000,-0.004496418192190821,91.02112579345703,92.80128021240235,54.42030668760568,-0.5143517254775247,-0.9400079105877167,0.425656185110192,96.494622594597,91.02112579345703,85.54762899231706,12.02687124209011
2019-06-13,93.33599853515624,94.15450286865234,93.11100006103516,93.51499938964844,93.51499938964844,55916000,0.008074084887562893,91.01900062561035,92.85760025024415,56.44358001777271,-0.2598838718752745,-0.8039831028452283,0.5440992309699538,96.48858823893399,91.01900062561035,85.5494130122867,12.018562224873829
2019-06-14,93.1999969482422,93.8000030517578,92.9499969482422,93.4834976196289,93.4834976196289,57024000,-0.00033686328637261287,90.9242504119873,92.90657012939454,56.330323577341154,-0.06006579305028481,-0.6551996408862396,0.5951338478359548,96.14863334934125,90.9242504119873,85.69986747463335,11.49172616476182
2019-06-17,93.8249969482422,94.78450012207033,93.77249908447266,94.30149841308594,94.30149841308594,52686000,0.008750215966301989,90.96682548522949,92.97374008178711,58.6505053677093,0.16242496782115268,-0.49167471914476124,0.6540996869659139,96.28586752565114,90.96682548522949,85.64778344480784,11.69446556379021
2019-06-18,95.06749725341795,96.08350372314452,94.989501953125,95.06849670410156,95.06849670410156,77914000,0.008133468756305495,91.07282524108886,93.03783004760743,60.75593799110863,0.3960751430826832,-0.3141247466992724,0.7101998897819556,96.62499578583541,91.07282524108886,85.52065469634232,12.19281499184589
2019-06-19,95.39199829101562,95.97899627685548,94.62349700927734,95.4394989013672,95.4394989013672,57906000,0.0039024725343073108,91.20100021362306,93.09676010131835,61.76994926862518,0.6042163372366076,-0.1304565299120964,0.734672867148704,97.0254454909571,91.20100021362306,85.37655493628903,12.772766227763398
2019-06-20,96.66649627685548,96.76000213623048,95.29000091552734,95.90950012207033,95.90950012207033,64344000,0.004924598579345574,91.34727516174317,93.17911010742188,63.071721727680604,0.7978972410060408,0.055214224271531054,0.7426830167345098,97.48215520537228,91.34727516174317,85.21239511811406,13.431993527483865
2019-06-21,95.80500030517578,96.29750061035156,95.37899780273438,95.56500244140624,95.56500244140624,78672000,-0.0035919036198251986,91.58682518005372,93.24308013916016,61.42083261274395,0.9130673963165208,0.22678485868052903,0.6862825376359918,97.98208378150208,91.58682518005372,85.19156657860536,13.965455378272368
2019-06-24,95.63300323486328,95.84300231933594,95.06500244140624,95.69499969482422,95.69499969482422,45660000,0.0013603018897812014,91.81337509155274,93.31291015625,61.82687695859307,1.0032652487974758,0.3820809367039184,0.6211843120935574,98.44916417196598,91.81337509155274,85.17758601113951,14.45495076027056
2019-06-25,95.59200286865234,95.81950378417967,93.62100219726562,93.91349792480467,93.91349792480467,60246000,-0.01861645619625729,91.91797485351563,93.3481201171875,53.514439962747836,0.9203857584172113,0.489741901046577,0.43064385737063426,98.61663309605295,91.91797485351563,85.21931661097831,14.575295535421848
2019-06-26,94.6240005493164,95.19000244140624,94.36599731445312,94.8915023803711,94.8915023803711,48838000,0.010413885939479117,92.11457481384278,93.40108016967774,56.93731774743469,0.9229804076127124,0.5763896023598041,0.3465908052529083,98.9191362009677,92.11457481384278,85.31001342671786,14.774125377827495
2019-06-27,95.0999984741211,95.56199645996094,94.9020004272461,95.21399688720705,95.21399688720705,42834000,0.0033985604479445097,92.33447456359865,93.44232009887695,58.03463079976313,0.9402210147059265,0.6491558848290286,0.2910651298768978,99.24046161705671,92.33447456359865,85.42848751014058,14.958631835179434
2019-06-28,95.45500183105467,95.64700317382812,94.1999969482422,94.68150329589844,94.68150329589844,60748000,-0.005592597818778855,92.63087463378908,93.47113021850586,55.518994754169455,0.9005357222135331,0.6994318523059295,0.20110386990760354,99.40422542164322,92.63087463378908,85.85752384593494,14.624391305020493
2019-07-01,96.14900207519533,96.49099731445312,95.73300170898438,96.1094970703125,96.1094970703125,63842000,0.015082077541072714,93.20462455749512,93.53163009643555,60.46787915526948,0.9730947745193248,0.7541644367486086,0.21893033777071624,99.05212674729867,93.20462455749512,87.35712236769157,12.54766534936558
2019-07-02,95.96900177001952,96.739501953125,95.3314971923828,96.71549987792967,96.71549987792967,52918000,0.006305337412949141,93.71649971008301,93.57863006591796,62.38070895211061,1.067195740044383,0.8167706974077635,0.25042504263661947,98.87023254642367,93.71649971008301,88.56276687374236,10.998560237063908
2019-07-03,96.79450225830078,97.07949829101562,96.5250015258789,96.9499969482422,96.9499969482422,33806000,0.0024246069203850418,94.21774940490724,93.59386001586914,63.12426610315053,1.1474661119189307,0.882909780309997,0.26455633160893366,98.50985525494852,94.21774940490724,89.92564355486596,9.111034549542596
2019-07-05,96.43000030517578,97.29499816894533,96.26499938964844,97.14550018310548,97.14550018310548,52568000,0.002016536782024403,94.68912429809572,93.63501998901367,63.76725895943167,1.21287516717247,0.9489028576824917,0.2639723094899783,97.97521589097843,94.68912429809572,91.40303270521301,6.940800471525321
2019-07-08,96.70600128173828,97.8000030517578,96.4124984741211,97.61599731445312,97.61599731445312,57668000,0.004843221049465107,95.05984916687012,93.68508987426758,65.33386092115455,1.2878321734509939,1.0166887208361923,0.27114345261480155,97.87662265732806,95.05984916687012,92.24307567641219,5.926315926534468
2019-07-09,97.38999938964844,99.50050354003906,97.17400360107422,99.41500091552734,99.41500091552734,86914000,0.018429393240526393,95.37902412414552,93.72275985717773,70.57303352702621,1.4753932813224253,1.108429632933439,0.3669636483889862,98.61898600686017,95.37902412414552,92.13906224143086,6.793866706997363
2019-07-10,99.82550048828124,101.24700164794922,99.7699966430664,100.87049865722656,100.87049865722656,98638000,0.014640624938845548,95.76329917907717,93.80173980712891,73.99710708364908,1.7216373505729479,1.231071176461341,0.49056617411160697,99.63307846548346,95.76329917907717,91.89351989267087,8.081967349871311
2019-07-11,101.28099822998048,101.79000091552734,99.76499938964844,100.05349731445312,100.05349731445312,86356000,-0.008099507325226352,96.1276741027832,93.87628982543946,69.13429960023541,1.8297699204987055,1.3508109252688139,0.4789589952298916,100.16852964702434,96.1276741027832,92.08681855854206,8.407267900647446
2019-07-12,100.41349792480467,100.8499984741211,100.19349670410156,100.5500030517578,100.5500030517578,50186000,0.0049624026209122984,96.47942428588867,93.97576995849609,70.40705993996941,1.9332443868580214,1.4672976175866554,0.4659467692713659,100.76658950307151,96.47942428588867,92.19225906870582,8.887211442056454
2019-07-15,101.06999969482422,101.1449966430664,100.07749938964844,101.04949951171876,101.04949951171876,59626000,0.004967642414728246,96.85772438049317,94.09593994140624,71.67258366049306,2.0321287218446002,1.5802638384382446,0.45186488340635567,101.35097976485974,96.85772438049317,92.36446899612659,9.278052758529405
2019-07-16,100.52899932861328,101.31600189208984,100.06099700927734,100.49500274658205,100.49500274658205,52364000,-0.0054873776497271765,97.16739959716797,94.14337997436523,68.18654540342172,2.0422106814175436,1.6726532070341045,0.3695574743834391,101.7657525124022,97.16739959716797,92.56904668193374,9.464805962283368
2019-07-17,100.35250091552734,100.5999984741211,99.60150146484376,99.60150146484376,99.60150146484376,51176000,-0.008891002112726198,97.39404983520508,94.1848600769043,62.87931731252541,1.9555601408711567,1.729234593801515,0.2263255470696417,102.00309094165814,97.39404983520508,92.78500872875202,9.464728316055773
2019-07-18,99.00050354003906,99.375,97.57749938964844,98.8949966430664,98.8949966430664,69738000,-0.007093314974039089,97.56682472229004,94.24175994873048,58.970811156865615,1.809026596074844,1.745192994256181,0.06383360181866293,102.12866313108508,97.56682472229004,93.004986313495,9.351208101277578
2019-07-19,99.5605010986328,99.8000030517578,98.11150360107422,98.22599792480467,98.22599792480467,63712000,-0.006764737761974948,97.68264961242676,94.28850997924805,55.45566232465138,1.6202380054348993,1.7202019964919248,-0.09996399105702558,102.18756525462705,97.68264961242676,93.17773397022647,9.223573807783348
2019-07-22,98.55699920654295,99.4499969482422,97.91300201416016,99.28150177001952,99.28150177001952,58000000,0.010745666804249376,97.86847457885742,94.37427001953125,59.55223242064055,1.5380622026380166,1.6837740377211432,-0.14571183508312657,102.31487998175609,97.86847457885742,93.42206917595874,9.086491685973893
2019-07-23,99.79949951171876,99.8895034790039,98.65650177001952,99.72450256347656,99.72450256347656,54070000,0.004462067812826209,98.06994972229003,94.47878005981445,61.16645811267441,1.4914907714047132,1.6453173844578572,-0.15382661305314405,102.46907707153498,98.06994972229003,93.67082237304508,8.971407371375626
2019-07-24,98.46499633789062,100.06500244140624,98.2935028076172,100.04049682617188,100.04049682617188,52626000,0.003168672237739978,98.3762996673584,94.65690994262695,62.32156437478711,1.46321365653489,1.6088966388732637,-0.14568298233837362,102.41341660253143,98.3762996673584,94.33918273218536,8.207499059882938
2019-07-25,100.0500030517578,100.05999755859376,98.63600158691406,98.69100189208984,98.69100189208984,82730000,-0.013489486526910066,98.56627464294434,94.79061004638672,54.8218402314828,1.3167324047695246,1.5504637920525162,-0.2337313872829916,102.27369912021109,98.56627464294434,94.85885016567758,7.522703867416874
2019-07-26,97.0999984741211,97.54499816894533,96.22550201416016,97.15249633789062,97.15249633789062,98542000,-0.015589116785757695,98.66319961547852,94.8625099182129,47.76473194957481,1.064232605988522,1.4532175548397175,-0.3889849488511954,102.10697937647944,98.66319961547852,95.2194198544776,6.980879952043755
2019-07-29,96.5,96.61150360107422,94.5270004272461,95.62249755859376,95.62249755859376,89864000,-0.015748424764872926,98.71024932861329,94.86738983154297,41.97755209006768,0.732225936731993,1.3090192312181725,-0.5767932944861796,101.95511558529205,98.71024932861329,95.46538307193453,6.574527526268071
2019-07-30,94.55599975585938,95.49449920654295,94.17400360107422,94.92649841308594,94.92649841308594,58218000,-0.007278612913047433,98.65109939575196,94.89691986083984,39.62555234906276,0.40824099694084737,1.1288635843627075,-0.7206225874218601,102.11891339045265,98.65109939575196,95.18328540105126,7.030461932895641
2019-07-31,94.90550231933594,94.97750091552734,92.47200012207033,93.33899688720705,93.33899688720705,89414000,-0.016723481350493508,98.48227424621582,94.9047297668457,34.83169702789067,0.023116024989448647,0.9077140724880558,-0.8845980474986072,102.58179905903955,98.48227424621582,94.38274943339209,8.325406463653543
2019-08-01,93.58599853515624,94.89600372314452,92.20050048828124,92.76599884033205,92.76599884033205,94266000,-0.006138892274227259,98.27307434082032,94.90252975463868,33.26728678924289,-0.3245927405350102,0.6612527098834426,-0.9858454504184528,103.03717251874369,98.27307434082032,93.50897616289694,9.695632725198013
2019-08-02,92.25350189208984,92.31800079345705,90.4010009765625,91.16200256347656,91.16200256347656,99124000,-0.01729077783786137,97.97389945983886,94.86608978271484,29.300121186756414,-0.721269194406915,0.38474832902537115,-1.106017523432286,103.64820934558969,97.97389945983886,92.29958957408803,11.583309263048827
2019-08-05,88.51100158691406,89.43350219726562,87.43900299072266,88.25650024414062,88.25650024414062,121164000,-0.03187185710749196,97.50592460632325,94.81573974609375,23.770412838716723,-1.2556139607275867,0.05667587107477956,-1.3122898318023664,104.5898318290185,97.50592460632325,90.422017383628,14.53020880791864
2019-08-06,89.61150360107422,89.6884994506836,87.66999816894531,89.3915023803711,89.3915023803711,101406000,0.01286026675758456,97.00474967956544,94.7802897644043,29.377484753953013,-1.569409673208554,-0.26854123778188715,-1.3008684354266669,104.85439243909555,97.00474967956544,89.15510692003532,16.184037968160816
2019-08-07,88.69950103759766,89.94650268554688,87.8499984741211,89.66999816894531,89.66999816894531,90538000,0.0031154615501278737,96.44472465515136,94.73725967407226,30.723971787393637,-1.775159816112705,-0.5698649534480507,-1.2052948626646542,104.69901397969136,96.44472465515136,88.19043533061136,17.117140111196562
2019-08-08,90.3000030517578,91.71299743652344,89.90550231933594,91.64450073242188,91.64450073242188,74024000,0.022019656560675394,96.0242748260498,94.75095962524414,39.527215301903865,-1.7586201530268113,-0.8076159933638029,-0.9510041596630084,104.35673916371205,96.0242748260498,87.69181048838756,17.354912292244222
2019-08-09,91.44750213623048,91.55449676513672,90.11100006103516,90.37899780273438,90.37899780273438,57596000,-0.013808825620453047,95.51572456359864,94.74221954345703,36.33984216505017,-1.8265722728858407,-1.0114072492682105,-0.8151650236176302,103.9224394868048,95.51572456359864,87.10900964039247,17.60278731405864
2019-08-12,89.79949951171875,90.04900360107422,88.8499984741211,89.24600219726562,89.24600219726562,58110000,-0.0125360496687702,94.92554969787598,94.75206954956055,33.71832651627413,-1.9493768906146585,-1.1990011775375002,-0.7503757130771582,103.35270704697213,94.92554969787598,86.49839234877983,17.755298496385137
2019-08-13,89.1500015258789,91.58699798583984,89.0,91.21700286865234,91.21700286865234,79880000,0.022085030397553274,94.46164970397949,94.88371963500977,41.60971210810349,-1.8661453906549355,-1.3324300201609873,-0.5337153704939481,102.62884448760241,94.46164970397949,86.29445492035657,17.29208585540688
2019-08-14,89.65049743652344,89.78250122070312,87.86100006103516,88.14800262451172,88.14800262451172,97872000,-0.033645045853565536,93.88897476196288,94.91711975097657,34.68507163869542,-2.0244894441717207,-1.470841904963134,-0.5536475392085867,102.14003875037463,93.88897476196288,85.63791077355114,17.576214905596107
2019-08-15,89.09950256347656,89.4000015258789,88.0979995727539,88.80599975585938,88.80599975585938,75182000,0.007464685662255555,93.38452491760253,94.9547396850586,37.10193213909039,-2.0729872711309696,-1.5912709781967012,-0.48171629293426843,101.58315006616749,93.38452491760253,85.18589976903758,17.558851760072628
2019-08-16,89.64450073242188,90.14550018310548,89.22750091552734,89.62850189208984,89.62850189208984,60360000,0.009261785673171152,92.9546501159668,94.99294967651367,40.08636960095588,-2.0217476515150707,-1.6773663128603753,-0.34438133865469545,100.99280006257139,92.9546501159668,84.91650016936221,17.294777478214357
2019-08-19,90.90399932861328,91.3000030517578,90.63050079345705,90.80599975585938,90.80599975585938,56326000,0.013137538159314621,92.53087501525879,95.00503967285157,44.170474528101416,-1.8646313375949006,-1.7148193178072806,-0.14981201978762004,100.06818504760449,92.53087501525879,84.99356498291309,16.291448732334505
2019-08-20,90.7249984741211,90.84100341796876,89.99400329589844,90.06900024414062,90.06900024414062,38590000,-0.008116198419710674,92.048099899292,94.94578964233398,42.230101897218844,-1.7790771343176743,-1.7276708811093595,-0.05140625320831482,98.88485828982698,92.048099899292,85.21134150875702,14.854751804795413
2019-08-21,90.96949768066406,91.47899627685548,90.75,91.177001953125,91.177001953125,40636000,0.012301698764070057,91.60492515563965,94.9056297302246,46.06605407422473,-1.6033855038616451,-1.7028138056598168,0.09942830179817164,97.37828903434232,91.60492515563965,85.83156127693698,12.604920246140786
2019-08-22,91.4000015258789,91.47049713134766,90.00499725341797,90.23300170898438,90.23300170898438,53070000,-0.010353490725939274,91.18202514648438,94.85496978759765,43.42069452589612,-1.52276802934621,-1.6668046503970955,0.14403662105088544,95.9726713336557,91.18202514648438,86.39137895931306,10.507874067230077
2019-08-23,89.65149688720703,90.24500274658205,87.2614974975586,87.48100280761719,87.48100280761719,105416000,-0.030498806969126657,90.69845046997071,94.73428985595703,36.788249598393314,-1.661785384415026,-1.6658007972006819,0.004015412785655759,94.89667879161716,90.69845046997071,86.50022214832426,9.25755247171823
2019-08-26,88.34549713134766,88.5,87.17549896240234,88.44349670410156,88.44349670410156,61600000,0.011002318967479496,90.3395004272461,94.63348983764648,40.227117533206275,-1.6749842505252701,-1.6676374878655995,-0.007346762659670603,93.98332477249554,90.3395004272461,86.69567608199665,8.066957040976677
2019-08-27,88.7864990234375,88.97000122070312,87.33399963378906,88.09149932861328,88.09149932861328,60394000,-0.003979912470737479,89.99775047302246,94.50928985595704,39.38328599167657,-1.6943166656018747,-1.6729733234128548,-0.021343342189019898,93.09821421537718,89.99775047302246,86.89728673066774,6.890091643533042
2019-08-28,87.75,88.39299774169922,87.20249938964844,88.2125015258789,88.2125015258789,48394000,0.0013735967509673763,89.74142570495606,94.37216995239258,39.85038421211307,-1.6805020956879702,-1.674479077867878,-0.00602301782009218,92.52615246199242,89.74142570495606,86.95669894791969,6.206112138649871
2019-08-29,89.1500015258789,89.92749786376953,88.86250305175781,89.31999969482422,89.31999969482422,60302000,0.012554889043934425,89.56912574768066,94.24977996826172,44.09647667014479,-1.5621802613872688,-1.6520193145717563,0.08983905318448748,91.98612087725817,89.56912574768066,87.15213061810314,5.396938084192703
2019-08-30,89.87449645996094,89.98699951171875,88.22850036621094,88.81449890136719,88.81449890136719,61174000,-0.005659435682760394,89.45175056457519,94.10787994384765,42.61767527003734,-1.4920001951153665,-1.6200154906804785,0.12801529556511193,91.77407671465417,89.45175056457519,87.12942441449621,5.192354840283405
2019-09-03,88.5,90.04000091552734,88.4000015258789,89.49199676513672,89.49199676513672,70860000,0.007628234940805445,89.513525390625,93.98641983032226,45.266946435431244,-1.3659675478481574,-1.5692059021140143,0.2032383542658569,91.77018963601883,89.513525390625,87.25686114523118,5.042063164300684
2019-09-04,90.25,90.38150024414062,89.8115005493164,90.03099822998047,90.03099822998047,46482000,0.006022901313268436,89.54550018310547,93.87313980102539,47.349598217087156,-1.2086601711943388,-1.4970967559300794,0.28843658473574063,91.81244122157781,89.54550018310547,87.27855914463314,5.0632159825716005
2019-09-05,91.09750366210938,92.0999984741211,90.77899932861328,92.03600311279295,92.03600311279295,66216000,0.022270161635782104,89.66380043029785,93.83558990478515,54.31367264294394,-0.9116963364839847,-1.3800166720408604,0.4683203355568757,92.1778535118432,89.66380043029785,87.14974734875251,5.607732595496433
2019-09-06,91.91100311279295,92.03250122070312,91.31999969482422,91.67549896240234,91.67549896240234,49938000,-0.00391699050586547,89.66535034179688,93.77126983642579,52.95733640502424,-0.6974008274231949,-1.2434935031173273,0.5460926756941324,92.18431932679302,89.66535034179688,87.14638135680075,5.618600664345892
2019-09-09,92.0500030517578,92.5,91.23049926757812,91.56749725341795,91.56749725341795,59990000,-0.0011780869502404645,89.72477531433105,93.69833984375,52.534079198493835,-0.5301734187341509,-1.100829486240692,0.5706560675065411,92.36160171606991,89.72477531433105,87.0879489125922,5.877588196796962
2019-09-10,91.1374969482422,91.29049682617188,90.26699829101562,91.02749633789062,91.02749633789062,52278000,-0.005897299060526384,89.8138500213623,93.62525970458984,50.36653073080222,-0.43618992748156415,-0.9679015744888664,0.5317116470073022,92.49986713461682,89.8138500213623,87.12783290810778,5.981298235440637
2019-09-11,90.60700225830078,91.6709976196289,90.4540023803711,91.14949798583984,91.14949798583984,48656000,0.0013402724765312346,89.81047477722169,93.52605972290038,50.85984097552137,-0.3478529874617209,-0.8438918570834373,0.4960388696217164,92.48959139992311,89.81047477722169,87.13135815452026,5.966156240342967
2019-09-12,91.88150024414062,92.68299865722656,91.71399688720705,92.17749786376952,92.17749786376952,56470000,0.011278173776550826,90.01194953918457,93.43529968261718,54.925135212164534,-0.19267330929268667,-0.7136481475252873,0.5209748382326006,92.76569144538165,90.01194953918457,87.25820763298749,6.118614073564315
2019-09-13,92.10050201416016,92.30599975585938,91.7584991455078,91.96700286865234,91.96700286865234,39426000,-0.0022835833039021036,90.16999969482421,93.3356398010254,53.94110449375471,-0.08568970567338852,-0.5880564591549076,0.502366753481519,92.99077242714193,90.16999969482421,87.34922696250649,6.256565912974345
2019-09-16,91.20099639892578,91.28450012207033,90.01000213623047,90.39199829101562,90.39199829101562,73510000,-0.01712575737502442,90.2081745147705,93.2005697631836,47.13627141253457,-0.1265355129549448,-0.495752269914915,0.3692167569599702,93.01924944104772,90.2081745147705,87.39709958849329,6.232417275702513
2019-09-17,90.35399627685548,91.19950103759766,90.20500183105467,91.12750244140624,91.12750244140624,39648000,0.008136828085409276,90.22424964904785,93.07079986572266,50.29003469532251,-0.09842251791128831,-0.41628631951418965,0.31786380160290134,93.05244030120306,90.22424964904785,87.39605899689263,6.26924726590965
2019-09-18,90.85199737548828,91.10299682617188,89.7750015258789,90.8730010986328,90.8730010986328,50112000,-0.0027928049815375555,90.26444969177246,92.89995986938476,49.19634585493668,-0.09557714437568166,-0.3521444844864881,0.25656734011080645,93.10549763299429,90.26444969177246,87.42340175055062,6.294943249359422
2019-09-19,91.0510025024414,91.62850189208984,90.8949966430664,91.0749969482422,91.0749969482422,40630000,0.002222836785044313,90.25934944152831,92.70404983520508,50.1234851667989,-0.07614503586040655,-0.29694459476127183,0.22079955890086528,93.09418566239978,90.25934944152831,87.42451322065685,6.281534795922555
2019-09-20,91.08550262451172,91.53150177001952,89.0459976196289,89.70800018310547,89.70800018310547,106838000,-0.01500957245064305,90.23309936523438,92.49713989257812,44.23951901288505,-0.16910087471705992,-0.2713758507524295,0.10227497603536956,93.07812985601892,90.23309936523438,87.38806887444984,6.305957593828791
2019-09-23,88.8499984741211,89.63500213623047,88.36599731445312,89.26499938964844,89.26499938964844,58446000,-0.004938252915601793,90.32229919433594,92.27143981933594,42.498420304845766,-0.2753415425333259,-0.27216898910860876,-0.003172553424717117,92.91748868173428,90.32229919433594,87.7271097069376,5.746508914292754
2019-09-24,89.53050231933594,89.7854995727539,86.77749633789062,87.08049774169922,87.08049774169922,92320000,-0.024472096150627953,90.25414924621582,91.99205978393555,35.151722673113,-0.5297029773536224,-0.3236757867576115,-0.20602719059601088,93.10236033143916,90.25414924621582,87.40593816099248,6.311534946616895
2019-09-25,87.36799621582031,88.6500015258789,86.1500015258789,88.41649627685547,88.41649627685547,69864000,0.015342109540061655,90.27039909362793,91.75048965454101,41.780400078921744,-0.6163771188971765,-0.3822160531855245,-0.23416106571165202,93.0724042523962,90.27039909362793,87.46839393485966,6.20802652232
2019-09-26,88.1395034790039,88.16850280761719,86.57499694824219,86.99199676513672,86.99199676513672,70736000,-0.01611124135996367,90.20937385559083,91.49829956054687,37.391620823906024,-0.7908952578630277,-0.4639518941210252,-0.3269433637420025,93.23244058933587,90.20937385559083,87.18630712184579,6.702333925040723
2019-09-27,87.4000015258789,87.45600128173828,85.69100189208984,86.27249908447266,86.27249908447266,78144000,-0.008270849128875435,90.05699882507324,91.245849609375,35.37062395318321,-0.9760087685261283,-0.5663632690020458,-0.40964549952408247,93.51931873953818,90.05699882507324,86.5946789106083,7.689174544202065
2019-09-30,86.34950256347656,86.87300109863281,85.46099853515625,86.79550170898438,86.79550170898438,52894000,0.006062217161457495,89.9560489654541,91.0172396850586,37.9941371821601,-1.0681971071925744,-0.6667300366401516,-0.4014670705524228,93.66625208240623,89.9560489654541,86.24584584850197,8.248924134889387
2019-10-01,87.30000305175781,87.77999877929688,86.42050170898438,86.78250122070312,86.78250122070312,61690000,-0.00014978297291068365,89.82057418823243,90.76725967407226,37.95289528008096,-1.1292883276380934,-0.75924169483974,-0.37004663279835337,93.77827625846298,89.82057418823243,85.86287211800187,8.812462191427539
2019-10-02,86.38700103759766,86.44450378417969,85.25,85.6614990234375,85.6614990234375,66022000,-0.01291737598591125,89.60209922790527,90.48599960327148,34.47760799896207,-1.253707113493931,-0.8581347785705784,-0.39557233492335264,93.9521803804082,89.60209922790527,85.25201807540235,9.709775083368033
2019-10-03,85.6500015258789,86.25,84.25299835205078,86.22100067138672,86.22100067138672,69364000,0.0065315416415505645,89.31134910583496,90.20960968017579,37.551222047189945,-1.2922663485759927,-0.9449610925716613,-0.3473052560043314,93.74831331180167,89.31134910583496,84.87438489986826,9.935947111735711
2019-10-04,86.3010025024414,87.02899932861328,85.96150207519531,86.98249816894531,86.98249816894531,49438000,0.008831925999802426,89.0766990661621,89.9754396057129,41.56872968240231,-1.2470036543356144,-1.0053696049244518,-0.24163404941116262,93.48501815952919,89.0766990661621,84.66837997279502,9.897805238815115
2019-10-07,86.58149719238281,87.3915023803711,86.18499755859375,86.63300323486328,86.63300323486328,43094000,-0.00401799145160453,88.82997436523438,89.76504974365234,40.28769103409149,-1.2252104994092576,-1.049337783821413,-0.17587271558784456,93.20528002975742,88.82997436523438,84.45466870071134,9.850966851647353
2019-10-08,86.12449645996094,86.3499984741211,85.25,85.27549743652344,85.27549743652344,50840000,-0.01566961490022023,88.54237442016601,89.55810974121094,35.6873008028512,-1.3024646383013732,-1.0999631547174051,-0.20250148358396802,93.05607416956013,88.54237442016601,84.02867467077189,10.195569700841682
2019-10-09,85.98049926757812,86.49749755859375,85.71800231933594,86.09950256347656,86.09950256347656,40870000,0.009662859223618092,88.28987464904785,89.38156982421874,40.154417492776254,-1.2824158807157318,-1.1364536999170705,-0.1459621807986613,92.75670426459448,88.28987464904785,83.82304503350122,10.11855466621121
2019-10-10,86.26200103759766,86.91449737548828,85.6875,86.01300048828125,86.01300048828125,51504000,-0.0010046756673366408,87.98164978027344,89.23504989624024,39.84155883477788,-1.2589941891104672,-1.1609617977557498,-0.09803239135471742,92.17529555361496,87.98164978027344,83.78800400693193,9.533000992399627
2019-10-11,87.14600372314453,87.27249908447266,86.49299621582031,86.59600067138672,86.59600067138672,65100000,0.006778047269550891,87.71309967041016,89.11164993286133,43.061498467385455,-1.179789211689254,-1.1647272805424507,-0.015061931146803431,91.52171950822758,87.71309967041016,83.90447983259274,8.684266893151987
2019-10-14,86.44550323486328,87.09449768066406,86.0999984741211,86.82150268554688,86.82150268554688,38204000,0.002604069615361304,87.53457489013672,89.02483993530274,44.30328558332621,-1.0863003739853383,-1.1490418992310283,0.06274152524568999,91.15421439609817,87.53457489013672,83.91493538417528,8.270193830276545
2019-10-15,87.10700225830078,88.82250213623047,87.03099822998047,88.36900329589844,88.36900329589844,62234000,0.017823932579885904,87.39664993286132,89.02708999633789,52.03430776941853,-0.8772273000412838,-1.0946789793930796,0.21745167935179577,90.64982153191559,87.39664993286132,84.14347833380705,7.444613956149068
2019-10-16,88.66649627685547,89.31199645996094,88.5260009765625,88.87149810791016,88.87149810791016,55268000,0.005686324313618707,87.2965747833252,89.01668991088867,54.25474661795048,-0.6633416610922609,-1.0084115157329159,0.345069854640655,90.22251006166125,87.2965747833252,84.37063950498914,6.703436613861161
2019-10-17,89.82450103759766,89.94249725341797,89.10099792480469,89.3740005493164,89.3740005493164,52948000,0.005654258700535264,87.2115249633789,89.0107699584961,56.42703029099183,-0.4481223285716709,-0.8963536783006669,0.44823134972899603,89.76886892086557,87.2115249633789,84.65418100589224,5.864692673498194
2019-10-18,89.38999938964844,89.6989974975586,87.45999908447266,87.87550354003906,87.87550354003906,67250000,-0.016766587598934568,87.11990013122559,88.93539001464843,48.960501472266344,-0.3939346092050613,-0.7958698644815458,0.40193525527648455,89.43250115235658,87.11990013122559,84.8072991100946,5.309007511825884
2019-10-21,88.48300170898438,89.29399871826172,88.25,89.28299713134766,89.28299713134766,42608000,0.01601690499181374,87.12080001831055,88.9134700012207,54.98552772260648,-0.23471186897918983,-0.6836382653810748,0.4489263964018849,89.43675075276911,87.12080001831055,84.80484928385198,5.316642487148453
2019-10-22,89.40750122070312,89.48899841308594,88.0999984741211,88.2864990234375,88.2864990234375,42234000,-0.011161118465189634,87.18110008239746,88.89427993774414,50.44520069896522,-0.18678265525683457,-0.5842671433562268,0.3974844880993922,89.55186565345977,87.18110008239746,84.81033451133516,5.438714512254665
2019-10-23,88.06500244140625,88.50250244140625,87.0999984741211,88.1084976196289,88.1084976196289,42764000,-0.0020161792094772757,87.16570014953614,88.83210983276368,49.6564387719475,-0.16130224190060005,-0.49967416306510143,0.3383719211645014,89.50799672515635,87.16570014953614,84.82340357391593,5.374353837809849
2019-10-24,88.55449676513672,89.41699981689453,88.01349639892578,89.03900146484375,89.03900146484375,88922000,0.010560886524610735,87.26805038452149,88.84992980957031,53.72940317598697,-0.06527252592742627,-0.4127938356375664,0.3475213097101401,89.74600679176359,87.26805038452149,84.79009397727938,5.678954431372545
2019-10-25,84.87750244140625,88.21050262451172,84.75,88.06649780273438,88.06649780273438,192528000,-0.010922221117825037,87.35775032043458,88.83513977050781,49.24517103020757,-0.0668703622315121,-0.34360914095635553,0.2767387787248434,89.81485488066504,87.35775032043458,84.90064576020411,5.625384241736135
2019-10-28,87.40299987792969,88.93499755859375,87.125,88.85399627685547,88.85399627685547,74178000,0.008942089145920873,87.46067504882812,88.81964965820312,52.68855492145147,-0.004539781773701179,-0.27579526911982466,0.2712554873461235,89.98644513204064,87.46067504882812,84.9349049656156,5.775784561009659
2019-10-29,88.7405014038086,88.8499984741211,87.79049682617188,88.135498046875,88.135498046875,45538000,-0.008086279290598686,87.52832489013672,88.76623962402344,49.39580457922557,-0.01296964412829027,-0.22323014412151782,0.21026049999322755,90.050288763122,87.52832489013672,85.00636101715143,5.762623416250192
2019-10-30,88.01200103759766,89.11900329589844,87.95600128173828,88.99949645996094,88.99949645996094,48988000,0.009803069503577566,87.69522476196289,88.74484954833984,53.18461633825761,0.04949651540279376,-0.16868481221665552,0.21818132761944928,90.14159777155011,87.69522476196289,85.24885175237567,5.579261621662014
2019-10-31,88.79949951171875,89.5999984741211,88.5739974975586,88.83300018310547,88.83300018310547,55624000,-0.0018707552680410355,87.82582473754883,88.69796951293945,52.37088197318924,0.08459142154947585,-0.11802956546342924,0.2026209870129051,90.22181195276697,87.82582473754883,85.42983752233069,5.456224800343418
2019-11-01,89.40049743652344,89.87249755859375,89.260498046875,89.5719985961914,89.5719985961914,55808000,0.008318962677863917,87.95529975891114,88.6847494506836,55.61680942206364,0.17007486619489498,-0.060408679131764405,0.23048354532665938,90.4334612345863,87.95529975891114,85.47713828323597,5.635047535436525
2019-11-04,90.05049896240234,90.75299835205078,90.05049896240234,90.23300170898438,90.23300170898438,55438000,0.007379573116068405,88.13529968261719,88.73978942871094,58.35092170532121,0.2878404928926557,0.009241155273119611,0.27859933761953604,90.72365360442839,88.13529968261719,85.54694576080598,5.873591923172873
2019-11-05,90.45800018310548,90.5124969482422,89.69999694824219,90.08550262451172,90.08550262451172,37710000,-0.0016346467664720699,88.3757999420166,88.77262954711914,57.499716958061036,0.36506046726610464,0.08040501767171662,0.28465544959438804,90.74079022762727,88.3757999420166,86.01080965640593,5.352121931936899
2019-11-06,90.05000305175781,90.125,89.42900085449219,89.78849792480469,89.78849792480469,40596000,-0.003296920048778351,88.56024971008301,88.80656951904297,55.73658289388819,0.3977075313454037,0.14386552040645406,0.25384201093894965,90.75568346000097,88.56024971008301,86.36481596016506,4.958056819182596
2019-11-07,90.18800354003906,90.29499816894533,89.17400360107422,89.41000366210938,89.41000366210938,53022000,-0.004215398090435696,88.73009986877442,88.83051956176757,53.48577422741664,0.3885601613766312,0.1928044486004895,0.19575571277614168,90.61457689990314,88.73009986877442,86.84562283764569,4.247661242161868
2019-11-08,89.39450073242188,89.49400329589844,88.7020034790039,89.29399871826172,89.29399871826172,42466000,-0.0012974492684962868,88.86499977111816,88.82999954223632,52.782235673787945,0.3677114268619448,0.2277858442527806,0.1399255826091642,90.48709170805478,88.86499977111816,87.24290783418155,3.650687989904898
2019-11-11,88.9000015258789,89.0,88.35649871826172,88.5824966430664,88.5824966430664,38920000,-0.007968083918385438,88.95304946899414,88.82535949707031,48.56294910108448,0.29042850434211687,0.24031437627064786,0.050114128071469005,90.28757439960229,88.95304946899414,87.61852453838598,3.000515302341202
2019-11-12,88.73300170898438,89.31099700927734,88.59549713134766,88.9000015258789,88.9000015258789,40752000,0.003584284648149527,88.97959938049317,88.81351959228516,50.46584454232089,0.25189750436614133,0.24263100188974657,0.009266502476394767,90.28745182997073,88.97959938049317,87.6717469310156,2.9396681005158203
2019-11-13,88.66950225830078,88.75,87.36599731445312,87.65550231933594,87.65550231933594,59790000,-0.013998865975055064,88.91879959106446,88.76600967407227,43.64956105155311,0.11956248216083054,0.21801729794396338,-0.09845481578313284,90.34848522100987,88.91879959106446,87.48911396111905,3.2157105955557257
2019-11-14,87.57150268554688,88.32949829101562,87.47799682617188,87.7300033569336,87.7300033569336,45296000,0.0008499299602007238,88.83659973144532,88.67988967895508,44.136006848671364,0.020461764262350357,0.17850619120764077,-0.15804442694529042,90.33932374055838,88.83659973144532,87.33387572233225,3.383119150565935
2019-11-15,88.00250244140625,88.08399963378906,86.64299774169922,86.97450256347656,86.97450256347656,78552000,-0.00861165809356279,88.79154968261719,88.58586975097656,40.333577258231976,-0.11768230039839978,0.11926849288643267,-0.23695079328483243,90.45251368425345,88.79154968261719,87.13058568098093,3.7412659370701977
2019-11-18,86.91500091552734,87.68499755859375,86.135498046875,87.62650299072266,87.62650299072266,56790000,0.007496454800304697,88.70872497558594,88.50704986572265,44.756854685085635,-0.17256229076086527,0.06090233615697308,-0.23346462691783834,90.42759795700093,88.70872497558594,86.98985199417095,3.875318875089346
2019-11-19,87.84950256347656,88.03399658203125,87.15149688720703,87.6395034790039,87.6395034790039,45416000,0.00014836251405148104,88.67637519836425,88.43929000854492,44.844655439486985,-0.2125558363869544,0.006210701648187586,-0.218766538035142,90.44931915255749,88.67637519836425,86.90343124417102,3.998683866423854
2019-11-20,87.45700073242188,88.1259994506836,86.70600128173828,87.27649688720703,87.27649688720703,55800000,-0.004142042998724227,88.63477516174316,88.36182998657226,42.799177484000616,-0.2704253129451928,-0.049116501270488486,-0.2213088116747043,90.495915371627,88.63477516174316,86.77363495185932,4.199571119772308
2019-11-21,87.1500015258789,87.34349822998047,86.51799774169922,86.7354965209961,86.7354965209961,53258000,-0.006198694786181735,88.51959991455078,88.2529899597168,39.87970879825376,-0.35583960085298827,-0.11046112118698845,-0.24537847966599982,90.54433535919513,88.51959991455078,86.49486446990643,4.574660180567592
2019-11-22,86.95099639892578,87.32150268554688,86.55000305175781,87.28600311279297,87.28600311279297,49582000,0.0063469584412145785,88.4805751800537,88.1593699645996,44.0612000426934,-0.3747894190892538,-0.16332678076744153,-0.21146263832181225,90.56785901564095,88.4805751800537,86.39329134446646,4.718061181993271
2019-11-25,87.6624984741211,88.87100219726562,87.66200256347656,88.69200134277344,88.69200134277344,69724000,0.016107946060534006,88.47247543334962,88.12537002563477,53.04393776830063,-0.27320563532616404,-0.18530255167918602,-0.08790308364697802,90.55515229932433,88.47247543334962,86.3897985673749,4.708078655589771
2019-11-26,88.99600219726562,89.85150146484375,88.9175033569336,89.84700012207031,89.84700012207031,63624000,0.013022581087476892,88.55805053710938,88.09975997924805,58.88482889116983,-0.09836709146161127,-0.16791545963567106,0.0695483681740598,90.7175420065794,88.55805053710938,86.39855906763937,4.877007694664865
2019-11-27,90.05000305175781,91.2249984741211,89.8655014038086,90.92549896240234,90.92549896240234,60512000,0.01200372676735717,88.65435066223145,88.10080993652343,63.45598957800962,0.12576976169479792,-0.10917841536957726,0.23494817706437518,91.04355472614974,88.65435066223145,86.26514659831317,5.389930772875503
2019-11-29,90.88899993896484,91.2344970703125,90.03949737548828,90.04000091552734,90.04000091552734,38468000,-0.009738720787676458,88.71470069885254,88.08011001586914,57.776274749485694,0.22930426385643443,-0.04148187952437492,0.27078614338080936,91.178711605077,88.71470069885254,86.25068979262808,5.554910035910946
2019-12-02,90.22000122070312,90.27749633789062,88.13400268554688,89.08000183105469,89.08000183105469,78512000,-0.01066191775556835,88.6901008605957,88.06755004882812,52.309828290961335,0.23122676150255472,0.01305984868101101,0.2181669128215437,91.12908142310647,88.6901008605957,86.25112029808494,5.500006288964281
2019-12-03,88.0,88.64350128173828,87.36150360107422,88.49800109863281,88.49800109863281,67618000,-0.006533461163659049,88.60335083007813,88.05221008300781,49.26652729025403,0.1836705201887554,0.04718198298255989,0.13648853720619553,90.9378305946603,88.60335083007813,86.26887106549596,5.269506723417701
2019-12-04,88.70050048828125,89.45449829101562,88.01100158691406,88.03450012207031,88.03450012207031,53402000,-0.005237417464897476,88.50080070495605,88.07129013061524,46.925110522139114,0.10734380854832182,0.05921434809571228,0.04812946045260954,90.74425631981566,88.50080070495605,86.25734509009644,5.0699103216904104
2019-12-05,88.17500305175781,88.17500305175781,87.0,87.02400207519531,87.02400207519531,56476000,-0.011478432267733929,88.36257591247559,88.04344024658204,42.214687991888425,-0.03428914372464931,0.04051364973163996,-0.07480279345628926,90.61229205799073,88.36257591247559,86.11285976696045,5.092011232772375
2019-12-06,87.55999755859375,87.72000122070312,87.00650024414062,87.58000183105469,87.58000183105469,62348000,0.006389039145533015,88.27107582092285,88.0552003479004,45.45885087420281,-0.10051111562239612,0.012308696660832747,-0.11281981228322886,90.49161564916656,88.27107582092285,86.05053599267913,5.0311833351812
2019-12-09,87.53299713134766,88.34449768066406,87.28050231933594,87.47550201416016,87.47550201416016,48856000,-0.0011931926776630464,88.18015098571777,88.07926040649414,44.9480848594246,-0.15958516884869312,-0.022070076441072426,-0.1375150924076207,90.37447117926513,88.18015098571777,85.98583079217042,4.976902781449675
2019-12-10,87.37000274658203,87.53350067138672,86.75,86.96050262451172,86.96050262451172,50286000,-0.005887355634324631,88.09905128479004,88.08256042480468,42.41857991480277,-0.24513219697405475,-0.06668250054766889,-0.17844969642638586,90.34713146246352,88.09905128479004,85.85097110711655,5.103528687060013
2019-12-11,87.08350372314453,87.5,86.7854995727539,87.43599700927734,87.43599700927734,41952000,0.005467935101741261,88.02585105895996,88.09563034057618,45.469874906489224,-0.27143151655563713,-0.10763230374926255,-0.16379921280637458,90.26014184793915,88.02585105895996,85.79156026998076,5.0764423452893634
2019-12-12,87.5,88.19999694824219,87.27200317382812,88.0165023803711,88.0165023803711,61918000,0.00663920342821922,88.04390106201171,88.14273040771485,49.02155577111547,-0.24263503914278317,-0.13463285082796667,-0.1080021883148165,90.27175607548243,88.04390106201171,85.816046048541,5.0607821475370045
2019-12-13,88.25,88.44950103759766,87.75,88.0469970703125,88.0469970703125,54914000,0.00034646559584494696,88.05975074768067,88.17925033569335,49.20870557891746,-0.21487599993064066,-0.15068148064850148,-0.06419451928213918,90.2829530943208,88.05975074768067,85.83654840104053,5.049304200304452
2019-12-16,88.3499984741211,88.4749984741211,87.85250091552734,88.46050262451172,88.46050262451172,62904000,0.0046964185941400505,88.13405075073243,88.20881042480468,51.793071909703194,-0.15769253753565238,-0.15208369202593167,-0.005608845509720711,90.30594264523025,88.13405075073243,85.96215885623461,4.928610170524289
2019-12-17,88.90049743652344,89.5999984741211,88.86949920654297,89.53299713134766,89.53299713134766,72888000,0.012123992912275838,88.22937545776367,88.26681030273437,57.79181041130034,-0.025538496224626783,-0.1267746528656707,0.1012361566410439,90.47005759758896,88.22937545776367,85.98869331793837,5.079220221609602
2019-12-18,89.7509994506836,89.91000366210938,89.11799621582031,89.20149993896484,89.20149993896484,67028000,-0.00370251419034362,88.30747528076172,88.34533035278321,55.49322879681703,0.05184781135005778,-0.091050160022525,0.14289797137258278,90.56926075543603,88.30747528076172,86.04568980608741,5.122523246153896
2019-12-19,89.0250015258789,89.64949798583984,88.7030029296875,89.61399841308594,89.61399841308594,53056000,0.004624344595139496,88.42435035705566,88.41562026977539,57.745367495789026,0.14479311224187086,-0.04388150556964583,0.18867461781151668,90.70247494738805,88.42435035705566,86.14622576672326,5.152708685183159
2019-12-20,89.98100280761719,90.14849853515624,89.12249755859375,89.32499694824219,89.32499694824219,103016000,-0.0032249589345579865,88.55382537841797,88.48186019897462,55.62175103956363,0.1929091928135449,0.003476634106992317,0.1894325587065526,90.72513464358003,88.55382537841797,86.3825161132559,4.9039310405471195
2019-12-23,89.41300201416016,89.6500015258789,89.22550201416016,89.6500015258789,89.6500015258789,42728000,0.0036384504756830083,88.67202529907226,88.54294021606445,57.51400258324853,0.25433487247104836,0.053648281779803526,0.20068659069124484,90.8115450605649,88.67202529907226,86.53250553757962,4.825692780279872
2019-12-24,89.69049835205078,89.77850341796875,89.37899780273438,89.46050262451172,89.46050262451172,17626000,-0.00211376350409187,88.71045036315918,88.59572021484375,56.014285264842705,0.28444528038457406,0.09980768150075764,0.18463759888381642,90.87745252229497,88.71045036315918,86.54344820402339,4.885562299063091
2019-12-26,90.05049896240234,93.52300262451172,89.9749984741211,93.4384994506836,93.4384994506836,120108000,0.04446651549531899,88.89002532958985,88.69711013793945,72.32719459685023,0.622127594309049,0.20427166406241593,0.41785593024663303,91.85303903987483,88.89002532958985,85.92701161930486,6.66669561471854
2019-12-27,94.14600372314452,95.06999969482422,93.30049896240234,93.48999786376952,93.48999786376952,123732000,0.0005511476895356804,89.0182502746582,88.78948013305664,72.4695412677509,0.8837118721392727,0.3401597056777873,0.5435521664614854,92.49919879226833,89.0182502746582,85.53730175704807,7.8207525015824535
2019-12-30,93.6999969482422,94.1999969482422,92.03099822998048,92.34449768066406,92.34449768066406,73494000,-0.012252649580489217,89.13347511291504,88.8488900756836,64.51947171745331,0.9872070966059425,0.4695691838634184,0.5176379127425241,92.88419304627335,89.13347511291504,85.38275717955672,8.415958041817344
2019-12-31,92.0999984741211,92.66300201416016,91.61150360107422,92.39199829101562,92.39199829101562,50130000,0.0005143848474418178,89.29907493591308,88.93921997070312,64.69244212391885,1.0608320978359842,0.5878217666579315,0.4730103311780527,93.30921391008553,89.29907493591308,85.28893596174063,8.981367336784595
2020-01-02,93.75,94.90049743652344,93.2074966430664,94.90049743652344,94.90049743652344,80580000,0.02715061035487687,89.61919975280762,89.05156997680665,72.3567132263916,1.3065344426255763,0.7315643018514605,0.5749701407741158,94.29018872155113,89.61919975280762,84.9482107840641,10.424080959498149
2020-01-03,93.2249984741211,94.30999755859376,93.2249984741211,93.74849700927734,93.74849700927734,75288000,-0.012139034655920922,89.90489959716797,89.16080993652344,65.3418680381005,1.392249528334247,0.8637013471480177,0.5285481811862294,94.8444952207367,89.90489959716797,84.96530397359923,10.988490384175535
2020-01-06,93.0,95.18450164794922,93.0,95.1439971923828,95.1439971923828,81236000,0.01488557393050649,90.31089935302734,89.30151992797852,69.23308266422654,1.5548610827031837,1.001933294259051,0.5529277884441326,95.56161133649809,90.31089935302734,85.06018736955659,11.628080378085041
2020-01-07,95.2249984741211,95.69450378417967,94.60199737548828,95.34300231933594,95.34300231933594,80898000,0.0020916204156395946,90.6990493774414,89.42759994506837,69.7545878040881,1.6804191359092755,1.137630462589096,0.5427886733201794,96.22536699093014,90.6990493774414,85.17273176395265,12.186054101826661
2020-01-08,94.9020004272461,95.5500030517578,94.3219985961914,94.59850311279295,94.59850311279295,70160000,-0.007808640261289468,91.05519943237303,89.55824005126954,65.29553370126226,1.700250504299106,1.250154470931098,0.45009603336800796,96.62257864388813,91.05519943237303,85.48782022085793,12.228580566999938
2020-01-09,95.49449920654295,95.89099884033205,94.79000091552734,95.05249786376952,95.05249786376952,63346000,0.0047991747864684076,91.45979919433593,89.68221008300782,66.69372719164232,1.7326279325536689,1.3466491632556123,0.3859787692980565,96.95373020733162,91.45979919433593,85.96586818134024,12.013870709079635
2020-01-10,95.26850128173828,95.34700012207033,94.0,94.15799713134766,94.15799713134766,57074000,-0.009410596802031157,91.79589920043944,89.80266006469726,61.44133550649916,1.6668936320749879,1.4106980570194876,0.2561955750555003,97.08260731945897,91.79589920043944,86.5091910814199,11.518397150783025
2020-01-13,94.56549835205078,94.9000015258789,94.04000091552734,94.56500244140624,94.56500244140624,55616000,0.00432257824569926,92.1233242034912,89.91397018432617,62.87403124619209,1.6288641207408006,1.4543312697637503,0.1745328509770503,97.24165134156388,92.1233242034912,87.00499706541851,11.111902837476457
2020-01-14,94.29399871826172,94.35549926757812,92.92749786376952,93.47200012207033,93.47200012207033,68818000,-0.01155821171805238,92.39457435607909,90.00675018310547,56.77330097970607,1.4933152972613897,1.4621280752632781,0.031187221998111525,97.1845078502467,92.39457435607909,87.60464086191148,10.368430240736231
2020-01-15,93.6125030517578,93.94300079345705,92.75450134277344,93.10099792480467,93.10099792480467,57932000,-0.003969126548925228,92.62659912109373,90.07733016967774,54.82857871254511,1.3405026215653209,1.4378029845236866,-0.09730036295836575,97.06873190682798,92.62659912109373,88.18446633535949,9.591484147932283
2020-01-16,94.14949798583984,94.27950286865234,93.3010025024414,93.89700317382812,93.89700317382812,53190000,0.00854991102959346,92.84479942321776,90.1506101989746,58.141571521247805,1.2690002018216688,1.404042427983283,-0.1350422261616142,97.08163890990541,92.84479942321776,88.60795993653012,9.126713640415563
2020-01-17,94.29450225830078,94.33200073242188,92.8625030517578,93.23600006103516,93.23600006103516,79946000,-0.00703966144232826,93.04652442932128,90.21362014770507,54.56286441463164,1.1457886536877737,1.3523916731241812,-0.20660301943640746,96.94061203555461,93.04652442932128,89.15243682308795,8.370194652872392
2020-01-21,93.25,94.7135009765625,93.0,94.5999984741211,94.5999984741211,74156000,0.014629525206926841,93.29582443237304,90.3098501586914,60.03009675241467,1.1450069591431458,1.310914730327974,-0.16590777118482825,96.90712969087451,93.29582443237304,89.68451917387156,7.741622479833889
2020-01-22,94.80449676513672,95.125,94.16699981689452,94.3730010986328,94.3730010986328,64326000,-0.0023995494624705627,93.54822463989257,90.40911010742188,58.7628788389346,1.1132379552969525,1.27137937532177,-0.15814142002481746,96.68912736735452,93.54822463989257,90.40732191243062,6.715045078733748
2020-01-23,94.25550079345705,94.4990005493164,93.63800048828124,94.22899627685548,94.22899627685548,49692000,-0.0015259112256779117,93.7771743774414,90.50781005859375,57.927453622633195,1.0641736735628768,1.2299382349699914,-0.1657645614071146,96.36735956948766,93.7771743774414,91.18698918539513,5.52412718604869
2020-01-24,94.56849670410156,94.74949645996094,92.37200164794922,93.08200073242188,93.08200073242188,75324000,-0.012172426638861866,93.9582492828369,90.59780014038085,51.63114958987608,0.9221074416105495,1.1683720762981031,-0.24626463468755366,95.67517360221662,93.9582492828369,92.24132496345719,3.654653705203382
2020-01-27,91.0,92.0500030517578,90.76699829101562,91.41699981689452,91.41699981689452,70570000,-0.01788746376771222,93.85717430114745,90.64814010620117,44.13229113215496,0.6674730564592721,1.068192272330337,-0.40071921587106485,95.89298527046883,93.85717430114745,91.82136333182608,4.338104112935107
2020-01-28,92.0250015258789,92.90550231933594,91.5009994506836,92.6624984741211,92.6624984741211,56160000,0.01362436592451366,93.81579933166503,90.74828002929688,49.9842783778163,0.5597226697353648,0.9664983518113426,-0.4067756820759778,95.91250272258938,93.81579933166503,91.71909594074069,4.469830041125408
2020-01-29,93.1999969482422,93.7375030517578,92.7509994506836,92.9000015258789,92.9000015258789,41760000,0.0025630978623367717,93.84357452392578,90.85167999267578,51.03749273976823,0.4878703575450487,0.8707727529580839,-0.38290239541303517,95.87529071445586,93.84357452392578,91.8118583333957,4.3300059718251305
2020-01-30,92.9000015258789,93.64350128173828,92.53050231933594,93.53399658203124,93.53399658203124,126548000,0.006824489189870775,93.90067443847656,90.98286987304688,53.83228768354564,0.4765911389973354,0.7919364301659342,-0.3153452911685988,95.82748062134156,93.90067443847656,91.97386825561155,4.103924054618894
2020-01-31,102.57350158691406,102.78600311279295,100.1135025024414,100.43599700927734,100.43599700927734,311346000,0.07379135586484753,94.17744941711426,91.23905975341796,72.34151991607189,1.012909835026619,0.8361311111380713,0.17677872388854776,97.60503216980254,94.17744941711426,90.74986666442598,7.27898827989582
2020-02-03,100.52999877929688,102.4250030517578,100.0124969482422,100.20999908447266,100.20999908447266,117834000,-0.0022501685803328897,94.50052452087402,91.49046966552734,71.33306820614436,1.4035310890819375,0.9496111067268446,0.4539199823550929,98.8100888260028,94.50052452087402,90.19096021574525,9.120720391719821
2020-02-04,101.49400329589844,102.98999786376952,100.76850128173828,102.4834976196289,102.4834976196289,105786000,0.022687342140775613,94.86749954223633,91.79460968017578,75.09438308558134,1.8749404323675662,1.134676971854989,0.7402634605125773,100.4079347524087,94.86749954223633,89.32706433206396,11.680365218660995
2020-02-05,103.5510025024414,103.5510025024414,101.5999984741211,101.99349975585938,101.99349975585938,87524000,-0.004781236737139594,95.2000244140625,92.09976974487304,72.87505471959898,2.183823245725222,1.3445062266290355,0.8393170190961863,101.55336104824858,95.2000244140625,88.84668777987642,13.347342447209694
2020-02-06,102.0510025024414,102.81500244140624,101.23999786376952,102.5114974975586,102.5114974975586,63660000,0.0050787328892443195,95.59567413330078,92.40427963256836,73.75799137526764,2.442260332500254,1.5640570478032794,0.8782032846969747,102.6920037297132,95.59567413330078,88.49934453688834,14.846549617961054
2020-02-07,102.09950256347656,104.92649841308594,101.90499877929688,103.96399688720705,103.96399688720705,101906000,0.014169136390608683,96.04124908447265,92.70971954345703,76.10660371418697,2.732776402139237,1.7978009186704709,0.934975483468766,104.01059677692682,96.04124908447265,88.07190139201849,16.595676895965315
2020-02-10,104.25050354003906,106.77999877929688,104.2480010986328,106.69550323486328,106.69550323486328,101124000,0.026273579599096264,96.66812438964844,93.04668960571288,79.77283758154331,3.147143898653596,2.067669514667096,1.0794743839864998,105.82956045430015,96.66812438964844,87.50668832499673,18.954409475710793
2020-02-11,107.54499816894533,109.29750061035156,106.8000030517578,107.54000091552734,107.54000091552734,114920000,0.007915025985726132,97.31687431335449,93.37897964477538,80.75598554440174,3.503293246247395,2.354794260983156,1.148498985264239,107.56398709528591,97.31687431335449,87.06976153142307,21.05927230859539
2020-02-12,108.16000366210938,109.0124969482422,107.7645034790039,108.0,108.0,66686000,0.004277469597884664,98.04327430725098,93.73817962646484,81.28945976626753,3.7790991492916675,2.6396552386448584,1.139443910646809,109.12307195608298,98.04327430725098,86.96347665841898,22.601851533660113
2020-02-13,107.24949645996094,108.51399993896484,107.0999984741211,107.49349975585938,107.49349975585938,60636000,-0.00468981707537619,98.76289939880371,94.10644958496094,78.70236162640393,3.9117151604143885,2.8940672229987645,1.017647937415624,110.32432698744093,98.76289939880371,87.2014718101665,23.41249124724918
2020-02-14,107.78399658203124,107.9520034790039,106.29450225830078,106.74349975585938,106.74349975585938,52124000,-0.006977166077050345,99.40522422790528,94.47135955810546,74.90105511411974,3.9112095832550864,3.097495695050029,0.8137138882050574,111.23818202975437,99.40522422790528,87.57226642605619,23.80751694643291
2020-02-18,106.2509994506836,108.30349731445312,106.20549774169922,107.78350067138672,107.78350067138672,58912000,0.009742990607446878,100.13259925842286,94.86633956909179,76.5895945287956,3.9492043228076312,3.2678374206015497,0.6813669022060815,112.14633433410684,100.13259925842286,88.11886418273888,23.995652094636746
2020-02-19,108.38999938964844,109.25499725341795,108.05599975585938,108.51100158691406,108.51100158691406,51224000,0.006749650094826309,100.8281494140625,95.29607955932617,77.71881446921824,3.9920013647463293,3.4126702094305057,0.5793311553158236,113.08833951130813,100.8281494140625,88.56795931681685,24.318982681905123
2020-02-20,108.65350341796876,108.8395004272461,106.37249755859376,107.65499877929688,107.65499877929688,62626000,-0.007888626914309249,101.4922492980957,95.69757949829102,73.24212599920476,3.911753793409801,3.512486926226365,0.39926686718343607,113.72072152863169,101.4922492980957,89.26377706755972,24.097351896536257
2020-02-21,107.10749816894533,107.22750091552734,104.4000015258789,104.79850006103516,104.79850006103516,92926000,-0.026533823330561868,102.02072448730469,96.04403945922851,60.68103855826396,3.5764345301547564,3.5252764470120437,0.05115808314271275,113.85515218457539,102.02072448730469,90.18629679003399,23.200046376348478
2020-02-24,100.15899658203124,101.96499633789062,99.39849853515624,100.4645004272461,100.4645004272461,130940000,-0.04135555023463999,102.3898494720459,96.3141194152832,47.3987549104234,2.9272307544799787,3.405667308505631,-0.4784365540256523,113.52595633648855,102.3898494720459,91.25374260760324,21.75236494997093
2020-02-25,101.3209991455078,101.7300033569336,97.9209976196289,98.63700103759766,98.63700103759766,124382000,-0.018190498951138112,102.75084953308105,96.5381394958496,43.11341546675492,2.239453135566464,3.172424473917798,-0.9329713383513338,112.86162004197374,102.75084953308105,92.64007902418837,19.68016917590055
2020-02-26,98.51399993896484,100.7334976196289,98.02249908447266,98.97949981689452,98.97949981689452,104492000,0.003472315416060745,103.06669960021972,96.75739944458007,44.13285447481922,1.7023970332212741,2.8784189857784934,-1.1760219525572193,112.24919847266399,103.06669960021972,93.88420072777545,17.818556154532565
2020-02-27,96.71900177001952,98.75,94.13800048828124,94.21499633789062,94.21499633789062,162880000,-0.048136265467272565,103.13244934082032,96.88075942993164,34.792212279026,0.8821516950733468,2.4791655276374645,-1.5970138325641177,112.03745768504935,103.13244934082032,94.22744099659128,17.2690717638263
2020-02-28,90.73149871826172,94.48799896240234,90.55650329589844,94.1875,94.1875,189620000,-0.0002918467224900523,103.16512451171874,96.99529937744141,34.746506853193395,0.22726288529581495,2.028784999169135,-1.80152211387332,111.93275062219145,103.16512451171874,94.39749840124604,16.997267539723214
2020-03-02,95.32450103759766,97.72550201416016,93.5,97.69750213623048,97.69750213623048,135234000,0.03726611425327664,103.0281997680664,97.15858947753907,44.72824510003575,-0.008416358053324302,1.621344727724643,-1.6297610857779674,112.04405389147686,103.0281997680664,94.01234564465594,17.5017211670332
2020-03-03,98.76850128173828,99.81649780273438,94.40450286865234,95.44950103759766,95.44950103759766,150690000,-0.023009811402324165,102.79017486572266,97.28354949951172,40.45953091878113,-0.37229714794085567,1.2226163525915434,-1.594913500532399,112.32735925257995,102.79017486572266,93.25299047886537,18.55660698956092
2020-03-04,97.32849884033205,98.9000015258789,96.0999984741211,98.79149627685548,98.79149627685548,95458000,0.035013229015638414,102.60557479858399,97.46709945678711,48.35120912235634,-0.3865483215251544,0.9007834177682039,-1.2873317392933583,112.30096819929356,102.60557479858399,92.91018139787441,18.898375492251283
2020-03-05,96.6500015258789,98.03600311279295,95.5,96.20149993896484,96.20149993896484,94964000,-0.026216794314283698,102.31597480773925,97.60462951660156,43.53531616552439,-0.5999180563129585,0.6006431229519714,-1.20056117926493,112.40521107049322,102.31597480773925,92.22673854498528,19.721722403002147
2020-03-06,93.75,95.5435028076172,93.4749984741211,95.05449676513672,95.05449676513672,105472000,-0.011922924014239333,101.94312477111816,97.71271942138672,41.561048057703275,-0.8517502321208639,0.3101644519374044,-1.1619146840582681,112.51548432869231,101.94312477111816,91.37076521354402,20.741682347507233
2020-03-09,88.69300079345703,93.13849639892578,88.06449890136719,90.03050231933594,90.03050231933594,156264000,-0.05285383245165354,101.2464500427246,97.7241194152832,34.23730341661751,-1.4401225737194778,-0.03989295319397204,-1.4002296205255058,112.96816893628815,101.2464500427246,89.52473114916106,23.154824467657175
2020-03-10,93.54399871826172,94.7135009765625,90.90850067138672,94.59100341796876,94.59100341796876,142666000,0.05065506668458708,100.64122505187989,97.7471694946289,43.90112592477361,-1.5208857443263781,-0.3360915114204533,-1.184794232905925,112.42486041955809,100.64122505187989,88.85758968420168,23.417114331833332
2020-03-11,92.89250183105467,93.56600189208984,90.0749969482422,91.04299926757812,91.04299926757812,112496000,-0.037508896429749194,99.81637496948242,97.69822952270508,39.08857431137961,-1.8498613715358658,-0.6388454834435358,-1.21101588809233,111.85959371708435,99.81637496948242,87.7731562218805,24.130747587826118
2020-03-12,86.0989990234375,88.25,83.75,83.83049774169922,83.83049774169922,226924000,-0.07922082514747941,98.60789985656739,97.52794952392578,31.523395260175477,-2.661881014615858,-1.0434525896780003,-1.6184284249378578,111.90875621353852,98.60789985656739,85.30704349959625,26.977263234118638
2020-03-13,87.75,89.31549835205078,84.03099822998047,89.25,89.25,176194000,0.06464833687376514,97.69572486877442,97.46510955810547,40.795572663258106,-2.8354189478241665,-1.4018458613072335,-1.433573086516933,110.93611035509652,97.69572486877442,84.45533938245232,27.105352878248613
2020-03-16,82.07550048828125,87.97250366210938,81.30149841308594,84.4574966430664,84.4574966430664,178346000,-0.053697516604298,96.58142471313477,97.25624954223633,36.13579842411656,-3.321377209462696,-1.785752130938326,-1.5356250785243701,110.32983697450838,96.58142471313477,82.83301245176115,28.470096195430994
2020-03-17,88.77349853515625,92.88899993896484,84.46199798583984,90.39199829101562,90.39199829101562,218342000,0.07026613247879654,95.71184959411622,97.18911956787109,44.57774411315701,-3.190855747839251,-2.0667728543185113,-1.1240828935207396,108.69486522571353,95.71184959411622,82.7288339625189,27.129379876481728
2020-03-18,87.5,92.08300018310548,87.25,91.5,91.5,192904000,0.012257741060410998,94.86129951477051,97.11623962402344,46.01263235876481,-2.9638447142512945,-2.246187226305068,-0.7176574879462265,106.54244801113609,94.86129951477051,83.18015101840493,24.627848355686403
2020-03-19,93.0,97.25,91.63249969482422,94.04650115966795,94.04650115966795,207998000,0.02783061376686291,94.18087463378906,97.09030960083008,49.263804101988846,-2.5490713650649752,-2.3067640540570498,-0.24230731100792546,104.28009981284,94.18087463378906,84.08164945473811,21.446445933573166
2020-03-20,96.31549835205078,97.8499984741211,91.0364990234375,92.30449676513672,92.30449676513672,196358000,-0.018522798541688812,93.55617446899414,97.04442947387696,47.171072366979146,-2.33402055754469,-2.312215354754578,-0.021805202790112332,102.42131478780077,93.55617446899414,84.69103415018752,18.951481009400737
2020-03-23,91.3874969482422,95.97000122070312,90.5999984741211,95.1415023803711,95.1415023803711,156170000,0.030735291504301987,93.29002456665039,97.04620956420898,50.83413961469405,-1.9126210945110245,-2.232296502705867,0.3196754081948425,101.61258602321453,93.29002456665039,84.96746311008624,17.842339511054906
2020-03-24,97.5749969482422,97.75,95.01699829101562,97.00499725341795,97.00499725341795,142942000,0.019586561347294085,93.2084243774414,97.10314956665039,53.13290082720653,-1.412013706597591,-2.068239943484212,0.6562262368866207,101.34971222220433,93.2084243774414,85.06713653267848,17.468995746125515
2020-03-25,96.03450012207033,97.51300048828124,94.28900146484376,94.29199981689452,94.29199981689452,129582000,-0.027967604900147047,92.9740493774414,97.09768951416015,49.503990082697555,-1.2201300647744375,-1.898617967742257,0.6784879029678195,100.6963939702325,92.9740493774414,85.2517047846503,16.611828019754512
2020-03-26,95.0999984741211,97.82450103759766,94.4645004272461,97.77449798583984,97.77449798583984,124426000,0.03693312450375408,93.15202445983887,97.18373947143554,53.8602537488567,-0.7780831402988326,-1.6745110022535723,0.8964278619547397,101.1400640808371,93.15202445983887,85.16398483884063,17.150544322184135
2020-03-27,96.54299926757812,96.989501953125,94.99600219726562,95.00499725341795,95.00499725341795,107758000,-0.028325389436650306,93.19289932250976,97.22181945800781,50.15461350370445,-0.64381186883395,-1.468371175569648,0.824559306735698,101.2100280906498,93.19289932250976,85.17577055436972,17.205449828093474
2020-03-30,96.1415023803711,98.68150329589844,95.61699676513672,98.19750213623048,98.19750213623048,122522000,0.03360354691971401,93.21789932250977,97.30782943725586,54.07691258741274,-0.27660393764611513,-1.2300177279849414,0.9534137903388262,101.29396112562165,93.21789932250977,85.14183751939788,17.327276975360288
2020-03-31,98.21749877929688,99.6510009765625,97.20050048828124,97.48600006103516,97.48600006103516,102472000,-0.007245622950859287,93.31972427368164,97.39282943725586,53.074535286959126,-0.042511234735087555,-0.9925164293349706,0.9500051945998831,101.55553804676089,93.31972427368164,85.0839105006024,17.650746050054362
2020-04-01,96.64849853515624,97.2480010986328,94.6500015258789,95.38500213623048,95.38500213623048,82438000,-0.021551791267353848,93.14939956665039,97.40852951049804,50.12015834685412,-0.026221786458890506,-0.7992575007597547,0.7730357143008642,101.0600002543671,93.14939956665039,85.23879887893368,16.98475937476442
2020-04-02,95.08200073242188,96.37650299072266,94.5,95.94149780273438,95.94149780273438,86720000,0.005834205106051149,93.13639945983887,97.43989944458008,50.89978017085467,0.031232242270149868,-0.6331595521537737,0.6643917944239236,101.02772548306513,93.13639945983887,85.24507343661261,16.945739944840913
2020-04-03,95.55750274658205,96.31649780273438,94.4574966430664,95.32949829101562,95.32949829101562,72198000,-0.0063788821910731874,93.15014953613282,97.46190948486328,49.9746922247998,0.027069685584336867,-0.5011137046061517,0.5281833901904885,101.05574168274646,93.15014953613282,85.24455738951917,16.973868933075785
2020-04-06,96.8000030517578,99.9260025024414,96.5009994506836,99.87950134277344,99.87950134277344,115464000,0.04772922477644714,93.6425994873047,97.59785949707032,56.32947646087064,0.3864631431862904,-0.32359833504766333,0.7100614782339537,101.92745040732831,93.6425994873047,85.35774856728108,17.69461968245939
2020-04-07,100.85549926757812,101.78600311279295,99.88099670410156,100.58000183105467,100.58000183105467,102280000,0.007013456003121199,93.94204940795899,97.78111953735352,57.230277565041476,0.7195154564047073,-0.11497557675718925,0.8344910331618965,102.75826685081793,93.94204940795899,85.12583196510005,18.76948075631829
2020-04-08,101.0500030517578,102.1999969482422,100.55750274658205,102.1500015258789,102.1500015258789,79546000,0.015609461784076961,94.49739952087403,97.97086959838867,59.25866795660801,1.097496412998808,0.1275188211940102,0.9699775918047979,103.89342167170125,94.49739952087403,85.1013773700468,19.886308403125284
2020-04-09,102.21499633789062,102.6500015258789,100.88300323486328,102.13800048828124,102.13800048828124,92930000,-0.0001174844583299306,95.41277465820312,98.15562957763672,59.235541910325736,1.3801709097470791,0.378049238904624,1.0021216708424552,104.00653888617626,95.41277465820312,86.81901043022998,18.013865038006816
2020-04-13,102.0,109.0,101.9000015258789,108.44349670410156,108.44349670410156,134334000,0.06173506614263302,96.3724494934082,98.45381958007812,66.60890086279446,2.088913636270618,0.7202221183778229,1.3686915178927954,106.19756351608608,96.3724494934082,86.54733547073032,20.389881287286176
2020-04-14,110.02349853515624,114.5999984741211,109.3105010986328,114.16600036621094,114.16600036621094,161744000,0.052769449861283624,97.85787467956543,98.7284196472168,71.62504864113214,3.0768871342419857,1.1915551215506555,1.8853320126913302,108.93197888132235,97.85787467956543,86.7837704778085,22.633036407175123
2020-04-15,112.88400268554688,116.6685028076172,112.25,115.38400268554688,115.38400268554688,137332000,0.010668695718768717,99.10747489929199,99.03189971923828,72.56958505228192,3.9130387819529915,1.7358518536311227,2.177186928321869,112.01774025525566,99.10747489929199,86.19720954332831,26.053060819241804
2020-04-16,117.3000030517578,123.0500030517578,116.75,120.40950012207033,120.40950012207033,240764000,0.043554542393708706,100.55294990539551,99.3904197692871,76.1040487545572,4.924444697096504,2.373570422324199,2.550874274772305,115.96391614499323,100.55294990539551,85.14198366579778,30.652439842087215
2020-04-17,118.6165008544922,120.0,115.8010025024414,118.75,118.75,158600000,-0.013782136130354616,101.7881248474121,99.72554977416992,72.76959996163417,5.528355934868898,3.004527524833139,2.523828410035759,118.79268315574318,101.7881248474121,84.78356653908104,33.41167416891147
2020-04-20,119.49749755859376,122.2490005493164,119.30249786376952,119.68049621582033,119.68049621582033,115414000,0.007835757606907912,103.15692481994628,100.06892974853515,73.47146177872811,6.01273217615352,3.6061684550972153,2.4065637210563047,121.25941360239317,103.15692481994628,85.0544360374994,35.0969919160417
2020-04-21,120.83049774169922,121.41549682617188,113.98300170898438,116.40599822998048,116.40599822998048,149534000,-0.02736033095931456,104.22014961242675,100.31776977539063,66.93331413150887,6.062494552350486,4.09743367454787,1.9650608778026166,122.80607176197748,104.22014961242675,85.63422746287603,35.66665797097382
2020-04-22,118.4499969482422,119.6999969482422,117.5500030517578,118.17449951171876,118.17449951171876,84244000,0.015192527091639096,105.2786247253418,100.54734970092774,68.56057069477725,6.173470937346025,4.512641127107501,1.660829810238524,124.500698375189,105.2786247253418,86.0565510754946,36.51657437584331
2020-04-23,119.9990005493164,121.21099853515624,119.10399627685548,119.97250366210938,119.97250366210938,101332000,0.01521482348408254,106.56264991760254,100.79599975585937,70.16795028903783,6.333495832888289,4.876812068263659,1.4566837646246302,126.10578331244491,106.56264991760254,87.01951652276017,36.679143039242575
2020-04-24,120.8499984741211,121.02149963378906,119.0999984741211,120.51100158691406,120.51100158691406,76498000,0.004488511186874211,107.69947509765625,101.04621978759765,70.65190173152743,6.429651972025326,5.187380049015992,1.2422719230093335,127.70521319730142,107.69947509765625,87.69373699801108,37.15104104547402
2020-04-27,122.16000366210938,122.24400329589844,118.1500015258789,118.8000030517578,118.8000030517578,112912000,-0.01419786171076065,108.88922538757325,101.27234985351562,66.93628761824957,6.295225679689736,5.408949175150742,0.8862765045389942,128.56108154113818,108.88922538757325,89.2173692340083,36.13186903212179
2020-04-28,118.6050033569336,118.6750030517578,115.3000030517578,115.7040023803711,115.7040023803711,105388000,-0.02606061104255919,109.76455039978028,101.45155990600585,60.71423906465832,5.871191058863886,5.501397551893371,0.36979350697051494,129.00884297950952,109.76455039978028,90.52025782005101,35.06467709226417
2020-04-29,116.50050354003906,119.59449768066406,115.5,118.635498046875,118.635498046875,91832000,0.02533616474965794,110.82202529907227,101.66859985351563,64.11558309508771,5.705913548036378,5.542300751121973,0.16361279691440522,129.56918420358286,110.82202529907227,92.07486639456165,33.83291156052811
2020-04-30,120.99199676513672,123.75,119.80049896240234,123.6999969482422,123.6999969482422,190692000,0.04268957423996422,112.23777503967285,101.97237976074219,69.09398852009329,5.915403575297262,5.616921315957031,0.298482259340231,130.37466208272053,112.23777503967285,94.10088799662518,32.31868599789475
2020-05-01,116.83999633789062,118.12200164794922,112.90950012207033,114.302001953125,114.302001953125,195452000,-0.07597409237648933,113.15580024719239,102.10531982421875,54.09600228027331,5.26242432553164,5.546021917871952,-0.28359759234031223,129.6880132472453,113.15580024719239,96.62358724713948,29.22026615328206
2020-05-04,112.81900024414062,116.3489990234375,112.81900024414062,115.79949951171876,115.79949951171876,97318000,0.013101236487597978,114.17930030822754,102.32533981323242,55.74445310552337,4.810318743346315,5.398881282966825,-0.5885625396205105,128.56562291176508,114.17930030822754,99.79297770468999,25.199528399108424
2020-05-05,117.0,117.5500030517578,115.35649871826172,115.88999938964844,115.88999938964844,64850000,0.0007815221854263754,114.97982521057129,102.63384979248048,55.84764507775862,4.408505884393847,5.200806203252229,-0.7923003188583824,127.78964042215495,114.97982521057129,102.17000999898764,22.281848468849326
2020-05-06,116.47200012207033,117.87249755859376,116.0,117.56300354003906,117.56300354003906,62356000,0.014436139090531874,115.8289752960205,103.0123698425293,57.80630685978173,4.176914877161451,4.996027938034074,-0.8191130608726231,126.83218944773807,115.8289752960205,104.82576114430293,18.99907017841952
2020-05-07,118.73899841308594,118.8000030517578,117.15550231933594,118.38050079345705,118.38050079345705,67928000,0.0069536948597912485,116.64050025939942,103.40038986206055,58.76881705738783,4.013082217896951,4.79943879400665,-0.7863565761096991,125.71329599146452,116.64050025939942,107.56770452733431,15.55685325746702
2020-05-08,118.60700225830078,119.36199951171876,117.8499984741211,118.98049926757812,118.98049926757812,64132000,0.005068389389295769,117.48262519836426,103.8956999206543,59.499066707483784,3.8868532922731873,4.6169216936599575,-0.7300684013867702,123.68823104258863,117.48262519836426,111.2770193541399,10.564295501137249
2020-05-11,118.73500061035156,120.9834976196289,118.60549926757812,120.4499969482422,120.4499969482422,65184000,0.012350743942999287,118.08295021057128,104.42094985961914,61.30659838021374,3.860886247666258,4.465714604461218,-0.6048283567949602,122.82508829860524,118.08295021057128,113.34081212253733,8.031876032191848
2020-05-12,120.59249877929688,120.9499969482422,117.75,117.84750366210938,117.84750366210938,61498000,-0.021606420523622938,118.26702537536622,104.82394989013672,56.497583163830356,3.5889366913434912,4.2903590218376735,-0.7014223304941822,122.65962446697415,118.26702537536622,113.87442628375828,7.428273565968738
2020-05-13,118.33999633789062,120.38500213623048,116.88999938964844,118.39600372314452,118.39600372314452,95658000,0.004654320575239179,118.4176254272461,105.28287994384766,57.25855722811798,3.3787262268273963,4.108032462835618,-0.7293062360082221,122.6063207365192,118.4176254272461,114.228930117973,7.074445707149513
2020-05-14,118.05049896240234,119.56849670410156,117.6604995727539,119.44249725341795,119.44249725341795,72962000,0.008838926123896362,118.36927528381348,105.6958999633789,58.74146724948176,3.259008381238843,3.9382276465162636,-0.6792192652774207,122.48660171494407,118.36927528381348,114.25194885268289,6.95674856715731
2020-05-15,118.4260025024414,120.5500030517578,117.81849670410156,120.48899841308594,120.48899841308594,84700000,0.008761547889003518,118.45622520446777,106.18164993286133,60.22752632614777,3.211554225708639,3.7928929623547387,-0.5813387366460998,122.6742568251092,118.45622520446777,114.23819358382634,7.121671509218978
2020-05-18,120.21749877929688,121.6500015258789,119.20050048828124,121.31300354003906,121.31300354003906,87144000,0.006838841203809398,118.53785057067871,106.70682006835938,61.40625566703922,3.2035087381902656,3.6750161175218445,-0.47150737933157894,122.90793163868705,118.53785057067871,114.16776950267038,7.373309110920063
2020-05-19,121.4915008544922,124.25,121.44850158691406,122.46649932861328,122.46649932861328,86410000,0.009508426590011165,118.84087562561035,107.35554000854492,63.05683489255933,3.252714829528614,3.5905558599231986,-0.3378410303945847,123.4134251482985,118.84087562561035,114.2683261029222,7.695247108567684
2020-05-20,123.89350128173828,125.00050354003906,123.3635025024414,124.89700317382812,124.89700317382812,79962000,0.019846275173532213,119.17700080871582,107.9616600036621,66.3249180796532,3.448084981853256,3.5620616843092106,-0.11397670245595437,124.44034701940615,119.17700080871582,113.91365459802549,8.832822062938511
2020-05-21,125.0,126.27249908447266,122.1269989013672,122.33699798583984,122.33699798583984,102288000,-0.02049693045417056,119.29522552490235,108.58753997802734,60.27657034739377,3.35764141119283,3.5211776296859347,-0.16353621849310462,124.72822253147741,119.29522552490235,113.86222851832729,9.108490273051121
2020-05-22,122.75050354003906,123.49250030517578,121.50650024414062,121.84400177001952,121.84400177001952,57342000,-0.004029821100215214,119.36187553405762,109.34781005859375,59.15775317364501,3.2091900105678803,3.458780105862324,-0.24959009529444387,124.88485637428462,119.36187553405762,113.83889469383061,9.254179050916688
2020-05-26,122.9000015258789,123.0999984741211,120.7030029296875,121.09300231933594,121.09300231933594,71364000,-0.0061636144559753525,119.47652549743653,109.98467010498047,57.409614275477466,2.996401179134068,3.366304320516673,-0.36990314138260505,125.04311859889202,119.47652549743653,113.90993239598103,9.3183042916241
2020-05-27,120.24949645996094,120.6790008544922,116.5,120.51950073242188,120.51950073242188,101138000,-0.004736042347035618,119.71730041503906,110.70591018676758,56.04754086269991,2.749789846386392,3.243001425690617,-0.4932115793042251,125.02071835517782,119.71730041503906,114.4138824749003,8.859902322810036
2020-05-28,119.21649932861328,121.84850311279295,118.9114990234375,120.05500030517578,120.05500030517578,63804000,-0.003854151605534595,119.7882755279541,111.29917022705078,54.91118878600567,2.4881850376854118,3.0920381480895758,-0.603853110404164,125.06983220677324,119.7882755279541,114.50671884913496,8.818152954521205
2020-05-29,120.7969970703125,122.11849975585938,119.91000366210938,122.11849975585938,122.11849975585938,70198000,0.017187950901155657,119.70920066833496,111.91154022216797,58.897971168185315,2.419478262972092,2.957526171066079,-0.5380479080939873,124.79796335825861,119.70920066833496,114.6204379784113,8.501873977126499
2020-06-01,122.4000015258789,123.84649658203124,122.20850372314452,123.552001953125,123.552001953125,58578000,0.011738616181262485,120.17170066833496,112.50165023803712,61.44818867013631,2.452429218599974,2.8565067805728583,-0.40407756197288425,124.87762730058095,120.17170066833496,115.46577403608897,7.832004716707806
2020-06-02,123.3499984741211,123.67649841308594,122.2655029296875,123.62049865722656,123.62049865722656,50598000,0.0005543957444538172,120.56275062561035,113.12797027587891,61.570884653173906,2.4557617075974463,2.776357765977776,-0.32059605838032956,125.04490168448767,120.56275062561035,116.08059956673303,7.4353828784082285
2020-06-03,123.40049743652344,124.4000015258789,123.05850219726562,123.91999816894533,123.91999816894533,53420000,0.002422733405640143,120.9642505645752,113.70354019165039,62.13829448549997,2.4542784425605078,2.711941901294322,-0.25766345873381447,125.12744293359309,120.9642505645752,116.8010581955573,6.883343383829632
2020-06-04,123.87149810791016,125.3769989013672,122.50050354003906,123.02999877929688,123.02999877929688,58974000,-0.0071820481181340545,121.23760032653809,114.22404022216797,59.33464885155959,2.354150252915062,2.6403835716184703,-0.2862333187034083,125.18387163055787,121.23760032653809,117.2913290225183,6.509979236459659
2020-06-05,122.22550201416016,124.43250274658205,121.85649871826172,124.1500015258789,124.1500015258789,66128000,0.009103493113018724,121.52607536315918,114.82120025634765,61.67794227792086,2.338219266419742,2.579950710578725,-0.24173144415898307,125.4381078807533,121.52607536315918,117.61404284556507,6.4381779892153945
2020-06-08,125.01000213623048,126.5,124.36699676513672,126.2030029296875,126.2030029296875,79414000,0.016536458949464095,121.88720054626465,115.38977035522461,65.59191255003856,2.4628635426440724,2.556533276991795,-0.09366973434772241,126.11343901422332,121.88720054626465,117.66096207830599,6.934671481530195
2020-06-09,126.47200012207033,131.32150268554688,126.25,130.04299926757812,130.04299926757812,103520000,0.030427139202305886,122.36685066223144,116.09053039550781,71.46282862984361,2.838776987806611,2.612982019154758,0.225794968651853,127.82863923129447,122.36685066223144,116.90506209316841,8.926908782083764
2020-06-10,132.25,136.11749267578125,131.31300354003906,132.37249755859375,132.37249755859375,98920000,0.017913292558120908,123.09310035705566,116.77403030395507,74.32486023272222,3.2867742573704533,2.747740466797897,0.5390337905725562,129.70060173031717,123.09310035705566,116.48559898379415,10.73577861650273
2020-06-11,130.1750030517578,133.56900024414062,126.8115005493164,127.89800262451172,127.89800262451172,116002000,-0.03380230045218746,123.56820030212403,117.3822703552246,61.55482950265153,3.2433733854225437,2.8468670505228264,0.3965063348997173,130.12266964515538,123.56820030212403,117.01373095909268,10.608666836622504
2020-06-12,130.0605010986328,131.07400512695312,125.1675033569336,127.2509994506836,127.2509994506836,108722000,-0.005058743377937103,123.9586254119873,118.01959030151367,59.95084479931034,3.1207955444124167,2.9016527493007445,0.21914279511167223,130.413054750635,123.9586254119873,117.50419607333959,10.413844647269773
2020-06-15,126.33000183105467,129.1999969482422,125.4000015258789,128.63400268554688,128.63400268554688,77302000,0.01086830941079775,124.36587562561036,118.67344039916992,62.21722816212412,3.0995191971780542,2.9412260388762066,0.15829315830184765,130.92029515515944,124.36587562561036,117.81145609606126,10.540543371045668
2020-06-16,131.0,131.0,128.8000030517578,130.7635040283203,130.7635040283203,71712000,0.0165547312399128,124.83840065002441,119.38212051391602,65.45853518766542,3.217402289256384,2.996461288952242,0.22094100030414188,131.79463670238812,124.83840065002441,117.8821645976607,11.144385086869256
2020-06-17,132.375,132.75,131.59100341796875,132.0489959716797,132.0489959716797,59186000,0.009830663019560593,125.31752548217773,120.02551040649413,67.28316100617039,3.3756416498790998,3.072297361137614,0.3033442887414859,132.85040882123812,125.31752548217773,117.78464214311734,12.022074821660429
2020-06-18,132.35049438476562,132.98199462890625,131.8054962158203,132.69900512695312,132.69900512695312,49756000,0.004922484646629588,125.70762557983399,120.66789047241211,68.19795419348074,3.5130020883958792,3.1604383065892674,0.35256378180661185,133.89282561416488,125.70762557983399,117.52242554550308,13.022599061236212
2020-06-19,133.9040069580078,134.8715057373047,132.9499969482422,133.75050354003906,133.75050354003906,115540000,0.007923935918584757,126.27830085754394,121.29990051269532,69.67510463048566,3.664466669036713,3.261243979078757,0.40322268995795607,135.0167314725185,126.27830085754394,117.53987024256938,13.839955963348746
2020-06-22,134.22500610351562,135.75,133.4499969482422,135.6909942626953,135.6909942626953,64176000,0.014508287231048467,126.97065048217773,121.9709603881836,72.237876686993,3.896172176827207,3.388229618628447,0.50794255819876,136.36372960194217,126.97065048217773,117.57757136241331,14.795669840382352
2020-06-23,136.30099487304688,139.15550231933594,135.90199279785156,138.2205047607422,138.2205047607422,84634000,0.018641697717608263,127.82702560424805,122.5665005493164,75.18218818404657,4.235091321785589,3.5576019592598755,0.6774893625257135,138.01029210492973,127.82702560424805,117.64375910356635,15.93288501010583
2020-06-24,139.0,139.8000030517578,136.0500030517578,136.72000122070312,136.72000122070312,90532000,-0.010855867894827953,128.6370506286621,123.01758056640625,70.41171745888468,4.332664827356297,3.7126145328791598,0.6200502944771369,138.94294086559455,128.6370506286621,118.33116039172968,16.02320666801131
2020-06-25,136.9774932861328,137.81149291992188,135.60699462890625,137.72900390625,137.72900390625,59374000,0.007380066387785211,129.52075080871583,123.46448059082032,71.71157289547503,4.440226451053832,3.8581369165140944,0.5820895345397372,139.76233637307982,129.52075080871583,119.27916524435184,15.814586466518229
2020-06-26,138.7530059814453,139.1284942626953,134.39999389648438,134.64349365234375,134.64349365234375,130016000,-0.02240276315369638,130.14700050354003,123.74916046142579,62.647955660231005,4.227759937102917,3.932061520631859,0.2956984164710579,140.02683627492834,130.14700050354003,120.2671647321517,15.182579288286538
2020-06-29,134.50050354003906,134.83999633789062,131.50399780273438,134.0189971923828,134.0189971923828,84468000,-0.004638148068063508,130.67035026550292,124.05454040527344,60.96836094950808,3.9633005867786153,3.9383093338612105,0.024991252917404783,140.2000535909955,130.67035026550292,121.14064694001034,14.585869412808075
2020-06-30,134.2534942626953,138.48150634765625,133.75149536132812,137.9409942626953,137.9409942626953,75394000,0.029264486024190406,131.38637504577636,124.41975036621093,66.95946232345915,4.023803134591873,3.955408094007343,0.06839504058452972,140.84136583451223,131.38637504577636,121.93138425704049,14.392650357301742
2020-07-01,137.89950561523438,144.75,137.6999969482422,143.93499755859375,143.93499755859375,127268000,0.043453386195574595,132.3871250152588,124.97033035278321,73.62305900204747,4.503504218339543,4.065027318873783,0.4384768994657602,142.6698813320187,132.3871250152588,122.1043686984989,15.534375137423243
2020-07-02,145.60049438476562,147.7779998779297,143.55499267578125,144.51499938964844,144.51499938964844,131868000,0.004029609482701257,133.46137504577638,125.4971403503418,74.16599716659009,4.874284367703638,4.226878728639754,0.6474056390638836,144.09269340459937,133.46137504577638,122.83005668695338,15.931678143097988
2020-07-06,146.74850463867188,152.99400329589844,146.5,152.8520050048828,152.8520050048828,137612000,0.05768955229869066,134.89647521972657,126.15473037719727,80.4085032229408,5.774294512520925,4.536361885415988,1.2379326271049367,147.6497434552162,134.89647521972657,122.14320698423695,18.908230500042965
2020-07-07,152.92750549316406,153.4774932861328,149.5,150.00599670410156,150.00599670410156,105150000,-0.018619371729473477,136.08662490844728,126.74463027954101,73.84828293201778,6.186594738597279,4.8664084560522465,1.3201862825450323,149.78057471724688,136.08662490844728,122.39267509964768,20.12534268964676
2020-07-08,151.1304931640625,154.19850158691406,150.6215057373047,154.0554962158203,154.0554962158203,100752000,0.026995584181255694,137.28724975585936,127.44974014282226,76.75436414774852,6.762156475191972,5.245558059880192,1.5165984153117797,152.74782045372888,137.28724975585936,121.82667905798985,22.522952022658117
2020-07-09,155.79949951171875,159.69400024414062,153.6999969482422,159.13150024414062,159.13150024414062,127774000,0.032949191382365184,138.6251998901367,128.31829010009767,79.78653455663097,7.540956943726826,5.704637836649519,1.8363191070773066,156.58270812773526,138.6251998901367,120.66769165253817,25.907999774687774
2020-07-10,159.58799743652344,160.75,156.78500366210938,160.0,160.0,109720000,0.005457748808544549,140.23029975891114,129.14558013916016,80.2609628332246,8.134473451522382,6.190604959624093,1.9438684918982894,159.73744161671942,140.23029975891114,120.72315790110287,27.821579061509023
2020-07-13,162.55299377441406,167.21449279785156,153.41949462890625,155.1999969482422,155.1999969482422,154408000,-0.030000019073486373,141.62774963378905,129.77558013916016,70.42308685927205,8.12387248396817,6.577258464492909,1.5466140194752622,161.21966220860654,141.62774963378905,122.03583705897155,27.666770990115797
2020-07-14,154.4499969482422,156.36900329589844,147.5,154.1999969482422,154.1999969482422,144638000,-0.006443299095769239,142.90604934692382,130.5735400390625,68.53825256455445,7.943215059428923,6.850449783480112,1.0927652759488105,162.27488065573164,142.90604934692382,123.53721803811601,27.10708384609716
2020-07-15,154.01150512695312,154.91749572753906,148.65899658203125,150.44349670410156,150.44349670410156,115778000,-0.02436122126125273,143.8900489807129,131.26641998291015,61.842307133658906,7.411489535719653,6.962657733928021,0.4488318017916324,162.68241302362782,143.8900489807129,125.09768493779796,26.120449851864137
2020-07-16,148.55299377441406,151.60000610351562,145.9114990234375,149.9949951171875,149.9949951171875,127884000,-0.002981196241378159,144.78734893798827,131.94851989746093,61.07510753943786,6.87465614085778,6.945057415313974,-0.07040127445619326,162.9351951920604,144.78734893798827,126.63950268391613,25.068276181843448
2020-07-17,150.4499969482422,151.1999969482422,147.42250061035156,148.09849548339844,148.09849548339844,95226000,-0.01264375276193297,145.55732345581055,132.55922973632812,57.80927674651244,6.2244287964232115,6.800931691535822,-0.5765028951126103,162.87609961636343,145.55732345581055,128.23854729525766,23.79650264153237
2020-07-20,150.00999450683594,160.0679931640625,149.7010040283203,159.8419952392578,159.8419952392578,151964000,0.07929519957328535,146.86189804077148,133.38845962524414,68.8992361846802,6.580861156135057,6.756917584455669,-0.17605642832061186,164.35654060916656,146.86189804077148,129.3672554723764,23.824617278932696
2020-07-21,161.62449645996094,162.0290069580078,155.28599548339844,156.9145050048828,156.9145050048828,122426000,-0.018314900474015072,147.92307357788087,134.14713973999022,64.35776526053294,6.551589725176996,6.715852012599935,-0.16426228742293958,165.1512861266288,147.92307357788087,130.69486102913294,23.293475631680074
2020-07-22,156.25,157.5,153.26300048828125,154.99549865722656,154.99549865722656,82084000,-0.012229630062539742,148.76182327270507,134.83804977416992,61.49624787457872,6.3009111492551995,6.632863839930988,-0.3319526906757888,165.64889449280992,148.76182327270507,131.87475205260023,22.703501272834018
2020-07-23,154.9134979248047,154.9134979248047,148.5,149.32749938964844,149.32749938964844,113138000,-0.036568799201794455,149.39219818115234,135.4676496887207,53.87661890513381,5.580557210600745,6.42240251406494,-0.8418453034641953,165.34984796172884,149.39219818115234,133.43454840057584,21.36343125659926
2020-07-24,146.5,151.57899475097656,144.39999389648438,150.44549560546875,150.44549560546875,112648000,0.007486874288995304,150.02802276611328,136.1086395263672,55.05943961710918,5.041766133878809,6.146275238027714,-1.1045091041489048,165.06282778188125,150.02802276611328,134.9932177503453,20.04266234876205
2020-07-27,153.10000610351562,154.89999389648438,150.7884979248047,152.760498046875,152.760498046875,83410000,0.015387648743417026,150.93387298583986,136.77499954223632,57.490414428781996,4.7468529080250335,5.866390772027178,-1.1195378640021447,164.23498723996747,150.93387298583986,137.63275873171224,17.625088379432867
2020-07-28,152.7135009765625,153.85450744628906,149.78799438476562,150.01649475097656,150.01649475097656,62534000,-0.017962780502695397,151.73374786376954,137.36554946899415,53.77713608957014,4.242805497691563,5.541673717160055,-1.298868219468492,162.56454437480826,151.73374786376954,140.9029513527308,14.276054817762617
2020-07-29,151.54949951171875,151.95799255371094,149.8385009765625,151.67649841308594,151.67649841308594,59482000,0.011065474265779418,152.42052307128907,137.97281936645507,55.643632416159704,3.9319674427246127,5.219732462272967,-1.2877650195483543,161.21666753581476,152.42052307128907,143.62437860676337,11.54194236744828
2020-07-30,150.6999969482422,154.60000610351562,150.25,152.593994140625,152.593994140625,122566000,0.006049030252796905,152.8534729003906,138.57536926269532,56.6847289800849,3.7168151506570553,4.919148999949785,-1.2023338492927298,160.7419179321943,152.8534729003906,144.96502786858693,10.321577759563649
2020-07-31,162.1999969482422,162.34100341796875,157.5500030517578,158.23399353027344,158.23399353027344,161710000,0.036960821567137314,153.53942260742187,139.2421090698242,62.509930737222376,3.9558061534745264,4.726480430654734,-0.7706742771802073,160.76641571447075,153.53942260742187,146.31242950037299,9.413859951170016
2020-08-03,159.02549743652344,159.1999969482422,155.1999969482422,155.59449768066406,155.59449768066406,101494000,-0.01668096589563972,153.67654724121093,139.90725906372072,58.5419998433956,3.8874113311721032,4.558666610758207,-0.671255279586104,160.95008660164893,153.67654724121093,146.40300788077292,9.466036934082661
2020-08-04,155.0605010986328,158.36199951171875,155.0605010986328,156.94149780273438,156.94149780273438,93886000,0.008657119256458845,154.02332229614257,140.609208984375,59.93953394676475,3.89697766154282,4.42632882091513,-0.5293511593723101,161.22476348924366,154.02332229614257,146.82188110304148,9.35110486612513
2020-08-05,157.18850708007812,160.67950439453125,156.36500549316406,160.25149536132812,160.25149536132812,78330000,0.021090645909052075,154.33312225341797,141.39237884521484,63.220519916200516,4.124108037173556,4.365884664166816,-0.24177662699325975,162.0295286952154,154.33312225341797,146.63671581162055,9.973758489975694
2020-08-06,159.71800231933594,162.37350463867188,158.27149963378906,161.25,161.25,78812000,0.0062308600392182445,154.43904724121094,142.20698883056642,64.17374804249994,4.334713595670934,4.35965045046764,-0.024936854796706598,162.44863805404572,154.43904724121094,146.42945642837617,10.372494464207588
2020-08-07,161.20050048828125,162.04049682617188,157.0334930419922,158.3730010986328,158.3730010986328,78722000,-0.017841853651889505,154.3576972961426,142.97334884643556,59.39702309597515,4.220815319220264,4.331883424218165,-0.11106810499790054,162.17034302010606,154.3576972961426,146.54505157217912,10.122780866540834
2020-08-10,158.5155029296875,158.62550354003906,155.0760040283203,157.4080047607422,157.4080047607422,63346000,-0.006093187166982039,154.46809768676758,143.67913894653321,57.84182585973286,4.006498553517247,4.266806450077982,-0.26030789656073505,162.3869146191191,154.46809768676758,146.54928075441606,10.25301282392873
2020-08-11,155.66000366210938,157.96099853515625,153.64999389648438,154.0334930419922,154.0334930419922,74362000,-0.021437993092404684,154.45977249145508,144.28876876831055,52.65033717093929,3.523736636402191,4.118192487342824,-0.5944558509406335,162.38004931810966,154.45977249145508,146.5394956648005,10.25545577194571
2020-08-12,155.39999389648438,158.71949768066406,155.0709991455078,158.11199951171875,158.11199951171875,70442000,0.026478049605839216,154.84319763183595,144.97859878540038,57.603216286570266,3.4306987657471666,3.980693743023693,-0.5499949772765262,162.6907694766316,154.84319763183595,146.9956257870403,10.136153172778682
2020-08-13,159.14950561523438,160.87600708007812,157.75,158.05099487304688,158.05099487304688,62980000,-0.0003858318082136103,155.2459976196289,145.66121871948243,57.50632096497337,3.313843098009471,3.8473236140208487,-0.5334805160113776,162.88094173482062,155.2459976196289,147.61105350443717,9.835930371484677
2020-08-14,158.90899658203125,158.91200256347656,156.0,157.4010009765625,157.4010009765625,55034000,-0.004112558082955964,155.71112289428712,146.34863876342774,56.41739043921224,3.1326735535038495,3.704393601917449,-0.5717200484135994,162.64931113717822,155.71112289428712,148.772934651396,8.911615450363767
2020-08-17,158.656005859375,159.74850463867188,157.70899963378906,159.12049865722656,159.12049865722656,53824000,0.010924312234330102,155.67504806518554,147.0480487060547,58.64816836588803,3.0921995253144985,3.581954786596859,-0.48975526128236035,162.53399826715582,155.67504806518554,148.81609786321525,8.811881270912794
2020-08-18,160.60000610351562,166.0,160.29100036621094,165.62449645996094,165.62449645996094,106920000,0.04087466955935781,156.11054763793945,147.83647857666017,65.78252127921871,3.5440877948963703,3.5743813882567617,-0.03029359336039139,164.2208874786995,156.11054763793945,148.0002077971794,10.390508474251227
2020-08-19,165.15049743652344,165.7949981689453,162.8000030517578,163.0240020751953,163.0240020751953,83702000,-0.015701145907449088,156.5119728088379,148.4960986328125,61.23358608439082,3.6502960005430225,3.5895643107140143,0.06073168982900823,165.14004022087295,156.5119728088379,147.88390539680285,11.025440747045318
2020-08-20,162.60000610351562,165.63099670410156,161.89999389648438,164.86849975585938,164.86849975585938,66650000,0.011314270642265756,157.28902282714844,149.14601867675782,63.17853064431714,3.8390481589739807,3.639461080366008,0.19958707860797276,165.9879478873985,157.28902282714844,148.5900977668984,11.061070765007758
2020-08-21,164.75,165.72000122070312,163.76950073242188,164.23599243164062,164.23599243164062,71518000,-0.0038364352508537536,157.97854766845703,149.8727784729004,62.02926516227707,3.892724642889874,3.6901137928707817,0.2026108500190924,166.58405889947016,157.97854766845703,149.3730364374439,10.894531387987142
2020-08-24,165.50750732421875,169.01600646972656,162.8780059814453,165.3730010986328,165.3730010986328,93326000,0.006923017605080961,158.60917282104492,150.63521850585937,63.32093637751689,3.9811188798730655,3.7483148102712383,0.2328040696018272,167.43833196279428,158.60917282104492,149.78001367929556,11.133226388755075
2020-08-25,164.74949645996094,167.8699951171875,163.35000610351562,167.32449340820312,167.32449340820312,79856000,0.011800549645987202,159.47457275390624,151.4090283203125,65.49076796171451,4.160679348017936,3.830787717820578,0.32989163019735823,168.1569066728115,159.47457275390624,150.792238835001,10.888674939174683
2020-08-26,167.5554962158203,172.58700561523438,167.22850036621094,172.09249877929688,172.09249877929688,130174000,0.0284955613728457,160.4953727722168,152.23560821533204,70.13880467656271,4.634299182030446,3.991490010662552,0.6428091713678943,170.02927073272042,160.4953727722168,150.96147481171317,11.880589198088117
2020-08-27,172.50250244140625,172.64999389648438,168.89999389648438,170.0,170.0,85296000,-0.01215915158498826,161.36567306518555,152.99462829589845,65.94117521940287,4.7856333467171055,4.150318677873463,0.6353146688436428,171.03245902606196,161.36567306518555,151.69888710430914,11.981217290211903
2020-08-28,171.14999389648438,171.6685028076172,169.3249969482422,170.08999633789062,170.08999633789062,57940000,0.0005293902228860059,161.9584732055664,153.7424481201172,66.03532461027505,4.856842062850717,4.291623354868914,0.5652187079818027,172.22016813180107,161.9584732055664,151.69677827933174,12.672007488252834
2020-08-31,170.44949340820312,174.75,170.25,172.54800415039062,172.54800415039062,83718000,0.014451219151166761,162.80614852905273,154.51839813232422,68.58925577315713,5.053364135316087,4.443971510958349,0.6093926243577386,173.61150669863167,162.80614852905273,152.0007903594738,13.273894465540684
2020-09-01,174.47900390625,175.69349670410156,173.35000610351562,174.95599365234375,174.95599365234375,68644000,0.01395547583299983,163.7068733215332,155.3036981201172,70.89792487338184,5.3418365553770855,4.623544519842096,0.7182920355349891,175.37544076751306,163.7068733215332,152.03830587555336,14.25543987155855
2020-09-02,177.35000610351562,177.6125030517578,174.33450317382812,176.57249450683594,176.57249450683594,78630000,0.009239471142122424,164.5229232788086,156.07073791503908,72.36627276193373,5.635923715550945,4.826020358983866,0.8099033565670783,177.33731481479154,164.5229232788086,151.70853174282567,15.577636575624224
2020-09-03,174.25,174.42050170898438,165.14999389648438,168.39999389648438,168.39999389648438,163222000,-0.04628410915968095,164.88042297363282,156.7043377685547,56.77093573289903,5.150169462262568,4.890850179639607,0.2593192826229611,177.70856922581476,164.88042297363282,152.05227672145088,15.560545055410705
2020-09-04,165.89999389648438,169.0749969482422,155.55650329589844,164.7310028076172,164.7310028076172,175636000,-0.021787358799564616,165.19832305908204,157.24437774658202,51.414001166529395,4.4182183283832615,4.796323809388338,-0.37810548100507635,177.67599318596916,165.19832305908204,152.72065293219492,15.106291511717787
2020-09-08,157.1999969482422,162.54249572753906,156.5,157.49200439453125,157.49200439453125,121884000,-0.04394435952982134,165.2025230407715,157.70134796142577,42.82728116531224,3.2169323150021683,4.480445510511104,-1.2635131955089358,177.66975364223458,165.2025230407715,152.7352924393084,15.093269003387086
2020-09-09,160.14950561523438,165.15899658203125,159.25,163.4304962158203,163.4304962158203,103774000,0.03770662418145765,165.6723731994629,158.28957794189452,50.17828923069935,2.712819460461702,4.126920300501224,-1.4141008400395219,177.08409400635747,165.6723731994629,154.26065239256832,13.776250785223345
2020-09-10,165.36099243164062,167.4945068359375,158.52749633789062,158.7554931640625,158.7554931640625,106614000,-0.02860545100214451,165.70454788208008,158.70586791992187,45.2462034934546,1.9140092089241136,3.6843380821858025,-1.7703288732616889,177.03415629362115,165.70454788208008,154.374939470539,13.674468874087312
2020-09-11,160.4344940185547,160.86700439453125,154.19900512695312,155.81100463867188,155.81100463867188,101880000,-0.018547317429499666,165.59254837036133,158.94338806152345,42.41820175921585,1.0314606769598242,3.153762601140607,-2.122301924180783,177.2617778241763,165.59254837036133,153.92331891654635,14.093906481487064
2020-09-14,158.64700317382812,159.3695068359375,154.8000030517578,155.14849853515625,155.14849853515625,90592000,-0.004251985314208007,165.47992324829102,159.1560580444336,41.785372564364486,0.2754012470553846,2.5780903303235627,-2.302689083268178,177.50138422540925,165.47992324829102,153.45846227117278,14.52920782309148
2020-09-15,156.80799865722656,158.75100708007812,155.4459991455078,157.80650329589844,157.80650329589844,80430000,0.017132004407634627,165.41422348022462,159.25514801025392,45.31060628833685,-0.1080569150846884,2.0408608812419127,-2.148917796326601,177.58739384433062,165.41422348022462,153.24105311611862,14.718408257753374
2020-09-16,158.99949645996094,159.36199951171875,153.70750427246094,153.90499877929688,153.90499877929688,90244000,-0.024723344317983953,164.8282485961914,159.33312805175783,41.35224085587939,-0.7184868107913189,1.4889913428352664,-2.2074781536265853,177.99245074264775,164.8282485961914,151.66404644973505,15.97323548429735
2020-09-17,150.46249389648438,151.47149658203125,148.62750244140625,150.43649291992188,150.43649291992188,128982000,-0.02253666798925036,164.19887313842773,159.26074798583986,38.16051731150348,-1.4652458938074346,0.8981438955067261,-2.363389789314161,178.77574624183393,164.19887313842773,149.62200003502153,17.755143899333802
2020-09-18,151.58700561523438,151.88999938964844,145.27699279785156,147.74549865722656,147.74549865722656,177852000,-0.01788790878106783,163.34272308349608,159.03302795410156,35.84869429422908,-2.2482818015272983,0.2688587560999212,-2.5171405576272194,179.57867960625578,163.34272308349608,147.1067665607364,19.87962024419091
2020-09-21,145.3249969482422,148.10000610351562,143.5500030517578,148.02349853515625,148.02349853515625,122358000,0.001881613182508124,162.53209838867187,158.79349792480468,36.27817636945013,-2.813973399347333,-0.34770767498952965,-2.466265724357803,180.07501652541106,162.53209838867187,144.98918025193268,21.587019807973995
2020-09-22,151.69200134277344,156.69949340820312,150.00999450683594,156.44949340820312,156.44949340820312,138976000,0.05692335984779917,162.0859230041504,158.8184878540039,47.70576558894822,-2.552951859056151,-0.7887565118028539,-1.764195347253297,179.77046874006098,162.0859230041504,144.40137726823983,21.82119879152953
2020-09-23,156.02149963378906,156.35000610351562,149.61900329589844,149.9929962158203,149.9929962158203,113054000,-0.04126889165142078,161.21934814453124,158.73434783935548,41.555974598067316,-2.8344025438721587,-1.1978857182167149,-1.6365168256554439,179.48129222565677,161.21934814453124,142.9574040634057,22.654779703927243
2020-09-24,148.88949584960938,153.46499633789062,148.25,150.989501953125,150.989501953125,110588000,0.006643681788120581,160.16419830322266,158.74526794433595,42.781972946464414,-2.9431181208077533,-1.5469321987349227,-1.3961859220728305,178.22880753083695,160.16419830322266,142.09958907560838,22.557612024398097
2020-09-25,152.7429962158203,155.07699584960938,149.9499969482422,154.75650024414062,154.75650024414062,92304000,0.02494874307344297,159.4020233154297,158.840498046875,47.283851167158076,-2.694253046806665,-1.7763963683492712,-0.9178566784573938,177.0232180636388,159.4020233154297,141.78082856722057,22.10912306092847
2020-09-28,157.4425048828125,158.7519989013672,155.85850524902344,158.70249938964844,158.70249938964844,84484000,0.025498115680328004,158.83264846801757,159.052578125,51.58138653753002,-2.153788990932725,-1.8518748928659619,-0.30191409806676295,175.7578092284248,158.83264846801757,141.90748770761033,21.311941749577105
2020-09-29,158.76950073242188,159.41299438476562,156.6269989013672,157.24400329589844,157.24400329589844,69916000,-0.009190126805558863,158.06744842529298,159.0006182861328,49.960200250440664,-1.8221511541690063,-1.8459301451265708,0.023778990957564528,173.7837299429378,158.06744842529298,142.35116690764815,19.885538324575126
2020-09-30,157.0570068359375,160.6439971923828,156.69949340820312,157.43649291992188,157.43649291992188,97922000,0.0012241460404771587,157.19147338867188,159.01105804443358,50.18273943327956,-1.526200387219319,-1.7819841935451204,0.25578380632580133,170.86506855144657,157.19147338867188,143.5178782258972,17.39737514765236
2020-10-01,160.39999389648438,161.1999969482422,158.60000610351562,161.06300354003906,161.06300354003906,99438000,0.023034752317315554,156.41599884033204,159.13240814208984,54.30578782980717,-0.9876432367255177,-1.6231160021812001,0.6354727654556824,167.0195225377172,156.41599884033204,145.81247514294688,13.558106301145234
2020-10-02,157.68150329589844,159.7899932861328,156.14999389648438,156.25,156.25,112262000,-0.02988273802333874,155.80849914550782,159.2708581542969,48.5614242870612,-0.9383848600542422,-1.4861697737558086,0.5477849137015665,164.87716910895807,155.80849914550782,146.73982918205758,11.640789832627958
2020-10-05,157.29200744628906,160.12649536132812,157.04249572753906,159.9600067138672,159.9600067138672,75506000,0.0237440429687501,155.5699493408203,159.46114837646485,52.71359581951371,-0.5931433187063817,-1.3075644827459232,0.7144211640395415,163.90889049462854,155.5699493408203,147.23100818701207,10.72050378513579
2020-10-06,158.25,159.10000610351562,154.5,154.9980010986328,154.9980010986328,101738000,-0.03102028886576813,155.44524917602538,159.5058984375,47.22313942372619,-0.7117249713590468,-1.188396580468548,0.4766716091095011,163.73996465485445,155.44524917602538,147.15053369719632,10.672201978249165
2020-10-07,156.75,160.0,156.6195068359375,159.7845001220703,159.7845001220703,86188000,0.030881037106998743,155.2629493713379,159.70125854492187,52.37609302899085,-0.41469101676588593,-1.0336554677280156,0.6189644509621297,162.9883851323037,155.2629493713379,147.5375136103721,9.951422141916302
2020-10-08,161.24949645996094,161.6645050048828,158.74949645996094,159.52749633789062,159.52749633789062,63482000,-0.0016084400175445657,155.3015495300293,159.85827850341798,52.08205263334014,-0.19774800929249636,-0.8664739760409119,0.6687259667484156,163.10373496393,155.3015495300293,147.49936409612857,10.047788264201547
2020-10-09,160.5,164.44949340820312,159.89149475097656,164.33250427246094,164.33250427246094,98158000,0.030120249141207367,155.72762451171874,160.09304870605467,56.948393596538175,0.3577805982867801,-0.6216230611753736,0.9794036594621537,164.46877190753077,155.72762451171874,146.98647711590672,11.226200134009282
2020-10-12,167.4969940185547,174.81199645996094,166.9774932861328,172.14649963378906,172.14649963378906,167284000,0.04754990740220588,156.5775245666504,160.371298828125,63.44917084800653,1.4122851988803404,-0.21484140916423078,1.6271266080445712,167.86323021837208,156.5775245666504,145.2918189149287,14.415486108822337
2020-10-13,173.39950561523438,174.61900329589844,171.21099853515625,172.18150329589844,172.18150329589844,114894000,0.00020333647320058823,157.2962745666504,160.70303894042968,63.475776991387896,2.2251619137144303,0.27315925541150143,1.9520026583029289,170.47563337125388,157.2962745666504,144.11691576204692,16.757369290420232
2020-10-14,172.35000610351562,173.24400329589844,167.0,168.1855010986328,168.1855010986328,116254000,-0.023208080547411636,158.0102996826172,160.92791900634765,58.261839666402835,2.517903758161964,0.722108155961594,1.79579560220037,171.905301360751,158.0102996826172,144.11529800448338,17.58746322998387
2020-10-15,164.60049438476562,167.79400634765625,164.0,166.9324951171875,166.9324951171875,104468000,-0.007450142689235051,158.83509979248046,161.06153900146484,56.68940789311454,2.6186109510678364,1.1014087149828424,1.517202236084994,172.79212294389868,158.83509979248046,144.87807664106225,17.57423034285645
2020-10-16,168.1614990234375,169.98300170898438,158.0,163.635498046875,163.635498046875,129488000,-0.019750480983333984,159.62959976196288,161.10924896240235,52.66191859653565,2.4046625643900086,1.3620594848642757,1.0426030795257328,172.75539453620598,159.62959976196288,146.50380498771977,16.445314395094744
2020-10-19,164.98049926757812,166.4499969482422,159.63699340820312,160.36050415039062,160.36050415039062,104472000,-0.020013957457728493,160.2464500427246,161.1489990234375,48.942339356780586,1.948382548163437,1.479324097524108,0.46905845063932894,172.24357463521227,160.2464500427246,148.24932545023694,14.973342110591547
2020-10-20,161.11399841308594,163.3000030517578,159.60049438476562,160.85049438476562,160.85049438476562,90194000,0.003055554339711275,160.46650009155275,161.21784881591796,49.51685930983404,1.6077819553074448,1.5050156690807754,0.10276628622666939,172.3377640667265,160.46650009155275,148.595236116379,14.79594054634544
2020-10-21,160.625,161.69400024414062,158.0,159.2469940185547,159.2469940185547,91854000,-0.009968886774915697,160.92919998168946,161.32211883544923,47.62811185938042,1.1946927783543515,1.4429510909354908,-0.24825831258113928,171.8117146699565,160.92919998168946,150.04668529342243,13.524599251727157
2020-10-22,159.49349975585938,159.9375,156.0970001220703,158.82000732421875,158.82000732421875,84240000,-0.0026812857408547996,161.32072525024415,161.33627899169923,47.112777064758944,0.8233710626366246,1.3190350852757176,-0.4956640226390929,171.2678945536257,161.32072525024415,151.3735559468626,12.33216536554901
2020-10-23,159.5500030517578,160.26649475097656,157.0,160.22000122070312,160.22000122070312,69334000,0.008814971867029398,161.59390029907226,161.37965911865234,49.058989058738476,0.6347467692709188,1.1821774220747578,-0.5474306528038391,171.09506798586835,161.59390029907226,152.09273261227617,11.759314762762294
2020-10-26,159.93699645996094,164.1490020751953,157.6649932861328,160.3520050048828,160.3520050048828,118024000,0.0008238907949942309,161.67637557983397,161.43867919921874,49.248629987809224,0.49026083822926125,1.0437941053056585,-0.5535332670763973,171.1040688112355,161.67637557983397,152.24868234843245,11.66242525859473
2020-10-27,161.2469940185547,164.58299255371094,160.56500244140625,164.31649780273438,164.31649780273438,85820000,0.024723687101579017,162.03000030517578,161.5425991821289,54.702723064151236,0.687728427831729,0.9725809698108727,-0.28485254197914367,171.29531530994555,162.03000030517578,152.764685300406,11.436542599912357
2020-10-28,162.46499633789062,163.2010040283203,158.12350463867188,158.13900756835938,158.13900756835938,111766000,-0.037595069983728635,162.06512603759765,161.39288940429688,46.345019526607096,0.34181089753789706,0.8464269553562777,-0.5046160578183806,171.26561677153214,162.06512603759765,152.86463530366316,11.354066058357374
2020-10-29,160.06350708007812,162.8625030517578,158.1999969482422,160.55050659179688,160.55050659179688,131930000,0.015249235849637444,162.03950119018555,161.3434194946289,49.58328372436737,0.2592679010572283,0.7289951444964679,-0.46972724343923955,171.25385779968855,162.03950119018555,152.82514458068255,11.37297577667574
2020-10-30,157.8874969482422,158.35000610351562,150.9499969482422,151.8074951171875,151.8074951171875,167728000,-0.0544564552314909,161.81737594604493,161.08219940185546,40.127403939313375,-0.5058053665367197,0.4820350422898304,-0.9878404088265501,171.7643420201851,161.81737594604493,151.87040987190477,12.294064238758635
2020-11-02,153.08700561523438,153.98550415039062,147.50599670410156,150.2239990234375,150.2239990234375,145148000,-0.010430948040659138,161.33057556152343,160.80195953369142,38.68831669819482,-1.2257763572694387,0.1404727623779766,-1.3662491196474154,172.47443257889475,161.33057556152343,150.18671854415211,13.814934929208885
2020-11-03,150.92649841308594,153.7449951171875,149.0489959716797,152.42050170898438,152.42050170898438,97958000,0.014621516534147005,161.20170059204102,160.54290954589842,41.80594342909794,-1.6006676445261405,-0.20775531900284683,-1.3929123255232936,172.68981173088838,161.20170059204102,149.71358945319366,14.253089262278612
2020-11-04,157.99949645996094,162.24249267578125,156.9864959716797,162.05799865722656,162.05799865722656,136780000,0.06322966294024535,161.31537551879882,160.43757965087892,53.07949493541426,-1.107341487451265,-0.3876725526925305,-0.7196689347587346,172.79012899865563,161.31537551879882,149.840622038942,14.226484540550954
2020-11-05,165.99850463867188,168.33999633789062,164.44400024414062,166.10000610351562,166.10000610351562,115786000,0.024941733698923496,161.64400100708008,160.31772979736328,56.85464090334081,-0.3857737733729323,-0.38729279682861084,0.0015190234556785587,173.2705750575315,161.64400100708008,150.01742695662867,14.385407411367106
2020-11-06,165.23199462890625,166.10000610351562,161.60000610351562,165.56849670410156,165.56849670410156,92946000,-0.003199936061909714,161.7058006286621,160.2290997314453,56.214146681704584,0.14155372885338124,-0.2815234916922124,0.42307722054559366,173.40181151747862,161.7058006286621,150.0097897398456,14.46579014895699
2020-11-09,161.55149841308594,164.4499969482422,155.60549926757812,157.18699645996094,157.18699645996094,143808000,-0.05062255447737596,160.95782546997071,159.97103973388673,47.18670932866799,-0.11552079718399,-0.24832295279056793,0.13280215560657793,171.7671308333657,160.95782546997071,150.14852010657572,13.43122688422707
2020-11-10,154.75100708007812,155.6999969482422,150.9739990234375,151.75100708007812,151.75100708007812,131820000,-0.03458294580536425,159.9363006591797,159.55509979248046,42.42776586660488,-0.7492561650138043,-0.34850959523521524,-0.4007465697785891,170.15520191458492,159.9363006591797,149.71739940377446,12.778714042137882
2020-11-11,153.08900451660156,156.95750427246094,152.5,156.8695068359375,156.8695068359375,87338000,0.03372959332756431,159.37050094604493,159.19337005615233,47.76929400146048,-0.8289205762077358,-0.4445917914297194,-0.38432878477801646,168.93170426461262,159.37050094604493,149.80929762747724,11.998711507852573
2020-11-12,157.99749755859375,158.79400634765625,154.30250549316406,155.51400756835938,155.51400756835938,87240000,-0.008640935353967705,158.79957656860353,158.7722003173828,46.53789041626663,-0.9900203205544074,-0.553677497254657,-0.4363428232997504,167.83564581277767,158.79957656860353,149.76350732442938,11.380470199516484
2020-11-13,156.10000610351562,157.08599853515625,154.26950073242188,156.4405059814453,156.4405059814453,75124000,0.005957652481424658,158.43982696533203,158.53301055908204,47.53344306429021,-1.0310470808014998,-0.6491514139640255,-0.3818956668374742,167.2471355085552,158.43982696533203,149.63251842210886,11.117543753882394
2020-11-16,154.66000366210938,157.13499450683594,153.63450622558594,156.55299377441406,156.55299377441406,76174000,0.0007190451875813686,158.24945144653321,158.36945037841798,47.66087842982401,-1.0424673444528025,-0.727814600061781,-0.31465274439102153,167.0470613578176,158.24945144653321,149.45184153524883,11.118660862160116
2020-11-17,159.177001953125,159.46249389648438,156.76300048828125,156.7830047607422,156.7830047607422,68894000,0.001469221257177411,158.04607696533202,158.3552703857422,47.93932703677023,-1.0211864199773402,-0.7864889640448929,-0.23469745593244729,166.7816080731618,158.04607696533202,149.31054585750223,11.054410556164525
2020-11-18,156.6999969482422,157.0,155.2550048828125,155.2729949951172,155.2729949951172,58336000,-0.00963120822903818,157.84737701416014,158.19212036132814,46.20156168141989,-1.1133324984013484,-0.851857670916184,-0.2614748274851644,166.64516840873418,157.84737701416014,149.0495856195861,11.14721265692594
2020-11-19,155.2655029296875,156.25,154.04600524902344,155.8509979248047,155.8509979248047,60206000,0.003722494885254779,157.69892654418945,158.13403045654297,46.993629262872915,-1.1267306737340164,-0.9068322714797505,-0.21989840225426582,166.52620739414417,157.69892654418945,148.87164569423473,11.195105817643205
2020-11-20,155.8509979248047,156.64450073242188,154.90249633789062,154.97000122070312,154.97000122070312,67488000,-0.005652814007175211,157.43642654418946,158.1172103881836,45.88473602700664,-1.1946665234103193,-0.9643991218658643,-0.23026740154445502,166.2604565409256,157.43642654418946,148.61239654745333,11.20964212721049
2020-11-23,155.8350067138672,156.9875030517578,153.2729949951172,154.91949462890625,154.91949462890625,94178000,-0.00032591205652088284,157.16480102539063,158.1126303100586,45.81798695763275,-1.238307199016191,-1.0191807372959296,-0.2191264617202613,165.9474688088486,157.16480102539063,148.38213324193265,11.176380113304257
2020-11-24,155.02499389648438,156.71249389648438,154.31300354003906,155.9029998779297,155.9029998779297,72042000,0.006348492495275249,156.7441261291504,158.07456024169923,47.42195142507776,-1.179930589394786,-1.051330707715701,-0.12859988167908498,164.8998884472551,156.7441261291504,148.5883638110457,10.406466282997693
2020-11-25,157.093505859375,159.89999389648438,157.01300048828125,159.2534942626953,159.2534942626953,75808000,0.02149089105013391,156.7998504638672,158.18153015136718,52.57285568839359,-0.8534715216543418,-1.0117588705034293,0.15828734884908746,165.00803449101585,156.7998504638672,148.59166643671853,10.469632468227573
2020-11-27,160.56300354003906,160.8094940185547,159.50250244140625,159.76699829101562,159.76699829101562,47858000,0.003224444340751864,156.76067504882812,158.36814025878905,53.327529788760934,-0.5470092922862193,-0.9188089548599874,0.37179966257376806,164.90410523141085,156.76067504882812,148.6172448662454,10.389633981923339
2020-11-30,160.4239959716797,161.41949462890625,156.27749633789062,158.40199279785156,158.40199279785156,81278000,-0.008543726224847115,157.09039993286132,158.58127014160155,51.00418579169093,-0.4095591599876798,-0.8169589958855259,0.4073998358978461,164.93339474642627,157.09039993286132,149.24740511929636,9.985326686948362
2020-12-01,159.4250030517578,162.44749450683594,157.85899353027344,161.00399780273438,161.00399780273438,90740000,0.01642659261366375,157.62939987182617,158.84088012695312,55.02650982565894,-0.08963561822477573,-0.671494320353376,0.5818587021286002,164.97679677660938,157.62939987182617,150.28200296704296,9.32236868345325
2020-12-02,161.08250427246094,161.60000610351562,158.66299438476562,160.17649841308594,160.17649841308594,62586000,-0.005139620139509304,158.01719970703124,158.9154202270508,53.52166429624145,0.09602687051460634,-0.5179900821797796,0.6140169526943859,165.03529806835985,158.01719970703124,150.99910134570263,8.882701850609152
2020-12-03,160.2729949951172,161.4320068359375,159.0655059814453,159.3365020751953,159.3365020751953,57840000,-0.005244192164348127,157.8811248779297,159.10229034423827,51.968023737205954,0.17338635615661246,-0.37971479451250123,0.5531011506691137,164.6827526014509,157.8811248779297,151.0794971544085,8.616137906010064
2020-12-04,159.91050720214844,159.91050720214844,157.93800354003906,158.12899780273438,158.12899780273438,58272000,-0.007578327983446487,157.48257446289062,159.24508026123047,49.73310132950296,0.13569459974070242,-0.2766329156618605,0.4123275154025629,163.15082431918432,157.48257446289062,151.81432460659693,7.198574033509175
2020-12-07,157.82400512695312,159.03799438476562,157.08450317382812,157.89999389648438,157.89999389648438,55026000,-0.00144820943300783,157.09914932250976,159.30795013427735,49.300076559532776,0.08634952626968584,-0.2040364272755512,0.29038595354523705,161.40024420390867,157.09914932250976,152.79805444111085,5.475643757394469
2020-12-08,157.94500732421875,159.2064971923828,156.00100708007812,158.864501953125,158.864501953125,65726000,0.006108347649924184,157.18302459716796,159.31119018554688,51.226273925847224,0.12364562962102355,-0.13850001589623628,0.26214564551725983,161.55258149577588,157.18302459716796,152.81346769856003,5.559833079693332
2020-12-09,158.39450073242188,158.72149658203125,154.39999389648438,155.2100067138672,155.2100067138672,82016000,-0.02300385041546993,157.35597457885743,159.27051025390625,44.350820231544056,-0.14006952934218475,-0.13881391858542597,-0.0012556107567587849,161.07761101433542,157.35597457885743,153.63433814337944,4.730213066823119
2020-12-10,154.44949340820312,157.10499572753906,153.8000030517578,155.07449340820312,155.07449340820312,60604000,-0.0008730964486967085,157.2662239074707,159.22327026367188,44.11437641498908,-0.35589791440230556,-0.1822307177488019,-0.17366719665350366,161.11486758014937,157.2662239074707,153.41758023479204,4.894431336944993
2020-12-11,154.83299255371094,155.93350219726562,153.64100646972656,155.8209991455078,155.8209991455078,61294000,0.004813852496939441,157.2815734863281,159.11843017578124,45.82770030644737,-0.46138809556867955,-0.23806219331277745,-0.2233259022559021,161.1045040616425,157.2815734863281,153.45864291101373,4.861256777351226
2020-12-14,157.14999389648438,159.52349853515625,156.3000030517578,157.84849548339844,157.84849548339844,83116000,0.013011701561464806,157.3519729614258,159.1504000854492,50.28562723984228,-0.37704151430810384,-0.2658580575118427,-0.11118345679626113,161.1621927765934,157.3519729614258,153.54175314625817,4.842926012884089
2020-12-15,159.05050659179688,159.4250030517578,156.52450561523438,158.25599670410156,158.25599670410156,66390000,0.0025815971159888207,157.43712310791017,159.11631988525392,51.15563605122284,-0.2741540211924871,-0.26751725024797157,-0.006636770944515535,161.24823201311338,157.43712310791017,153.62601420270695,4.841436161903203
2020-12-16,158.80050659179688,162.35000610351562,158.1840057373047,162.04800415039062,162.04800415039062,88552000,0.023961224378619583,157.70037307739258,159.25731994628907,58.44357629771055,0.11207642093759773,-0.1915985160108577,0.30367493694845543,161.9915057410083,157.70037307739258,153.40924041377687,5.442133813481606
2020-12-17,162.5,163.17550659179688,161.0500030517578,161.8040008544922,161.8040008544922,69486000,-0.0015057469987226346,158.02692337036132,159.2977099609375,57.8454801986426,0.39393674463238426,-0.0744914638822093,0.46842820851459355,162.51878250407555,158.02692337036132,153.5350642366471,5.684928919595353
2020-12-18,162.19949340820312,162.4709930419922,158.5800018310547,160.08250427246094,160.08250427246094,119914000,-0.01063939440891426,158.23849868774414,159.3088101196289,53.67218935190082,0.47295081226957336,0.03499699134814723,0.43795382092142615,162.69898008301084,158.23849868774414,153.77801729247744,5.637669002495623
2020-12-21,160.00050354003906,161.34849548339844,158.3000030517578,160.3090057373047,160.3090057373047,76736000,0.0014149045573290664,158.5054489135742,159.22834014892578,54.14098490031918,0.5475351608928349,0.1375046252570848,0.41003053563575015,162.78699411773619,158.5054489135742,154.22390370941224,5.402394975703963
2020-12-22,160.14199829101562,161.10000610351562,159.00399780273438,160.3260040283203,160.3260040283203,47388000,0.00010603453584812073,158.77577438354493,158.99193023681642,54.17845892358393,0.6010864639591205,0.23022099299749194,0.37086547096162853,162.79204086564525,158.77577438354493,154.7595079014446,5.059041906983204
2020-12-23,160.25,160.50650024414062,159.20849609375,159.2635040283203,159.2635040283203,41876000,-0.006627122071927394,158.94379959106445,158.73357025146484,51.35367342150365,0.5514347901340386,0.2944637524248013,0.25697103770923735,162.74043967712083,158.94379959106445,155.14715950500806,4.777336512433324
2020-12-24,159.69500732421875,160.10000610351562,158.4499969482422,158.63450622558594,158.63450622558594,29038000,-0.003949415822362745,158.912850189209,158.5425503540039,49.70158259874204,0.4560732860343535,0.32678565914671176,0.12928762688764173,162.70897911225785,158.912850189209,155.11672126616014,4.777623607567302
2020-12-28,159.6999969482422,165.1999969482422,158.63450622558594,164.197998046875,164.197998046875,113736000,0.03507113271672124,159.13440017700196,158.48786041259766,61.49963372862022,0.8199737539105456,0.42542327809947855,0.39455047581106706,163.56778500031223,159.13440017700196,154.7010153536917,5.571874865998928
2020-12-29,165.4969940185547,167.53250122070312,164.06100463867188,166.10000610351562,166.10000610351562,97458000,0.011583625131030173,159.51930084228516,158.53715057373046,64.56016762709447,1.2474636662645082,0.5898313557324846,0.6576323105320236,164.87270685844956,159.51930084228516,154.16589482612076,6.711922617385651
2020-12-30,167.0500030517578,167.10499572753906,164.12350463867188,164.29249572753906,164.29249572753906,64186000,-0.010882060864285004,159.6837257385254,158.61579040527343,59.703015247474866,1.4239866882159333,0.7566624222291743,0.667324265986759,165.39919830494892,159.6837257385254,153.96825317210187,7.158490998365539
2020-12-31,163.75,164.14599609375,162.05999755859375,162.84649658203125,162.84649658203125,59144000,-0.008801370623195415,159.81722564697264,158.65571044921876,56.06880302604319,1.430710073428287,0.8914719524689969,0.53923812095929,165.69492899566808,159.81722564697264,153.9395222982772,7.3555317017940895
2021-01-04,163.5,163.60000610351562,157.2010040283203,159.3314971923828,159.3314971923828,88228000,-0.021584740620304466,159.81697540283204,158.65740051269532,48.36221560838544,1.1392744829141463,0.9410324585580269,0.19824202435611948,165.6947610233361,159.81697540283204,153.939189782328,7.355646176745126
2021-01-05,158.30050659179688,161.16900634765625,158.2530059814453,160.92550659179688,160.92550659179688,53110000,0.010004358381754175,159.95680084228516,158.69951049804686,51.61041744312937,1.0251160152803607,0.9578491699024937,0.06726684537786698,165.80026503659886,159.95680084228516,154.11333664797147,7.306302906214358
2021-01-06,157.32400512695312,159.87550354003906,156.55799865722656,156.91900634765625,156.91900634765625,87896000,-0.024896614147709384,159.90775146484376,158.63349060058593,44.10134607835383,0.6043865295357875,0.8871566418291525,-0.282770112293365,165.83531407863177,159.90775146484376,153.98018885105574,7.413727676723922
2021-01-07,157.85000610351562,160.427001953125,157.75,158.10800170898438,158.10800170898438,70290000,0.0075771277744003385,159.86992645263672,158.58861053466796,46.585113028172586,0.36271620309503305,0.7822685540823288,-0.4195523509872957,165.83318240406012,159.86992645263672,153.9066705012133,7.460134727953463
2021-01-08,159.0,159.53199768066406,157.11000061035156,159.13499450683594,159.13499450683594,70754000,0.006495514374673217,160.06617584228516,158.48498046875,48.705205056279,0.2511651881555963,0.6760478808969823,-0.424882692741386,165.6493130293041,160.06617584228516,154.48303865526623,6.976036202076892
2021-01-11,157.40049743652344,157.81900024414062,155.5,155.7104949951172,155.7104949951172,73668000,-0.021519462280005563,160.09797592163085,158.43641021728516,42.6292508265638,-0.11227406024639208,0.5183834926683074,-0.6306575529146995,165.573228271324,160.09797592163085,154.62272357193768,6.839877041760155
2021-01-12,156.0,157.10699462890625,154.3000030517578,156.04150390625,156.04150390625,70292000,0.002125797051401035,160.10900115966797,158.3462301635742,43.36470153636987,-0.36933516439978575,0.3408397612546888,-0.7101749256544745,165.55054405143497,160.10900115966797,154.66745826790097,6.797297906243817
2021-01-13,156.4219970703125,159.49749755859375,156.10400390625,158.29449462890625,158.29449462890625,66424000,0.014438406874172749,160.13130111694335,158.4759701538086,48.22934597691301,-0.3868016109815926,0.19531148680743252,-0.5821130977890251,165.53915739259529,160.13130111694335,154.7234448412914,6.754277568384458
2021-01-14,158.37600708007812,158.89999389648438,156.0294952392578,156.37350463867188,156.37350463867188,61418000,-0.012135545173177387,160.03717651367188,158.5989602661133,44.703556576201734,-0.5493195200774323,0.04638528543045954,-0.5957048055078918,165.63452635807155,160.03717651367188,154.4398266692722,6.9950619803911565
2021-01-15,156.1510009765625,157.12750244140625,154.7584991455078,155.21249389648438,155.21249389648438,84880000,-0.007424600125642833,159.69540100097657,158.6548001098633,42.67309418830542,-0.7630045562662815,-0.11549268290888867,-0.6475118733573928,165.58691270771948,159.69540100097657,153.80388929423367,7.378436285346597
2021-01-19,155.35000610351562,157.25,154.8000030517578,156.03799438476562,156.03799438476562,66102000,0.005318518294228358,159.40710067749023,158.53440002441405,44.59986249898323,-0.8558745079899381,-0.2635690479250986,-0.5923054600648395,165.42071255783395,159.40710067749023,153.39348879714652,7.544973661506278
2021-01-20,159.09950256347656,163.99000549316406,158.75,163.16900634765625,163.16900634765625,106196000,0.04570048462239673,159.56142578125,158.47578002929689,57.79591410942312,-0.3500266553720053,-0.28086056941447995,-0.06916608595752533,165.79098561705177,159.56142578125,153.33186594544821,7.808353184737979
2021-01-21,164.64999389648438,167.42750549316406,164.47850036621094,165.34950256347656,165.34950256347656,98722000,0.013363421550624865,159.8134506225586,158.47140014648437,60.86551322552839,0.22422451310202973,-0.17984355291117804,0.40406806601320777,166.53222588852333,159.8134506225586,153.09467535659388,8.408272570039019
2021-01-22,165.2154998779297,166.0955047607422,164.1580047607422,164.6114959716797,164.6114959716797,56438000,-0.00446331304512726,160.02772521972656,158.61989013671874,59.2936140996858,0.612708811414393,-0.021333080046063824,0.6340418914604569,167.06405894534433,160.02772521972656,152.9913914941088,8.793893328117369
2021-01-25,166.4250030517578,168.1945037841797,162.15750122070312,164.6999969482422,164.6999969482422,74996000,0.0005376354551673845,160.29954986572267,158.87886993408202,59.42892798762271,0.9171543217676401,0.16636440031667699,0.7507899214509631,167.61143440807703,160.29954986572267,152.9876653233683,9.122776138147954
2021-01-26,164.8179931640625,166.89999389648438,164.14349365234375,166.30650329589844,166.30650329589844,59104000,0.009754137082109926,160.6831497192383,159.06760986328126,61.9044839828076,1.27338245793419,0.38776801184017956,0.8856144460940103,168.3991904143098,160.6831497192383,152.96710902416677,9.604044616443918
2021-01-27,167.07449340820312,167.3260040283203,160.35400390625,161.62899780273438,161.62899780273438,93204000,-0.02812581228312927,160.55469970703126,159.18990966796875,51.96269613306035,1.1648327536762508,0.5431809602073938,0.621651793468857,168.1164045645094,160.55469970703126,152.99299484955313,9.419474946888744
2021-01-28,161.7519989013672,165.08399963378906,161.4344940185547,161.88099670410156,161.88099670410156,62984000,0.0015591193708615059,160.34374923706054,159.2987194824219,52.406163960535835,1.0866147182136956,0.6518677118086542,0.4347470064050414,167.49938394595915,160.34374923706054,153.18811452816192,8.925367833727469
2021-01-29,161.5,161.84950256347656,159.2274932861328,160.30999755859375,160.30999755859375,85872000,-0.009704654514695155,160.14462432861328,159.37385955810547,49.347640135979056,0.8876278387285765,0.6990197371926388,0.18860810153593777,167.06750040987347,160.14462432861328,153.22174824735308,8.645780163128808
2021-02-01,162.1179962158203,167.51300048828125,161.75149536132812,167.1439971923828,167.1439971923828,83204000,0.042629902924745666,160.35949935913087,159.58107940673827,60.22303089374472,1.2667733844060365,0.8125704666353184,0.4542029177707181,167.8481407234894,160.35949935913087,152.87085799477234,9.339816343012455
2021-02-02,169.0,171.38699340820312,168.05650329589844,169.0,169.0,141972000,0.011104214562255077,160.84292449951172,159.85561950683595,62.57328722824107,1.6974457779585919,0.989545528899973,0.7079002490586188,169.2014675898222,160.84292449951172,152.48438140920126,10.393423417684545
2021-02-03,171.25050354003906,171.6999969482422,165.43099975585938,165.62649536132812,165.62649536132812,141776000,-0.019961565909300982,161.07797393798828,160.0511294555664,56.0865054035121,1.746411576341245,1.1409187383882275,0.6054928379530176,169.69304188409725,161.07797393798828,152.4629059918793,10.696767205956544
2021-02-04,166.5,167.35000610351562,163.8874969482422,166.5500030517578,166.5500030517578,73414000,0.005575845147329783,161.55952377319335,160.2827294921875,57.38879631818585,1.8385430965175544,1.280443610014093,0.5580994865034614,170.26705229636408,161.55952377319335,152.8519952500226,10.779344132500505
2021-02-05,165.9499969482422,168.85000610351562,165.135498046875,167.6074981689453,167.6074981689453,72416000,0.006349415177487883,162.0344985961914,160.5364895629883,58.89213713274355,1.9741324382374046,1.4191813756587555,0.5549510625786491,170.97047345058158,162.0344985961914,153.09852374180124,11.029718895430587
2021-02-08,167.9250030517578,168.25,165.1999969482422,166.14700317382812,166.14700317382812,65148000,-0.008713780773966562,162.385099029541,160.74136962890626,55.95593346507058,1.941359444951729,1.5236169895173501,0.41774245543437893,171.3884916084644,162.385099029541,153.38170645061763,11.088939358020147
2021-02-09,165.62449645996094,166.89999389648438,164.89199829101562,165.25,165.25,44070000,-0.00539885256244832,162.86207427978516,160.86129974365235,54.16959782406333,1.822003035263549,1.5832941986665898,0.23870883659695918,171.39920026477967,162.86207427978516,154.32494829479066,10.483872347503501
2021-02-10,165.6999969482422,165.8975067138672,162.6999969482422,164.32899475097656,164.32899475097656,63032000,-0.005573405440383872,163.27644882202148,160.95253967285157,52.322630150701464,1.6342561071212458,1.593486580357521,0.040769526763724695,171.23396288913725,163.27644882202148,155.3189347549057,9.747289489116472
2021-02-11,164.60000610351562,164.60000610351562,162.4029998779297,163.10650634765625,163.10650634765625,46028000,-0.007439273910078148,163.51704940795898,161.04662994384765,49.891022966208105,1.3710164918488772,1.5489925626557925,-0.17797607080691535,171.1415020527716,163.51704940795898,155.89259676314634,9.325575127998272
2021-02-12,162.5,164.0124969482422,161.66549682617188,163.885498046875,163.885498046875,46706000,0.004775969497859078,163.89264907836915,161.10425994873046,51.43969004507379,1.2112922964381312,1.4814525094122604,-0.2701602129741292,170.77662192760985,163.89264907836915,157.00867622912844,8.400587687064563
2021-02-16,162.70249938964844,165.4149932861328,162.67950439453125,163.44749450683594,163.44749450683594,51494000,-0.0026726192693009576,164.3043991088867,161.16967987060548,50.49472014950201,1.0374079031481074,1.39264358815943,-0.3552356850113225,169.93303513911192,164.3043991088867,158.6757630786615,6.851473315081524
2021-02-17,163.17999267578125,166.04550170898438,162.97500610351562,165.4320068359375,165.4320068359375,65950000,0.012141589169594624,164.77409973144532,161.29158996582032,54.56712300488442,1.0476600554201525,1.3236468816115745,-0.275986826191422,168.94383345028737,164.77409973144532,160.60436601260326,5.061151874764339
2021-02-18,164.12100219726562,166.89999389648438,163.69700622558594,166.4114990234375,166.4114990234375,60548000,0.005920814274298136,164.93622436523438,161.45723999023437,56.470457734497415,1.1218893514404726,1.2832953755773542,-0.16140602413688154,169.0958507946953,164.93622436523438,160.77659793577345,5.04392100094381
2021-02-19,166.4114990234375,166.6750030517578,162.28750610351562,162.4949951171875,162.4949951171875,86104000,-0.023535055745747435,164.79349899291992,161.54914001464843,47.84026018380132,0.854833481425743,1.197602996747032,-0.3427695153212891,169.08054578290674,164.79349899291992,160.5064522029331,5.202931931399798
2021-02-22,160.406494140625,161.61599731445312,158.61300659179688,159.03700256347656,159.03700256347656,70314000,-0.021280609604111933,164.51477432250977,161.55259002685546,41.77040550497645,0.3600087244922179,1.0300841422960691,-0.6700754178038513,169.48356146027749,164.51477432250977,159.54598718474205,6.040536065201123
2021-02-23,156.35150146484375,160.2364959716797,154.67999267578125,159.72500610351562,159.72500610351562,93544000,0.004326059526709614,164.26602478027343,161.64289001464843,43.311506078488826,0.02310632012301994,0.8286885778614593,-0.8055822577384394,169.65331117655083,164.26602478027343,158.87873838399602,6.5592217300973585
2021-02-24,158.33749389648438,158.56149291992188,156.2689971923828,157.97650146484375,157.97650146484375,60226000,-0.010946968676518232,163.8495246887207,161.70093017578125,40.38613911481505,-0.3805937265004502,0.5868321169890776,-0.9674258434895278,169.7999764029171,163.8495246887207,157.89907297452427,7.263312756629612
2021-02-25,156.83700561523438,158.91299438476562,152.38800048828125,152.85800170898438,152.85800170898438,90676000,-0.03240038681954516,163.4109748840332,161.64167022705078,33.29633709297363,-1.100859057211295,0.24929388214900303,-1.350152939360298,171.0146016128222,163.4109748840332,155.80734815524423,9.306139608046518
2021-02-26,154.75999450683594,156.1219940185547,151.8350067138672,154.64649963378906,154.64649963378906,85518000,0.011700387973209825,163.04925003051758,161.5776303100586,37.429672391746095,-1.5099519000093267,-0.10255527428266292,-1.4073966257266637,171.54553148703525,163.04925003051758,154.55296857399992,10.421736321911856
2021-03-01,156.39450073242188,157.47799682617188,154.89950561523438,157.3070068359375,157.3070068359375,54582000,0.017203798394717307,162.89910049438475,161.55865051269532,43.08003429846047,-1.6010246137109618,-0.4022491421683227,-1.198775471542639,171.68491802126945,162.89910049438475,154.11328296750006,10.786821413034815
2021-03-02,157.17349243164062,158.17599487304688,154.3560028076172,154.72650146484375,154.72650146484375,51916000,-0.016404262105025436,162.27822570800782,161.41222045898436,39.36671711175817,-1.8599848650036108,-0.6937962867353804,-1.1661885782682304,171.51960509630675,162.27822570800782,153.0368463197089,11.38954945801197
2021-03-03,154.0590057373047,155.38900756835938,149.75,150.25,150.25,79774000,-0.02893170479822993,161.34072570800782,161.18114044189454,33.90674142742341,-2.3987773740095406,-1.0347925041902126,-1.363984869819328,171.42966325407951,161.34072570800782,151.25178816193613,12.506374322786309
2021-03-04,150.60000610351562,152.906494140625,147.27149963378906,148.8784942626953,148.8784942626953,109632000,-0.009128157985388907,160.50332565307616,160.95706024169922,32.42299979137016,-2.9029796279272944,-1.408429928937629,-1.4945496989896654,171.74474832174138,160.50332565307616,149.26190298441094,14.007713077501299
2021-03-05,150.25,150.4499969482422,144.0500030517578,150.0229949951172,150.0229949951172,107772000,0.007687481916645478,159.67697525024414,160.75134002685547,34.97995219284783,-3.1736282911975593,-1.761469601389615,-1.4121586898079443,171.4367868256829,159.67697525024414,147.91716367480538,14.729501929766522
2021-03-08,150.75,153.22950744628906,147.5655059814453,147.59750366210938,147.59750366210938,83700000,-0.016167463748385735,158.67647552490234,160.49677001953125,32.19934815087255,-3.5429947486298943,-2.117774630837671,-1.4252201177922235,170.9603371939822,158.67647552490234,146.39261385582247,15.482902085447526
2021-03-09,150.89950561523438,154.54800415039062,150.25750732421875,153.1425018310547,153.1425018310547,80600000,0.03756837366056898,158.02625045776367,160.37434997558594,43.2965991366559,-3.3496723784558355,-2.3641541803613038,-0.9855181980945318,170.03313611773038,158.02625045776367,146.01936479779695,15.19606473631524
2021-03-10,154.92250061035156,155.822998046875,151.50250244140625,152.8820037841797,152.8820037841797,60250000,-0.0017010173123747085,157.40785064697266,160.25929992675782,42.9410156376558,-3.180816549398287,-2.5274866541687007,-0.6533298952295863,169.13353925044126,157.40785064697266,145.68216204350406,14.898480038033746
2021-03-11,155.20050048828125,156.58900451660156,154.14649963378906,155.67950439453125,155.67950439453125,55528000,0.018298429776605563,156.9753761291504,160.08893005371092,47.890449686820226,-2.789111032936006,-2.579811529922162,-0.20929950301384403,168.27850071500004,156.9753761291504,145.67225154330075,14.401143497245169
2021-03-12,153.75,154.94900512695312,152.27499389648438,154.47450256347656,154.47450256347656,48438000,-0.0077402727850476305,156.5437759399414,159.85641998291015,46.037984696035636,-2.5465600076102817,-2.5731612254597858,0.02660121784950409,167.53232601158325,156.5437759399414,145.55522586829957,14.038948537765739
2021-03-15,153.72850036621094,154.11199951171875,151.60450744628906,154.08399963378906,154.08399963378906,58272000,-0.0025279442445658162,156.0537010192871,159.65225006103515,45.4247664478868,-2.3586577570012537,-2.5302605317680795,0.17160277476682584,166.5521514840813,156.0537010192871,145.55525055449291,13.454920192500474
2021-03-16,155.24850463867188,156.44549560546875,153.79299926757812,154.59300231933594,154.59300231933594,50776000,0.0033034103914528767,155.6109764099121,159.48718017578125,46.426447983473125,-2.1439574004747612,-2.452999905509416,0.3090425050346548,165.5571582679849,155.6109764099121,145.6647945518393,12.783393675099713
2021-03-17,153.66099548339844,158.65249633789062,153.51100158691406,156.7864990234375,156.7864990234375,62372000,0.014188848597238346,155.1787010192871,159.43628021240235,50.6316268864057,-1.776332513404867,-2.3176664270885063,0.5413339136836393,164.0761685498654,155.1787010192871,146.2812334887088,11.467382407682912
2021-03-18,155.0500030517578,155.8314971923828,151.25,151.39950561523438,151.39950561523438,72992000,-0.03435878370750434,154.42810134887696,159.2457601928711,41.92746795796467,-1.89779587930758,-2.233692317532321,0.3358964382247409,161.81272336877817,154.42810134887696,147.04347932897576,9.563831913232162
2021-03-19,151.4615020751953,153.864501953125,150.8314971923828,153.7480010986328,153.7480010986328,92508000,0.015511909856343209,153.99075164794922,159.18234008789062,46.264514433455474,-1.783987812557882,-2.143751416537433,0.35976360397955087,160.38176843633576,153.99075164794922,147.5997348595627,8.30052028448768
2021-03-22,153.3925018310547,156.32899475097656,153.00250244140625,155.5435028076172,155.5435028076172,58044000,0.01167821172408301,153.81607666015626,159.13105010986328,49.377301292976014,-1.5312606972930496,-2.0212532726885564,0.4899925753955068,159.82543001607357,153.81607666015626,147.80672330423894,7.81368695184506
2021-03-23,156.35000610351562,159.10000610351562,156.04249572753906,156.875,156.875,76346000,0.008560288075996736,153.67357635498047,159.08585021972655,51.61567210985287,-1.2095885580516779,-1.858920329761181,0.6493317717095031,159.23409929575342,153.67357635498047,148.1130534142075,7.236797727578548
2021-03-24,157.552001953125,158.0155029296875,154.25750732421875,154.35350036621094,154.35350036621094,59180000,-0.016073304438495972,153.49242630004883,159.05871032714845,47.34619074399888,-1.144927011677055,-1.716121666144356,0.571194654467301,158.70563840366083,153.49242630004883,148.27921419643684,6.792793923813732
2021-03-25,153.64950561523438,155.48899841308594,151.85699462890625,152.31300354003906,152.31300354003906,71270000,-0.013219634289670767,153.46517639160157,158.9841403198242,44.16265036796125,-1.2439933302898396,-1.6216959989734527,0.37770266868361313,158.69703255401865,153.46517639160157,148.2333202291845,6.818297525774569
2021-03-26,152.2030029296875,152.83299255371094,149.8000030517578,152.60150146484375,152.60150146484375,66258000,0.0018941122432061253,153.3629264831543,158.87028045654296,44.7285219066668,-1.284418750240917,-1.5542405492269458,0.26982179898602876,158.57834407759745,153.3629264831543,148.14750888871114,6.801405938241567
2021-03-29,152.77200317382812,154.5625,151.42250061035156,153.7864990234375,153.7864990234375,54920000,0.007765307334585803,153.1869010925293,158.81854034423827,47.099942801168474,-1.2069241173205398,-1.4847772628456648,0.27785314552512497,158.08602037107138,153.1869010925293,148.2877818139872,6.396263967221165
2021-03-30,153.50050354003906,153.64999389648438,151.6999969482422,152.76449584960938,152.76449584960938,46752000,-0.006645597502498379,153.08880081176758,158.7695803833008,45.29494462021749,-1.2139821467929437,-1.4306182396351206,0.21663609284217689,157.9390055931767,153.08880081176758,148.23859603035848,6.336459304260591
2021-03-31,153.2030029296875,155.9665069580078,153.125,154.70399475097656,154.70399475097656,61878000,0.01269600564306872,153.3115005493164,158.742900390625,49.26830314646192,-1.0509595265064604,-1.3546864970093886,0.3037269705029282,158.02701939793312,153.3115005493164,148.5959817006997,6.151552664635029
2021-04-01,155.89700317382812,158.1219940185547,155.77749633789062,158.0500030517578,158.0500030517578,58806000,0.02162845443110406,153.77007598876952,158.64052032470704,55.30025048422119,-0.6443404635244576,-1.2126172903124024,0.5682768267879448,158.45572690648254,153.77007598876952,149.0844250710565,6.094359891004062
2021-04-05,158.64999389648438,161.79800415039062,158.06199645996094,161.3365020751953,161.3365020751953,66698000,0.02079404593469847,154.33575134277345,158.56026031494142,60.293986856659885,-0.056250501044672774,-0.9813439324588565,0.9250934314141838,159.75030650897364,154.33575134277345,148.92119617657326,7.01659222713042
2021-04-06,161.1875,162.36549377441406,160.8520050048828,161.1909942626953,161.1909942626953,50756000,-0.0009018902147276409,155.01542587280272,158.49185028076172,59.97452074501258,0.3935373135881264,-0.70636768324946,1.0999049968375862,160.28682535659973,155.01542587280272,149.7440263890057,6.801128925223788
2021-04-07,161.69000244140625,165.1804962158203,161.1824951171875,163.96949768066406,163.96949768066406,66924000,0.01723733655641202,155.5567756652832,158.47724029541016,63.907135888605495,0.9630974146502069,-0.37247466366952664,1.3355720783197336,162.03357469113973,155.5567756652832,149.07997663942666,8.327247717955899
2021-04-08,165.5449981689453,166.22500610351562,164.60000610351562,164.96499633789062,164.96499633789062,56242000,0.006071242952548017,156.16092529296876,158.45041015625,65.2254557058304,1.4777714902508308,-0.0024254328854551588,1.480196923136286,163.6949136691552,156.16092529296876,148.6269369167823,9.64900580865816
2021-04-09,165.23500061035156,168.61000061035156,164.44500732421875,168.61000061035156,168.61000061035156,86830000,0.02209562242522667,156.80745010375978,158.59003021240235,69.60336702651907,2.154935035715397,0.42904666083471527,1.7258883748806817,166.08314660396513,156.80745010375978,147.53175360355442,11.830683419783448
2021-04-12,167.760498046875,169.7519989013672,167.5574951171875,168.96949768066406,168.96949768066406,65636000,0.0021321218730274705,157.53219985961914,158.7318002319336,70.00445921698758,2.689596439785646,0.8811566166249014,1.8084398231607446,168.13559781201545,157.53219985961914,146.92880190722283,13.461880125898398
2021-04-13,170.04249572753906,171.60000610351562,169.781494140625,170.0,170.0,66316000,0.006098747605224553,158.3279998779297,158.92560028076173,71.17847512699885,3.160045343778762,1.3369343620556737,1.8231109817230884,170.101276761148,158.3279998779297,146.5547229947114,14.872008605294646
2021-04-14,170.20199584960938,170.2064971923828,166.3000030517578,166.64999389648438,166.64999389648438,62904000,-0.01970591825597423,158.93084945678712,158.91572021484376,62.60064567794138,3.2253818005438575,1.7146238497533104,1.510757950790547,171.1053068839762,158.93084945678712,146.75639202959803,15.320445928276857
2021-04-15,168.5500030517578,169.85000610351562,167.60000610351562,168.95449829101562,168.95449829101562,64672000,0.013828409714570444,159.53924942016602,158.91481018066406,65.66592920464203,3.4236499528375646,2.0564290703701613,1.3672208824674033,172.41992762509238,159.53924942016602,146.65857121523965,16.147347128359037
2021-04-16,169.0,170.33999633789062,167.7794952392578,169.9720001220703,169.9720001220703,63720000,0.006022342354579324,160.4678741455078,159.0017202758789,66.95379463694104,3.6211405321508323,2.369371362726296,1.2517691694245365,173.5438011526623,160.4678741455078,147.39194713835332,16.29725211576942
2021-04-19,169.51649475097656,171.79649353027344,168.00799560546875,168.60049438476562,168.60049438476562,54508000,-0.00806900981526193,161.21049880981445,159.04273010253905,63.49645700147928,3.6251951946522922,2.6205361291114952,1.004659065540797,174.36232245394302,161.21049880981445,148.05867516568588,16.316336394001517
2021-04-20,168.67999267578125,169.14950561523438,165.8000030517578,166.7344970703125,166.7344970703125,52460000,-0.011067567276491497,161.77004852294922,159.0252700805664,59.030245779778475,3.4382046721582924,2.784069837720855,0.6541348344374374,174.86195534583013,161.77004852294922,148.67814170006832,16.185822953528557
2021-04-21,165.8000030517578,168.14300537109375,165.1905059814453,168.1009979248047,168.1009979248047,44224000,0.008195669633476843,162.33134841918945,159.06434997558594,61.183473733415795,3.361528921592196,2.8995616544951233,0.4619672670970729,175.49803661411087,162.33134841918945,149.16466022426803,16.221990789999456
2021-04-22,168.58399963378906,168.64349365234375,165.07249450683594,165.45199584960938,165.45199584960938,51612000,-0.015758395892332966,162.8862731933594,159.06838989257812,55.13418035343888,3.051830901086447,2.9300155038133884,0.12181539727305868,175.5885717321297,162.8862731933594,150.18397465458906,15.596524237118064
2021-04-23,165.9550018310547,168.75,165.4250030517578,167.04400634765625,167.04400634765625,63856000,0.00962218974677076,163.62282333374023,159.1226901245117,57.83251919442179,2.901409290550532,2.924294261160817,-0.022884970610284938,175.46667855469633,163.62282333374023,151.77896811278413,14.477020967665716
2021-04-26,167.39999389648438,171.42250061035156,166.5469970703125,170.4499969482422,170.4499969482422,97614000,0.020389780364207244,164.51524810791017,159.26955993652345,62.96446127449159,3.022196061937507,2.9438746213161555,0.07832144062135127,175.56601149103022,164.51524810791017,153.4644847247901,13.434333303708785
2021-04-27,172.17349243164062,173.0,169.90049743652344,170.8715057373047,170.8715057373047,76542000,0.0024729175512423485,165.3694984436035,159.40928009033203,63.55559110228184,3.116013224266311,2.9783023419061867,0.1377108823601243,175.5802568695144,165.3694984436035,155.15874001769262,12.349022669852374
2021-04-28,171.74000549316406,174.49400329589844,171.25,172.9250030517578,172.9250030517578,92638000,0.012017786731569835,166.37752380371094,159.59883026123046,66.37165131934762,3.317818328391809,3.046205539203311,0.27161278918849785,175.31256935612302,166.37752380371094,157.44247825129887,10.740688222951889
2021-04-29,175.2550048828125,175.72250366210938,171.75,173.5655059814453,173.5655059814453,153648000,0.0037039347600635875,167.3205993652344,159.76150024414062,67.22239724688598,3.4892120957769635,3.1348068505180415,0.3544052452589219,175.0249250601402,167.3205993652344,159.61627367032858,9.209058208174932
2021-04-30,176.25599670410156,177.6999969482422,173.125,173.37100219726562,173.37100219726562,140186000,-0.001120636171800582,168.08664932250977,159.9006903076172,66.67080059015453,3.5682158897677994,3.221488658367993,0.34672723139980643,174.9526516491552,168.08664932250977,161.22064699586434,8.16959866154694
2021-05-03,174.2364959716797,174.33250427246094,168.63499450683594,169.32449340820312,169.32449340820312,117510000,-0.023340170719312603,168.48604888916014,160.0372802734375,56.31731292282113,3.266651598299603,3.230521246354315,0.03613035194528802,174.6258747757916,168.48604888916014,162.3462230025287,7.28823060082629
2021-05-04,167.8094940185547,168.3990020751953,163.60650634765625,165.593505859375,165.593505859375,108788000,-0.022034541333801894,168.70617446899413,160.16841033935546,48.793455293496194,2.6955278435584376,3.12352256579514,-0.42799472223670243,174.0478443829603,168.70617446899413,163.36450455502796,6.332512643095818
2021-05-05,166.9429931640625,167.73500061035156,163.21800231933594,163.52699279785156,163.52699279785156,74226000,-0.012479432999494278,168.6840492248535,160.24445007324218,45.192144270135884,2.052497901533627,2.909317632942838,-0.8568197314092107,174.10705969148336,168.6840492248535,163.26103875822366,6.429784548746572
2021-05-06,163.5,165.72000122070312,162.36000061035156,165.31849670410156,165.31849670410156,88954000,0.010955401769447537,168.70172424316405,160.39128997802734,48.72532810644562,1.6682212169525599,2.6610983497447824,-0.9928771327922226,174.07823898552925,168.70172424316405,163.32520950079885,6.373989082192874
2021-05-07,165.95449829101562,166.54449462890625,164.45350646972656,164.58050537109375,164.58050537109375,94206000,-0.0044640578502762596,168.50024948120117,160.62574005126953,47.37060499346101,1.2892675689416535,2.386732193584157,-1.0974646246425035,174.1694424404659,168.50024948120117,162.83105652193643,6.729002451592478
2021-05-10,164.11599731445312,164.14999389648438,159.5,159.52450561523438,159.52450561523438,116772000,-0.03072052637375966,168.0279998779297,160.72330017089843,39.30735607131026,0.5743464389051383,2.0242550426483534,-1.4499086037432152,174.9066935673714,168.0279998779297,161.14930618848797,8.187556472062997
2021-05-11,156.81399536132812,161.89999389648438,156.36849975585938,161.19549560546875,161.19549560546875,92396000,0.010474816917876772,167.58777465820313,160.80106994628906,42.77427681126981,0.14097613466265102,1.6475992610512131,-1.506623126388562,175.01071881313132,167.58777465820313,160.16483050327494,8.85857476187312
2021-05-12,159.25,160.39700317382812,156.65499877929688,157.5970001220703,157.5970001220703,98728000,-0.022323796765424953,167.13512496948243,160.8584799194336,37.770556394068116,-0.4872250383871801,1.2206344011635346,-1.7078594395507147,175.74138789710352,167.13512496948243,158.52886204186134,10.29856881274062
2021-05-13,159.27349853515625,160.19200134277344,156.64999389648438,158.07350158691406,158.07350158691406,67018000,0.0030235440044839024,166.59107513427733,161.01494995117187,38.79161169768949,-0.9358415096678812,0.7893392189972515,-1.7251807286651326,176.00618960492926,166.59107513427733,157.1759606636254,11.303263951040677
2021-05-14,159.2779998779297,161.4429931640625,159.14999389648438,161.14500427246094,161.14500427246094,66500000,0.019430851184491837,166.14972534179688,161.2602801513672,45.050386588534565,-1.031636633224025,0.42514404855299615,-1.4567806817770212,175.7158650412764,166.14972534179688,156.58358564231736,11.51508337410781
2021-05-17,162.29649353027344,164.6374969482422,161.72950744628906,163.51950073242188,163.51950073242188,74478000,0.0147351540352203,165.8956756591797,161.53021026611327,49.361272064338905,-0.9055147288540581,0.15901229307158526,-1.0645270219256435,175.45785251927614,165.8956756591797,156.33349879908323,11.527939859916827
2021-05-18,164.62899780273438,165.60000610351562,161.51849365234375,161.61399841308594,161.61399841308594,56568000,-0.011653058569779051,165.63965072631837,161.81054016113282,46.22711151138375,-0.9483878978689688,-0.06246774511652556,-0.8859201527524433,175.37098460070405,165.63965072631837,155.90831685193268,11.750005305751927
2021-05-19,159.75,161.7375030517578,159.1999969482422,161.58999633789062,161.58999633789062,53594000,-0.000148514828115065,165.31410064697266,161.97949005126952,46.18732995706823,-0.973084843718226,-0.24459116483686566,-0.7284936788813603,175.12955894931196,165.31410064697266,155.49864234463337,11.874919639553495
2021-05-20,162.22000122070312,162.98399353027344,161.8090057373047,162.38400268554688,162.38400268554688,52664000,0.004913709794237331,165.16070098876952,162.16953002929688,47.78804780563455,-0.9180054790438703,-0.37927402767826657,-0.5387314513656037,175.05829603300842,165.16070098876952,155.26310594453062,11.985411765613549
2021-05-21,162.5,162.83450317382812,159.85049438476562,160.1540069580078,160.1540069580078,82098000,-0.013732853548741542,164.81620101928712,162.25902008056642,43.843475177453286,-1.0422819268201522,-0.5118756075066437,-0.5304063193135085,174.90538810013857,164.81620101928712,154.72701393843568,12.24295550856774
2021-05-24,160.77499389648438,162.8975067138672,160.52499389648438,162.24949645996094,162.24949645996094,48456000,0.013084215261017773,164.40617599487305,162.4145199584961,48.172656333729066,-0.9606101016819935,-0.6016225063417138,-0.3589875953402797,174.2086694029294,164.40617599487305,154.60368258681672,11.924726487601077
2021-05-25,163.33349609375,163.99099731445312,160.68800354003906,162.95249938964844,162.95249938964844,65222000,0.004332851226203749,164.01022567749024,162.59188995361328,49.5770539403494,-0.8295950750410555,-0.6472170200815821,-0.18237805495947335,173.36566836068204,164.01022567749024,154.65478299429844,11.40836511204898
2021-05-26,163.72950744628906,164.7864990234375,162.92550659179688,163.25799560546875,163.25799560546875,47680000,0.0018747562447005706,163.5268753051758,162.76518981933594,50.208476262053146,-0.693123830968716,-0.6563983822590089,-0.036725448709707065,171.9416430594588,163.5268753051758,155.11210755089277,10.291602207379405
2021-05-27,162.8000030517578,163.01800537109375,161.5019989013672,161.5054931640625,161.5054931640625,51224000,-0.010734558114025683,162.92387466430665,162.85956970214843,46.60315081188543,-0.7181038335772598,-0.6687394725226592,-0.049364361054600625,169.9960916609875,162.92387466430665,155.8516576676258,8.681621415219425
2021-05-28,162.10000610351562,162.39950561523438,160.98500061035156,161.15350341796875,161.15350341796875,46596000,-0.0021794289420000723,162.3129997253418,163.05464965820312,45.890387686859476,-0.7575704953256093,-0.6865056770832492,-0.0710648182423601,167.54003795132698,162.3129997253418,157.0859614993566,6.440689574870927
2021-06-01,162.1750030517578,162.5489959716797,160.4530029296875,160.9324951171875,160.9324951171875,48600000,-0.0013714148069622345,161.893399810791,163.19833953857423,45.42065948477431,-0.7974886788622939,-0.7087022774390581,-0.0887864014232358,166.03666206708283,161.893399810791,157.7501375544992,5.118506697782809
2021-06-02,161.15499877929688,161.75,160.39999389648438,161.69949340820312,161.69949340820312,40290000,0.004765962837133042,161.6986991882324,163.32145935058594,47.43169337956523,-0.7584903700551422,-0.718659895962275,-0.03983047409286722,165.47816367135076,161.6986991882324,157.91923470511406,4.674699922871607
2021-06-03,160.2115020751953,160.7220001220703,159.20150756835938,159.35049438476562,159.35049438476562,47966000,-0.014526941142032901,161.48987426757813,163.37096923828125,42.292155720666514,-0.9066769120895231,-0.7562632991877246,-0.15041361290179844,165.3035604167543,161.48987426757813,157.67618811840197,4.723127275283075
2021-06-04,160.60000610351562,161.0500030517578,159.9405059814453,160.31100463867188,160.31100463867188,44994000,0.006027657821926935,161.23949966430663,163.49011932373048,44.92030946214412,-0.9358230781913051,-0.7921752549884408,-0.1436478232028643,164.6512043767145,161.23949966430663,157.82779495189877,4.231847307280019
2021-06-07,159.8665008544922,160.39999389648438,158.61000061035156,159.90049743652344,159.90049743652344,44316000,-0.0025606925929613222,161.00549926757813,163.64186920166014,43.99805065760911,-0.98074075632627,-0.8298883552560067,-0.15085240107026332,164.0952930905758,161.00549926757813,157.91570544458045,3.838122097758524
2021-06-08,161.1304931640625,163.97650146484375,160.90049743652344,163.20550537109375,163.20550537109375,68334000,0.020669153552085318,161.1895492553711,163.85394927978516,52.46058282251618,-0.7411087799554537,-0.8121324401958961,0.07102366024044249,164.34243130328423,161.1895492553711,158.03666720745798,3.9120179471660936
2021-06-09,163.64349365234375,164.87899780273438,163.53500366210938,164.0574951171875,164.0574951171875,49110000,0.005220349302289318,161.33264923095703,164.05936920166016,54.374619400890495,-0.47695225143004905,-0.7450964024427268,0.26814415101267774,164.72437009468507,161.33264923095703,157.940928367229,4.204630469896512
2021-06-10,164.10049438476562,167.5500030517578,164.0574951171875,167.4824981689453,167.4824981689453,69530000,0.02087684594544914,161.8269241333008,164.35372924804688,61.146878620969964,0.008662961673735481,-0.5943445296194344,0.6030074912931699,165.73840125072974,161.8269241333008,157.91544701587185,4.834148752907106
2021-06-11,167.4824981689453,168.32899475097656,166.67250061035156,167.3415069580078,167.3415069580078,56348000,-0.0008418265339896758,162.29032440185546,164.6064794921875,60.74714680308049,0.37778483589195844,-0.39991865651715586,0.7777034924091143,166.49807707856425,162.29032440185546,158.08257172514666,5.185463387564325
2021-06-14,167.3415069580078,169.25,166.77499389648438,169.19349670410156,169.19349670410156,51394000,0.011067127216432215,162.6927490234375,164.82934936523438,64.06980187297972,0.8104147189605442,-0.15785198142161583,0.96826670038216,167.82361700178856,162.6927490234375,157.56188104508644,6.307432887020564
2021-06-15,169.1999969482422,169.84950256347656,168.15550231933594,169.156494140625,169.156494140625,48524000,-0.0002186996793457352,162.97459869384767,164.98574920654298,63.95332088449191,1.1371824887345099,0.10115491260960932,1.0360275761249005,168.8250128479703,162.97459869384767,157.12418453972504,7.179541107645614
2021-06-16,169.60000610351562,171.3175048828125,168.02650451660156,170.7624969482422,170.7624969482422,84056000,0.0094941835711142,163.43202362060546,165.1771792602539,66.7765466577443,1.508351962655297,0.3825943226187469,1.12575764003655,170.1514298994101,163.43202362060546,156.71261734180084,8.222875945540755
2021-06-17,170.15899658203125,174.86000061035156,170.0500030517578,174.46200561523438,174.46200561523438,102730000,0.02166464377780497,164.07562408447265,165.3870294189453,72.18154732314571,2.0770825613828663,0.7214919703715708,1.3555905910112955,172.26995274334357,164.07562408447265,155.88129542560173,9.988477818804029
2021-06-18,173.99949645996094,175.35000610351562,173.6855010986328,174.34500122070312,174.34500122070312,104954000,-0.0006706583139327593,164.67367401123047,165.57462951660156,71.78378818989097,2.489665072373384,1.0751265907719336,1.4145384816014506,173.9600119370104,164.67367401123047,155.38733608545056,11.27847299398519
2021-06-21,173.8209991455078,174.10000610351562,171.6999969482422,172.697998046875,172.697998046875,65542000,-0.009446804682075038,165.30087356567384,165.65638946533204,66.24959698830042,2.653156358315613,1.3907325442806697,1.262423814034943,174.9680878561926,165.30087356567384,155.63365927515508,11.696507201673057
2021-06-22,172.9029998779297,176.18899536132812,172.80450439453125,175.27200317382812,175.27200317382812,66902000,0.01490466106187549,165.95199890136718,165.78243957519533,70.12593597046133,2.9563461638869057,1.703855268201917,1.2524908956849887,176.42967421662442,165.95199890136718,155.47432358610993,12.627356566502826
2021-06-23,175.25,176.0500030517578,174.16000366210938,175.1909942626953,175.1909942626953,56266000,-0.0004621896804161141,166.56392364501954,165.88625946044922,69.85401529459565,3.1537352304534068,1.993831260652215,1.1599039698011917,177.6795109006504,166.56392364501954,155.4483363893887,13.346932531825267
2021-06-24,175.3820037841797,176.2429962158203,171.54249572753906,172.45399475097656,172.45399475097656,76640000,-0.015622946391951387,167.02372360229492,166.00233947753907,61.21702574400399,3.054108638019926,2.2058867361257573,0.8482219018941688,178.31369134010575,167.02372360229492,155.7337558644841,13.518998971300267
2021-06-25,173.1999969482422,173.24099731445312,169.70899963378906,170.072998046875,170.072998046875,78820000,-0.013806561613952328,167.45209884643555,166.02470947265624,54.86207739142215,2.7513118995979085,2.3149717688201874,0.43634013077772105,178.52001606763963,167.45209884643555,156.38418162523146,13.219203936469118
2021-06-28,170.8000030517578,172.39999389648438,170.67550659179688,172.1945037841797,172.1945037841797,44856000,0.012474089136242261,168.0041488647461,166.06915954589843,58.95103074411614,2.6519609308802217,2.3823696012321944,0.26959132964802723,178.85971770147532,168.0041488647461,157.14858002801688,12.922977093224805
2021-06-29,171.9409942626953,172.80149841308594,171.15150451660156,172.40699768066406,172.40699768066406,41968000,0.0012340341405479016,168.57787399291993,166.1452896118164,59.34825586415585,2.560851155896387,2.418065912165033,0.1427852437313537,179.0851139193834,168.57787399291993,158.07063406645648,12.465740227456832
2021-06-30,172.05299377441406,173.5800018310547,171.75,172.00799560546875,172.00799560546875,48080000,-0.0023143032508132766,169.0932991027832,166.25075958251952,58.20921432201342,2.428456139230832,2.420143957578193,0.008312181652638806,179.2041923204218,169.0932991027832,158.98240588514457,11.958951976556708
2021-07-01,171.73049926757812,172.85000610351562,170.4709930419922,171.64849853515625,171.64849853515625,40742000,-0.0020900020900020966,169.70819931030275,166.32170959472657,57.1450345796091,2.268375307012292,2.389790227465013,-0.12141492045272129,178.82077922330294,169.70819931030275,160.59561939730256,10.73911567034932
2021-07-02,172.58200073242188,175.58599853515625,171.8459930419922,175.5489959716797,175.5489959716797,63388000,0.022723749230608936,170.47009887695313,166.52364959716797,64.68818281133073,2.428256213378404,2.3974834246476915,0.03077278873071254,178.82944552969886,170.47009887695313,162.1107522242074,9.807405178757572
2021-07-06,176.5054931640625,184.2740020751953,176.4499969482422,183.78700256347656,183.78700256347656,134896000,0.04692710742205475,171.66442413330077,166.85850952148436,74.78355234442162,3.183009515280048,2.554588642774163,0.6284208725058851,180.45633604290796,171.66442413330077,162.87251222369358,10.24313797572886
2021-07-07,185.86900329589844,186.7100067138672,183.94549560546875,184.82899475097656,184.82899475097656,106562000,0.005669564076709488,172.74559860229493,167.14608947753905,75.72874721811203,3.821188721011822,2.8079086584216952,1.0132800625901268,182.3878226549243,172.74559860229493,163.10337454966557,11.163496066638727
2021-07-08,182.1779937744141,187.9994964599609,181.05599975585935,186.57049560546875,186.57049560546875,103612000,0.009422227593882448,173.871248626709,167.46006927490234,77.26272734748004,4.4165635090971875,3.1296396285567942,1.2869238805403933,184.40847120988224,173.871248626709,163.33402604353574,12.120718826602578
2021-07-09,186.12600708007807,187.3999938964844,184.6699981689453,185.9669952392578,185.9669952392578,74964000,-0.003234704202571881,174.79547348022462,167.72090911865234,75.48235231200988,4.7845515502173726,3.4606220128889102,1.3239295373284623,186.1407140765537,174.79547348022462,163.45023288389552,12.981160633559115
2021-07-12,187.1999969482422,187.864501953125,184.8394927978516,185.9275054931641,185.9275054931641,51432000,-0.00021234814297510507,175.72477340698242,167.9681491088867,75.35998265632958,5.015186285877064,3.771534867486541,1.243651418390523,187.51172359512105,175.72477340698242,163.9378232188438,13.415240161772521
2021-07-13,185.10499572753903,188.6540069580078,183.5659942626953,183.8679962158203,183.8679962158203,76918000,-0.011076947823728478,176.45849838256837,168.17808898925782,69.07089709271315,4.974438557664172,4.012115605522068,0.9623229521421042,188.35428275550584,176.45849838256837,164.5627140096309,13.482812652238469
2021-07-14,185.4425048828125,185.88299560546875,183.04150390625,184.08399963378903,184.08399963378903,65932000,0.0011747744165069296,177.20487365722656,168.47327911376954,69.35971299149105,4.903055982775072,4.190303680972669,0.7127523018024036,189.04747397647827,177.20487365722656,165.36227333797484,13.365998434286025
2021-07-15,184.7100067138672,184.7700042724609,181.04600524902344,181.55999755859372,181.55999755859372,63706000,-0.013711143174944485,177.74474868774413,168.7926089477539,62.06641134404157,4.58990928724495,4.270224802227125,0.31968448501782465,189.34534778582497,177.74474868774413,166.1441495896633,13.053099102759283
2021-07-16,181.66549682617188,182.3029937744141,178.5229949951172,178.68150329589844,178.68150329589844,80874000,-0.01585423166667721,177.95572357177736,169.09569915771485,54.96762354956479,4.062636302130329,4.228707102207766,-0.1660708000774367,189.46294214321244,177.95572357177736,166.44850500034227,12.932675994311275
2021-07-19,176.62899780273438,177.510498046875,174.95799255371094,177.47950744628906,177.47950744628906,75692000,-0.006727030092302577,178.11244888305663,169.3389193725586,52.278722572773546,3.507347128614356,4.084435107489084,-0.5770879788747285,189.50348576028267,178.11244888305663,166.7214120058306,12.79083741609219
2021-07-20,178.36599731445312,179.60000610351562,175.89999389648438,178.6595001220703,178.6595001220703,65114000,0.0066486136498793424,178.4105239868164,169.6204992675781,54.62533982924891,3.126452210353733,3.8928385280620144,-0.7663863177082813,189.52793931181589,178.4105239868164,167.29310866181692,12.462734906625803
2021-07-21,178.81900024414062,179.32249450683594,177.1820068359375,179.25999450683594,179.25999450683594,46380000,0.003361110852517335,178.60992355346679,170.01520904541016,55.81605800222245,2.840303866793505,3.682331595808313,-0.8420277290148079,189.63771300620738,178.60992355346679,167.5821341007262,12.348462205616956
2021-07-22,179.3614959716797,182.00100708007807,179.11349487304688,181.9015045166016,181.9015045166016,65308000,0.01473563589596627,178.9454490661621,170.4293292236328,60.701457001282144,2.794464181116041,3.5047581128698586,-0.7102939317538177,189.9450361622132,178.9454490661621,167.945861970111,12.293788026969255
2021-07-23,182.0,183.3054962158203,181.1020050048828,182.83200073242188,182.83200073242188,48726000,0.005115384934792244,179.46434936523437,170.93402923583983,62.28348501639853,2.800931770167864,3.36399284432946,-0.5630610741615962,190.1651506038229,179.46434936523437,168.76354812664584,11.92526680250119
2021-07-26,183.6584930419922,185.60400390625,182.3625030517578,184.99099731445312,184.99099731445312,58002000,0.01180863619816197,180.2102493286133,171.47237915039062,65.73067556784865,2.9463071667645977,3.280455708816488,-0.3341485420518904,190.24772668700635,180.2102493286133,170.17277197022023,11.139740825828088
2021-07-27,184.9250030517578,184.9250030517578,179.3074951171875,181.3195037841797,181.3195037841797,82638000,-0.019846876786293155,180.66649932861327,171.875869140625,56.30604654023967,2.7337464446831063,3.171113855989812,-0.43736741130670564,190.01069267170453,180.66649932861327,171.322305985522,10.344135053057249
2021-07-28,181.68899536132807,182.92100524902344,180.0500030517578,181.51600646972656,181.51600646972656,59988000,0.0010837371680696428,181.1219497680664,172.2357992553711,56.664187111725454,2.5517318886835483,3.0472374625285594,-0.49550557384501115,189.66505621735897,181.1219497680664,172.57884331877383,9.433540727926506
2021-07-29,181.3874969482422,181.8975067138672,179.00050354003906,179.99600219726562,179.99600219726562,110400000,-0.008373940689987869,181.52135009765624,172.6034393310547,53.042451289741805,2.2587944240581805,2.889548854834484,-0.6307544307763036,189.0038165895084,181.52135009765624,174.03888360580407,8.24417236631029
2021-07-30,167.3975067138672,168.40699768066406,165.3489990234375,166.37950134277344,166.37950134277344,199312000,-0.07564890713277761,181.2579002380371,172.69922943115233,32.81082919826102,0.9173271750724155,2.4951045188820706,-1.5777773438096552,190.3171584105187,181.2579002380371,172.19864206555553,9.995987110723998
2021-08-02,167.65499877929688,167.9459991455078,165.85000610351562,166.57400512695312,166.57400512695312,67078000,0.0011690369463182027,180.80915069580078,172.78302947998046,33.20276310532272,-0.128617828387263,1.970360049428204,-2.098977877815467,191.66593159859244,180.80915069580078,169.95236979300913,12.009105580123496
2021-08-03,167.03599548339844,169.5500030517578,164.98849487304688,168.31199645996094,168.31199645996094,83146000,0.01043374884144277,180.035400390625,172.94618927001954,36.75300299948824,-0.8079814959474731,1.4146917403530688,-2.222673236300542,192.07438647259607,180.035400390625,167.99641430865393,13.374020949046622
2021-08-04,168.96749877929688,169.44400024414062,167.2779998779297,167.73599243164062,167.73599243164062,43678000,-0.0034222398904129037,179.1807502746582,173.05591918945314,36.06878682786216,-1.3769877506148305,0.8563558421594888,-2.233343592774319,192.1296829120995,179.1807502746582,166.23181763721692,14.453486345595099
2021-08-05,167.81100463867188,169.4499969482422,167.04600524902344,168.79949951171875,168.79949951171875,48670000,0.006340362999381677,178.2922004699707,173.17285919189453,38.350847382353926,-1.7222600320646109,0.3406326673146689,-2.0628926993792795,191.5265942867313,178.2922004699707,165.05780665321012,14.845735014627992
2021-08-06,168.75,168.75,166.45199584960938,167.2469940185547,167.2469940185547,52752000,-0.009197334693852421,177.35620040893554,173.25263916015626,36.31307936959837,-2.0969922003809245,-0.14689230622444982,-1.9500998941564747,190.93057396357239,177.35620040893554,163.78182685429869,15.307469965344328
2021-08-09,167.1804962158203,167.74400329589844,166.42599487304688,167.093505859375,167.093505859375,42964000,-0.0009177334401756498,176.41450042724608,173.3643994140625,36.10880246085532,-2.37893250221137,-0.593300345421834,-1.7856321567895361,190.0924954445321,176.41450042724608,162.73650540996007,15.506656180937755
2021-08-10,167.25050354003906,167.89999389648438,165.75,166.03399658203125,166.03399658203125,48252000,-0.006340816609805455,175.52280044555664,173.46200927734375,34.65939098590799,-2.657234817767403,-1.006087239890948,-1.651147577876455,189.4636427581849,175.52280044555664,161.58195813292838,15.884936062141294
2021-08-11,166.57249450683594,166.88499450683594,163.88949584960938,164.60549926757812,164.60549926757812,58944000,-0.008603643493863333,174.5488754272461,173.53546936035156,32.750604804979574,-2.9589502659483458,-1.3966598451024277,-1.562290420845918,188.6815196000264,174.5488754272461,160.41623125446577,16.19333741129826
2021-08-12,164.5,165.72549438476562,163.48350524902344,165.1750030517578,165.1750030517578,46282000,0.003459810192938395,173.7296257019043,173.60497955322265,34.30398320840604,-3.116186280845625,-1.7405651322510673,-1.3756211485945575,188.04010021600706,173.7296257019043,159.41915118780153,16.474420475247594
2021-08-13,165.2834930419922,165.30349731445312,164.14999389648438,164.69850158691406,164.69850158691406,41134000,-0.0028848279463596915,173.03047561645508,173.71193969726562,33.60456100408901,-3.241876309304274,-2.040827367661709,-1.2010489416425654,187.66749920958156,173.03047561645508,158.3934520233286,16.91843421337104
2021-08-16,164.14999389648438,165.0,160.55650329589844,164.94949340820312,164.94949340820312,66394000,0.0015239472057770875,172.4039749145508,173.80470947265624,34.36369597037418,-3.2833848038707174,-2.2893388549035105,-0.9940459489672069,187.29605754235126,172.4039749145508,157.5118922867503,17.275799627220305
2021-08-17,163.875,164.02450561523438,161.28399658203125,162.09800720214844,162.09800720214844,67758000,-0.01728702615047184,171.57590026855468,173.84865966796875,30.146583035367627,-3.5059571986280105,-2.5326625236484106,-0.9732946749795999,186.822131589419,171.57590026855468,156.32966894769035,17.771996296683348
2021-08-18,162.09950256347656,162.7050018310547,160.0,160.06100463867188,160.06100463867188,56086000,-0.012566487390164305,170.61595077514647,173.7857696533203,27.545955321954608,-3.802879282790684,-2.7867058754768657,-1.0161734073138184,186.21951000983992,170.61595077514647,155.01239154045302,18.29085635171036
2021-08-19,159.7010040283203,161.64999389648438,159.1230010986328,159.3874969482422,159.3874969482422,75658000,-0.0042078187123096855,169.49025039672853,173.69236968994142,26.7250477733174,-4.045899998875029,-3.0385447001564985,-1.0073552987185308,184.92220250399726,169.49025039672853,154.0582982894598,18.209840473002917
2021-08-20,160.19349670410156,160.3905029296875,158.78799438476562,159.99749755859375,159.99749755859375,67168000,0.003827154714335368,168.3485252380371,173.54266967773438,28.79480998697977,-4.141532704965783,-3.259142301118356,-0.8823904038474275,183.02343618748642,168.3485252380371,153.67361428858777,17.43396436493836
2021-08-23,160.59500122070312,164.0449981689453,160.50050354003906,163.2935028076172,163.2935028076172,65362000,0.02060035500127988,167.2636505126953,173.46170959472656,38.846290289587266,-3.9063324667391157,-3.388580334242508,-0.5177521324966077,179.92704159435579,167.2636505126953,154.60025943103483,15.141832720791093
2021-08-24,164.0,165.77450561523438,163.72900390625,165.28900146484375,165.28900146484375,51036000,0.012220318769066596,166.4621253967285,173.3836196899414,44.00037686309225,-3.5183570884438495,-3.414535685082776,-0.10382140336107337,177.37350244893932,166.4621253967285,155.5507483445177,13.109741361532864
2021-08-25,165.49349975585938,166.0500030517578,164.3074951171875,164.95899963378906,164.95899963378906,33606000,-0.0019965141547840792,165.63427505493163,173.2996697998047,43.34970114113718,-3.2006174698813368,-3.3717520420424885,0.1711345721611517,174.08677851613817,165.63427505493163,157.1817715937251,10.206225080410814
2021-08-26,164.9499969482422,166.60000610351562,164.8000030517578,165.8000030517578,165.8000030517578,41976000,0.005098257262930783,164.92447509765626,173.200419921875,45.5592245330912,-2.8481133083789416,-3.267024295309779,0.4189109869308374,170.2332605233381,164.92447509765626,159.61568967197442,6.437838195378045
2021-08-27,166.6614990234375,167.61599731445312,165.6875,167.48150634765625,167.48150634765625,48048000,0.01014175672465778,164.97957534790038,173.06080993652344,49.777002137736304,-2.4053406874905647,-3.0946875737459365,0.6893468862553718,170.36987404403249,164.97957534790038,159.58927665176827,6.5345042678953735
2021-08-30,167.8715057373047,172.25,167.76100158691406,171.07850646972656,171.07850646972656,63844000,0.021476998866989616,165.20480041503907,172.9954800415039,57.38320006678913,-1.7440875908744715,-2.824567577171644,1.0804799862971723,171.1867203084966,165.20480041503907,159.22288052158154,7.241823334950717
2021-08-31,171.24000549316406,173.62899780273438,169.7794952392578,173.5395050048828,173.5395050048828,87128000,0.01438520002272603,165.46617584228517,173.01231018066406,61.66136232832269,-1.0098171894007066,-2.4616174996174562,1.4518003102167496,172.35621385550013,165.46617584228517,158.5761378290702,8.328031971660762
2021-09-01,174.82000732421875,176.35000610351562,173.76199340820312,173.9499969482422,173.9499969482422,72598000,0.0023654092095504176,165.77687606811523,172.98587005615235,62.34045562562084,-0.39028042707320765,-2.0473500851086066,1.657069658035399,173.55190764000852,165.77687606811523,158.00184449622193,9.380115920025723
2021-09-02,174.73800659179688,175.59800720214844,172.75,173.156005859375,173.156005859375,58474000,-0.004564478889317991,165.99470138549805,172.94517028808593,60.12214229785905,0.036220942898523845,-1.6306358795071807,1.6668568224057045,174.32082805203711,165.99470138549805,157.66857471895898,10.031798120113335
2021-09-03,172.60000610351562,174.1334991455078,171.82200622558594,173.90249633789062,173.90249633789062,51514000,0.004311086264728647,166.32747650146484,172.97414031982422,61.50891843124168,0.4295107616138125,-1.218606551282982,1.6481173128967945,175.33161027379862,166.32747650146484,157.32334272913107,10.826994988112471
2021-09-07,173.89999389648438,176.4044952392578,173.8470001220703,175.46449279785156,175.46449279785156,54758000,0.008982024369138308,166.74602584838868,173.08197021484375,64.30603035984596,0.8573528071384828,-0.8034146795986891,1.6607674867371718,176.59251476228542,166.74602584838868,156.89953693449195,11.810163227337732
2021-09-08,175.58250427246094,177.281494140625,174.7834930419922,176.27499389648438,176.27499389648438,61068000,0.004619174430729789,167.25807571411133,173.16358001708986,65.69891711166625,1.2474416448947352,-0.39324341470000423,1.6406850595947393,177.93344048299116,167.25807571411133,156.5827109452315,12.765141202660823
2021-09-09,176.30099487304688,177.49949645996094,174.01849365234375,174.20799255371094,174.20799255371094,54384000,-0.011726004336084506,167.73820037841796,173.1995999145508,59.339243899471874,1.3739619474751805,-0.039802342264967316,1.413764289740148,178.75157273342657,167.73820037841796,156.72482802340934,13.13162097859928
2021-09-10,175.0915069580078,175.42250061035156,173.14549255371094,173.45750427246094,173.45750427246094,47946000,-0.004308001431212238,168.15232543945314,173.22859008789064,57.17517093033863,1.3975618436139996,0.2476704949108261,1.1498913487031734,179.37001074725,168.15232543945314,156.93464013165627,13.342289829748491
2021-09-13,174.13999938964844,174.8979949951172,171.89999389648438,172.85850524902344,172.85850524902344,51380000,-0.0034532897607970625,168.5603256225586,173.25279022216796,55.43737245177396,1.3523417621537703,0.46860474835941496,0.8837370137943554,179.83926408795654,168.5603256225586,157.28138715716065,13.382672848715085
2021-09-14,173.77749633789062,174.3404998779297,171.885498046875,172.5,172.5,38738000,-0.002073980962099431,168.93785095214844,173.19181030273438,54.37219276269618,1.2729029119462894,0.6294643810767899,0.6434385308694994,180.2135299291464,168.93785095214844,157.66217197515047,13.348907794727182
2021-09-15,172.12600708007812,174.27099609375,170.10049438476562,173.7895050048828,173.7895050048828,59150000,0.007475391332653958,169.52242584228514,172.9918603515625,57.53290521160656,1.2990249765670114,0.7633765001748343,0.5356484763921772,180.52810810592516,169.52242584228514,158.51674357864513,12.984337864394563
2021-09-16,172.9980010986328,174.62750244140625,172.3070068359375,174.41200256347656,174.41200256347656,51672000,0.0035819053548502566,170.2399757385254,172.7835205078125,59.00909500879516,1.3543452030771448,0.8815702407552966,0.47277496232184824,180.5328579654757,170.2399757385254,159.9470935115751,12.092203587668877
2021-09-17,174.42050170898438,174.87049865722656,172.60650634765625,173.12600708007812,173.12600708007812,92332000,-0.007373319866162298,170.9269012451172,172.51463073730469,54.773208607956704,1.2796665932276596,0.9611895112497693,0.3184770819778904,179.99147702855126,170.9269012451172,161.86232546168313,10.606377015441284
2021-09-20,169.8000030517578,170.9499969482422,165.25050354003906,167.7864990234375,167.7864990234375,93382000,-0.03084174438431353,171.31635131835938,172.1510208129883,41.46421342466844,0.7806309531494264,0.9250777996297007,-0.14444684648027428,179.03916822215902,171.31635131835938,163.59353441455974,9.015854989169398
2021-09-21,168.75,168.98500061035156,166.6195068359375,167.18150329589844,167.18150329589844,55618000,-0.0036057473697842513,171.51075134277343,171.77610076904296,40.2702336247225,0.3324907673796247,0.8065603931796855,-0.47406962580006085,178.5844285647105,171.51075134277343,164.43707412083637,8.248669155206413
2021-09-22,167.5500030517578,169.4499969482422,167.05250549316406,169.00250244140625,169.00250244140625,48228000,0.01089234819407503,171.69642639160156,171.47879089355467,45.36942635121642,0.12285960475281854,0.6698202354943121,-0.5469606307414936,178.28545035169307,171.69642639160156,165.10740243151005,7.675202214242251
2021-09-23,169.00250244140625,171.447998046875,169.00250244140625,170.8000030517578,170.8000030517578,47588000,0.01063594079605279,171.9884765625,171.21311096191405,49.91474646762307,0.10060891799631122,0.5559779719947119,-0.45536905399840066,177.83280668962652,171.9884765625,166.1441464353735,6.796188028333051
2021-09-24,170.10049438476562,171.46299743652344,169.6699981689453,171.2760009765625,171.2760009765625,42324000,0.0027868730462519142,172.26227645874025,171.00743103027344,51.07559344990371,0.1200008478097061,0.4687825471577108,-0.3487816993480047,177.39047424310795,172.26227645874025,167.13407867437255,5.953941733256951
2021-09-27,168.5749969482422,170.77850341796875,166.98049926757812,170.2899932861328,170.2899932861328,72690000,-0.005756835077931344,172.40270080566407,170.83960083007813,48.564604053249525,0.055170540047384975,0.3860601457356457,-0.3308896056882607,177.13834903355655,172.40270080566407,167.66705257777159,5.493705383688397
2021-09-28,167.885498046875,168.45950317382812,164.5050048828125,165.79800415039062,165.79800415039062,88616000,-0.0263784679831095,172.13867568969727,170.60597076416016,39.12718675361213,-0.35458647589456405,0.23793082140960375,-0.5925172973041678,177.6632781681265,172.13867568969727,166.61407321126802,6.418781202183839
2021-09-29,166.10549926757812,167.56500244140625,164.89349365234375,165.05599975585938,165.05599975585938,51246000,-0.004475351789266391,171.7145004272461,170.33390075683593,37.81979732981662,-0.7307715372259622,0.044190349682490554,-0.7749618869084528,177.9947813966185,171.7145004272461,165.4342194578737,7.314793979246148
2021-09-30,165.8000030517578,166.3925018310547,163.69949340820312,164.2519989013672,164.2519989013672,56848000,-0.0048710792439015105,171.22960052490234,170.03374084472657,36.40051565170499,-1.081312362419709,-0.18091019273794937,-0.9004021696817596,178.20381834905731,171.22960052490234,164.25538270074736,8.146042276306893
2021-10-01,164.45050048828125,165.45849609375,162.7969970703125,164.16299438476562,164.16299438476562,56712000,-0.0005418778291703674,170.7799499511719,169.67897064208984,36.23838748105103,-1.3507300374722888,-0.4148741616848173,-0.9358558757874715,178.33482577214758,170.7799499511719,163.2250741301962,8.847497406031245
2021-10-04,163.96949768066406,163.99949645996094,158.8125,159.48899841308594,159.48899841308594,90462000,-0.028471678341373097,170.05927505493165,169.21211059570314,28.946928912177142,-1.9192737061235619,-0.7157540705725662,-1.2035196355509956,178.92187724535623,170.05927505493165,161.19667286450706,10.422956569186633
2021-10-05,160.22500610351562,163.0364990234375,160.1230010986328,161.0500030517578,161.0500030517578,65384000,0.00978753803838428,169.33855056762695,168.7332907104492,33.74189049079067,-2.218317250772543,-1.0162667066125617,-1.2020505441599814,178.65831789707653,169.33855056762695,160.01878323817738,11.007260069499223
2021-10-06,160.67649841308594,163.2169952392578,159.93099975585938,163.10049438476562,163.10049438476562,50660000,0.012732016728672857,168.67982559204103,168.36891052246094,39.51595380549403,-2.2637586993513423,-1.2657651051603178,-0.9979935941910245,177.80573423055202,168.67982559204103,159.55391695353003,10.820391361540024
2021-10-07,164.57699584960938,166.28750610351562,164.1529998779297,165.1215057373047,165.1215057373047,48182000,0.012391203105561077,168.2255012512207,168.0410205078125,44.636988365410424,-2.1123428751082827,-1.4350806591499108,-0.6772622159583719,177.10676062691198,168.2255012512207,159.3442418755294,10.558755134785894
2021-10-08,165.85000610351562,166.07150268554688,164.41000366210938,164.43099975585938,164.43099975585938,39964000,-0.004181805261295635,167.77417602539063,167.7297204589844,43.28842297404055,-2.024723058336747,-1.553009138987278,-0.4717139193494688,176.46134285107257,167.77417602539063,159.0870091997087,10.355785415232488
2021-10-11,163.75,164.62950134277344,161.90499877929688,162.31500244140625,162.31500244140625,40684000,-0.01286860335091844,167.24700088500975,167.64843048095702,39.36372973905932,-2.1017987932631286,-1.6627670698424482,-0.4390317234206804,175.9156598041185,167.24700088500975,158.57834196590102,10.366295207970696
2021-10-12,162.85000610351562,163.37649536132812,161.81399536132812,162.3665008544922,162.3665008544922,36392000,0.0003172745113595443,166.74032592773438,167.5642803955078,39.50747683166031,-2.134125506554568,-1.7570387571848722,-0.3770867493696959,175.30559449186487,166.74032592773438,158.17505736360388,10.273781721936537
2021-10-13,163.48550415039062,164.41900634765625,163.05450439453125,164.21400451660156,164.21400451660156,48402000,0.011378601203982708,166.2615509033203,167.48232055664062,44.58305279572472,-1.9877529754715795,-1.8031816008422137,-0.1845713746293658,174.2481145148994,166.2615509033203,158.2749872917412,9.607228572315218
2021-10-14,165.12249755859375,165.6300048828125,164.53900146484375,164.9929962158203,164.9929962158203,42190000,0.004743759227551214,165.7906005859375,167.42746063232423,46.61690588796272,-1.7882793984692,-1.8002011603676111,0.011921761898411098,172.85699254097045,165.7906005859375,158.72420863090457,8.524478384249628
2021-10-15,165.5709991455078,170.52099609375,165.1999969482422,170.4510040283203,170.4510040283203,103598000,0.03308023939004423,165.6568504333496,167.46049072265626,58.194042611698144,-1.176220794424978,-1.6754050871790847,0.4991842927541066,172.24810017912495,165.6568504333496,159.06560068757426,7.9577146716637195
2021-10-18,169.41799926757812,172.45849609375,169.2550048828125,172.33700561523438,172.33700561523438,63482000,0.011064772529006062,165.88437576293944,167.56229095458986,61.315962803013676,-0.5328332054692453,-1.446890710837117,0.9140575053678717,173.04365758000208,165.88437576293944,158.7250939458768,8.631652962053229
2021-10-19,171.71449279785156,172.7344970703125,171.10000610351562,172.20750427246094,172.20750427246094,47722000,-0.0007514424560826072,166.13567581176758,167.66457092285157,60.979232286490884,-0.03301302829817132,-1.1641151743293279,1.1311021460311566,173.79482668769322,166.13567581176758,158.47652493584195,9.220356601316002
2021-10-20,172.63299560546875,173.14300537109375,170.01849365234375,170.7530059814453,170.7530059814453,42796000,-0.008446195751808605,166.22320098876952,167.75895111083983,57.18097722904333,0.2429318397554141,-0.8827057715123795,1.1256376112677935,174.0495767852693,166.22320098876952,158.39682519226974,9.416706873583244
2021-10-21,170.71249389648438,172.01400756835938,170.14999389648438,171.75050354003906,171.75050354003906,37628000,0.005841756945129006,166.2707260131836,167.90185119628907,59.06414638694554,0.5359319622520786,-0.5989782247594879,1.1349101870115665,174.2182989049635,166.2707260131836,158.32315312140372,9.55979814648758
2021-10-22,171.0500030517578,171.49200439453125,166.56500244140625,166.77749633789062,166.77749633789062,62782000,-0.028954833317208384,166.04580078125,167.93390106201173,47.7816405189128,0.3626758487974371,-0.40664741004810295,0.7693232588455401,173.66172864139338,166.04580078125,158.4298729211066,9.173285713110769
2021-10-25,166.75,167.38999938964844,164.88499450683594,166.01849365234375,166.01849365234375,44520000,-0.004550989805058192,165.83222579956055,167.9603009033203,46.32710053545056,0.16225359868192868,-0.2928672083020966,0.4551208069840253,173.19547339908146,165.83222579956055,158.46897820003963,8.880357920807008
2021-10-26,167.47549438476562,170.80599975585938,167.19900512695312,168.80349731445312,168.80349731445312,53966000,0.01677526160393561,165.98250045776368,168.03738098144532,52.09019990036312,0.2255441096864672,-0.18918494470438385,0.41472905439085106,173.45863194263248,165.98250045776368,158.50636897289488,9.008336980404987
2021-10-27,169.39999389648438,171.85000610351562,168.57249450683594,169.62449645996094,169.62449645996094,54044000,0.004863638245470758,166.21092529296874,168.18791076660156,53.66951755809387,0.3380531984662696,-0.08373731607025318,0.4217905145365228,173.83752195357505,166.21092529296874,158.58432863236243,9.177010051732069
2021-10-28,170.10499572753906,173.9499969482422,169.3000030517578,172.32850646972656,172.32850646972656,114174000,0.01594115275917063,166.61475067138673,168.43326080322265,58.5194922193156,0.6380533890475135,0.060620824953300165,0.5774325640942134,174.62912265226305,166.61475067138673,158.6003786905104,9.62024304400637
2021-10-29,165.00100708007812,168.74099731445312,163.66600036621094,168.6215057373047,168.6215057373047,129722000,-0.021511245053778105,166.83767623901366,168.61794097900392,50.68593266278824,0.5701098515712886,0.16251863027689784,0.40759122129439074,174.81480394353042,166.83767623901366,158.8605485344969,9.562741323594835
2021-11-01,168.08999633789062,168.79299926757812,164.6009979248047,165.90550231933594,165.90550231933594,72178000,-0.01610709978002456,167.15850143432618,168.73610107421874,45.843851938497416,0.2937195156300447,0.1887588073475272,0.10496070828251752,174.4108133192239,167.15850143432618,159.90618954942846,8.67716786483281
2021-11-02,165.75050354003906,166.55599975585938,164.17750549316406,165.6374969482422,165.6374969482422,52552000,-0.0016154097805501921,167.38787612915038,168.78298095703124,45.38313209559943,0.05244780384376213,0.1614966066467742,-0.10904880280301207,174.12475352930363,167.38787612915038,160.65099872899714,8.049420968762778
2021-11-03,165.4499969482422,169.74600219726562,164.87600708007812,169.1999969482422,169.1999969482422,67944000,0.021507811127532195,167.6928512573242,168.86120086669922,52.25230275523163,0.14700759883919545,0.15859880508525845,-0.011591206246062996,174.17312175458414,167.6928512573242,161.21258076006427,7.728737926121824
2021-11-04,168.5,174.93150329589844,168.25,173.85000610351562,173.85000610351562,107060000,0.02748232410840923,168.12927627563477,169.03902099609374,59.42552157412292,0.5903585093122388,0.24495074593065452,0.34540776338158424,175.02070472948662,168.12927627563477,161.2378478217829,8.197773292682117
2021-11-05,173.85000610351562,178.3125,173.8489990234375,175.94949340820312,175.94949340820312,99940000,0.01207642928374364,168.70520095825196,169.24201080322266,62.18762378953805,1.0984659476999354,0.4156537862845107,0.6828121614154248,176.16581343519562,168.70520095825196,161.2445884813083,8.84455539552674
2021-11-08,176.16200256347656,178.9499969482422,174.39300537109375,174.44900512695312,174.44900512695312,61480000,-0.008527948857282919,169.3119010925293,169.38136077880858,59.09151668524747,1.3643406197535626,0.6053911529783211,0.7589494667752414,176.56584678905455,169.3119010925293,162.05795539600405,8.568736928375701
2021-11-09,175.7624969482422,179.68850708007812,175.07150268554688,178.81149291992188,178.81149291992188,85898000,0.025007238016599764,170.13415069580077,169.5360205078125,64.6084517834662,1.905103669721825,0.865333656327022,1.0397700133948031,177.77064744574605,170.13415069580077,162.4976539458555,8.977029854046538
2021-11-10,178.19349670410156,180.2725067138672,173.1544952392578,174.1024932861328,174.1024932861328,80548000,-0.026334994227121156,170.62857513427736,169.5472802734375,55.852450017302495,1.931421146406393,1.0785511543428963,0.8528699920634968,177.94145301762154,170.62857513427736,163.31569725093317,8.571691907512285
2021-11-11,175.64999389648438,177.16200256347656,173.37350463867188,173.625,173.625,45288000,-0.0027425987825921982,171.06017532348633,169.54078033447266,55.0379297555262,1.8919391221639899,1.2412287479071151,0.6507103742568747,178.00112846331928,171.06017532348633,164.1192221836534,8.115218082417057
2021-11-12,174.25,177.0364990234375,172.3524932861328,176.25750732421875,176.25750732421875,53788000,0.015162029225161966,171.35050048828126,169.60281036376952,58.62078235059668,2.0494459367588718,1.4028721856774666,0.6465737510814051,178.64213334628369,171.35050048828126,164.05886763027883,8.510780928242585
2021-11-15,176.85000610351562,179.69400024414062,176.29049682617188,177.28399658203125,177.28399658203125,58594000,0.0058238044631160335,171.59785003662108,169.67044036865235,59.96058212370564,2.2313783854349936,1.568573425628972,0.6628049598060215,179.32894434761312,171.59785003662108,163.86675572562905,9.010712324591625
2021-11-16,176.9499969482422,178.8249969482422,176.25750732421875,177.03500366210938,177.03500366210938,44342000,-0.001404486161877938,171.8392250061035,169.7018505859375,59.457680703840595,2.328626556621259,1.7205840518274296,0.6080425047938296,179.9247035939089,171.8392250061035,163.7537464182981,9.410515657898493
2021-11-17,178.23599243164062,179.3625030517578,177.2675018310547,177.4499969482422,177.4499969482422,51206000,0.0023441312596286235,172.17407455444337,169.72535064697266,60.0589584942828,2.4113859664829533,1.8587444347585342,0.5526415317244191,180.59943182385328,172.17407455444337,163.74871728503345,9.787021990637415
2021-11-18,178.3175048828125,185.2100067138672,178.0500030517578,184.8029937744141,184.8029937744141,114070000,0.04143700734081501,172.82669906616212,169.93725067138672,68.86883684543423,3.0353096273913422,2.094057473285096,0.9412521541062464,182.88378650518118,172.82669906616212,162.76961162714306,11.638349275153335
2021-11-19,185.63450622558597,188.1074981689453,183.78599548339844,183.82850646972656,183.82850646972656,98734000,-0.005273114275827551,173.67924957275392,170.14467071533204,66.76695364992989,3.4118114043400283,2.3576082594960823,1.054203144843946,184.40897560795145,173.67924957275392,162.9495235375564,12.355795020524738
2021-11-22,183.81900024414065,185.67300415039065,178.375,178.6284942626953,178.6284942626953,96844000,-0.02828730052206352,174.30974960327148,170.26007049560548,56.80420493621286,3.2530945987749362,2.5367055273518533,0.716389071423083,184.63924465299334,174.30974960327148,163.98025455354963,11.851884445054575
2021-11-23,179.2519989013672,181.0525054931641,176.385498046875,179.0019989013672,179.0019989013672,73804000,0.0020909577736383245,174.81967468261718,170.3901104736328,57.29709644981584,3.1214667638954836,2.6536577746605796,0.467808989234904,185.01761817518067,174.81967468261718,164.62173119005368,11.666814402987226
2021-11-24,178.1334991455078,180.6820068359375,176.84249877929688,179.02049255371094,179.02049255371094,46560000,0.00010331533981333685,175.2894744873047,170.49473022460938,57.32306301364933,2.984242549132489,2.719774729554962,0.26446781957752696,185.35161157918375,175.2894744873047,165.22733739542562,11.480594737715201
2021-11-26,180.10499572753906,181.6750030517578,175.20750427246094,175.22799682617188,175.22799682617188,59826000,-0.021184701669844985,175.43444900512696,170.51105010986328,50.53650762212035,2.5401869661482976,2.6838571768736292,-0.1436702107253316,185.40489643705484,175.43444900512696,165.46400157319908,11.366578785944714
2021-11-29,177.3820037841797,179.8000030517578,176.5749969482422,178.07850646972656,178.07850646972656,65312000,0.016267432688752415,175.90729904174805,170.61010009765624,54.862080605178626,2.390723253425506,2.6252303921840046,-0.2345071387584987,185.4273012552675,175.90729904174805,166.38729682822859,10.82388538210695
2021-11-30,178.1750030517578,179.2884979248047,174.60049438476562,175.35350036621094,175.35350036621094,80022000,-0.015302274022490625,176.37969894409179,170.76144012451172,50.330786677143806,2.028997940289031,2.50598390180501,-0.47698596151597883,184.7338563841807,176.37969894409179,168.02554150400286,9.472924027086584
2021-12-01,177.25,177.99400329589844,172.0800018310547,172.18600463867188,172.18600463867188,74916000,-0.0180634873037836,176.70712432861328,170.8615301513672,45.61463852316241,1.469794711671426,2.2987460637782933,-0.8289513521068672,183.76414570066626,176.70712432861328,169.6501029565603,7.987251672919991
2021-12-02,173.0,174.63499450683594,171.1875,171.8679962158203,171.8679962158203,64726000,-0.0018468889124809706,176.84052429199218,170.91884002685546,45.15714237608399,0.9895545334481142,2.0369077577122576,-1.0473532242641435,183.4088123735303,176.84052429199218,170.27223621045405,7.4284874553898375
2021-12-03,172.75,173.49349975585938,166.92999267578125,169.489501953125,169.489501953125,80712000,-0.013839076006382012,176.62249908447265,170.89263000488282,41.78179506770871,0.41228357475674215,1.7119829211211546,-1.2996993463644124,183.83159989080093,176.62249908447265,169.41339827814437,8.163287059912347
2021-12-06,169.64999389648438,173.69549560546875,166.9344940185547,171.36849975585938,171.36849975585938,68860000,0.011086219388703134,176.39344940185546,170.89447998046876,45.26264025423347,0.10519893241320233,1.390626123379564,-1.2854271909663617,183.95596180636298,176.39344940185546,168.83093699734795,8.57459551945013
2021-12-07,174.60000610351562,177.49949645996094,173.33450317382812,176.1645050048828,176.1645050048828,66410000,0.027986504263362688,176.47922439575194,171.01197021484376,52.988824632383206,0.2459940167394734,1.161699702051546,-0.9157056853120726,183.99031452101067,176.47922439575194,168.9681342704932,8.512152238855299
2021-12-08,176.15049743652344,177.17999267578125,174.75050354003906,176.1580047607422,176.1580047607422,45254000,-3.689871657430732e-05,176.34654998779297,171.21917022705077,52.97790995896563,0.3529816671292849,0.9999560950670939,-0.646974427937809,183.78152180970773,176.34654998779297,168.9115781658782,8.43222827146822
2021-12-09,175.75,176.96949768066406,174.13949584960938,174.17100524902344,174.17100524902344,46062000,-0.011279643604146683,176.3499755859375,171.40147033691406,49.613716259998924,0.27427423368362724,0.8548197227904006,-0.5805454891067734,183.7808705481746,176.3499755859375,168.9190806237004,8.427440874371909
2021-12-10,175.41700744628906,175.927001953125,170.5,172.21200561523438,172.21200561523438,60690000,-0.011247564604614624,176.27932586669922,171.5606704711914,46.47990604751699,0.05320975824659513,0.6944977298816396,-0.6412879716350445,183.8382738831486,176.27932586669922,168.72037785024986,8.576102704369735
2021-12-13,172.0,172.10000610351562,169.1300048828125,169.5675048828125,169.5675048828125,62170000,-0.015356076499860039,175.9448257446289,171.66876068115235,42.57080566822887,-0.3315526072405248,0.48928766245720673,-0.8208402696977315,184.0503637750691,175.9448257446289,167.8392877141887,9.213727083062714
2021-12-14,167.5500030517578,169.49899291992188,166.44000244140625,169.0915069580078,169.0915069580078,55976000,-0.0028071293797337082,175.53520126342772,171.86081085205078,41.88792243016618,-0.6671975701309236,0.2579906159395807,-0.9251881860705043,184.1412164779376,175.53520126342772,166.92918604891784,9.805457996535674
2021-12-15,168.59800720214844,173.60000610351562,165.19500732421875,173.31500244140625,173.31500244140625,75794000,0.024977573145925636,175.34920120239258,172.10611083984375,49.61148703039781,-0.5856468606698684,0.08926312061769093,-0.6749099812875593,183.978285099099,175.34920120239258,166.72011730568616,9.842170751318687
2021-12-16,173.36849975585938,174.16600036621094,168.16050720214844,168.87100219726562,168.87100219726562,60876000,-0.025641174633125208,174.92025146484374,172.22152099609374,43.11775653446899,-0.8695869583663978,-0.10250689517912683,-0.767080063187271,183.93334423613342,174.92025146484374,165.90715869355407,10.305373672643238
2021-12-17,167.7104949951172,170.89849853515625,165.61349487304688,170.0175018310547,170.0175018310547,85542000,0.00678920370502567,174.18097686767578,172.31944091796876,45.11375438941621,-0.9906786657367093,-0.2801412492906433,-0.7105374164460659,182.2011642262511,174.18097686767578,166.16078950910045,9.209027877560032
2021-12-20,166.85000610351562,167.87449645996094,165.60000610351562,167.07899475097656,167.07899475097656,57372000,-0.017283556389377508,173.34350128173827,172.3724008178711,41.13010861339001,-1.3086721218793969,-0.4858474238083941,-0.8228246980710028,180.62296612135245,173.34350128173827,166.0640364421241,8.398889817949085
2021-12-21,167.85049438476562,170.7165069580078,165.6475067138672,170.41700744628906,170.41700744628906,55956000,0.019978649621920752,172.93292694091798,172.53444091796874,46.86944908082576,-1.2766184366456628,-0.6440016263758479,-0.6326168102698149,179.89302509150824,172.93292694091798,165.97282879032772,8.04947707034202
2021-12-22,169.27000427246094,172.0500030517578,168.50050354003906,171.03700256347656,171.03700256347656,55036000,0.0036381058820253998,172.53467712402343,172.70785095214845,47.88572221780018,-1.1874984922949636,-0.7527009995596711,-0.43479749273529256,178.95034026636472,172.53467712402343,166.11901398168214,7.436954992797771
2021-12-23,170.42799377441406,171.97500610351562,170.14999389648438,171.06849670410156,171.06849670410156,36788000,0.0001841364158221559,172.13707733154297,172.84494079589842,47.940196914946064,-1.1016300746222214,-0.8224868145721812,-0.2791432600500402,177.84191456175665,172.13707733154297,166.43224010132928,6.6282492054003415
2021-12-27,171.03700256347656,172.9429931640625,169.2154998779297,169.66949462890625,169.66949462890625,58688000,-0.008178022851368039,171.8591522216797,172.93847076416014,45.65712324878491,-1.1334013650694317,-0.8846697246716314,-0.24873164039780027,177.47548862282918,171.8591522216797,166.2428158205302,6.5359759181227854
2021-12-28,170.1824951171875,172.17599487304688,169.135498046875,170.66099548339844,170.66099548339844,54638000,0.005843719029521299,171.48827667236327,172.9426705932617,47.563095505511534,-1.066283061613376,-0.9209923920599804,-0.14529066955339565,176.34050114572713,171.48827667236327,166.6360521989994,5.658957647156574
2021-12-29,170.83999633789062,171.21200561523438,168.60049438476562,169.2010040283203,169.2010040283203,35754000,-0.0085549217086347,171.18065185546874,172.87995056152343,45.05710654590055,-1.1180126771270977,-0.9603964490734039,-0.1576162280536938,175.78759038522736,171.18065185546874,166.57371332571012,5.38254584244527
2021-12-30,169.6999969482422,170.88800048828125,168.5240020751953,168.64450073242188,168.64450073242188,37584000,-0.0032890070546229833,171.00357666015626,172.80869049072265,44.10325283445539,-1.190194118275059,-1.006355982913735,-0.1838381353613241,175.7134307744407,171.00357666015626,166.29372254587182,5.508486086983505
2021-12-31,168.95599365234375,169.35000610351562,166.55850219726562,166.7169952392578,166.7169952392578,47830000,-0.011429400216389607,170.74602661132812,172.7279702758789,40.875542370539854,-1.3869441856573417,-1.0824736234624563,-0.30447056219488533,175.79012311012667,170.74602661132812,165.70193011252957,5.908303225445485
2022-01-03,167.5500030517578,170.70350646972656,166.16050720214844,170.4044952392578,170.4044952392578,63520000,0.022118320898886212,170.79177627563476,172.70105010986327,48.62229575406481,-1.2311279229436423,-1.1122044833586937,-0.11892343958494855,175.80596566718572,170.79177627563476,165.7775868840838,5.871698861494052
2022-01-04,170.43800354003906,171.39999389648438,166.34950256347656,167.52200317382812,167.52200317382812,70726000,-0.016915587005979504,170.5994514465332,172.71594024658202,43.79205616990142,-1.324962093581803,-1.1547560054033155,-0.17020608817848748,175.80194134346885,170.5994514465332,165.39696154959756,6.099069900662763
2022-01-05,166.88299560546875,167.12649536132812,164.35699462890625,164.35699462890625,164.35699462890625,64302000,-0.018893091563845,170.0090759277344,172.68271026611328,39.18859622531169,-1.635858924946433,-1.2509765893119391,-0.3848823356344939,175.23128018623063,170.0090759277344,164.78687166923814,6.143441730976817
2022-01-06,163.45050048828125,164.8000030517578,161.93699645996094,163.25399780273438,163.25399780273438,51958000,-0.006710981961323137,169.36387557983397,172.5717202758789,37.701194762857014,-1.9487851473347462,-1.3905383009165007,-0.5582468464182455,174.57642143555788,169.36387557983397,164.15132972411007,6.1554399813752925
2022-01-07,163.83900451660156,165.24349975585938,162.031005859375,162.5540008544922,162.5540008544922,46606000,-0.004287778294336242,168.78302536010742,172.43031036376954,36.74794196991297,-2.227587099238491,-1.5579480605808986,-0.6696390386575923,174.30337553112807,168.78302536010742,163.26267518908676,6.54135705796563
2022-01-10,160.5854949951172,161.6614990234375,156.30450439453125,161.48599243164062,161.48599243164062,87798000,-0.006570176170610398,168.24672470092773,172.21346008300782,35.28215359240437,-2.505833322077308,-1.7475251128801808,-0.7583082091971272,174.38036548078733,168.24672470092773,162.11308392106812,7.291245390675689
2022-01-11,161.5,166.35000610351562,160.70150756835938,165.36199951171875,165.36199951171875,62806000,0.024002125643924677,168.03644943237305,172.1482699584961,44.01062926204672,-2.3860788484311115,-1.875235859990367,-0.5108429884407446,174.26221221999776,168.03644943237305,161.81068664474833,7.410014682713586
2022-01-12,166.5749969482422,166.8780059814453,164.41700744628906,165.20700073242188,165.20700073242188,50030000,-0.0009373300985386912,167.84222412109375,172.13429992675782,43.75648216841254,-2.2774269116045502,-1.9556740703132038,-0.3217528412913464,174.16581132411847,167.84222412109375,161.51863691806903,7.535156586655351
2022-01-13,165.25050354003906,166.22149658203125,161.09100341796875,161.21400451660156,161.21400451660156,52188000,-0.024169655027437842,167.2371742248535,172.045830078125,37.71435863751564,-2.484876779893,-2.061514612229163,-0.4233621676638366,173.66522308301523,167.2371742248535,160.80912536669177,7.687344500952999
2022-01-14,160.14999389648438,162.25,159.80050659179688,162.13800048828125,162.13800048828125,45974000,0.005731487003565627,166.9005241394043,171.9045901489258,39.786396476229335,-2.5453819635189916,-2.158288082487129,-0.3870938810318627,173.6483322867396,166.9005241394043,160.152715992069,8.086023914100066
2022-01-18,159.10499572753906,159.7344970703125,157.6645050048828,158.91749572753906,158.91749572753906,67292000,-0.019862738846190164,166.34552383422852,171.60593994140626,35.36986170448395,-2.8206854704815214,-2.2907675600860076,-0.5299179103955138,173.76869377550992,166.34552383422852,158.92235389294711,8.92500113039285
2022-01-19,158.76199340820312,159.25,156.25,156.2989959716797,156.2989959716797,53242000,-0.016477101806013472,165.80652389526367,171.21292999267578,32.23651528501698,-3.213117708934078,-2.475237589855622,-0.7378801190784561,174.41002996789345,165.80652389526367,157.20301782263388,10.377765446749768
2022-01-20,156.76600646972656,158.0,151.3509979248047,151.66749572753906,151.66749572753906,71974000,-0.02963230963415675,164.86904830932616,170.7572998046875,27.582181735232936,-3.8534265453290573,-2.7508753809503093,-1.102551164378748,175.17613260293453,164.86904830932616,154.5619640157178,12.503358755695961
2022-01-21,149.9499969482422,150.89999389648438,142.07049560546875,142.64300537109375,142.64300537109375,163972000,-0.05950180896147472,163.44934844970703,170.03393005371095,21.168751936150386,-5.031081684382542,-3.206916641636756,-1.8241650427457863,177.2103244642239,163.44934844970703,149.68837243519016,16.838214584564206
2022-01-24,139.0,144.94500732421875,135.3520050048828,144.54400634765625,144.54400634765625,155624000,0.01332698348311534,162.12312393188478,169.4427603149414,25.118596830181332,-5.744764901358167,-3.7144862935810385,-2.030278607777128,177.68593482709397,162.12312393188478,146.56031303667558,19.198755264237118
2022-01-25,142.24249267578125,143.60000610351562,138.14500427246094,139.98599243164062,139.98599243164062,90824000,-0.031533745543573244,160.6389488220215,168.76998016357422,22.24109390822632,-6.602053262359021,-4.291999687336635,-2.310053575022386,178.52779886906302,160.6389488220215,142.75009877497996,22.272120401959704
2022-01-26,144.75,145.18499755859375,137.31849670410156,138.87249755859375,138.87249755859375,95602000,-0.007954330670553511,159.04952392578124,168.02227996826173,21.590397667203675,-7.287306660282411,-4.891061081925791,-2.39624557835662,178.66006359878503,159.04952392578124,139.43898425277746,24.659664724497805
2022-01-27,140.8000030517578,144.24349975585938,139.35000610351562,139.6374969482422,139.6374969482422,77516000,0.005508645722495764,157.57134857177735,167.26934997558592,23.25169922852804,-7.680114281016444,-5.448871721743922,-2.2312425592725216,178.32196555967937,157.57134857177735,136.82073158387533,26.338058506175237
2022-01-28,140.86050415039062,143.9980010986328,137.92950439453125,143.97799682617188,143.97799682617188,74392000,0.031084056738273746,156.33802337646483,166.6082098388672,32.0488023100836,-7.554096167044264,-5.86991661080399,-1.6841795562402737,177.2410529131236,156.33802337646483,135.43499383980605,26.740813380151156
2022-01-31,144.75,150.36050415039062,144.30050659179688,149.57350158691406,149.57350158691406,78308000,0.03886361030218932,155.48084869384766,166.05067993164062,41.37747095465823,-6.922912408322588,-6.08051577030771,-0.8423966380148782,176.01386575629812,155.48084869384766,134.9478316313972,26.412278084333536
2022-02-01,150.0,151.70799255371094,147.62750244140625,151.19349670410156,151.19349670410156,59220000,0.010830762802234384,154.52029876708986,165.37848999023439,43.78373700059408,-6.220271250023416,-6.1084668662508514,-0.11180438377256419,173.93800710803555,154.52029876708986,135.10259042614416,25.132889977405775
2022-02-02,155.05050659179688,155.0749969482422,148.86349487304688,150.6125030517578,150.6125030517578,87330000,-0.0038427158906232384,153.67482376098633,164.714169921875,43.10044983910955,-5.645229707952922,-6.015819434591267,0.3705897266383449,172.20677981653435,153.67482376098633,135.1428677054383,24.118402223608417
2022-02-03,141.7375030517578,144.24749755859375,138.33299255371094,138.8455047607422,138.8455047607422,225532000,-0.0781276325178123,152.3992492675781,163.91851013183594,32.155294832475676,-6.069043409512034,-6.026464229575421,-0.04257917993661309,171.32238377546926,152.3992492675781,133.47611475968696,24.833632184980736
2022-02-04,155.60650634765625,161.1999969482422,150.60800170898438,157.63949584960938,157.63949584960938,253456000,0.13535901735711864,152.11852416992187,163.4912600708008,52.78054065258587,-4.832692537154259,-5.787709891091189,0.9550173539369302,170.549387334129,152.11852416992187,133.68766100571474,24.232240307063705
2022-02-07,158.52000427246094,162.6909942626953,157.25,157.9355010986328,157.9355010986328,102624000,0.0018777353189827206,151.8875991821289,163.0695602416992,53.02277493805459,-3.785355195217903,-5.387238951916532,1.601883756698629,169.90067834613544,151.8875991821289,133.87452001812235,23.718959626726342
2022-02-08,156.75050354003906,161.79249572753906,155.55050659179688,161.4134979248047,161.4134979248047,76040000,0.022021627828944013,151.88397445678712,162.79327026367187,55.88630960674315,-2.6442067594738035,-4.838632513427986,2.1944257539541825,169.88935385270432,151.88397445678712,133.8785950608699,23.7093866687561
2022-02-09,162.87350463867188,163.83450317382812,160.25,161.1894989013672,161.1894989013672,68786000,-0.0013877341505965646,151.67534942626952,162.4554901123047,55.651026960546794,-1.7378800523191558,-4.21848202120622,2.480601968887064,169.13979086420127,151.67534942626952,134.21090798833777,23.028714295359308
2022-02-10,158.35000610351562,160.7165069580078,157.75,159.0034942626953,159.0034942626953,68268000,-0.013561706274733853,151.36517410278321,162.12848999023439,53.29302338007844,-1.1823722608832838,-3.611260069141633,2.428887808258349,168.06071553599872,151.36517410278321,134.6696326695677,22.059950754429874
2022-02-11,158.13450622558594,159.0,152.73399353027344,153.2935028076172,153.2935028076172,77100000,-0.03591110674363196,150.969149017334,161.75063995361327,47.617488170512836,-1.189168924854215,-3.1268418402841496,1.9376729154299346,167.07683533442318,150.969149017334,134.8614627002448,21.339043668106967
2022-02-14,151.75100708007812,158.44850158691406,151.64999389648438,155.16700744628906,155.16700744628906,83230000,0.012221683270054351,150.62059936523437,161.41662017822264,49.51718384894954,-1.0314888023749802,-2.707771232702316,1.6762824303273356,166.03317103552095,150.62059936523437,135.2080276949478,20.46542336870298
2022-02-15,157.60549926757812,158.0070037841797,154.6374969482422,156.510498046875,156.510498046875,56440000,0.008658352201907249,150.50024948120117,161.15704010009765,50.89252322776305,-0.7890223473673075,-2.324021455635314,1.5349991082680066,165.6877414584832,150.50024948120117,135.31275750391913,20.182680134598836
2022-02-16,155.79049682617188,158.83399963378906,154.7344970703125,158.10049438476562,158.10049438476562,52704000,0.010159039538768955,150.59032440185547,160.8916799926758,52.5404433475036,-0.46322672919771435,-1.9518625103477942,1.4886357811500799,165.93487102081255,150.59032440185547,135.2457777828984,20.379193258140052
2022-02-17,158.14599609375,160.3489990234375,154.5,154.65249633789062,154.65249633789062,64032000,-0.021808901106176726,150.73957443237305,160.46143981933594,48.722139723966755,-0.47774879016373006,-1.6570397663109815,1.1792909761472514,166.18088905288113,150.73957443237305,135.29825981186497,20.48740641421352
2022-02-18,155.49949645996094,155.49949645996094,150.89300537109375,152.60150146484375,152.60150146484375,63604000,-0.013261957754408193,151.23749923706055,159.99030975341796,46.554816939010294,-0.6472941692244376,-1.4550906468936726,0.807796477669235,166.23833085090985,151.23749923706055,136.23666762321125,19.837449957217178
2022-02-22,150.47850036621094,152.9824981689453,148.48550415039062,150.19749450683594,150.19749450683594,66128000,-0.015753494788264932,151.52017364501953,159.51083953857423,44.07972168966539,-0.9645249310165127,-1.3569775037182408,0.39245257270172806,166.2157880377245,151.52017364501953,136.82455925231454,19.39756804547198
2022-02-23,151.65049743652344,151.76300048828125,144.6510009765625,144.82699584960938,144.82699584960938,64244000,-0.03575624663287669,151.76222381591796,158.96313934326173,39.08102470513022,-1.6304916608486906,-1.4116803351443308,-0.2188113257043598,165.8362775242755,151.76222381591796,137.68817010756044,18.54750590032054
2022-02-24,139.83749389648438,151.74899291992188,139.5,151.35800170898438,151.35800170898438,100786000,0.04509522427819257,152.3864990234375,158.59894927978516,46.958450397447464,-1.6126874443186523,-1.451881756979195,-0.16080568733945722,165.16631827691032,152.3864990234375,139.60667976996467,16.772902239203287
2022-02-25,150.5500030517578,153.99000549316406,149.2135009765625,153.7884979248047,153.7884979248047,62396000,0.01605793012842116,153.09404907226562,158.29288909912108,49.57184141895103,-1.3864743293158028,-1.4388002714465167,0.05232594213071384,164.46097395396816,153.09404907226562,141.72712419056307,14.849597290796023
2022-02-28,152.4250030517578,154.4499969482422,150.85000610351562,153.56300354003906,153.56300354003906,57684000,-0.0014662630028149382,153.57329940795898,157.89784912109374,49.32900377993599,-1.2114297105989635,-1.393326159277006,0.18189644867804255,164.14267780392376,153.57329940795898,143.0039210119942,13.764604181470123
2022-03-01,152.7324981689453,154.0989990234375,149.9770050048828,151.14199829101562,151.14199829101562,44874000,-0.015765550251120253,153.65172424316407,157.54326904296875,46.68476419506338,-1.2536096478728211,-1.365382856996169,0.11177320912334787,164.12405571043448,153.65172424316407,143.17939277589366,13.631257987964062
2022-03-02,150.8489990234375,152.99949645996094,148.75,152.05250549316406,152.05250549316406,47334000,0.0060241839623909055,153.69467468261718,157.18396911621093,47.817671175065904,-1.1997374042792899,-1.3322537664527931,0.13251636217350327,164.13331784131813,153.69467468261718,143.25603152391622,13.583610727251259
2022-03-03,153.531494140625,153.9290008544922,146.8560028076172,147.89849853515625,147.89849853515625,65198000,-0.027319556126581324,153.5589744567871,156.80035919189453,43.29731740091169,-1.4752313593187978,-1.3608492850259941,-0.11438207429280367,164.2225005145035,153.5589744567871,142.8954483990707,13.888509083156483
2022-03-04,147.15899658203125,147.85000610351562,143.8070068359375,145.64100646972656,145.64100646972656,60934000,-0.0152637929917393,153.89874954223632,156.30483917236327,41.027441395689685,-1.8543472853319827,-1.459548885087192,-0.3947984002447906,162.98118340427826,153.89874954223632,144.81631568019438,11.803128861094917
2022-03-07,145.44349670410156,146.09449768066406,137.41650390625,137.4530029296875,137.4530029296875,86934000,-0.05622045424233624,152.88942489624023,155.6331591796875,34.05401874621158,-2.7834173412675796,-1.7243225763232695,-1.05909476494431,164.27843449479232,152.88942489624023,141.50041529768814,14.898361487436226
2022-03-08,136.68350219726562,140.69949340820312,133.57249450683594,136.01449584960938,136.01449584960938,91662000,-0.010465446730283379,151.79337463378906,154.93207916259766,32.993026108625585,-3.59435407704936,-2.0983288764684875,-1.4960252005808723,165.08864837983612,151.79337463378906,138.498100887742,17.517594266709903
2022-03-09,139.5,140.25,136.8280029296875,139.2790069580078,139.2790069580078,82656000,0.024001199930983708,150.68665008544923,154.3242694091797,37.73418496633953,-3.9283252308859176,-2.464328147351974,-1.4639970835339438,164.27625906866854,150.68665008544923,137.09704110222992,18.03691166472027
2022-03-10,145.68499755859375,148.67449951171875,143.97799682617188,146.8175048828125,146.8175048828125,135062000,0.05412515560997311,149.9680503845215,153.84739959716796,47.05111206597649,-3.543854645378758,-2.680233446957331,-0.863621198421427,162.75648345765097,149.9680503845215,137.179617311392,17.054876742532358
2022-03-11,149.57449340820312,149.6750030517578,145.36900329589844,145.52450561523438,145.52450561523438,68900000,-0.008806846762653975,149.29410095214843,153.37386962890625,45.78564598566591,-3.305390684969069,-2.805264894559679,-0.5001257904093901,161.5149175338885,149.29410095214843,137.07328437040835,16.371466124648933
2022-03-14,145.9810028076172,147.4499969482422,140.88400268554688,141.85299682617188,141.85299682617188,74086000,-0.025229488143872714,148.72207565307616,152.83803955078125,42.30615919439789,-3.373775568847151,-2.9189670294171735,-0.45480853942997745,161.20864720958588,148.72207565307616,136.23550409656644,16.791819911977466
2022-03-15,142.85000610351562,147.98500061035156,142.0,147.3665008544922,147.3665008544922,75584000,0.038867730338306705,148.33205032348633,152.45102966308593,48.620700810433135,-2.949082201320408,-2.9249900637978206,-0.024092137522587542,160.47149337693935,148.33205032348633,136.1926072700333,16.3679299611635
2022-03-16,148.5,153.14999389648438,147.35350036621094,153.10400390625,153.10400390625,84958000,0.038933563723705156,148.16172561645507,152.10501983642578,54.23419641632994,-2.1250449069490287,-2.7650010324280623,0.6399561254790336,159.92722358258882,148.16172561645507,136.39622765032132,15.88196670520832
2022-03-17,152.6405029296875,157.49850463867188,152.13999938964844,157.23899841308594,157.23899841308594,72934000,0.027007748989816838,148.1186508178711,151.89935974121093,57.811653297558884,-1.1253574944950913,-2.437072324841468,1.3117148303463768,159.74375606457346,148.1186508178711,136.49354557116874,15.697017468781516
2022-03-18,156.81300354003906,161.593994140625,156.01100158691406,161.25050354003906,161.25050354003906,102962000,0.025512151358369817,148.44855117797852,151.83722991943358,60.99694383876044,-0.009295921966611331,-1.9515170442664969,1.9422211222998855,161.12366927344246,148.44855117797852,135.77343308251457,17.07678248778251
2022-03-21,161.12100219726562,163.08399963378906,159.55299377441406,161.4915008544922,161.4915008544922,66538000,0.0014945523217748669,148.89305114746094,151.80197998046876,61.18653952205665,0.8844420864034532,-1.384325218132507,2.2687673045359604,162.69314556301683,148.89305114746094,135.09295673190505,18.536922051370322
2022-03-22,161.8054962158203,166.16700744628906,161.69900512695312,164.88900756835938,164.88900756835938,64086000,0.02103830044237709,149.62762680053712,151.8486801147461,63.85414220971436,1.8456112372422808,-0.7383379270575494,2.5839491642998302,165.09106788543738,149.62762680053712,134.16418571563685,20.669232568279643
2022-03-23,163.7050018310547,166.3699951171875,162.68699645996094,163.4080047607422,163.4080047607422,55812000,-0.008981816492546923,150.55667724609376,151.88712036132813,61.85834095552311,2.4594887099443667,-0.09877259965716623,2.5582613096015328,166.95899485990816,150.55667724609376,134.15435963227935,21.788894274019942
2022-03-24,163.74949645996094,164.11849975585938,160.0500030517578,163.64950561523438,163.64950561523438,56798000,0.0014779010051912955,151.17125244140624,151.85287048339845,62.06654925681071,2.931683507890426,0.5073186218523522,2.4243648860380738,168.54022532938848,151.17125244140624,133.802279553424,22.97920088307058
2022-03-25,164.0,165.36849975585938,162.25,164.77349853515625,164.77349853515625,49032000,0.006868294014676479,151.72050247192382,151.84420043945312,63.0767959303754,3.357890451370281,1.077432987755938,2.2804574636143427,170.05377118686613,151.72050247192382,133.38723375698152,24.167160556741386
2022-03-28,164.97500610351562,169.03750610351562,164.89999389648438,168.99049377441406,168.99049377441406,59854000,0.025592678900108856,152.49187698364258,151.99973022460938,66.66390081735743,3.9899451931101737,1.6599354288267851,2.3300097642833886,172.30854232131688,152.49187698364258,132.6752116459683,25.990453694526927
2022-03-29,170.38400268554688,170.8314971923828,167.86849975585938,169.31500244140625,169.31500244140625,66154000,0.00192027764251268,153.4005271911621,152.14327026367187,66.93014787749082,4.465562047474265,2.2210607525562813,2.2445012949179834,174.5106366139825,153.4005271911621,132.29041776834168,27.522864242198818
2022-03-30,168.50950622558594,168.95050048828125,165.5,166.30099487304688,166.30099487304688,56168000,-0.01780118433038691,154.11295166015626,152.29094024658204,61.97887933090721,4.546873086922034,2.686223219429432,1.8606498674926018,175.94246164389114,154.11295166015626,132.28344167642138,28.32923482235607
2022-03-31,166.44500732421875,166.4949951171875,162.95350646972656,162.99749755859375,162.99749755859375,59966000,-0.019864567358571672,154.86790161132814,152.4249102783203,57.0015574987406,4.295235248448421,3.00802562523323,1.2872096232151908,176.82947837736677,154.86790161132814,132.9063248452895,28.361689591630917
2022-04-01,164.14950561523438,165.82699584960938,162.3195037841797,163.55999755859375,163.55999755859375,57090000,0.003450973226124532,155.76385116577148,152.6627603149414,57.625564102192264,4.094006340830077,3.2252217683525997,0.8687845724774776,177.60837769382084,155.76385116577148,133.91932463772213,28.048261987052886
2022-04-04,164.125,168.39450073242188,163.20550537109375,168.34649658203125,168.34649658203125,49882000,0.029264484561530857,157.30852584838868,153.17683013916016,62.59943749225804,4.271522003787055,3.434481815439491,0.8370401883475642,178.0990626438508,157.30852584838868,136.51798905292657,26.43281625498123
2022-04-05,167.7415008544922,168.11050415039062,163.26600646972656,164.05499267578125,164.05499267578125,53728000,-0.025492089193307588,158.71055068969727,153.56704986572265,56.22691637128179,4.019580721516434,3.5515015966548797,0.4680791248615539,177.2253973224328,158.71055068969727,140.19570405696174,23.331588923706533
2022-04-06,161.65049743652344,162.1999969482422,157.25450134277344,158.75599670410156,158.75599670410156,79056000,-0.032300120131985244,159.68440017700195,153.94244995117188,49.52316354497255,3.353671710925198,3.511935619508944,-0.15826390858374584,175.91675826961307,159.68440017700195,143.45204208439083,20.330549602363646
2022-04-07,158.39999389648438,160.07899475097656,154.51150512695312,157.7845001220703,157.7845001220703,68136000,-0.0061194323502751224,160.23274993896484,154.3206900024414,48.38420041341399,2.716231343252389,3.352794764257633,-0.6365634210052442,175.3951120419618,160.23274993896484,145.0703878359679,18.925422061061216
2022-04-08,156.75,157.36849975585938,154.2310028076172,154.4604949951172,154.4604949951172,46002000,-0.021066740550443774,160.67954940795897,154.6171499633789,44.60427795091926,1.9206952462788252,3.0663748606618717,-1.1456796143830466,174.55384220761078,160.67954940795897,146.80525660830716,17.269519177484792
2022-04-11,152.71299743652344,154.13650512695312,150.5345001220703,151.1219940185547,151.1219940185547,52112000,-0.021613947156313595,161.14299926757812,154.76002990722657,41.128908251140565,1.0092045482828098,2.6549407981860593,-1.6457362499032495,172.93360629954614,161.14299926757812,149.3523922356101,14.633719225232625
2022-04-12,153.6925048828125,155.0989990234375,150.38299560546875,150.78750610351562,150.78750610351562,55178000,-0.002213363562407644,161.3140495300293,154.78430999755858,40.78602248392226,0.2568899563650575,2.1753306298218593,-1.9184406734568018,172.37706211441122,161.3140495300293,150.2510369456474,13.716117866500502
2022-04-13,150.01849365234375,156.02499389648438,149.60000610351562,155.54100036621094,155.54100036621094,53390000,0.03152445706895657,161.43589935302734,154.8712600708008,47.48629084376116,0.043738294691650026,1.7490121627958175,-1.7052738681041675,172.18371342963843,161.43589935302734,150.68808527641625,13.315271410738475
2022-04-14,155.38999938964844,155.89700317382812,151.4720001220703,151.7064971923828,151.7064971923828,51598000,-0.024652684274885983,161.15927429199218,154.8931399536133,43.23621712562197,-0.4296456056107445,1.3132806091145053,-1.7429262147252498,172.58813598109327,161.15927429199218,149.73041260289108,14.183312427175634
2022-04-18,151.52349853515625,154.0395050048828,150.25050354003906,152.78500366210938,152.78500366210938,46514000,0.007109164667870926,160.7359992980957,155.17192993164062,44.73445579600268,-0.7095994774294354,0.908704591805717,-1.6183040692351525,172.73292597904754,160.7359992980957,148.73907261714385,14.927491953688282
2022-04-19,152.0294952392578,158.6490020751953,151.55050659179688,158.11549377441406,158.11549377441406,54926000,0.03488883060861969,160.56719894409179,155.18144989013672,51.54218909965382,-0.4956256702952828,0.6278385393855171,-1.1234642096808,172.61176323134072,160.56719894409179,148.52263465684285,15.002521519283341
2022-04-20,157.6024932861328,157.6024932861328,153.60350036621094,153.9980010986328,153.9980010986328,59630000,-0.026041044919075107,160.02264862060548,155.1026998901367,46.75153980745601,-0.6507951725140515,0.3721117970056035,-1.022906969519655,172.2202161961524,160.02264862060548,147.82508104505857,15.244801508648795
2022-04-21,154.71400451660156,156.73800659179688,147.58949279785156,148.29600524902344,148.29600524902344,63970000,-0.037026427673936824,159.26704864501954,154.8403500366211,41.06000654895814,-1.2198103184091167,0.053727373922659444,-1.273537692331776,172.37077464876947,159.26704864501954,146.16332264126962,16.45503714074091
2022-04-22,148.25,149.61500549316406,143.69749450683594,144.35000610351562,144.35000610351562,73078000,-0.026608937569704394,158.30207366943358,154.50356018066407,37.64453934800259,-1.966499491975327,-0.35031799925693785,-1.616181492718389,172.74663576681726,158.30207366943358,143.8575115720499,18.24936561165562
2022-04-25,144.0229949951172,146.22149658203125,142.30650329589844,146.07400512695312,146.07400512695312,61874000,0.011943186356370372,157.36709899902343,154.24497039794923,39.99307516510402,-2.3915751390025264,-0.7585694272060556,-1.633005711796471,172.4229260352682,157.36709899902343,142.31127196277865,19.134656649339657
2022-04-26,144.8000030517578,144.8560028076172,138.92950439453125,139.39100646972656,139.39100646972656,77530000,-0.0457507730510871,155.88712463378906,153.9669204711914,34.55924582775887,-3.2304738990561077,-1.252950321576066,-1.9775235774800417,171.87224116641926,155.88712463378906,139.90200810115886,20.508578332152226
2022-04-27,140.19149780273438,141.94850158691406,135.7834930419922,138.16700744628906,138.16700744628906,71336000,-0.008781047317448887,154.3297248840332,153.6269204711914,33.657270883112076,-3.9485571927164074,-1.7920716958041343,-2.156485496912273,170.83914355290506,154.3297248840332,137.82030621516134,21.39499526909337
2022-04-28,142.17799377441406,145.9375,140.3000030517578,144.59649658203125,144.59649658203125,117316000,0.04653418536434306,153.24449996948243,153.38864044189452,42.19214553135793,-3.9532665408216303,-2.224310664807634,-1.7289558760139965,169.31107825887725,153.24449996948243,137.17792168008762,20.96855455509902
2022-04-29,129.8489990234375,130.76100158691406,121.625,124.28150177001952,124.28150177001952,272662000,-0.14049437774923412,151.3087001800537,152.71226058959962,29.345900798391156,-5.532474117180556,-2.885943355282218,-2.6465307618983376,171.10497546547086,151.3087001800537,131.51242489463655,26.16673761900018
2022-05-02,122.4010009765625,124.66799926757812,118.375,124.5,124.5,148788000,0.0017580913238786078,149.35570030212403,152.1092106628418,29.594196346019615,-6.689266814019675,-3.6466080470297095,-3.042658766989965,171.4997312057459,149.35570030212403,127.21166939850217,29.652742893411943
2022-05-03,124.05349731445312,126.22049713134766,122.8249969482422,124.25350189208984,124.25350189208984,79134000,-0.0019799044812061073,147.15105056762695,151.5422506713867,29.46837967928103,-7.539018584379107,-4.425090154499589,-3.1139284298795182,170.05978661280506,147.15105056762695,124.24231452244885,31.136354048182373
2022-05-04,123.5999984741211,126.0,119.18299865722656,125.92849731445312,125.92849731445312,110746000,0.01348046853293483,145.24472579956054,151.05687072753906,31.59649281139326,-7.985245908268439,-5.137121305253359,-2.84812460301508,168.55147572870897,145.24472579956054,121.93797587041212,32.09307573937249
2022-05-05,123.0,123.4990005493164,115.07250213623048,116.40699768066406,116.40699768066406,144392000,-0.07561036490424522,143.12727584838868,150.48847076416016,26.67026400621073,-9.00340408542678,-5.910377861288044,-3.093026224138736,168.7218502616835,143.12727584838868,117.53270143509386,35.76477545818248
2022-05-06,114.8499984741211,119.05049896240234,113.0814971923828,114.77249908447266,114.77249908447266,124260000,-0.014041240035030156,140.9766757965088,149.75676071166993,25.92308231818558,-9.828890817820508,-6.694080452594537,-3.1348103652259702,168.44326905904506,140.9766757965088,113.51008253397254,38.96615253176009
2022-05-09,111.3125,114.0,107.95700073242188,108.78900146484376,108.78900146484376,128124000,-0.05213354825727923,138.6931011199951,148.8567707824707,23.344725973287268,-10.840945579890601,-7.52345347805375,-3.3174921018368506,168.7663698478347,138.6931011199951,108.6198323921555,43.36663970303856
2022-05-10,111.25,112.64250183105467,107.1709976196289,108.85900115966795,108.85900115966795,105434000,0.0006434445934941913,136.57995147705077,147.9626907348633,23.44066165793612,-11.504738416912375,-8.319710465825477,-3.185027951086898,168.73052090707387,136.57995147705077,104.42938204702767,47.07948579909297
2022-05-11,108.10350036621094,110.15599822998048,104.42849731445312,105.37200164794922,105.37200164794922,109704000,-0.03203225709010693,134.30917625427247,147.04729080200195,21.965881778221103,-12.17186110307037,-9.090140593274455,-3.0817205097959146,168.47713989039724,134.30917625427247,100.1412126181477,50.87956696486382
2022-05-12,102.75,110.78050231933594,102.40550231933594,106.93049621582033,106.93049621582033,132026000,0.014790404884573505,131.87865104675294,146.14485061645507,24.259512634976915,-12.431500551448636,-9.758412584909292,-2.6730879665393434,166.5713056152278,131.87865104675294,97.18599647827808,52.61299580047387
2022-05-13,109.06900024414062,113.18399810791016,107.8000030517578,113.05500030517578,113.05500030517578,93684000,0.05727556035084902,129.9460762023926,145.44798065185546,32.63866350459051,-12.004687820953706,-10.207667632118175,-1.7970201888355302,164.30998412603424,129.9460762023926,95.58216827875096,52.88948912950544
2022-05-16,113.0999984741211,113.99250030517578,110.35399627685548,110.8105010986328,110.8105010986328,74566000,-0.01985316173972207,127.84735107421875,144.7513705444336,31.273207981287968,-11.712533193071323,-10.508640744308806,-1.2038924487625167,161.49508955005527,127.84735107421875,94.19961259838223,52.63736509691643
2022-05-17,113.2750015258789,115.8000030517578,111.27649688720705,115.36849975585938,115.36849975585938,76448000,0.04113327357999652,125.71000137329102,144.30968048095704,37.03410354971534,-10.986559922865396,-10.604224580020125,-0.3823353428452716,156.72305512656288,125.71000137329102,94.69694762001916,49.34063068089514
2022-05-18,111.4394989013672,112.85299682617188,106.2490005493164,107.1125030517578,107.1125030517578,108380000,-0.07156196640827228,123.36572647094727,143.731640625,31.8296432269118,-10.951172511802014,-10.673614166376503,-0.2775583454255113,152.5026138631172,123.36572647094727,94.22883907877734,47.236600027693584
2022-05-19,106.28050231933594,110.03399658203124,106.19300079345705,107.31900024414062,107.31900024414062,88142000,0.0019278532990965047,121.31687622070312,143.09244049072265,32.08671708405015,-10.782174934946283,-10.69532632009046,-0.08684861485582296,148.87341413897914,121.31687622070312,93.7603383024271,45.429026491160855
2022-05-20,109.56849670410156,109.89800262451172,105.0094985961914,107.59100341796876,107.59100341796876,99500000,0.0025345295167618076,119.47892608642579,142.3079104614258,32.44808079939578,-10.50519737870043,-10.657300531812455,0.1521031531120247,145.50632399049388,119.47892608642579,93.45152818235769,43.56818186537938
2022-05-23,108.46099853515624,108.81900024414062,103.9499969482422,107.55699920654295,107.55699920654295,107798000,-0.00031605069518414464,117.55307579040527,141.54856033325194,32.42485282967387,-10.171187408436921,-10.560077907137348,0.3888904987004267,140.9957007815924,117.55307579040527,94.11045079921813,39.88432430808507
2022-05-24,104.0250015258789,105.4000015258789,101.26000213623048,104.0999984741211,104.0999984741211,102934000,-0.03214110432537587,115.788525390625,140.79350036621094,30.068272938879502,-10.069359855877366,-10.461934296885353,0.3925744410079872,137.6499098071844,115.788525390625,93.9271409740656,37.760882337533324
2022-05-25,103.65550231933594,108.1750030517578,103.6500015258789,106.7750015258789,106.7750015258789,93120000,0.025696475417555487,114.21892509460449,139.98167037963867,34.06174887400434,-9.661439337852855,-10.301835305078853,0.6403959672259987,133.81879700542186,114.21892509460449,94.61905318378712,34.319832540156234
2022-05-26,107.97000122070312,112.66549682617188,107.45349884033205,111.07749938964844,111.07749938964844,93002000,0.04029499229486544,112.54297523498535,139.14114028930663,39.996897379413646,-8.888522414793869,-10.019172727021857,1.1306503122279885,126.33913732412533,112.54297523498535,98.74681314584537,24.517144780176878
2022-05-27,113.5500030517578,115.18699645996094,112.62799835205078,115.14649963378906,115.14649963378906,93660000,0.036632083603781895,112.08622512817382,138.2992903137207,45.035692098937716,-7.857074408137677,-9.586753063245022,1.7296786551073442,124.8649837754692,112.08622512817382,99.30746648087845,22.801657621500766
2022-05-31,116.27999877929688,121.99449920654295,115.6750030517578,120.20950317382812,120.20950317382812,144634000,0.04397010379074828,111.87170028686523,137.47847030639647,50.595095873422714,-6.555534241231385,-8.980509298842295,2.4249750576109097,123.93361376953446,111.87170028686523,99.80978680419601,21.563833305008604
2022-06-01,122.25599670410156,125.1790008544922,120.62249755859376,121.68399810791016,121.68399810791016,127528000,0.012266042992872705,111.74322509765625,136.68232025146483,52.11415387463766,-5.343478568814149,-8.253103152836665,2.9096245840225166,123.31984674967444,111.74322509765625,100.16660344563806,20.72004211781248
2022-06-02,121.68399810791016,125.61000061035156,120.04499816894533,125.51100158691406,125.51100158691406,100560000,0.03145034300738625,111.7223503112793,135.89476013183594,55.90385672438343,-4.027679931771118,-7.408018508623557,3.3803385768524388,123.19764421452453,111.7223503112793,100.24705640803407,20.542521476272064
2022-06-03,124.1999969482422,124.4000015258789,121.04650115966795,122.3499984741211,122.3499984741211,97604000,-0.025185068024527135,112.01950035095214,135.0736000061035,52.22726009002152,-3.2030438697890276,-6.5670235808566515,3.363979711067624,124.24772076444984,112.01950035095214,99.79127993745445,21.83230665230111
2022-06-06,125.25,128.99000549316406,123.80999755859376,124.79000091552734,124.79000091552734,135269000,0.01994280728922404,112.52037544250489,134.29640991210937,54.70364144556956,-2.325815491203244,-5.718781962925971,3.392966471722727,125.92288295342762,112.52037544250489,99.11786793158215,23.822365430643412
2022-06-07,122.01000213623048,124.0999984741211,120.62999725341795,123.0,123.0,85156700,-0.014344105316090427,113.23092536926269,133.46093994140625,52.55150306223072,-1.7548153759863538,-4.925988645538047,3.1711732695516934,127.25902426425401,113.23092536926269,99.20282647427138,24.77785790276574
2022-06-08,122.61000061035156,123.75,120.75,121.18000030517578,121.18000030517578,64926600,-0.014796745486375773,113.84697532653809,132.5047300720215,50.381176878671866,-1.4326378781700555,-4.227318492064449,2.7946806138943936,128.13278306067357,113.84697532653809,99.5611675924026,25.096508173643894
2022-06-09,119.98999786376952,121.3000030517578,116.0999984741211,116.1500015258789,116.1500015258789,67029800,-0.04150848957443054,114.38587532043456,131.44143005371095,44.86623723206534,-1.5651467169397222,-3.694884137039504,2.1297374200997816,128.15607502731663,114.38587532043456,100.61567561355251,24.076748406753804
2022-06-10,113.41999816894533,114.5,109.0500030517578,109.6500015258789,109.6500015258789,87266000,-0.05596211721574329,114.5218505859375,130.3084101867676,38.93502962482228,-2.1696462719080927,-3.3898365640132218,1.220190292105129,128.04640630791923,114.5218505859375,100.99729486395577,23.61917075699517
2022-06-13,104.19000244140624,106.54000091552734,101.86000061035156,103.66999816894533,103.66999816894533,99277700,-0.05453719355874531,114.05260047912597,129.12186019897462,34.42600268433549,-3.0955690255343455,-3.330983056317447,0.2354140307831014,128.37583457805835,114.05260047912597,99.7293663801936,25.116891747775323
2022-06-14,104.19000244140624,104.87999725341795,101.43000030517578,102.30999755859376,102.30999755859376,69728800,-0.013118555361940287,113.62757530212403,127.89686019897461,33.47648186827341,-3.8942200176566217,-3.443630448585282,-0.45058956907133974,128.79029116834457,113.62757530212403,98.46485943590349,26.688443937845964
2022-06-15,103.86000061035156,109.05999755859376,103.52999877929688,107.66999816894533,107.66999816894533,85011100,0.052389802934770247,113.24265022277832,126.6833302307129,40.447961218629075,-4.047986757466191,-3.564501710361464,-0.4834850471047272,128.59868045984578,113.24265022277832,97.88661998571085,27.120577285780723
2022-06-16,104.47000122070312,104.58000183105467,102.01000213623048,103.66000366210938,103.66000366210938,82186300,-0.037243378610853695,113.0700252532959,125.47543045043945,37.298710910633545,-4.442213972876942,-3.7400441628645598,-0.7021698100123825,128.77155859482153,113.0700252532959,97.36849191177028,27.773113707813447
2022-06-17,102.8000030517578,106.9800033569336,102.51000213623048,106.22000122070312,106.22000122070312,99772100,0.02469609751257895,113.01507530212402,124.42471054077149,40.48452832086599,-4.496241598819452,-3.8912836500555383,-0.6049579487639138,128.80417848769918,113.01507530212402,97.22597211654886,27.941587692378267
2022-06-21,108.1999969482422,111.62999725341795,103.55999755859376,108.68000030517578,108.68000030517578,70901200,0.023159471438541024,113.06952514648438,123.4426205444336,43.457556737437194,-4.291092471678937,-3.9712454143802183,-0.31984705729871843,128.7907968554611,113.06952514648438,97.34825343750764,27.80815023077074
2022-06-22,107.43000030517578,112.12999725341795,107.0199966430664,108.9499969482422,108.9499969482422,60040100,0.0024843268523027096,113.13917503356933,122.53241058349609,43.789447478636454,-4.059923566105681,-3.988981044725311,-0.07094252138037005,128.77424758817892,113.13917503356933,97.50410247895975,27.638653985183346
2022-06-23,110.38999938964844,113.0,107.93000030517578,112.44000244140624,112.44000244140624,64345300,0.032033093996523876,113.5561752319336,121.75877075195312,48.035449263573945,-3.5541363948644715,-3.902012114753143,0.3478757198886715,128.63982077982135,113.5561752319336,98.47252968404585,26.56596264726256
2022-06-24,112.37999725341795,116.70999908447266,111.43000030517578,116.45999908447266,116.45999908447266,69867600,0.03575237064906056,114.04042510986328,121.07222061157226,52.487447128150706,-2.7966779228512166,-3.680945276372758,0.8842673535215413,128.84136921705428,114.04042510986328,99.23948100267226,25.95736396621146
2022-06-27,117.08999633789062,117.9800033569336,112.6999969482422,113.22000122070312,113.22000122070312,62133200,-0.027820692849391482,114.14755020141601,120.22580062866211,48.854523493250774,-2.4298179476104735,-3.430719810620301,1.0009018630098274,128.89207042521815,114.14755020141601,99.40302997761387,25.834142209421213
2022-06-28,113.5,114.8499984741211,107.04000091552734,107.4000015258789,107.4000015258789,74942900,-0.05140434227234392,113.76022529602051,119.33967071533203,43.08558704392898,-2.578975287990616,-3.2603709060943644,0.6813956181037484,128.78377670481905,113.76022529602051,98.73667388722198,26.41266113829343
2022-06-29,107.37999725341795,110.98999786376952,106.91000366210938,108.91999816894533,108.91999816894533,66375300,0.014152668728781848,113.19575004577636,118.46237060546875,44.915069010933884,-2.54519312687016,-3.117335350249524,0.5721422233793638,128.0550733950934,113.19575004577636,98.33642669645936,26.25420714701374
2022-06-30,108.11000061035156,108.18000030517578,102.5199966430664,106.20999908447266,106.20999908447266,97679400,-0.024880638358708018,112.42205009460449,117.42426071166992,42.30411237889802,-2.7059028349887484,-3.035048847197369,0.3291460122086205,127.0424165813787,112.42205009460449,97.80168360783027,26.009784511972526
2022-07-01,106.29000091552734,109.75,105.8499984741211,109.55999755859376,109.55999755859376,73021200,0.03154127203651269,111.62449989318847,116.53550064086915,46.448314067812234,-2.533742154411158,-2.934787508640127,0.40104535422896914,124.98806639403864,111.62449989318847,98.2609333923383,23.943787454613517
2022-07-05,107.5999984741211,114.08000183105467,106.31999969482422,113.5,113.5,76583700,0.035962053023039564,111.18199996948242,115.83958053588867,50.91401937929203,-2.0556816867876364,-2.758966344269629,0.7032846574819924,123.6518805246817,111.18199996948242,98.71211941428314,22.431473725282967
2022-07-06,113.20999908447266,115.4800033569336,112.01000213623048,114.33000183105467,114.33000183105467,66958900,0.007312791463036872,110.65900001525878,115.23918045043945,51.825405114990374,-1.5914953431604317,-2.5254721440477894,0.9339768008873577,121.58375403752606,110.65900001525878,99.7342459929915,19.744899232345972
2022-07-07,113.8499984741211,116.98999786376952,113.48999786376952,116.33000183105467,116.33000183105467,57872300,0.01749322109655349,110.32550010681152,114.64430038452149,54.039835142710196,-1.0501357252968404,-2.2304048602976,1.1802691350007595,120.0660010120824,110.32550010681152,100.58499920154064,17.657750739114025
2022-07-08,114.5999984741211,116.58000183105467,113.69000244140624,115.54000091552734,115.54000091552734,45719700,-0.006791033294013427,110.0435001373291,114.1672802734375,53.00342862245066,-0.677046231909614,-1.9197331346200028,1.2426869027103888,118.78612164234644,110.0435001373291,101.30087863231176,15.889391911574895
2022-07-11,114.08000183105467,114.3000030517578,110.87000274658205,111.75,111.75,53487600,-0.03280250030721621,109.82350006103516,113.63894012451172,48.225003424389016,-0.6793602775667154,-1.6716585632093455,0.9922982856426301,118.15202857214089,109.82350006103516,101.49497154992943,15.16711542880548
2022-07-12,112.16000366210938,113.2300033569336,108.33999633789062,109.22000122070312,109.22000122070312,54280300,-0.022639810105564928,109.80200004577637,112.93141021728516,45.28974474194627,-0.8752545432811019,-1.5123777592236969,0.637123215942595,118.13442826205237,109.80200004577637,101.46957182950037,15.177188416972765
2022-07-13,107.02999877929688,111.77999877929688,106.01000213623048,110.4000015258789,110.4000015258789,61353800,0.010803884746268588,110.13850021362305,112.65378021240234,46.91271702894386,-0.9246274673648855,-1.3948277008519347,0.4702002334870492,117.98245726845823,110.13850021362305,102.29454315878786,14.243805825612588
2022-07-14,110.23999786376952,111.18000030517578,107.58000183105467,110.62999725341795,110.62999725341795,51163100,0.002083294604711794,110.55450019836425,112.3763801574707,47.24123513850524,-0.9344256550643024,-1.3027472916944083,0.36832163663010586,117.52778216835127,110.55450019836425,103.58121822837724,12.615102881339224
2022-07-15,112.5,115.58999633789062,111.58999633789062,113.5500030517578,113.5500030517578,84317800,0.02639434033114041,110.84850044250489,112.16231018066406,51.356888525714666,-0.6985186369547876,-1.1819015607464842,0.4833829237916967,117.80633443995846,110.84850044250489,103.89066644505131,12.553771985508238
2022-07-18,115.0,117.23999786376952,113.1500015258789,113.76000213623048,113.76000213623048,59115400,0.0018493974357443044,111.35350036621094,111.91894027709961,51.649012962132076,-0.4889788110483124,-1.04331701080685,0.5543381997585375,117.57859678911967,111.35350036621094,105.1284039433022,11.18078264704048
2022-07-19,115.6999969482422,118.9499969482422,114.02999877929688,118.20999908447266,118.20999908447266,60990000,0.03911741266419089,111.95300025939942,111.95500030517579,57.476750452876054,0.035748487866925416,-0.8275039110720949,0.8632523989390203,118.39085527687993,111.95300025939942,105.5151452419189,11.500995958239185
2022-07-20,118.62000274658205,123.4800033569336,118.31999969482422,122.7699966430664,122.7699966430664,71268300,0.03857539627705431,112.65750007629394,112.11495025634765,62.46877748118816,0.8102127183251753,-0.4999605851926409,1.3101733035178162,120.44978303258254,112.65750007629394,104.86521712000534,13.83358045582675
2022-07-21,123.1999969482422,124.8499984741211,121.26000213623048,124.62999725341795,124.62999725341795,60239900,0.01515028639903937,113.44150009155274,112.43177017211914,64.30929022038347,1.5561296117512882,-0.0887425458038551,1.6448721575551433,122.61646992352001,113.44150009155274,104.26653025958547,16.175684955792427
2022-07-22,125.01000213623048,125.5,121.3499984741211,122.41999816894533,122.41999816894533,51463800,-0.01773248120979176,113.94049987792968,112.70299011230469,60.51218491677179,1.9465075401841574,0.31830747139374743,1.62820006879041,123.89570727440275,113.94049987792968,103.98529248145661,17.474396561606447
2022-07-25,122.6999969482422,123.63999938964844,120.02999877929688,121.13999938964844,121.13999938964844,50221300,-0.010455798059483934,114.17449989318848,113.01835006713867,58.362785715205845,2.1280686066741765,0.6802596984498332,1.4478089082243433,124.56604037916657,114.17449989318848,103.7829594072104,18.202909573853155
2022-07-26,115.79000091552734,118.1500015258789,114.52999877929688,114.80999755859376,114.80999755859376,67075100,-0.052253606265046604,114.25399971008301,113.17594009399414,49.07857197564913,1.7411084003736903,0.8924294388346047,0.8486789615390856,124.63944099592005,114.25399971008301,103.86855842424596,18.179567126209804
2022-07-27,117.30999755859376,121.9000015258789,117.16000366210938,120.97000122070312,120.97000122070312,61582000,0.05365389594199388,114.93249969482422,113.33424011230468,56.35481611928963,1.9094890619262088,1.0958413634529256,0.8136476984732832,125.2107008419467,114.93249969482422,104.65429854770173,17.885630564746776
2022-07-28,121.56999969482422,122.83999633789062,118.08000183105467,122.27999877929688,122.27999877929688,82245500,0.010829110898360028,115.60049972534179,113.56363006591796,57.737848937596574,2.1241519032933383,1.3015034714210083,0.8226484318723299,125.9650371630257,115.60049972534179,105.23596228765788,17.931648154306043
2022-07-29,134.89999389648438,137.64999389648438,132.41000366210938,134.9499969482422,134.9499969482422,148892900,0.10361464095050721,117.03749961853028,113.95526000976562,68.22527129470322,3.2788402864650124,1.6969708344298091,1.5818694520352032,129.54382080517954,117.03749961853028,104.53117843188102,21.37147705207667
2022-08-01,134.9600067138672,138.8300018310547,133.50999450683594,135.38999938964844,135.38999938964844,76846900,0.0032604850044939404,118.32899971008301,114.52080993652343,68.51745114618313,4.181244880726325,2.1938256436891126,1.9874192370372126,132.67878792581004,118.32899971008301,103.97921149435597,24.25405141746376
2022-08-02,134.72000122070312,137.44000244140625,134.08999633789062,134.16000366210938,134.16000366210938,61922400,-0.009084834427092181,119.36199989318848,115.05763000488281,66.67182408206813,4.742488195620524,2.7035581540753952,2.038930041545129,135.08168035777985,119.36199989318848,103.64231942859712,26.33950583713104
2022-08-03,136.2100067138672,140.49000549316406,136.0500030517578,139.52000427246094,139.52000427246094,71827800,0.039952299225118226,120.62150001525879,115.69621002197266,70.41209366946825,5.555741688222426,3.2739948609048017,2.2817468273176242,138.4250900714909,120.62150001525879,102.8179099590267,29.519762320945976
2022-08-04,140.5800018310547,143.55999755859375,139.5500030517578,142.57000732421875,142.57000732421875,70585000,0.021860686341448332,121.93350028991699,116.39647018432618,72.31597843187343,6.372897896660746,3.893775468055991,2.4791224286047546,142.0020439165194,121.93350028991699,101.86495666331459,32.917194337710534
2022-08-05,140.10000610351562,142.86000061035156,139.60000610351562,140.8000030517578,140.8000030517578,50686900,-0.012414983387324718,123.19650039672851,117.1304702758789,69.52024078464598,6.799297458213417,4.474879866087476,2.3244175921259407,144.62963793317118,123.19650039672851,101.76336286028584,34.795042825764924
2022-08-08,142.0500030517578,144.22999572753906,138.2899932861328,139.41000366210938,139.41000366210938,52229000,-0.009872154542052702,124.57950057983399,117.78317031860351,67.31920990009803,6.945003175261775,4.968904527922335,1.9760986473394393,146.44499142708077,124.57950057983399,102.7140097325872,35.10287125165472
2022-08-09,138.0500030517578,138.9499969482422,136.2100067138672,137.8300018310547,137.8300018310547,40434700,-0.011333489631663474,126.01000061035157,118.31822036743164,64.80750933065178,6.8539747086455804,5.345918564066984,1.508056144578596,147.40735281128718,126.01000061035157,104.61264840941595,33.96135560240264
2022-08-10,142.89999389648438,144.60000610351562,141.00999450683594,142.69000244140625,142.69000244140625,54773800,0.0352608325167747,127.62450065612794,118.86909042358398,68.67860073846593,7.092240491938483,5.695182949641285,1.3970575422971985,148.93952628484791,127.62450065612794,106.30947502740796,33.40271737658161
2022-08-11,143.86000061035156,144.49000549316406,139.75999450683594,140.63999938964844,140.63999938964844,44867300,-0.014366830308238487,129.12500076293946,119.27770034790039,65.41022532668559,7.034559702732139,5.963058300259457,1.0715014024726823,149.65406132464898,129.12500076293946,108.59594020122995,31.797189452720794
2022-08-12,142.0500030517578,143.57000732421875,140.1199951171875,143.5500030517578,143.5500030517578,47643500,0.020691152408548463,130.62500076293946,119.71502044677734,67.75598402467074,7.14133932294979,6.198714504797524,0.9426248181522663,150.76308297084,130.62500076293946,110.48691855503894,30.833427123874202
2022-08-15,142.8000030517578,143.75999450683594,141.49000549316406,143.17999267578125,143.17999267578125,39014600,-0.0025775713556979163,132.096000289917,120.06840026855468,67.1325737570885,7.114099288023027,6.381791461442625,0.7323078265804019,151.37103401827179,132.096000289917,112.82096656156219,29.18337222330884
2022-08-16,143.91000366210938,146.57000732421875,142.0,144.77999877929688,144.77999877929688,59102900,0.0111747882760318,133.42450027465821,120.5170002746582,68.48297828257842,7.13932083828368,6.533297336810836,0.6060235014728441,152.34749776531984,133.42450027465821,114.50150278399659,28.36510153938458
2022-08-17,142.69000244140625,143.3800048828125,140.77999877929688,142.10000610351562,142.10000610351562,48149800,-0.01851079360669594,134.39100074768066,120.86320037841797,63.75769908299639,6.86393294098076,6.5994244576448216,0.26450848333593857,153.01068205871186,134.39100074768066,115.77131943664946,27.709714500883408
2022-08-18,141.32000732421875,142.77000427246094,140.3800048828125,142.3000030517578,142.3000030517578,37458700,0.0014074379989574837,135.27450103759764,121.24920043945312,63.95756255773112,6.585905906874075,6.596720747490673,-0.010814840616598431,153.63274895839362,135.27450103759764,116.91625311680166,27.142214948098115
2022-08-19,140.47000122070312,141.11000061035156,137.91000366210938,138.22999572753906,138.22999572753906,47792800,-0.02860159688639219,136.06500091552735,121.59020034790039,57.06127094449787,5.968352450791571,6.471047088150853,-0.5026946373592827,153.47835922074236,136.06500091552735,118.65164261031234,25.59564647491631
2022-08-22,135.72000122070312,136.32000732421875,132.85000610351562,133.22000122070312,133.22000122070312,50461500,-0.036243902638259384,136.66900100708008,121.93160034179688,49.925040277044154,5.016841178947516,6.180205906310187,-1.163364727362671,152.75730276850385,136.66900100708008,120.58069924565632,23.543454101329555
2022-08-23,133.41000366210938,134.99000549316406,132.9499969482422,133.6199951171875,133.6199951171875,36252100,0.003002506326521548,137.60950088500977,122.41100021362304,50.45776618913137,4.246091505524902,5.793383026153131,-1.547291520628229,150.32136048603678,137.60950088500977,124.89764128398275,18.475264453795802
2022-08-24,132.75,135.47000122070312,132.10000610351562,133.8000030517578,133.8000030517578,38627000,0.001347163157822573,138.2510009765625,123.01360031127929,50.71189173843252,3.6081989014070928,5.356346201203923,-1.7481472997968304,148.61792674937448,138.2510009765625,127.8840752037505,14.997252388168212
2022-08-25,135.25999450683594,137.4199981689453,134.27999877929688,137.27999877929688,137.27999877929688,37496300,0.026008936084948253,139.0010009765625,123.71300033569337,55.46765330281819,3.3449129146067094,4.9540595438844806,-1.6091466292777712,146.3764424410039,139.0010009765625,131.6255595121211,10.612069571621282
2022-08-26,136.5500030517578,137.8300018310547,130.5,130.75,130.75,53322700,-0.04756700784791723,138.7910011291504,124.17460037231446,46.41710228961855,2.5796044705928978,4.479168529226165,-1.899564058633267,146.82557726901626,138.7910011291504,130.75642498928454,11.577949686218314
2022-08-29,129.89999389648438,131.9499969482422,128.77000427246094,129.7899932861328,129.7899932861328,48101600,-0.007342307563037775,138.5110008239746,124.69720016479492,45.24818903300627,1.8740249037141439,3.958139804123761,-2.084114900409617,147.3501794586273,138.5110008239746,129.6718221893219,12.763143117976453
2022-08-30,131.25,132.07000732421875,126.8499984741211,128.72999572753906,128.72999572753906,49203000,-0.008167020675137082,138.2395004272461,125.14740005493164,43.9326405911184,1.2153057807877872,3.4095729994565667,-2.1942672186687795,147.8926660195476,138.2395004272461,128.5863348349446,13.96585717174498
2022-08-31,129.4499969482422,130.58999633789062,126.73999786376952,126.7699966430664,126.7699966430664,53648700,-0.015225659516225343,137.60200004577638,125.50919998168945,41.52835497913183,0.5290124580153588,2.8334608911683254,-2.3044484331529667,148.4435840812592,137.60200004577638,126.76041601029355,15.757887286341946
2022-09-01,126.0,128.02000427246094,123.66000366210938,127.81999969482422,127.81999969482422,56636100,0.008282741023605045,136.86449966430663,125.88660003662109,43.31798560093001,0.06905055446759434,2.2805788238281792,-2.211528269360585,148.24718845286782,136.86449966430663,125.48181087574544,16.63351536224513
2022-09-02,129.5,131.3800048828125,126.38999938964844,127.51000213623048,127.51000213623048,57429800,-0.002425266463259801,136.19999961853028,126.18800003051757,42.900508246313585,-0.31683450916239053,1.7610961572300654,-2.077930666392456,148.12489166130857,136.19999961853028,124.275107575752,17.51085473741202
2022-09-06,127.91999816894533,128.6199951171875,124.73999786376952,126.11000061035156,126.11000061035156,43888600,-0.010979542799969266,135.53499946594238,126.38100006103515,40.97968161227033,-0.7272364954478974,1.263429626694473,-1.9906661221423703,148.13400499118913,135.53499946594238,122.93599394069562,18.59151595512813
2022-09-07,126.12000274658205,129.82000732421875,125.4000015258789,129.47999572753906,129.47999572753906,47900300,0.026722663554652915,135.1174991607666,126.70619995117187,47.11761551076629,-0.771657398483427,0.8564122216588931,-1.6280696201423202,147.9361153532092,135.1174991607666,122.29888296832402,18.974028193329183
2022-09-08,127.72000122070312,130.27999877929688,127.0999984741211,129.82000732421875,129.82000732421875,43988500,0.0026259778181887405,134.47399940490723,127.15460006713867,47.708497727026526,-0.7705428515711787,0.5310212070128788,-1.3015640585840575,146.99616679360574,134.47399940490723,121.95183201620873,18.62392350062215
2022-09-09,130.91000366210938,133.69000244140625,130.75999450683594,133.27000427246094,133.27000427246094,49387600,0.02657523304266962,134.10549964904786,127.64160018920899,53.398348334814834,-0.48567508416965666,0.32768194877637175,-0.8133570329460285,146.30990530945326,134.10549964904786,121.90109398864246,18.20120083418525
2022-09-12,134.10000610351562,136.49000549316406,134.0,136.4499969482422,136.4499969482422,53826900,0.023861278411006825,133.75049934387206,128.24640014648438,57.9411070892173,-0.003278698716769668,0.2614898192777435,-0.2647685179945132,145.22669301901806,133.75049934387206,122.27430566872607,17.16059937188083
2022-09-13,131.00999450683594,131.39999389648438,126.2699966430664,126.81999969482422,126.81999969482422,72694000,-0.0705752837581286,132.93249969482423,128.59160018920898,43.964415178832546,-0.39350035769479064,0.13049178388323668,-0.5239921415780273,143.92567138200695,132.93249969482423,121.93932800764149,16.539479378511608
2022-09-14,127.36000061035156,128.83999633789062,126.33000183105467,128.5500030517578,128.5500030517578,45316800,0.01364140798846103,132.12099990844726,128.89260025024413,46.462906574924226,-0.5567392773359359,-0.006954428360597828,-0.5497848489753381,141.81555016024836,132.12099990844726,122.42644965664617,14.675260191065611
2022-09-15,127.37999725341795,130.3699951171875,125.5,126.27999877929688,126.27999877929688,52887200,-0.0176585314552421,131.32999954223632,129.131600189209,43.708999826181014,-0.85937137255209,-0.17743781719889626,-0.6819335553531937,140.1837515252781,131.32999954223632,122.47624755919453,13.483213300696578
2022-09-16,122.77999877929688,123.87000274658205,120.6999969482422,123.52999877929688,123.52999877929688,115667800,-0.021777003694830932,130.3914993286133,129.27560012817383,40.571695047453645,-1.3060561038747096,-0.40316147453405893,-0.9028946293406507,138.32658600450543,130.3914993286133,122.45641265272116,12.171171766181004
2022-09-19,122.16000366210938,124.70999908447266,121.8000030517578,124.66000366210938,124.66000366210938,47279700,0.009147615105472573,129.7129997253418,129.45800018310547,42.40119182549583,-1.5509961038162317,-0.6327284003904935,-0.9182677034257382,137.15650407901805,129.7129997253418,122.26949537166554,11.476882609202397
2022-09-20,123.3499984741211,124.4000015258789,121.13999938964844,122.19000244140624,122.19000244140624,47698400,-0.019813903001303257,129.16149978637696,129.6668002319336,39.536130031457915,-1.922262627315746,-0.8906352457755441,-1.031627381540202,137.10180419248195,129.16149978637696,121.22119538027196,12.295156713475201
2022-09-21,122.48999786376952,123.76000213623048,118.4499969482422,118.54000091552734,118.54000091552734,58498900,-0.02987152347123634,128.40750007629396,129.85320022583008,35.69751567095891,-2.482403043776486,-1.2089888053757325,-1.2734142384007536,137.31603437437622,128.40750007629396,119.49896577821171,13.875411160234725
2022-09-22,117.08000183105467,118.79000091552734,116.26000213623048,117.30999755859376,117.30999755859376,55229200,-0.010376272544574183,127.58299980163574,129.99140014648438,34.48251316942054,-2.9910899279523733,-1.5654090298910606,-1.4256808980613127,137.35325441891442,127.58299980163574,117.81274518435707,15.315919256435933
2022-09-23,116.0,116.0500030517578,112.05999755859376,113.77999877929688,113.77999877929688,65126700,-0.0300912015408894,126.40799980163574,130.05440017700195,31.200408676380675,-3.6371426323879064,-1.9797557503904297,-1.6573868819974766,136.85948701142738,126.40799980163574,115.9565125918441,16.536116742915812
2022-09-26,113.3000030517578,117.33999633789062,113.12999725341795,115.1500015258789,115.1500015258789,62723300,0.012040804722097675,125.62799987792968,130.08640014648438,33.83266805610161,-3.9925723938862916,-2.3823190790896023,-1.6102533147966893,136.95839692584377,125.62799987792968,114.29760283001559,18.0380123203802
2022-09-27,117.1999969482422,118.31999969482422,113.0500030517578,114.41000366210938,114.41000366210938,60094700,-0.006426381710496365,124.85900039672852,130.09940017700194,33.09609921212433,-4.284574772866506,-2.762770217844983,-1.521804555021523,137.01287658700932,124.85900039672852,112.70512420644772,19.468161929316945
2022-09-28,114.37999725341795,118.6999969482422,113.8000030517578,118.01000213623048,118.01000213623048,55763800,0.0314657666190894,124.32300071716308,130.09540023803712,39.945876678761735,-4.177345137119204,-3.0456852016998273,-1.1316599354193766,136.69039164196715,124.32300071716308,111.95560979235901,19.895579825876457
2022-09-29,115.5999984741211,116.06999969482422,113.05999755859376,114.8000030517578,114.8000030517578,58969700,-0.027201076403397306,123.72450103759766,129.93600036621095,36.3702019096053,-4.301796544487431,-3.296907470257348,-1.0048890742300824,136.70369553941288,123.72450103759766,110.74530653578243,20.980799102792222
2022-09-30,114.08000183105467,116.91999816894533,112.83999633789062,113.0,113.0,59479600,-0.015679468675155572,122.98350105285644,129.7034004211426,34.50501935526353,-4.4938678729704264,-3.5362995507999644,-0.9575683221704621,136.61843884725874,122.98350105285644,109.34856325845412,22.17360487817341
2022-10-03,113.58000183105467,116.91000366210938,112.4499969482422,115.87999725341795,115.87999725341795,50941900,0.02548670135768094,122.40200080871583,129.57260040283202,39.82258293430026,-4.363395567401312,-3.7017187541202343,-0.661676813281078,136.20609691659797,122.40200080871583,108.59790470083368,22.555343894181185
2022-10-04,119.88999938964844,123.0,119.79000091552734,121.08999633789062,121.08999633789062,62812600,0.04496029692750958,122.15100059509277,129.57160034179688,48.04112314941014,-3.7958359073832213,-3.7205421847728317,-0.07529372261038958,135.8584979438869,122.15100059509277,108.44350324629863,22.443528554026127
2022-10-05,118.58000183105467,121.75,117.69000244140624,120.9499969482422,120.9499969482422,48217500,-0.001156159830559167,121.72450065612793,129.69440032958985,47.8520044577255,-3.3190773113024363,-3.640249210078753,0.3211718987763166,135.0178645192408,121.72450065612793,108.43113679301507,21.841722564410677
2022-10-06,120.7699966430664,121.52999877929688,119.5,120.3000030517578,120.3000030517578,42253800,-0.005374071210291542,121.24850044250488,129.68100036621092,46.92831897119445,-2.959575618807122,-3.504114491824427,0.5445388730173049,134.01978115455515,121.24850044250488,108.47721973045459,21.066290577517403
2022-10-07,118.0,118.16999816894533,113.87999725341795,114.55999755859376,114.55999755859376,54678000,-0.04771409266460669,120.31300010681153,129.52660034179686,39.64966291880043,-3.102079567232053,-3.423707506905952,0.321627939673899,132.13031244137153,120.31300010681153,108.49568777225153,19.64428170533329
2022-10-10,115.0999984741211,116.25,112.43000030517578,113.66999816894533,113.66999816894533,42339700,-0.007768849586377025,119.17400016784669,129.10100036621094,38.64871081618497,-3.249373728081295,-3.388840751141021,0.13946702305972591,128.72412838195584,119.17400016784669,109.62387195373753,16.02720090063032
2022-10-11,112.70999908447266,115.4800033569336,110.38999938964844,112.20999908447266,112.20999908447266,56432200,-0.01284419027000161,118.4435001373291,128.63740036010742,36.99862351625793,-3.4442123995526686,-3.3999150808233507,-0.04429731872931786,127.7750395704621,118.4435001373291,109.1119607041961,15.756946429839655
2022-10-12,112.48999786376952,113.83000183105467,111.4000015258789,112.9000015258789,112.9000015258789,45728700,0.006149206372302096,117.66100006103515,128.2122003173828,38.33851195002833,-3.5025705667807188,-3.4204461780148243,-0.08212438876589445,126.04826408774095,117.66100006103515,109.27373603432936,14.256659423861784
2022-10-13,107.87999725341795,113.44000244140624,105.3499984741211,112.52999877929688,112.52999877929688,86868100,-0.00327726077574253,116.97350006103515,127.67240020751953,37.87336360381813,-3.5378933320937733,-3.443935608830614,-0.09395772326315921,124.6457604778375,116.97350006103515,109.30123964423281,13.117946223373783
2022-10-14,114.0999984741211,114.95999908447266,106.5999984741211,106.9000015258789,106.9000015258789,67737300,-0.05003107895219994,116.14200019836426,126.95900009155274,31.592394089621678,-3.974366580607793,-3.55002180318605,-0.4243447774217426,124.3758055929427,116.14200019836426,107.90819480378582,14.178859293822295
2022-10-17,110.11000061035156,114.19000244140624,110.08999633789062,113.79000091552734,113.79000091552734,62782000,0.06445275295885255,115.59850006103515,126.41880004882813,43.86234346885492,-3.721411293168373,-3.584299701182515,-0.1371115919858581,122.89295584623936,115.59850006103515,108.30404427583095,12.620329470283417
2022-10-18,119.05999755859376,119.5199966430664,114.79000091552734,116.36000061035156,116.36000061035156,65607400,0.022585461588422673,115.30699996948242,125.95779998779297,47.635249509032526,-3.275803484981509,-3.522600457942314,0.24679697296080505,121.9624933306114,115.30699996948242,108.65150660835344,11.543953728551507
2022-10-19,114.70999908447266,116.58999633789062,113.22000122070312,115.06999969482422,115.06999969482422,47198100,-0.01108629175628062,115.13349990844726,125.50259994506835,45.96533673497461,-2.9922555204329484,-3.4165314704404413,0.42427595000749285,121.62163967250342,115.13349990844726,108.6453601443911,11.270637597598347
2022-10-20,113.83000183105467,118.23999786376952,113.51000213623048,115.25,115.25,48795100,0.0015642678860967596,115.03050003051757,124.95379989624024,46.24849152026533,-2.721643780041177,-3.2775539323605885,0.5559101523194117,121.44211509604982,115.03050003051757,108.61888496498533,11.147678335452328
2022-10-21,114.79000091552734,119.58999633789062,114.5,119.31999969482422,119.31999969482422,55660500,0.03531453097461368,115.30750007629395,124.52739990234375,52.33113157492996,-2.1539378108589062,-3.052830708060252,0.8988928972013457,121.95348400986441,115.30750007629395,108.66151614272349,11.527409629335654
2022-10-24,119.9800033569336,120.38999938964844,116.56999969482422,119.81999969482422,119.81999969482422,49531500,0.004190412347291339,115.5409999847412,124.05279983520508,53.03427321733494,-1.6447215921450749,-2.771208884877217,1.126487292732142,122.47054419912271,115.5409999847412,108.6114557703597,11.994952813800557
2022-10-25,119.6500015258789,121.31999969482422,118.9499969482422,120.5999984741211,120.5999984741211,50934600,0.006509754475742646,115.85049972534179,123.60119995117188,54.169981035392006,-1.1647976253781138,-2.4499266329773963,1.2851290075992825,123.09606976972684,115.85049972534179,108.60492968095674,12.508483021761382
2022-10-26,116.0,119.3499984741211,114.76000213623048,115.66000366210938,115.66000366210938,68802300,-0.040961814879887926,115.73299980163574,123.01880004882813,46.50058389011812,-1.1695884327111656,-2.19385899292415,1.0242705602129845,122.91057794173986,115.73299980163574,108.55542166153162,12.403684605784617
2022-10-27,113.91999816894533,114.12000274658205,109.7699966430664,110.95999908447266,110.95999908447266,129605400,-0.04063638620803933,115.54099960327149,122.39599990844727,40.60960127854758,-1.5349424112284709,-2.0620756765850143,0.5271332653565435,123.00775138934043,115.54099960327149,108.07424781720255,12.92485232377637
2022-10-28,97.91000366210938,103.95999908447266,97.66000366210938,103.41000366210938,103.41000366210938,223133400,-0.06804249715805744,115.06149978637696,121.61819992065429,33.309477200006796,-2.4059750216943314,-2.130855545606878,-0.2751194760874536,124.17048318987969,115.06149978637696,105.95251638287422,15.833242953402243
2022-10-31,103.55999755859376,104.87000274658205,100.73999786376952,102.44000244140624,102.44000244140624,99251400,-0.009380148789788323,114.38950004577637,120.90240005493165,32.50110763474174,-3.138368474603226,-2.3323581314061475,-0.8060103431970784,125.01464453726108,114.38950004577637,103.76435555429167,18.577132494210982
2022-11-01,103.98999786376952,104.58000183105467,96.05999755859376,96.79000091552734,96.79000091552734,153370000,-0.05515425020719411,113.1745002746582,120.17380004882813,28.207110886078794,-4.127128498466874,-2.691312204818293,-1.435816293648581,125.82194829806024,113.1745002746582,100.52705225125617,22.350349226563406
2022-11-02,97.31999969482422,97.73999786376952,92.01000213623048,92.12000274658205,92.12000274658205,135761800,-0.04824876665742572,111.73300056457519,119.34380020141602,25.238948633817003,-5.227300695900226,-3.1985099030346795,-2.0287907928655464,126.83971957883323,111.73300056457519,96.62628155031716,27.04074702715466
2022-11-03,92.47000122070312,93.5,89.0199966430664,89.30000305175781,89.30000305175781,136683300,-0.030612240672440283,110.1830005645752,118.45380020141602,23.62246510979574,-6.254645832554502,-3.809737088938644,-2.4449087436158576,127.63499553749097,110.1830005645752,92.73100559165943,31.678198784734747
2022-11-04,91.48999786376952,92.44000244140624,88.04000091552734,90.9800033569336,90.9800033569336,129101300,0.01881299269611514,109.00400085449219,117.52780029296875,26.637011821195642,-6.8542507348473265,-4.418639818120381,-2.4356109167269455,128.21158704025171,109.00400085449219,89.79641466873267,35.24198384497729
2022-11-07,91.9499969482422,92.0999984741211,89.04000091552734,90.52999877929688,90.52999877929688,77495700,-0.00494619214148917,107.84700088500976,116.72340026855468,26.3371525683891,-7.281813337026733,-4.991274521901651,-2.290538815125082,128.52259557326516,107.84700088500976,87.17140619675435,38.34245647739514
2022-11-08,90.79000091552734,91.72000122070312,88.2300033569336,89.9800033569336,89.9800033569336,88703400,-0.006075283660437414,106.73550109863281,115.9272004699707,25.952614017514975,-7.577688932688844,-5.50855740405909,-2.069131528629754,128.70314225758526,106.73550109863281,84.76785993968036,41.16276390299129
2022-11-09,89.47000122070312,89.4800033569336,85.87000274658203,86.13999938964844,86.13999938964844,90796200,-0.042676192754212194,105.39750099182129,115.0754005432129,23.38534101013869,-8.02946997018259,-6.01273991728379,-2.016730052898799,128.90603148546637,105.39750099182129,81.8889704981762,44.60927493047357
2022-11-10,92.94000244140624,98.69000244140624,91.6500015258789,96.62999725341795,96.62999725341795,173414900,0.12177847617944271,104.60250091552734,114.47260055541992,40.655607695052666,-7.455116594810804,-6.301215252789193,-1.1539013420216104,128.16777674477075,104.60250091552734,81.03722508628394,45.05681149683743
2022-11-11,97.87999725341795,101.19000244140624,96.66000366210938,100.79000091552734,100.79000091552734,111590500,0.04305085149903842,104.29700088500977,113.93200057983398,45.86698353947093,-6.58831389639046,-6.358634981509447,-0.22967891488101255,127.89361575394435,104.29700088500977,80.70038601607519,45.24888475930479
2022-11-14,98.7699966430664,100.12000274658205,97.29000091552734,98.48999786376952,98.48999786376952,99533100,-0.022819754250081536,103.53200073242188,113.35160049438477,43.58791100768571,-6.017590499803745,-6.290426085168307,0.2728355853645619,126.83822692288099,103.53200073242188,80.22577454196276,45.022265629143945
2022-11-15,103.20999908447266,103.79000091552734,97.33999633789062,98.94000244140624,98.94000244140624,111336300,0.004569038353104293,102.6610008239746,112.80820053100587,44.17240505021285,-5.465968208537674,-6.125534509842181,0.6595663013045066,125.27629187596165,102.6610008239746,80.04570977198756,44.05819321937811
2022-11-16,96.8499984741211,98.48999786376952,95.54000091552734,97.12000274658205,97.12000274658205,87958800,-0.018394983322362668,101.76350097656248,112.16100067138672,42.26506337554223,-5.116680426551213,-5.923763693183988,0.807083266632775,123.75379990143043,101.76350097656248,79.77320205169454,43.21844023415155
2022-11-17,95.37000274658205,96.97000122070312,94.02999877929688,94.8499984741211,94.8499984741211,82617900,-0.023373189953300733,100.74350090026854,111.46160049438477,39.94812796373984,-4.965795121355839,-5.732169978818358,0.7663748574625187,122.01775337528878,100.74350090026854,79.46924842524831,42.23449112827788
2022-11-18,95.9499969482422,95.98999786376952,92.4800033569336,94.13999938964844,94.13999938964844,72428200,-0.007485493894513584,99.48450088500975,110.67900039672851,39.223861220294374,-4.847627984464339,-5.555261579947554,0.7076335954832151,119.1303014328251,99.48450088500975,79.8387003371944,39.49519849433264
2022-11-21,93.97000122070312,95.0199966430664,90.58999633789062,92.45999908447266,92.45999908447266,84330300,-0.017845764989037338,98.11650085449217,109.79920043945313,37.491756464401625,-4.833820388914205,-5.410973341740884,0.5771529528266788,115.59889215462361,98.11650085449217,80.63410955436073,35.63598609383352
2022-11-22,92.62000274658205,93.3499984741211,90.87000274658205,93.1999969482422,93.1999969482422,62192000,0.008003437930963697,96.74650077819824,109.12680038452149,38.774274668221196,-4.708885031314509,-5.27055567965561,0.5616706483411011,110.95421958961865,96.74650077819824,82.53878196677783,29.371023648686023
2022-11-23,93.23999786376952,94.58000183105467,92.83000183105467,94.12999725341795,94.12999725341795,59414700,0.009978544373689502,95.67000045776366,108.43840026855469,40.42852749812366,-4.483150638123362,-5.11307467134916,0.629924033225798,106.94160025264188,95.67000045776366,84.39840066288545,23.563498988074937
2022-11-25,93.79000091552734,94.43000030517578,93.06999969482422,93.41000366210938,93.41000366210938,35088600,-0.007648928209040617,94.7925006866455,107.78100036621093,39.53786857361478,-4.312638557999662,-4.952987448679261,0.6403488906795989,103.63747915156942,94.7925006866455,85.94752222172157,18.661768390650803
2022-11-28,93.93000030517578,96.4000015258789,93.43000030517578,93.9499969482422,93.9499969482422,74943100,0.00578089353348199,94.31950035095215,107.18940032958984,40.59490895561308,-4.086823206781034,-4.779754600299616,0.6929313935185819,102.23331218711063,94.31950035095215,86.40568851479368,16.780860387750312
2022-11-29,94.04000091552734,94.41000366210938,91.44000244140624,92.41999816894533,92.41999816894533,65567300,-0.016285245651894598,93.8185001373291,106.54460021972656,38.539035518664456,-3.985380048399449,-4.620879689919583,0.6354996415201342,100.82974280818249,93.8185001373291,86.8072574664757,14.946396841967236
2022-11-30,92.47000122070312,96.54000091552734,91.52999877929688,96.54000091552734,96.54000091552734,102805800,0.04457912603558567,93.80600013732911,106.03160018920899,46.4095529964428,-3.5318231661976682,-4.4030683851752,0.8712452189775322,100.79686908988255,93.80600013732911,86.81513118477567,14.904950519836735
2022-12-01,96.98999786376952,97.2300033569336,94.91999816894533,95.5,95.5,68488000,-0.010772746070691896,93.975,105.57080017089844,44.848308627458415,-3.21918667150959,-4.166292042442079,0.9471053709324888,100.9580805926947,93.975,86.99191940730529,14.861570827762078
2022-12-02,94.4800033569336,95.36000061035156,93.77999877929688,94.12999725341795,94.12999725341795,72496400,-0.014345578498241363,94.21649971008301,105.10720016479492,42.80546502622024,-3.0468456292846184,-3.942402759810587,0.8955571305259684,100.86208558799385,94.21649971008301,87.57091383217218,14.107053219680637
2022-12-05,93.0500030517578,94.05999755859376,90.81999969482422,91.01000213623048,91.01000213623048,71535500,-0.03314559872755318,94.21799964904785,104.65180023193359,38.50403864838238,-3.1259872080659505,-3.7791196494616597,0.6531324413957091,100.86067578678443,94.21799964904785,87.57532351131128,14.100652025047959
2022-12-06,90.5,91.04000091552734,87.9000015258789,88.25,88.25,75503600,-0.03032636052572668,94.103999710083,104.11380020141601,35.140040702104,-3.3725400432427364,-3.697803728217875,0.32526368497513847,101.06649180743355,94.103999710083,87.14150761273245,14.797441381451792
2022-12-07,88.33999633789062,89.88999938964844,87.4800033569336,88.45999908447266,88.45999908447266,68086900,0.0023795930251859776,94.02799949645996,103.59480010986329,35.601061810660454,-3.510522650466143,-3.6603475126675287,0.14982486220138558,101.198959788081,94.02799949645996,86.85703920483891,15.252819011407388
2022-12-08,89.23999786376953,90.86000061035156,87.87999725341797,90.3499984741211,90.3499984741211,73305900,0.021365582288144003,94.23849945068359,103.04160003662109,39.7517268623056,-3.427853543555628,-3.6138487188451487,0.1859951752895208,100.68108121175943,94.23849945068359,87.79591768960775,13.672929426146776
2022-12-09,88.9000015258789,90.3000030517578,88.62999725341797,89.08999633789062,89.08999633789062,67398500,-0.01394579034322141,93.86149940490722,102.52739990234375,37.993625076052304,-3.42453343312782,-3.5759856617016834,0.1514522285738633,100.57684810192035,93.86149940490722,87.1461507078941,14.309059070202832
2022-12-12,89.20999908447266,90.58000183105467,87.87000274658203,90.5500030517578,90.5500030517578,61999800,0.01638799835988114,93.34949951171875,102.0783999633789,41.236738674439565,-3.2664384129328425,-3.5140762119479154,0.24763779901507288,99.40257373419662,93.34949951171875,87.29642528924087,12.968627050256428
2022-12-13,95.2300033569336,96.25,90.5199966430664,92.48999786376952,92.48999786376952,100212000,0.02142456926150338,93.04949951171875,101.61059997558594,45.32856061200569,-2.9505930028426093,-3.4013795701268545,0.45078656728424527,98.6300471101094,93.04949951171875,87.4689519133281,11.994793368421787
2022-12-14,92.5,93.45999908447266,89.87000274658203,91.58000183105467,91.58000183105467,70298000,-0.009838858835905628,92.68149948120117,101.02040008544923,43.788305740355206,-2.7421030573435274,-3.269524267570189,0.5274212102266618,97.5899712537413,92.68149948120117,87.77302770866105,10.592128526223775
2022-12-15,89.88999938964844,89.97000122070312,87.47000122070312,88.44999694824219,88.44999694824219,84802900,-0.03417782070573294,92.24799919128418,100.37040008544922,38.892975125582836,-2.7971941954550203,-3.1750582531471556,0.37786405769213527,97.04200228122042,92.24799919128418,87.45399610134794,10.393728063403222
2022-12-16,88.2699966430664,89.3499984741211,86.7300033569336,87.86000061035156,87.86000061035156,146144100,-0.006670394101153776,91.8984992980957,99.7216000366211,38.02992049314598,-2.855545146052677,-3.11115563172826,0.2556104856755832,96.89756832948935,91.8984992980957,86.89943026670205,10.879544431248913
2022-12-19,87.51000213623047,87.62999725341797,84.51000213623047,84.91999816894531,84.91999816894531,83531500,-0.033462353983410575,91.43749923706055,99.12880004882813,33.98310638295689,-3.103249987048457,-3.1095745027922996,0.006324515743842518,97.17122734583629,91.43749923706055,85.70377112828481,12.541305605724173
2022-12-20,85.33000183105469,86.61000061035156,84.33000183105469,85.19000244140625,85.19000244140625,74348300,0.0031795134041781026,91.07399940490723,98.55920013427735,34.670655560660194,-3.2404172568397343,-3.1357430536017867,-0.10467420323794752,97.39414588803662,91.07399940490723,84.75385292177783,13.879145583649095
2022-12-21,86.18000030517578,87.2300033569336,85.20999908447266,86.7699966430664,86.7699966430664,59267200,0.018546709195681466,90.75249938964843,98.05040008544921,38.69429549399153,-3.18491723552566,-3.1455778899865616,-0.039339345539098236,97.25878230486968,90.75249938964843,84.24621647442719,14.338520611506992
2022-12-22,85.5199966430664,85.68000030517578,82.25,83.79000091552734,83.79000091552734,81431300,-0.034343619255829294,90.23549957275391,97.46820007324219,34.39188696430806,-3.3428594166299916,-3.1850341953152475,-0.1578252213147442,97.2123427533548,90.23549957275391,83.25865639215301,15.46363285765531
2022-12-23,83.25,85.77999877929688,82.93000030517578,85.25,85.25,57433700,0.01742450254827599,89.82749938964844,96.92260009765624,38.02756082127923,-3.3120408632736797,-3.210435528906934,-0.10160533436674557,96.9665490550002,89.82749938964844,82.68844972429667,15.895020375407343
2022-12-27,84.97000122070312,85.3499984741211,83.0,83.04000091552734,83.04000091552734,57284000,-0.025923742926365456,89.2819995880127,96.44540008544922,34.87698125606539,-3.426447440878121,-3.2536379113011717,-0.1728095295769494,96.73792205764289,89.2819995880127,81.8260771183825,16.701961210625154
2022-12-28,82.80000305175781,83.4800033569336,81.69000244140625,81.81999969482422,81.81999969482422,58228600,-0.01469172937442731,88.75199966430662,95.80600006103515,33.239776735639865,-3.574356424517404,-3.3177816139444185,-0.2565748105729857,96.72909573111086,88.75199966430662,80.77490359750239,17.97614948840952
2022-12-29,82.87000274658203,84.55000305175781,82.55000305175781,84.18000030517578,84.18000030517578,54995900,0.02884381103830358,88.13399963378905,95.16240005493164,39.1867850292287,-3.461243967858991,-3.3464740847273333,-0.11476988313165748,95.49310341334801,88.13399963378905,80.77489585423008,16.69980668104755
2022-12-30,83.12000274658203,84.05000305175781,82.47000122070312,84.0,84.0,62401200,-0.002138278742257471,87.55899963378906,94.54100006103516,38.902142302288475,-3.347537720259055,-3.3466868118336777,-0.0008509084253773835,94.29697460804857,87.55899963378906,80.82102465952954,15.3907079853373
2023-01-03,85.45999908447266,86.95999908447266,84.20999908447266,85.81999969482422,85.81999969482422,76706000,0.021666663033621747,87.14349975585938,93.95240005493164,43.38040888550448,-3.0751178899852647,-3.292373027463995,0.21725513747873038,93.19981615889009,87.14349975585938,81.08718335282867,13.899640064945842
2023-01-04,86.55000305175781,86.9800033569336,83.36000061035156,85.13999938964844,85.13999938964844,68885100,-0.007923564525679994,86.84999961853026,93.26880004882813,42.13767815535906,-2.8808845100983405,-3.210075323990864,0.3291908138925237,92.69356305732065,86.84999961853026,81.00643617973988,13.456680401743155
2023-01-05,85.33000183105469,85.41999816894531,83.06999969482422,83.12000274658203,83.12000274658203,67930800,-0.023725589118479662,86.59349975585937,92.53480010986328,38.600159646456724,-2.857016101256633,-3.139463479444018,0.28244737818738486,92.61634294361481,86.59349975585937,80.57065656810393,13.91061270126781
2023-01-06,83.02999877929688,86.4000015258789,81.43000030517578,86.08000183105469,86.08000183105469,83303400,0.035611152390083056,86.47449989318847,91.84440017700196,45.782897780351455,-2.5696319097987157,-3.0254971655149574,0.4558652557162417,92.43889158639928,86.47449989318847,80.51010819997765,13.79456764844644
2023-01-09,87.45999908447266,89.4800033569336,87.08000183105469,87.36000061035156,87.36000061035156,65266100,0.01486987397850048,86.32499999999999,91.2784001159668,48.58396808865547,-2.213081635979819,-2.86301405960793,0.649932423628111,92.03792323173043,86.32499999999999,80.61207676826955,13.235848784779481
2023-01-10,87.56999969482422,90.19000244140624,87.29000091552734,89.87000274658203,89.87000274658203,67756600,0.028731709234134817,86.36400032043456,90.85660018920899,53.6417905471581,-1.7082847366676503,-2.6320681950198743,0.923783458352224,92.16191164233442,86.36400032043456,80.5660889985347,13.426685425380924
2023-01-11,90.93000030517578,95.26000213623048,90.93000030517578,95.08999633789062,95.08999633789062,103126200,0.058083825879343465,86.59099998474122,90.69020004272461,62.01130021924868,-0.8769112129805876,-2.281036798612017,1.4041255856314292,93.30916475141943,86.59099998474122,79.872835218063,15.51700469531953
2023-01-12,96.93000030517578,97.19000244140624,93.5,95.2699966430664,95.2699966430664,85254800,0.0018929468094222024,86.72999992370606,90.54679992675781,62.26429628667003,-0.2011979012689551,-1.8650690191434045,1.6638711178744494,94.02121486387863,86.72999992370606,79.4387849835335,16.81359378896908
2023-01-13,94.18000030517578,98.37000274658205,94.12000274658205,98.12000274658205,98.12000274658205,85549400,0.029915043601747238,87.05699996948242,90.5733999633789,66.11248447870626,0.5578508828456137,-1.380485038745601,1.9383359215912146,95.65793179951183,87.05699996948242,78.45606813945301,19.75931133175837
2023-01-17,98.68000030517578,98.88999938964844,95.7300033569336,96.0500030517578,96.0500030517578,72755000,-0.02109661268732843,87.4370002746582,90.65199996948242,61.2285794765008,0.9810617678742233,-0.9081756774216362,1.8892374452958594,96.880789778246,87.4370002746582,77.99321077107041,21.601357489215882
2023-01-18,97.25,99.31999969482422,95.37999725341795,95.45999908447266,95.45999908447266,79570400,-0.00614267515397382,87.81700019836425,90.77519989013672,59.8709868202657,1.254391212966496,-0.4756622993440098,1.7300535123105059,97.88901472097426,87.81700019836425,77.74498567575425,22.938643997993484
2023-01-19,94.73999786376952,95.44000244140624,92.86000061035156,93.68000030517578,93.68000030517578,69002700,-0.01864654092151996,88.25500030517578,90.82919982910157,55.847794624944825,1.3122489529328618,-0.11808004888863549,1.4303290018214974,98.54453528340503,88.25500030517578,77.96546532694654,23.31773824179751
2023-01-20,93.86000061035156,97.3499984741211,93.1999969482422,97.25,97.25,67481500,0.03810845093076898,88.85800018310547,90.96359985351563,61.443840766511045,1.6274109875029552,0.23101815838968265,1.3963928291132726,99.75402038215368,88.85800018310547,77.96197998405727,24.524567684609817
2023-01-23,97.55999755859376,97.77999877929688,95.86000061035156,97.5199966430664,97.5199966430664,76501100,0.002776315095798454,89.39550018310547,91.11439971923828,61.83778731701858,1.8773250090488744,0.5602795285215211,1.3170454805273533,100.87163698761854,89.39550018310547,77.9193633785924,25.67497643842684
2023-01-24,96.93000030517578,98.08999633789062,96.0,96.31999969482422,96.31999969482422,66929500,-0.012305137300550828,90.02200012207031,91.31799972534179,58.954632687247305,1.9560063234025904,0.839424887497735,1.1165814359048554,101.5734987933079,90.02200012207031,78.47050145083271,25.663723657714122
2023-01-25,92.55999755859376,97.23999786376952,91.5199966430664,97.18000030517578,97.18000030517578,94261600,0.008928577793566816,90.61850013732911,91.32899978637695,60.3803325922229,2.0639645947516243,1.0843328289485128,0.9796317658031115,102.35335713560778,90.61850013732911,78.88364313905043,25.899473022605573
2023-01-26,98.23999786376952,99.48999786376952,96.91999816894533,99.22000122070312,99.22000122070312,68523600,0.02099198301215366,91.4275001525879,91.29759979248047,63.60934786233838,2.2877614377052993,1.3250185506998702,0.9627428870054291,103.19182668485415,91.4275001525879,79.66317362032164,25.73476582566992
2023-01-27,99.52999877929688,103.48999786376952,99.52999877929688,102.23999786376952,102.23999786376952,87775600,0.03043737760442844,92.44850006103516,91.37259979248047,67.79397852302085,2.67794090228449,1.5956030210167942,1.082337881267696,104.24472080529321,92.44850006103516,80.65227931677711,25.519550314975586
2023-01-30,101.08999633789062,101.73999786376952,99.01000213623048,100.5500030517578,100.5500030517578,70691900,-0.01652968356145279,93.26700019836426,91.4047998046875,63.40035748008497,2.8183048179933508,1.8401433804121057,0.9781614375812451,104.92565820206447,93.26700019836426,81.60834219466405,25.00060681463771
2023-01-31,101.16000366210938,103.3499984741211,101.13999938964844,103.12999725341795,103.12999725341795,66527300,0.025658817736008643,94.22350006103515,91.52499969482422,66.92451811859587,3.1019706162681473,2.0925088275833144,1.009461788684833,105.82285444584426,94.22350006103515,82.62414567622605,24.620937191455187
2023-02-01,102.52999877929688,106.23999786376952,101.23999786376952,105.1500015258789,105.1500015258789,80450100,0.019586971068148662,95.19000015258788,91.73099975585937,69.40823256397391,3.450005749286376,2.364008211923927,1.085997537362449,107.04590398181033,95.19000015258788,83.33409632336544,24.9099775401148
2023-02-02,110.25,114.0,108.87999725341795,112.91000366210938,112.91000366210938,158154200,0.07379935352944922,96.57850036621093,92.10639984130859,76.65932103983296,4.302398052412656,2.7516861800216725,1.5507118723909832,109.82425161116957,96.57850036621093,83.33274912125229,27.43002054232106
2023-02-03,105.26000213623048,108.77999877929688,102.5199966430664,103.38999938964844,103.38999938964844,144374800,-0.08431497620839845,97.59200019836426,92.32499984741212,58.377991731831166,4.161766062444457,3.033702156506229,1.1280639059382276,109.60841690876394,97.59200019836426,85.57558348796458,24.625823194473455
2023-02-06,102.93000030517578,103.9499969482422,100.6500015258789,102.18000030517578,102.18000030517578,81945200,-0.011703250716856073,98.39700012207031,92.50459991455078,56.53265853556174,3.9076326269565413,3.2084882505962917,0.6991443763602496,109.32892121415382,98.39700012207031,87.4650790299868,22.220029225528183
2023-02-07,101.16999816894533,102.41000366210938,98.08000183105467,102.11000061035156,102.11000061035156,119501300,-0.0006850625818668465,99.1345001220703,92.66419998168945,56.42154514309029,3.6584097872924843,3.2984725579355305,0.3599372293569538,108.91843985228131,99.1345001220703,89.3505603918593,19.738718040971502
2023-02-08,102.04000091552734,102.66999816894533,98.77999877929688,100.0500030517578,100.0500030517578,75878300,-0.02017429777965285,99.6435001373291,92.79699996948243,53.11310033891456,3.2571281585249494,3.2902036780534143,-0.03307551952846488,108.4577272379339,99.6435001373291,90.8292730367243,17.691524461619657
2023-02-09,101.31999969482422,101.77999877929688,97.56999969482422,98.23999786376952,98.23999786376952,64622500,-0.01809100582487666,99.80100021362304,92.88279998779296,50.32103071608696,2.7612275721749455,3.184408456877721,-0.4231808847027754,108.3939309500472,99.80100021362304,91.20806947719888,17.220129493754737
2023-02-10,97.55999755859376,98.81999969482422,96.2300033569336,97.61000061035156,97.61000061035156,52740100,-0.006412838631079554,99.91800041198731,92.9866000366211,49.348634521381875,2.2909782997229513,3.005722425446767,-0.7147441257238158,108.3226300669062,99.91800041198731,91.51337075706842,16.823054144927777
2023-02-13,97.8499984741211,99.68000030517578,96.91000366210938,99.54000091552734,99.54000091552734,52841500,0.019772567289289666,99.98900032043457,93.0466000366211,52.38425655916677,2.0504015060526655,2.814658241567947,-0.7642567355152816,108.35557986593872,99.98900032043457,91.62242077493042,16.734999887371192
2023-02-14,98.41000366210938,100.91999816894533,97.5199966430664,99.6999969482422,99.6999969482422,56202900,0.0016073541414836079,100.17150001525879,93.13059997558594,52.637667952721095,1.8513122315013106,2.62198903955462,-0.7706768080533095,108.34340269640374,100.17150001525879,91.99959733411383,16.31582372211689
2023-02-15,99.08999633789062,101.16999816894533,98.4499969482422,101.16000366210938,101.16000366210938,47957600,0.014643999584324163,100.45650024414063,93.27120010375977,54.99162855026134,1.790700802899181,2.4557313922235324,-0.6650305893243513,108.34388717493474,100.45650024414063,92.56911331334652,15.703089220956926
2023-02-16,99.20999908447266,100.62999725341795,98.0999984741211,98.1500015258789,98.1500015258789,56339200,-0.02975486385196624,100.68000030517578,93.41400009155274,49.52649998828941,1.4826922391053614,2.261123561599898,-0.7784313224945367,108.02103977311502,100.68000030517578,93.33896083723654,14.582915068906392
2023-02-17,97.8000030517578,97.94000244140624,95.6500015258789,97.1999969482422,97.1999969482422,60029400,-0.009679109147911924,100.6775001525879,93.59300003051757,47.9082064811833,1.1486943696650371,2.038637723212926,-0.8899433535478889,108.02324311847926,100.6775001525879,93.33175718669654,14.592620902899009
2023-02-21,95.33999633789062,95.61000061035156,94.2699966430664,94.58000183105467,94.58000183105467,56580400,-0.02695468312187954,100.5305004119873,93.71540008544922,43.670176110580606,0.6649221336080728,1.7638946052919553,-1.0989724716838825,108.23215189070844,100.5305004119873,92.82884893326617,15.32201958044324
2023-02-22,95.0999984741211,97.01000213623048,94.8000030517578,95.79000091552734,95.79000091552734,59534100,0.012793392483054333,100.50400047302246,93.82420013427735,46.04407667626396,0.3748449852181466,1.4860846812771937,-1.1112396960590472,108.26682407980164,100.50400047302246,92.74117686624328,15.447790277488298
2023-02-23,96.12000274658205,96.43000030517578,93.66999816894533,95.81999969482422,95.81999969482422,48467000,0.000313172345862478,100.43600044250488,93.95880020141601,46.1047193153673,0.14569789140678324,1.2180073233031117,-1.0723094318963284,108.33670367501715,100.43600044250488,92.5352972099926,15.732811337972525
2023-02-24,93.52999877929688,94.13999938964844,92.31999969482422,93.5,93.5,57053800,-0.024212061179431754,100.15000038146972,94.01780014038086,42.158400918348704,-0.2205648830058351,0.9302928820413224,-1.1508577650471574,108.60102499596363,100.15000038146972,91.69897576697582,16.876734063512906
2023-02-27,94.27999877929688,94.77999877929688,93.13999938964844,93.76000213623048,93.76000213623048,47470300,0.0027807715104863906,99.72600059509277,94.04320022583008,42.74982260874612,-0.48426842607419474,0.6473806204182191,-1.1316490464924138,108.55739410795462,99.72600059509277,90.89460708223092,17.711315925962076
2023-02-28,93.13999938964844,94.69000244140624,92.91999816894533,94.2300033569336,94.2300033569336,43959300,0.005012811540044737,99.41000061035156,94.09620025634766,43.867150902335915,-0.6478620627118516,0.3883320837922049,-1.0361941465040565,108.5478060655057,99.41000061035156,90.27219515519742,18.38407685152477
2023-03-01,93.87000274658205,94.68000030517578,91.58999633789062,92.16999816894533,92.16999816894533,52299500,-0.021861457228067538,98.86200065612793,94.17060028076172,40.166938124824064,-0.9329815700855875,0.12406935301664646,-1.057050923102234,108.3495780498758,98.86200065612793,89.37442326238006,19.193577574357505
2023-03-02,91.41000366210938,92.2300033569336,90.38999938964844,92.12999725341795,92.12999725341795,55509400,-0.0004339906295109941,98.21100044250488,94.25600021362305,40.0962124790888,-1.1489244871288946,-0.13052941501246176,-1.0183950721164328,107.67012845015057,98.21100044250488,88.7518724348592,19.2628686502044
2023-03-03,92.73999786376952,94.94000244140624,92.66000366210938,94.9000015258789,94.9000015258789,55759600,0.030066258059702644,97.31050033569336,94.45560028076171,47.049263129991,-1.0840483749051941,-0.32123320699100827,-0.7628151679141859,104.03448014907369,97.31050033569336,90.58652052231304,13.819638764952435
2023-03-06,95.19000244140624,96.5500030517578,93.73999786376952,93.75,93.75,52112400,-0.012118034851298809,96.82850036621093,94.6268002319336,44.72810732375717,-1.1126036978780576,-0.47950730516841816,-0.6330963927096394,103.107511389223,96.82850036621093,90.54948934319886,12.96934476784107
2023-03-07,94.05999755859376,95.08999633789062,92.77999877929688,93.5500030517578,93.5500030517578,49100700,-0.0021333007812501803,96.39700050354004,94.76240036010742,44.318613582213764,-1.138251030005705,-0.6112560501358755,-0.5269949798698295,102.32179666121445,96.39700050354004,90.47220434586563,12.292490693124478
2023-03-08,93.5999984741211,94.16999816894533,92.18000030517578,93.91999816894533,93.91999816894533,44899100,0.003955051898638873,95.98750038146973,94.96500030517578,45.316047093274896,-1.1158582919254627,-0.7121764984937929,-0.40368179343166977,101.38489625162063,95.98750038146973,90.59010451131883,11.246039012789758
2023-03-09,93.68000030517578,96.20999908447266,92.18000030517578,92.25,92.25,56218700,-0.017781071140368865,95.59750022888184,95.10500030517578,41.686333951028,-1.2188170172550912,-0.8135046022460526,-0.4053124150090386,100.89055964042491,95.59750022888184,90.30444081733877,11.07363560526227
2023-03-10,92.66999816894533,93.56999969482422,90.25,90.7300033569336,90.7300033569336,69827500,-0.0164769283801236,95.22200050354004,95.25880035400391,38.65173958944331,-1.4068463260940973,-0.9321729470156617,-0.47467337907843565,100.77127290348623,95.22200050354004,89.67272810359385,11.65544174791809
2023-03-13,89.97000122070312,94.0199966430664,88.12000274658203,92.43000030517578,92.43000030517578,72397100,0.01873687738723384,94.96300048828125,95.47100036621094,43.5971065520631,-1.4025180072210617,-1.0262419590567418,-0.3762760481643199,100.52579153744846,94.96300048828125,89.40020943911405,11.715701948262828
2023-03-14,93.83000183105467,95.06999969482422,92.70999908447266,94.87999725341795,94.87999725341795,60912700,0.0265065123894086,94.73000030517578,95.68500030517578,49.869077683888676,-1.187702411010946,-1.0585340494475826,-0.12916836156336342,99.88160968871631,94.73000030517578,89.57839092163525,10.876405292820552
2023-03-15,93.22000122070312,96.66999816894533,93.06999969482422,96.1999969482422,96.1999969482422,70731800,0.013912307472971452,94.55500030517578,95.92900024414062,52.90749505192552,-0.9005654023018366,-1.0269403200184333,0.1263749177165967,99.23566093592969,94.55500030517578,89.87433967442188,9.900397896773512
2023-03-16,95.75,100.98999786376952,95.61000061035156,100.04000091552734,100.04000091552734,84446900,0.039916882423095545,94.49900016784667,96.2134002685547,60.42254867872022,-0.3590125530477053,-0.8933547666242877,0.5343422135765824,98.8793965367677,94.49900016784667,90.11860379892565,9.270778232871628
2023-03-17,99.79000091552734,100.66000366210938,97.45999908447266,98.9499969482422,98.9499969482422,87300200,-0.010895681300578275,94.53899993896485,96.48960021972657,57.612103531615816,-0.01757958246908231,-0.7181997297932466,0.7006201473241643,99.06423857429075,94.53899993896485,90.01376130363894,9.573273756327943
2023-03-20,98.41000366210938,98.4800033569336,95.6999969482422,97.70999908447266,97.70999908447266,62388900,-0.012531560404374309,94.56450004577637,96.78140014648437,54.50612179903593,0.15120801027578068,-0.5443181817794412,0.6955261920552219,99.15471243567102,94.56450004577637,89.97428765588172,9.708109042341757
2023-03-21,98.13999938964844,100.8499984741211,98.0,100.61000061035156,100.61000061035156,58597300,0.029679680207260972,94.86599998474121,97.0720001220703,59.94493980013609,0.5130649865958503,-0.33284154810438293,0.8459065347002332,100.15901503155018,94.86599998474121,89.57298493793223,11.15892953779085
2023-03-22,100.4499969482422,102.0999984741211,98.61000061035156,98.6999969482422,98.6999969482422,57475400,-0.018984232685839375,95.01149978637696,97.29880004882813,55.25921345310215,0.6383593056915089,-0.13860137734520458,0.7769606830367135,100.5523010385291,95.01149978637696,89.47069853422482,11.663432878356884
2023-03-23,100.43000030517578,101.05999755859376,97.62000274658205,98.70999908447266,98.70999908447266,57559300,0.0001013387693993284,95.15599975585937,97.47559997558594,55.27892768453053,0.7300475117968972,0.03512840048321578,0.6949191113136814,100.91985285446799,95.15599975585937,89.39214665725075,12.1145342666713
2023-03-24,98.06999969482422,98.3000030517578,96.4000015258789,98.12999725341795,98.12999725341795,56095400,-0.00587581639584811,95.38749961853027,97.53639999389648,53.79856473243782,0.7472954188118877,0.17756180414895018,0.5697336146629375,101.23797814438522,95.38749961853027,89.53702109267532,12.26676147137087
2023-03-27,99.06999969482422,99.33999633789062,97.08000183105467,98.04000091552734,98.04000091552734,46721300,-0.0009171134251455548,95.60149955749512,97.5918000793457,53.55889105993335,0.7451133541193968,0.2910721141430395,0.4540412399763573,101.51101037490787,95.60149955749512,89.69198874008237,12.362799422113142
2023-03-28,98.11000061035156,98.44000244140624,96.29000091552734,97.23999786376952,97.23999786376952,38720100,-0.008159965772002842,95.75199928283692,97.57419998168945,51.368130610997234,0.6710945317372676,0.36707659766188516,0.30401793407538247,101.66744114343437,95.75199928283692,89.83655742223947,12.35575633909039
2023-03-29,98.69000244140624,100.41999816894533,98.55999755859376,100.25,100.25,49783300,0.0309543624265336,96.15599937438965,97.6581999206543,58.28234780729415,0.8455689064735026,0.4627750594242087,0.38279384704929387,102.14096752840241,96.15599937438965,90.17103122037689,12.448454995948612
2023-03-30,101.5500030517578,103.04000091552734,101.01000213623048,102.0,102.0,53633400,0.0174563591022443,96.64949951171874,97.78899993896485,61.69241369898048,1.1122303806232736,0.5926661236640217,0.5195642569592519,102.84904822990669,96.64949951171874,90.4499507935308,12.828930826354142
2023-03-31,102.16000366210938,103.48999786376952,101.9499969482422,103.29000091552734,103.29000091552734,56750300,0.012647067799287592,97.06899948120117,97.98119995117187,64.02672888731334,1.4113842538525034,0.7564097497017181,0.6549745041507853,103.84672672194411,97.06899948120117,90.29127224045824,13.96476171994652
2023-04-03,102.3000030517578,103.29000091552734,101.43000030517578,102.41000366210938,102.41000366210938,41135700,-0.008519675143944028,97.50199966430664,98.08440002441407,61.28330529271209,1.5594807069206524,0.917023941145505,0.6424567657751474,104.47980329700405,97.50199966430664,90.52419603160922,14.313149795330482
2023-04-04,102.75,104.1999969482422,102.11000061035156,103.9499969482422,103.9499969482422,48662500,0.015037527888524194,98.02199935913086,98.21300003051758,64.17615546305774,1.7805872988801354,1.089736612692431,0.6908506861877044,105.28834804025165,98.02199935913086,90.75565067801007,14.825954844072298
2023-04-05,103.91000366210938,103.91000366210938,100.75,101.0999984741211,101.0999984741211,45175400,-0.027417013542964774,98.38099937438965,98.30860000610352,55.85805836367406,1.7061770604697273,1.2130247022478904,0.4931523582218369,105.50938152389053,98.38099937438965,91.25261722488877,14.49137982909437
2023-04-06,100.75,102.37999725341795,99.8000030517578,102.05999755859376,102.05999755859376,43808000,0.009495540049077267,98.87149925231934,98.40619995117187,57.840309073951175,1.7050159509554703,1.3114229519894065,0.3935929989660638,105.58273210556246,98.87149925231934,92.16026639907622,13.57566721248173
2023-04-10,100.95999908447266,102.1999969482422,99.56999969482422,102.16999816894533,102.16999816894533,37261200,0.0010778033801970288,99.44349899291993,98.46519989013672,58.07264351307923,1.6934508460255557,1.3878285307966365,0.30562231522891925,105.15761655691372,99.44349899291993,93.72938142892613,11.492189277049922
2023-04-11,100.8000030517578,101.0,99.01000213623048,99.91999816894533,99.91999816894533,60417800,-0.02202212039075757,99.8179988861084,98.41879989624023,51.786234783355106,1.4856041017525428,1.4073836449878177,0.07822045676472511,104.54004466940013,99.8179988861084,95.09595310281667,9.461311258462619
2023-04-12,100.4000015258789,100.51000213623048,97.70999908447266,97.83000183105467,97.83000183105467,56735000,-0.020916697119598426,99.96549911499024,98.36439987182617,46.726350641880416,1.1391078950772737,1.353728495005709,-0.21462059992843519,104.22276884366758,99.96549911499024,95.7082293863129,8.51747806266682
2023-04-13,98.9499969482422,102.56999969482422,98.70999908447266,102.4000015258789,102.4000015258789,67925100,0.04671368301429957,100.27549934387207,98.3497999572754,56.69095711714232,1.2192136017412878,1.3268255163528249,-0.10761191461153707,104.28667174845077,100.27549934387207,96.26432693929337,8.000304024063338
2023-04-14,102.06999969482422,103.1999969482422,101.11000061035156,102.51000213623048,102.51000213623048,51450500,0.001074224694457504,100.39899940490723,98.29699996948243,56.89992969013968,1.2768552883950832,1.3168314707612767,-0.03997618236619349,104.52404530075034,100.39899940490723,96.27395350906411,8.217304794456934
2023-04-17,103.16000366210938,103.7300033569336,101.58999633789062,102.73999786376952,102.73999786376952,39919500,0.0022436418178333195,100.5884994506836,98.09359985351563,57.363168549610215,1.3258123341138912,1.3186276434317998,0.007184690682091377,104.77759191879773,100.5884994506836,96.39940698256947,8.32916782930627
2023-04-18,103.9499969482422,104.1999969482422,101.5199966430664,102.3000030517578,102.3000030517578,39790500,-0.004282604839014548,100.81799964904785,98.07179992675782,56.12048404272847,1.3139607201534602,1.317694258776132,-0.0037335386226717837,104.85117586461998,100.81799964904785,96.78482343347572,8.000905055866612
2023-04-19,101.58000183105467,105.12000274658205,101.38999938964844,104.3000030517578,104.3000030517578,58398900,0.019550341547772243,101.00249977111817,98.11419998168945,60.32759007361293,1.4492455158237192,1.3440045101856495,0.1052410056380697,105.30907219300524,101.00249977111817,96.6959273492311,8.5276551207073
2023-04-20,103.52999877929688,105.25,103.20999908447266,103.80999755859376,103.80999755859376,57696900,-0.004698039106680318,101.25799980163575,98.14819992065429,58.83910887779853,1.4996335014004671,1.375130308428613,0.12450319297185408,105.59407520204641,101.25799980163575,96.92192440122508,8.564410533301128
2023-04-21,106.0999984741211,108.1500015258789,105.08000183105467,106.95999908447266,106.95999908447266,86774200,0.030343912917452087,101.67049980163574,98.2863998413086,64.84419123585022,1.773303600410756,1.4547649668250417,0.3185386335857143,106.50009838862091,101.67049980163574,96.84090121465057,9.500491482599102
2023-04-24,107.66000366210938,109.2300033569336,105.06999969482422,106.20999908447266,106.20999908447266,69575600,-0.007011967150520215,102.07449989318847,98.44579986572266,62.50594259374565,1.9076798477788088,1.5453479430157953,0.3623319047630136,107.00263719895621,102.07449989318847,97.14636258742074,9.655961696456165
2023-04-25,104.91000366210938,105.4499969482422,102.4499969482422,102.56999969482422,102.56999969482422,65026800,-0.03427172037496595,102.30099983215332,98.54499984741211,52.59358196961022,1.700850120499453,1.576448378512527,0.1244017419869261,106.8699161178419,102.30099983215332,97.73208354646475,8.93230035519664
2023-04-26,105.04000091552734,106.62000274658205,104.0999984741211,104.9800033569336,104.9800033569336,73803800,0.023496184744855597,102.68800010681153,98.65379989624023,57.409405479643716,1.7116721349018462,1.603493129790391,0.10817900511145528,106.76090852312154,102.68800010681153,98.61509169050152,7.932588836229266
2023-04-27,108.16000366210938,110.86000061035156,106.8000030517578,109.81999969482422,109.81999969482422,149961200,0.046103983455159314,103.16650009155273,98.85619995117187,65.08131272091316,2.086741259921766,1.700142755816666,0.3865985041050999,108.13208653693667,103.16650009155273,98.2009136461688,9.626354370803195
2023-04-28,107.7300033569336,109.4800033569336,104.33000183105467,105.4499969482422,105.4499969482422,130715900,-0.039792412663683274,103.33899993896485,98.94199981689454,55.38126496597373,2.008214101621178,1.7617570249775683,0.2464570766436096,108.36978030023444,103.33899993896485,98.30821957769525,9.73646031844884
2023-05-01,104.9499969482422,105.2300033569336,101.81999969482422,102.0500030517578,102.0500030517578,74728100,-0.0322427121373291,103.27700004577636,99.01999984741211,49.23296975071504,1.6525797596248566,1.739921571907026,-0.08734181228216942,108.33913373726462,103.27700004577636,98.2148663542881,9.803022336521245
2023-05-02,101.47000122070312,103.9000015258789,101.1500015258789,103.62999725341795,103.62999725341795,73469400,0.015482549283793778,103.3379997253418,99.14859985351562,51.905072504087144,1.481155470619143,1.6881683516494495,-0.20701288103030646,108.38625670441235,103.3379997253418,98.28974274627126,9.770378742549918
2023-05-03,103.73999786376952,105.95999908447266,103.27999877929688,103.6500015258789,103.6500015258789,65051900,0.00019303553981608879,103.32299995422363,99.32999984741211,51.9395639224542,1.3315652092797166,1.616847723175503,-0.2852825138957864,108.36567379443382,103.32299995422363,98.28032611401345,9.760989987600627
2023-05-04,104.04000091552734,105.38999938964844,103.30999755859376,104.0,104.0,45345500,0.0033767339022539034,103.46800003051757,99.49419982910156,52.58032835245824,1.2271104359746658,1.5389002657353354,-0.3117898297606696,108.41246947288731,103.46800003051757,98.52353058814784,9.557485291899681
2023-05-05,104.2699966430664,105.76000213623048,103.5500030517578,105.66000366210938,105.66000366210938,56951700,0.015961573674128537,103.64800033569335,99.69099990844727,55.603657687816884,1.263710430664915,1.4838622987212515,-0.22015186805633657,108.63625247638036,103.64800033569335,98.65974819500634,9.625370725013786
2023-05-08,105.04000091552734,106.0999984741211,104.6999969482422,105.83000183105467,105.83000183105467,49430900,0.0016089169321718,103.83100051879883,99.93759994506836,55.91365001217938,1.2915454892051628,1.4453989368180338,-0.153853447612871,108.85733428956772,103.83100051879883,98.80466674802994,9.681759292801685
2023-05-09,105.4800033569336,106.79000091552734,105.16000366210938,106.62000274658205,106.62000274658205,44089400,0.007464810562779034,104.16600074768067,100.1947999572754,57.402185197143,1.36165513244309,1.4286501759430452,-0.06699504349995511,108.9942146380311,104.16600074768067,99.33778685733024,9.270229932405137
2023-05-10,108.0999984741211,110.66999816894533,108.0500030517578,110.19000244140624,110.19000244140624,78627600,0.033483395262233095,104.78400077819825,100.51399993896484,63.41387593783866,1.685853203143182,1.4800907813830726,0.2057624217601095,109.36796151614088,104.78400077819825,100.20004004025562,8.749352389484995
2023-05-11,111.02999877929688,113.27999877929688,110.48999786376952,112.18000030517578,112.18000030517578,74924800,0.01805969525073503,105.27300071716309,100.91419998168945,66.27132019595021,2.079388806606147,1.5999503864276876,0.4794384201784594,110.7374022030871,105.27300071716309,99.80859923123907,10.381392092366056
2023-05-12,112.16000366210938,112.63999938964844,109.31999969482422,110.26000213623048,110.26000213623048,49852700,-0.01711533396079612,105.66050071716309,101.2768000793457,61.29700281181287,2.2108554362227437,1.7221313963866989,0.48872403983604484,111.37943969204979,105.66050071716309,99.94156174227639,10.82512184982999
2023-05-15,111.1500015258789,112.29000091552734,109.25,111.1999969482422,111.1999969482422,53011100,0.008525256609829501,106.08350067138672,101.60279998779296,62.770353425830656,2.363646764245516,1.8504344699584625,0.5132122942870534,112.11855522531397,106.08350067138672,100.04844611745946,11.377932507378224
2023-05-16,111.0500030517578,114.79000091552734,111.0500030517578,113.4000015258789,113.4000015258789,71472900,0.0197842143706235,106.63850059509278,101.99580001831055,66.02979012592168,2.63191786488116,2.006731148943002,0.6251867159381579,113.19845866743087,106.63850059509278,100.07854252275469,12.303170122855164
2023-05-17,114.88999938964844,115.83000183105467,114.22000122070312,115.5,115.5,65655200,0.018518504813616277,107.19850044250488,102.43479995727539,68.83461773709465,2.9796296554528823,2.2013108502449783,0.778318805207904,114.70783934703076,107.19850044250488,99.689161537979,14.010156622579725
2023-05-18,116.69000244140624,118.5999984741211,116.33999633789062,118.1500015258789,118.1500015258789,73174100,0.022943736154795724,107.91550064086914,102.91940002441406,71.97879211515816,3.4294936626039316,2.446947412716769,0.9825462498871627,116.63470349905424,107.91550064086914,99.19629778268404,16.15931503149236
2023-05-19,118.16000366210938,118.30999755859376,115.6999969482422,116.25,116.25,55056300,-0.01608126535201726,108.3800006866455,103.39940002441406,66.77699347262815,3.5913015959130803,2.6758182493560314,0.9154833465570489,117.80717611625826,108.3800006866455,98.95282525703274,17.396522181004872
2023-05-22,116.7699966430664,116.7699966430664,114.25,115.01000213623048,115.01000213623048,70741100,-0.010666648290490466,108.8200008392334,103.885,63.549164621291844,3.578230470815697,2.856300693647965,0.7219297771677322,118.61524654810661,108.8200008392334,99.02475513036019,18.002656925806022
2023-05-23,114.2699966430664,117.13999938964844,113.77999877929688,114.98999786376952,114.98999786376952,67576300,-0.00017393506729324049,109.44100074768066,104.33619995117188,63.495841516567104,3.5256162231976163,2.9901637995578954,0.5354524236397209,119.1469548351245,109.44100074768066,99.73504666023682,17.737327000181942
2023-05-24,115.3499984741211,117.33999633789062,115.0199966430664,116.75,116.75,63487900,0.015305697616549097,110.02950057983398,104.77360000610352,66.18427561210828,3.5846153024759246,3.1090541001415013,0.47556120233442334,120.00569278968145,110.02950057983398,100.05330836998651,18.133668074970593
2023-05-25,116.62999725341795,116.87000274658205,114.30999755859376,115.0,115.0,66496700,-0.01498929336188437,110.28850059509277,105.14960006713868,61.34638993693629,3.4503881958993787,3.177320919293077,0.2730672766063016,120.49577651716012,110.28850059509277,100.08122467302542,18.510136355088903
2023-05-26,116.04000091552734,121.5,116.0199966430664,120.11000061035156,120.11000061035156,96779900,0.04443478791610045,111.02150077819825,105.55100006103515,68.57079061063803,3.7135392215338356,3.284564579741229,0.4289746417926068,121.82193936546473,111.02150077819825,100.22106219093176,19.456480972715173
2023-05-30,122.37000274658205,122.91999816894533,119.86000061035156,121.66000366210938,121.66000366210938,64314800,0.01290486257498391,112.00200080871582,106.0052001953125,70.37923170337113,4.00103910931891,3.4278594856567652,0.5731796236621447,122.92637478936243,112.00200080871582,101.07762682806921,19.507462191329868
2023-05-31,121.4499969482422,122.04000091552734,119.16999816894533,120.58000183105467,120.58000183105467,72800800,-0.00887721353399129,112.84950103759766,106.46260025024414,67.46627348857763,4.094538429643947,3.561195274454202,0.533343155189745,123.67388332570428,112.84950103759766,102.02511874949104,19.183748600714328
2023-06-01,120.69000244140624,123.48999786376952,119.93000030517578,122.7699966430664,122.7699966430664,54375100,0.01816217265513198,113.80550079345703,106.90580017089843,70.16306412653337,4.295831917128666,3.7081226029890955,0.5877093141395706,124.58829255369555,113.80550079345703,103.0227090332185,18.94950891663482
2023-06-02,124.91999816894533,126.38999938964844,124.0199966430664,124.25,124.25,61264400,0.01205508998453797,114.81800079345703,107.41680023193359,71.8606500989836,4.522648086313623,3.871027699654001,0.651620386659622,125.53041960144189,114.81800079345703,104.10558198547217,18.65982465111048
2023-06-05,123.36000061035156,125.8000030517578,123.02999877929688,125.3000030517578,125.3000030517578,47950100,0.00845072878678299,115.80000076293945,107.9486003112793,73.03291071467042,4.732573840244754,4.0433369277721525,0.6892369124726017,126.57493987805589,115.80000076293945,105.02506164782301,18.6095665701668
2023-06-06,125.06999969482422,127.4000015258789,125.0,126.61000061035156,126.61000061035156,45695200,0.01045488848114906,116.8390007019043,108.51820037841797,74.46231864308822,4.94761434910717,4.224192412039156,0.7234219370680135,127.57549328755096,116.8390007019043,106.10250811625764,18.37826842261185
2023-06-07,127.01000213623048,127.37000274658205,120.62999725341795,121.2300033569336,121.2300033569336,95663300,-0.04249267220189956,117.56950073242187,108.98200042724609,60.321079421917986,4.630536740688456,4.305461277769016,0.3250754629194397,127.37298730019057,117.56950073242187,107.76601416465317,16.67692132176456
2023-06-08,123.01000213623048,125.62999725341795,122.26000213623048,124.25,124.25,62159300,0.024911297199049942,118.27250061035156,109.5222004699707,64.40729266474085,4.570255876665556,4.358420197548324,0.21183567911723156,127.87280938967464,118.27250061035156,108.67219183102847,16.23421967030405
2023-06-09,124.08000183105467,125.8000030517578,123.19000244140624,123.43000030517578,123.43000030517578,51396000,-0.006599595129369917,118.83500061035156,109.98580047607422,62.52449654265475,4.405531510374857,4.367842460113631,0.03768905026122571,128.25819286590158,118.83500061035156,109.41180835480152,15.85928759566007
2023-06-12,124.0199966430664,126.77999877929688,123.52999877929688,126.56999969482422,126.56999969482422,51338000,0.025439515368102628,119.65050048828125,110.4772004699707,66.55616556756436,4.4767527529352975,4.389624518677964,0.0871282342573334,128.7826587481106,119.65050048828125,110.51834222845191,15.264722207699855
2023-06-13,128.1199951171875,128.41000366210938,125.18000030517578,126.66000366210938,126.66000366210938,50564800,0.0007111003199982147,120.4235008239746,110.94460052490234,66.66686117300063,4.488715550018966,4.409442724946165,0.07927282507280164,129.17282201703762,120.4235008239746,111.6741796309116,14.530919850689386
2023-06-14,126.6999969482422,126.9499969482422,124.12000274658205,126.41999816894533,126.41999816894533,52422500,-0.001894879884926537,121.07450065612792,111.42480041503906,66.0391497952348,4.427788920928748,4.413111964142681,0.014676956786066953,129.5704470905816,121.07450065612792,112.57855422167424,14.034245672560916
2023-06-15,125.20999908447266,127.69000244140624,124.31999969482422,127.11000061035156,127.11000061035156,60458500,0.005458016543269828,121.65500068664551,111.88800048828125,67.00112366041586,4.384638179264513,4.407417207167048,-0.022779027902534388,130.1346012139013,121.65500068664551,113.17540015938972,13.940406032460984
2023-06-16,127.70999908447266,127.9000015258789,125.3000030517578,125.48999786376952,125.48999786376952,84247100,-0.012744888197649185,122.02200050354004,112.37580047607422,62.523209255647224,4.171632243141943,4.360260214362027,-0.18862797122008423,130.49839752619948,122.02200050354004,113.5456034808806,13.893227430595237
2023-06-20,124.97000122070312,127.25,124.5,125.77999877929688,125.77999877929688,56930100,0.002310948445805039,122.49850044250488,112.85020050048828,62.99993053995144,3.9803412580379387,4.28427642309721,-0.3039351650592712,130.69010650993525,122.49850044250488,114.3068943750745,13.37421443991493
2023-06-21,125.63999938964844,126.7300033569336,123.8499984741211,124.83000183105467,124.83000183105467,52137700,-0.007552845901271921,122.9895004272461,113.30340057373047,60.29419602424774,3.709326156936669,4.169286369865102,-0.4599602129284328,130.47346624706694,122.9895004272461,115.50553460742526,12.17008898129145
2023-06-22,125.30999755859376,130.3300018310547,125.13999938964844,130.14999389648438,130.14999389648438,90354600,0.04261789623803569,123.74750022888183,113.90800048828125,68.4627082689517,3.879107696541908,4.111250635200463,-0.23214293865855495,130.90065440638398,123.74750022888183,116.5943460513797,11.560886748050269
2023-06-23,129.11000061035156,130.83999633789062,128.27999877929688,129.3300018310547,129.3300018310547,71927800,-0.006300361919969633,124.37650032043457,114.53800048828126,66.20200550611978,3.902508593331774,4.069502226826725,-0.16699363349495133,131.16066667772833,124.37650032043457,117.59233396314082,10.909080637926817
2023-06-26,129.3300018310547,131.49000549316406,127.0999984741211,127.33000183105467,127.33000183105467,59989300,-0.015464315871677181,124.99300041198731,115.03660049438477,60.91825980196777,3.716825437331451,3.9989668689276705,-0.2821414315962194,130.3470181832246,124.99300041198731,119.63898264075,8.566908152600568
2023-06-27,128.6300048828125,130.08999633789062,127.5500030517578,129.17999267578125,129.17999267578125,46801000,0.014529104045574393,125.44650001525879,115.57000030517578,63.79661390184586,3.6765678134081696,3.9344870578237705,-0.2579192444156009,130.60210882168656,125.44650001525879,120.29089120883103,8.219613629396846
2023-06-28,128.94000244140625,131.47999572753906,128.44000244140625,129.0399932861328,129.0399932861328,52149500,-0.001083754432466999,125.81549949645996,116.09600021362304,63.41597754754898,3.5919606887851074,3.865981784016038,-0.27402109523093054,130.89002287777274,125.81549949645996,120.74097611514719,8.066610873258192
2023-06-29,128.77000427246094,129.25999450683594,127.26000213623048,127.9000015258789,127.9000015258789,40761000,-0.008834406537251538,126.18149948120117,116.60800018310547,60.26298096111195,3.393799516951532,3.771545330603137,-0.3777458136516052,130.7204317535981,126.18149948120117,121.64256720880427,7.194291225035148
2023-06-30,129.47000122070312,131.25,128.9499969482422,130.36000061035156,130.36000061035156,54350700,0.019233769000189582,126.56099967956543,117.12920013427734,64.37875752038437,3.396108502829577,3.6964579650484253,-0.3003494622188483,131.16427336092687,126.56099967956543,121.95772599820398,7.274395260809068
2023-07-03,130.82000732421875,131.85000610351562,130.07000732421875,130.22000122070312,130.22000122070312,28264800,-0.0010739443770555468,126.85949974060058,117.65740020751953,63.97266329241162,3.3480474036699803,3.6267758527727363,-0.27872844910275596,131.59692878931287,126.85949974060058,122.12207069188831,7.46878090864187
2023-07-05,130.24000549316406,131.39999389648438,129.63999938964844,130.3800048828125,130.3800048828125,35895400,0.0012287180203460757,127.11349983215332,118.12580032348633,64.25021640812818,3.2850021348822054,3.5584211091946303,-0.2734189743124249,132.03056756732985,127.11349983215332,122.19643209697679,7.7364996505788275
2023-07-06,128.25,128.72999572753906,127.37000274658205,128.36000061035156,128.36000061035156,40639900,-0.015493205988729275,127.20099983215331,118.56880035400391,58.158569617899815,3.037031829796561,3.4541432533150167,-0.41711142351845565,132.14134199207027,127.20099983215331,122.26065767223636,7.767772527630957
2023-07-07,128.58999633789062,130.97000122070312,128.1300048828125,129.77999877929688,129.77999877929688,41992300,0.011062622017709689,127.62849960327148,119.11300033569336,60.96066376968404,2.9214192586077417,3.347598454373562,-0.4261791957658203,131.8564593680145,127.62849960327148,123.40053983852847,6.62541638879321
2023-07-10,129.07000732421875,129.27999877929688,125.91999816894533,127.12999725341795,127.12999725341795,61889300,-0.02041918285409683,127.77249946594239,119.55600021362305,53.72915034545633,2.5861509485337706,3.195308953205604,-0.6091580046718335,131.71705887545696,127.77249946594239,123.82794005642782,6.1743480420307275
2023-07-11,127.75,129.77000427246094,127.3499984741211,128.77999877929688,128.77999877929688,49951500,0.012978852839820698,128.03999938964844,119.9352001953125,57.138487178384125,2.4256285942891225,3.041372881422308,-0.6157442871331855,131.4612382412181,128.03999938964844,124.61876053807877,5.344015726145428
2023-07-12,130.30999755859375,131.25999450683594,128.8300018310547,130.8000030517578,130.8000030517578,54022800,0.01568569880112225,128.25149955749512,120.44220031738281,60.93355032294204,2.4333606678916198,2.9197704387161707,-0.48640977082455095,131.80358207594938,128.25149955749512,124.69941703904088,5.539245202917648
2023-07-13,134.0399932861328,134.6699981689453,132.7100067138672,134.3000030517578,134.3000030517578,61170900,0.026758409161619312,128.63349952697754,121.08720031738281,66.47278133152426,2.6908902336156046,2.873994397696058,-0.18310416408045338,132.97445580160027,128.63349952697754,124.29254325235482,6.749340242760516
2023-07-14,134.05999755859375,136.64999389648438,134.05999755859375,134.67999267578125,134.67999267578125,54487100,0.002829408900884234,129.04649925231934,121.70820022583008,67.01953373503193,2.8923055587218585,2.8776566299012183,0.014648928820640172,133.99561276010655,129.04649925231934,124.09738574453213,7.6702793744298505
2023-07-17,134.55999755859375,135.6199951171875,133.2100067138672,133.55999755859375,133.55999755859375,48450200,-0.008315972513331604,129.36899909973144,122.30640014648438,63.72111625262366,2.9278045014229264,2.88768620420556,0.04011829721736637,134.6036937327276,129.36899909973144,124.13430446673526,8.09265692619406
2023-07-18,132.7100067138672,133.86000061035156,131.35000610351562,132.8300018310547,132.8300018310547,54882900,-0.005465676406731013,129.7359992980957,122.88300018310547,61.59333577804511,2.8640184924941536,2.882952661863279,-0.018934169369125176,134.85944044461516,129.7359992980957,124.61255815157622,7.898256727875949
2023-07-19,133.38999938964844,135.99000549316406,132.52999877929688,135.36000061035156,135.36000061035156,54531000,0.019046892602732513,130.21499938964843,123.47700012207031,65.84955935121101,2.983228576240407,2.9030078447387044,0.0802207315017025,135.55613924572066,130.21499938964843,124.87385953357618,8.20357083455447
2023-07-20,134.07000732421875,134.7899932861328,129.3300018310547,129.9600067138672,129.9600067138672,59820600,-0.03989357175040831,130.47149963378905,123.95960021972657,52.4811722664935,2.6118611392708715,2.8447785036451383,-0.2329173643742668,135.21259338659289,130.47149963378905,125.73040588098523,7.267631269834804
2023-07-21,131.33999633789062,131.3699951171875,128.4199981689453,130.0,130.0,133307300,0.00030773533446226686,130.46399993896483,124.42720016479493,52.55799110111716,2.2943292939375795,2.734688661703627,-0.44035936776604734,135.2075781436848,130.46399993896483,125.72042173424487,7.271857687851304
2023-07-24,130.30999755859375,131.66000366210938,128.35000610351562,128.8000030517578,128.8000030517578,45591100,-0.009230745755709147,130.4375,124.79940017700196,49.94880627444264,1.9236783275752316,2.572486594877948,-0.6488082673027162,135.21194363079215,130.4375,125.66305636920784,7.320661053442692
2023-07-25,129.30999755859375,129.5800018310547,128.52999877929688,129.1300048828125,129.1300048828125,39236700,0.002562125956798944,130.5275001525879,125.13840026855469,50.67401454642773,1.637684943556934,2.385526264613745,-0.7478413210568111,135.12896856995673,130.5275001525879,125.92603173521907,7.050573115994204
2023-07-26,126.51000213623048,129.0800018310547,126.11000061035156,128.14999389648438,128.14999389648438,53910100,-0.007589335934878205,130.47600021362305,125.49620010375976,48.42982029831031,1.3167754620855874,2.1717761041081136,-0.8550006420225262,135.15897518053686,130.47600021362305,125.79302524670923,7.1782932635068
2023-07-27,131.0,132.6300048828125,127.79000091552734,128.25,128.25,52610700,0.0007803832093540297,130.4365005493164,125.83720016479492,48.67959328565133,1.058322361360439,1.9490853555585788,-0.8907629941981399,135.1801917131539,130.4365005493164,125.69280938547891,7.2735639853262795
2023-07-28,129.69000244140625,133.00999450683594,129.3300018310547,132.2100067138672,132.2100067138672,46317400,0.030877245332297854,130.65200080871583,126.2134002685547,57.46475669274887,1.1596679335639237,1.7912018711596478,-0.6315339375957241,135.30593933158283,130.65200080871583,125.9980622858488,7.124174898294477
2023-07-31,133.1999969482422,133.8699951171875,132.3800048828125,133.67999267578125,133.67999267578125,41901500,0.011118568090654923,130.8180004119873,126.57700012207032,60.189110946806196,1.3431179835790203,1.7015850936435224,-0.35846711006450205,135.65179958321016,130.8180004119873,125.98420124076443,7.390113219892829
2023-08-01,133.5500030517578,133.69000244140625,131.6199951171875,131.69000244140625,131.69000244140625,42098500,-0.014886223394710907,130.89150047302246,126.84780014038085,55.0488480170925,1.3127948076739813,1.6238270364496143,-0.3110322287756331,135.73139327071263,130.89150047302246,126.0516076753323,7.395274376410244
2023-08-02,130.14999389648438,130.22999572753906,126.81999969482422,128.2100067138672,128.2100067138672,51027600,-0.026425663778747666,130.7830005645752,127.08700027465821,47.42177868768773,0.9964702123016878,1.498355671620029,-0.5018854593183413,135.75926719538563,130.7830005645752,125.80673393376475,7.609959412658329
2023-08-03,127.4800033569336,129.83999633789062,126.41000366210938,128.91000366210938,128.91000366210938,88585200,0.005459768439170398,130.81050071716308,127.36500030517578,48.95383489606733,0.7931219786099462,1.3573089330180126,-0.5641869544080664,135.7387501295857,130.81050071716308,125.88225130474046,7.534944649555954
2023-08-04,141.05999755859375,143.6300048828125,139.32000732421875,139.57000732421875,139.57000732421875,153128500,0.08269337801006271,131.30000114440918,127.85660049438476,65.45976463738153,1.4751357972976678,1.3808743058739437,0.09426149142372409,137.50182377561765,131.30000114440918,125.09817851320071,9.446797528032693
2023-08-07,140.99000549316406,142.5399932861328,138.9499969482422,142.22000122070312,142.22000122070312,71213100,0.01898684357254843,132.05450134277345,128.36600051879884,68.21157257106194,2.2040619683845364,1.5455118383760622,0.6585501300084742,139.57494119657986,132.05450134277345,124.53406148896703,11.38990307386135
2023-08-08,140.6199951171875,140.83999633789062,138.4199981689453,139.94000244140625,139.94000244140625,51710500,-0.016031491771390738,132.6125015258789,128.86480056762696,63.5224207907055,2.568160211561292,1.7500415130131084,0.8181186985481834,140.71208860702097,132.6125015258789,124.51291444473686,12.21542009681711
2023-08-09,139.97000122070312,140.32000732421875,137.10000610351562,137.85000610351562,137.85000610351562,50017300,-0.01493494570121734,132.9650016784668,129.21960067749023,59.485563450523046,2.657432230269052,1.9315196564642974,0.7259125738047545,141.32774920252376,132.9650016784668,124.60225415440982,12.578870256820803
2023-08-10,139.07000732421875,140.41000366210938,137.49000549316406,138.55999755859375,138.55999755859375,58928400,0.005150463718840648,133.1780014038086,129.55760055541992,60.406091480188614,2.753728062080313,2.0959613375875006,0.6577667244928125,141.8761863101858,133.1780014038086,124.47981649743139,13.062495028744978
2023-08-11,137.39999389648438,139.3300018310547,137.0,138.41000366210938,138.41000366210938,42905800,-0.0010825194798443905,133.364501953125,129.91420059204103,60.09543967662281,2.785826672901436,2.233934404650288,0.551892268251148,142.33906962047834,133.364501953125,124.38993428577166,13.458705331509769
2023-08-14,138.3000030517578,140.58999633789062,137.75,140.57000732421875,140.57000732421875,47148700,0.015605834874352187,133.71500244140626,130.27020080566408,63.04295433473154,2.951535829093075,2.3774546895388458,0.5740811395542291,143.22434943638882,133.71500244140626,124.20565544642369,14.223306018559208
2023-08-15,140.0500030517578,141.27999877929688,137.22999572753906,137.6699981689453,137.6699981689453,42781500,-0.020630355012962953,133.95700225830078,130.53860076904297,56.95976672784038,2.8163894424511113,2.465241640121299,0.35114780232981246,143.60921328222594,133.95700225830078,124.30479123437561,14.41090926372541
2023-08-16,137.19000244140625,137.27000427246094,135.00999450683594,135.07000732421875,135.07000732421875,41675900,-0.018885675014943426,133.94250259399413,130.7340008544922,52.10538018053955,2.471003238038861,2.4663939597048117,0.004609278334049449,143.5871079187082,133.94250259399413,124.29789726928009,14.401112623599005
2023-08-17,135.4600067138672,136.08999633789062,133.52999877929688,133.97999572753906,133.97999572753906,48354100,-0.008069975106044458,134.14350204467775,130.88140075683594,50.17476599744031,2.0852894378321594,2.3901730553302816,-0.3048836174981222,143.61372037440856,134.14350204467775,124.67328371494692,14.119533462868258
2023-08-18,131.6199951171875,134.07000732421875,131.14999389648438,133.22000122070312,133.22000122070312,48497700,-0.005672447612115605,134.30450210571288,131.12120071411132,48.81662550831282,1.698701691394632,2.2518787825431517,-0.5531770911485197,143.59526095791023,134.30450210571288,125.01374325351554,13.835364722002335
2023-08-21,133.74000549316406,135.19000244140625,132.7100067138672,134.67999267578125,134.67999267578125,41442500,0.01095925117625085,134.59850158691407,131.32980056762696,51.53087085406365,1.4929276848598363,2.100088563006489,-0.6071608781466526,143.5394609278652,134.59850158691407,125.65754224596294,13.285377230113815
2023-08-22,135.0800018310547,135.64999389648438,133.72999572753906,134.25,134.25,32905400,-0.0031926989840012077,134.85450134277343,131.54620056152345,50.678479201947056,1.280393902927102,1.9361496309906117,-0.6557557280635096,143.44065355824247,134.85450134277343,126.26834912730439,12.733949745800096
2023-08-23,134.5,135.9499969482422,133.22000122070312,135.52000427246094,135.52000427246094,42801000,0.009459994580714559,135.22300186157227,131.72520065307617,53.14376838869843,1.2005983302367724,1.789039370839844,-0.5884410406030716,143.24031650852234,135.22300186157227,127.2056872146222,11.857915497479327
2023-08-24,136.39999389648438,136.77999877929688,131.8300018310547,131.83999633789062,131.83999633789062,43646300,-0.027154721211281152,135.4025016784668,131.8288005065918,45.97304545660515,0.8308365126335104,1.5973987991985774,-0.766562286565067,142.93329497622062,135.4025016784668,127.87170838071297,11.123565967247494
2023-08-25,132.47000122070312,133.8699951171875,130.5800018310547,133.25999450683594,133.25999450683594,44147500,0.010770617478674804,135.45500106811522,131.9656004333496,48.84152588259427,0.6449450677304753,1.4069080529049571,-0.7619629851744818,142.91030022550248,135.45500106811522,127.99970191072795,11.007787233545223
2023-08-28,133.77999877929688,133.9499969482422,131.85000610351562,133.13999938964844,133.13999938964844,34108400,-0.0009004586682715976,135.4280014038086,132.08620040893555,48.606671989773524,0.48238156089144013,1.2220027545022538,-0.7396211936108137,142.91267141619647,135.4280014038086,127.94333139142073,11.053356668936834
2023-08-29,133.3800048828125,135.13999938964844,133.25,134.91000366210938,134.91000366210938,38646100,0.013294308852149106,135.58900146484376,132.27460052490235,52.25373578812005,0.49071668626066867,1.0757455408539367,-0.585028854593268,142.88117111449003,135.58900146484376,128.2968318151975,10.756284906393416
2023-08-30,134.92999267578125,135.67999267578125,133.9199981689453,135.07000732421875,135.07000732421875,36137000,0.0011860029483812262,135.93200149536133,132.4604006958008,52.58132255309958,0.5044186670884585,0.9614801661008412,-0.4570614990123827,142.40263518860155,135.93200149536133,129.46136780212112,9.52039787843634
2023-08-31,135.05999755859375,138.7899932861328,135.0,138.00999450683594,138.00999450683594,58781300,0.021766395374215985,136.38700103759766,132.7240005493164,58.249561951941715,0.7439343684348216,0.9179710065676373,-0.17403663813281567,142.0476478500621,136.38700103759766,130.7263542251332,8.300859714488459
2023-09-01,139.4600067138672,139.9600067138672,136.8800048828125,138.1199951171875,138.1199951171875,40991500,0.0007970481467276525,136.3145004272461,132.88340057373046,58.44968972373042,0.9318862131252956,0.920754047879169,0.01113216524612659,141.84588767397753,136.3145004272461,130.78311318051465,8.115625600203344
2023-09-05,137.72999572753906,137.8000030517578,135.82000732421875,137.27000427246094,137.27000427246094,40636700,-0.006154002858205887,136.06700057983397,133.0422006225586,56.20763865595737,1.0007166085242432,0.9367465600081839,0.06397004851605925,140.9207444720028,136.06700057983397,131.21325668766514,7.134343920987692
2023-09-06,136.32000732421875,137.4499969482422,134.61000061035156,135.36000061035156,135.36000061035156,41785500,-0.013914209970579572,135.83800048828124,133.20280059814453,51.43330911191127,0.8908744141127158,0.9275721308290903,-0.03669771671637445,140.36005828429205,135.83800048828124,131.31594269227043,6.658015842041095
2023-09-07,133.89999389648438,138.02999877929688,133.16000366210938,137.85000610351562,137.85000610351562,48498900,0.018395430569861038,135.83800048828124,133.3762008666992,56.607926506454696,0.9932962166454047,0.9407169479923532,0.052579268653051514,140.36005828429205,135.83800048828124,131.31594269227043,6.658015842041095
2023-09-08,136.86000061035156,138.85000610351562,136.75,138.22999572753906,138.22999572753906,38348200,0.0027565441218631026,135.8215003967285,133.56000091552735,57.354663035751294,1.0925341662253345,0.9710803916389495,0.12145377458638495,140.3059616055189,135.8215003967285,131.33703918793813,6.603462921100809
2023-09-11,138.75,143.6199951171875,138.63999938964844,143.10000610351562,143.10000610351562,56764500,0.035231212663680456,136.05600051879884,133.86400100708008,65.53967310982229,1.5463250209174646,1.0861293174946527,0.4601957034228119,141.45467538749682,136.05600051879884,130.65732565010086,7.9359599695892085
2023-09-12,142.32000732421875,143.0,140.61000061035156,141.22999572753906,141.22999572753906,42668500,-0.013067856717097759,136.08899993896483,134.08140090942382,60.72040445899996,1.7350626118841888,1.21591597637256,0.5191466355116288,141.6044444620404,136.08899993896483,130.57355541588927,8.105643403286386
2023-09-13,140.9499969482422,144.97999572753906,140.8699951171875,144.85000610351562,144.85000610351562,60465200,0.025632022130484877,136.44800033569337,134.37400100708007,65.94140852710079,2.1519369070284995,1.403120162503748,0.7488167445247516,143.1379732706266,136.44800033569337,129.75802740076014,9.805893700859457
2023-09-14,145.0800018310547,145.86000061035156,142.9499969482422,144.72000122070312,144.72000122070312,64033600,-0.0008975138235036706,136.93050003051758,134.6608009338379,65.60415777958275,2.4436535646291304,1.6112268429288243,0.8324267217003061,144.48893510852838,136.93050003051758,129.37206495250678,11.039812278968178
2023-09-15,142.69000244140625,143.57000732421875,140.08999633789062,140.38999938964844,140.38999938964844,102909300,-0.029919857618376344,137.25100021362306,134.90140090942384,55.43486413384855,2.2989453461451603,1.7487705435720917,0.5501748025730686,144.82540391251638,137.25100021362306,129.67659651472974,11.037302004508835
2023-09-18,140.47999572753906,141.75,139.22000122070312,139.97999572753906,139.97999572753906,42823500,-0.0029204620264398073,137.58899993896483,135.10540084838868,54.57225185152104,2.1266643090889374,1.8243492966754609,0.3023150124134766,145.0155946406633,137.58899993896483,130.16240523726637,10.795332046883017
2023-09-19,138.6999969482422,138.83999633789062,135.55999755859375,137.6300048828125,137.6300048828125,61482500,-0.016788047695762587,137.73650054931642,135.31540100097655,49.78994524283967,1.7799871407722208,1.815476865494813,-0.035489724722592264,145.04233073983636,137.73650054931642,130.43067035879648,10.608415578126433
2023-09-20,138.5500030517578,139.3699951171875,135.1999969482422,135.2899932861328,135.2899932861328,46263700,-0.01700219075536713,137.78850021362305,135.4456008911133,45.51296545287768,1.3014216292132232,1.712665818238495,-0.4112441890252718,145.00863049319875,137.78850021362305,130.56836993404735,10.480018678455503
2023-09-21,131.94000244140625,132.24000549316406,129.30999755859375,129.3300018310547,129.3300018310547,70343300,-0.04405345369833069,137.47900009155273,135.41620086669923,36.834181392643686,0.4362052105871044,1.457373696708217,-1.0211684861211126,145.54294107362642,137.47900009155273,129.41505910947905,11.73116036151498
2023-09-22,131.11000061035156,132.02999877929688,128.52000427246094,129.1199951171875,129.1199951171875,59904300,-0.0016238050792075631,137.34300003051757,135.3126007080078,36.56956559010064,-0.26339457275423683,1.1132200428157264,-1.3766146155699632,145.86169008600677,137.34300003051757,128.82430997502837,12.404986134854127
2023-09-25,129.36000061035156,131.77999877929688,128.77000427246094,131.27000427246094,131.27000427246094,46017800,0.01665124873434287,137.24350051879884,135.2444009399414,41.22489066691578,-0.6370017117291695,0.7631756919067472,-1.4001774036359167,145.99396041096182,137.24350051879884,128.49304062663586,12.751729384757846
2023-09-26,130.1199951171875,130.38999938964844,125.27999877929688,125.9800033569336,125.9800033569336,73048200,-0.040298626825268746,136.8855007171631,135.0928010559082,34.5131256794016,-1.3444489539113533,0.34165076274312717,-1.6860997166544804,146.78819844314407,136.8855007171631,126.98280299118211,14.46858531268732
2023-09-27,125.76000213623048,127.4800033569336,124.12999725341795,125.9800033569336,125.9800033569336,66553400,0.0,136.4390007019043,134.9558010864258,34.5131256794016,-1.8833953806476984,-0.10335846593503795,-1.7800369147126605,147.40583388243243,136.4390007019043,125.47216752137616,16.075804021005364
2023-09-28,124.04000091552734,126.58000183105467,123.04000091552734,125.9800033569336,125.9800033569336,54555000,0.0,135.98450050354003,134.76820114135742,34.5131256794016,-2.2841836593653966,-0.5395235046211097,-1.7446601547442868,147.85667152686474,135.98450050354003,124.11232948021534,17.461065017502698
2023-09-29,128.1999969482422,129.14999389648438,126.31999969482422,127.12000274658205,127.12000274658205,62411700,0.009049050319664964,135.44000091552735,134.71140106201173,37.26233920722586,-2.4812208647777823,-0.9278629766524442,-1.553357888125338,147.87615243063968,135.44000091552735,123.00384940041502,18.364074765280957
2023-10-02,127.27999877929688,130.47000122070312,126.54000091552734,129.4600067138672,129.4600067138672,48029700,0.01840783446134764,135.00700149536132,134.70060119628906,42.59002076029113,-2.4206517392658213,-1.2264207291751197,-1.1942310100907017,147.64122101464957,135.00700149536132,122.37278197607307,18.716391563918037
2023-10-03,128.05999755859375,128.52000427246094,124.25,124.72000122070312,124.72000122070312,51565000,-0.03661366636292884,134.37950134277344,134.61900115966796,35.9333823112181,-2.723731617715231,-1.525882906883142,-1.1978487108320888,147.72823595366083,134.37950134277344,121.03076673188605,19.867218552683294
2023-10-04,126.05999755859376,127.36000061035156,125.68000030517578,127.0,127.0,44203900,0.018280939360016735,133.96150131225585,134.5764010620117,40.73191507839436,-2.7482674418816657,-1.770359813882847,-0.9779076279988188,147.6796991480033,133.96150131225585,120.2433034765084,20.4808063531196
2023-10-05,126.70999908447266,126.7300033569336,124.33000183105467,125.95999908447266,125.95999908447266,39660600,-0.008188983586829512,133.36700096130372,134.5326011657715,39.286463990821545,-2.8191344148532096,-1.9801147340769196,-0.83901968077629,147.3868420042503,133.36700096130372,119.34715991835714,21.02445273852176
2023-10-06,124.16000366210938,128.4499969482422,124.12999725341795,127.95999908447266,127.95999908447266,46836700,0.015878056641289273,132.8535011291504,134.52680114746093,43.44303874265305,-2.6829859245619048,-2.120688972173917,-0.5622969523879879,146.8755767529276,132.8535011291504,118.83142550537322,21.10907955695644
2023-10-09,126.22000122070312,128.7899932861328,124.76000213623048,128.25999450683594,128.25999450683594,38773700,0.0023444468936362206,132.11150054931642,134.4478009033203,44.06166580234789,-2.5218102825262463,-2.200913234244383,-0.3208970482818634,145.43959993133407,132.11150054931642,118.78340116729876,20.177046398836954
2023-10-10,128.82000732421875,130.74000549316406,128.0500030517578,129.47999572753906,129.47999572753906,42178600,0.009511938819224852,131.5240005493164,134.36380096435548,46.6188448299525,-2.2694724566869127,-2.214625078732889,-0.054847377954023724,144.21309747539004,131.5240005493164,118.83490362324278,19.29548504163042
2023-10-11,129.74000549316406,132.0500030517578,129.61000061035156,131.8300018310547,131.8300018310547,40741800,0.01814956889912689,130.87300033569335,134.36660095214845,51.24250977650008,-1.8584440725529987,-2.143388877496911,0.2849448049439123,142.00045369383042,130.87300033569335,119.74554697755629,17.004964094343066
2023-10-12,132.1699981689453,134.47999572753906,131.22999572753906,132.3300018310547,132.3300018310547,55528600,0.0037927633547389927,130.25350036621094,134.4490008544922,52.1913445983231,-1.475348397547208,-2.0097807815069704,0.5344323839597624,139.43836734175088,130.25350036621094,121.06863339067102,14.103063564075352
2023-10-13,132.97999572753906,133.30999755859375,128.9499969482422,129.7899932861328,129.7899932861328,45786600,-0.019194502454286222,129.72350006103517,134.46660064697267,47.16952996706942,-1.3610108905415927,-1.880026803313895,0.5190159127723022,137.6438173107824,129.72350006103517,121.80318281128795,12.211075473635379
2023-10-16,130.69000244140625,133.07000732421875,130.42999267578125,132.5500030517578,132.5500030517578,42832900,0.021265196921155027,129.35200042724608,134.32620056152345,52.5160273948427,-1.0357484078458299,-1.711171124220282,0.6754227163744522,135.88943574890936,129.35200042724608,122.8145651055828,10.107977147736893
2023-10-17,130.38999938964844,132.5800018310547,128.7100067138672,131.47000122070312,131.47000122070312,49344600,-0.008147882355257097,129.04400024414062,134.11120056152345,50.36800790035055,-0.8552637209421903,-1.5399896435646636,0.6847259226224733,134.48005745987146,129.04400024414062,123.60794302840978,8.425121982341324
2023-10-18,129.89999389648438,130.6699981689453,127.51000213623048,128.1300048828125,128.1300048828125,42699500,-0.025405007278304192,128.6860008239746,133.87500061035155,44.329307523652645,-0.9705501986591685,-1.4261017545835646,0.4555515559243961,133.31230122508612,128.6860008239746,124.0597004228631,7.190060102092493
2023-10-19,130.57000732421875,132.24000549316406,127.47000122070312,128.39999389648438,128.39999389648438,60961400,0.002107149015711185,128.6395004272461,133.68600036621095,44.90433804617549,-1.0282763758521014,-1.3465366788372721,0.3182603029851707,133.2576622679389,128.6395004272461,124.0213385865533,7.180005869666252
2023-10-20,128.0500030517578,128.1699981689453,124.97000122070312,125.16999816894533,125.16999816894533,56406400,-0.025155731161039308,128.44200057983397,133.41820037841796,39.630418807840385,-1.3194486652986654,-1.3411190761295508,0.02167041083088539,133.29305285563743,128.44200057983397,123.59094830403052,7.553685327079986
2023-10-23,124.62999725341795,127.87999725341795,123.9800033569336,126.55999755859376,126.55999755859376,48260000,0.011104892625885654,128.2065002441406,133.18120025634767,42.746743598354264,-1.4216555086788674,-1.357226362639414,-0.06442914603945327,132.9414482530864,128.2065002441406,123.47155223519484,7.38643984498311
2023-10-24,127.73999786376952,128.8000030517578,126.33999633789062,128.55999755859375,128.55999755859375,46477400,0.015802781594350446,128.33549995422362,132.94100006103517,46.987134561133885,-1.3259867334505202,-1.3509784368016353,0.024991703351115113,132.9600759714527,128.33549995422362,123.71092393699452,7.207009781204188
2023-10-25,126.04000091552734,126.33999633789062,120.79000091552734,121.38999938964844,121.38999938964844,74577500,-0.055771610960691276,128.1059997558594,132.6154000854492,36.53904976835543,-1.8078872707976927,-1.4423602036008467,-0.365527067196846,133.55708632180813,128.1059997558594,122.65491318991064,8.510275203873762
2023-10-26,120.62999725341795,121.63999938964844,118.3499984741211,119.56999969482422,119.56999969482422,100419500,-0.01499299533713827,127.7854995727539,132.30539993286132,34.44530056130667,-2.3100271287531484,-1.615893588631307,-0.6941335401218414,134.34081425251816,127.7854995727539,121.23018489298964,10.259872523379743
2023-10-27,126.1999969482422,130.02000427246094,125.5199966430664,127.73999786376952,127.73999786376952,125309300,0.0683281608245998,127.81649932861328,132.18059997558595,48.66566377389191,-2.0253787062240036,-1.6977906121498465,-0.3275880940741571,134.36479250220094,127.81649932861328,121.26820615502562,10.24639730861686
2023-10-30,129.72000122070312,133.0,128.55999755859375,132.7100067138672,132.7100067138672,72485500,0.03890722509168998,127.97899932861328,132.17040008544922,55.0530988606705,-1.3828143790925367,-1.6347953655383844,0.25198098644584777,134.8363733222121,127.97899932861328,121.12162533501449,10.716405081416585
2023-10-31,132.75,133.57000732421875,131.7100067138672,133.08999633789062,133.08999633789062,51589400,0.002863308000901066,128.39749908447266,132.13860015869142,55.508916149662134,-0.8333096584367752,-1.4744982241180626,0.6411885656812875,135.42766652613184,128.39749908447266,121.36733164281347,10.950629867072479
2023-11-01,133.9600067138672,137.35000610351562,133.7100067138672,137.0,137.0,61529400,0.02937864429857373,128.89749908447266,132.1936001586914,60.00362700210848,-0.08138048649047391,-1.195874676592545,1.114494190102071,136.8242422946363,128.89749908447266,120.970755874309,12.29929714147343
2023-11-02,138.72999572753906,138.80999755859375,136.47000122070312,138.07000732421875,138.07000732421875,52236700,0.007810272439553012,129.50299949645995,132.24460021972655,61.160011174358395,0.5940219331941989,-0.8378953546351962,1.431917287829395,138.24759412147554,129.50299949645995,120.75840487144436,13.50485264282181
2023-11-03,138.99000549316406,139.49000549316406,137.4499969482422,138.60000610351562,138.60000610351562,44059800,0.0038386235328597973,130.0349998474121,132.37980041503906,61.749922388067446,1.1586929972990845,-0.4385776842483401,1.5972706815474247,139.59589799819713,130.0349998474121,120.47410169662709,14.705115025960911
2023-11-06,138.75999450683594,140.72999572753906,138.36000061035156,139.74000549316406,139.74000549316406,44970400,0.008225103459209127,130.6090003967285,132.50940063476563,63.049905012484174,1.678834745304215,-0.015095198337829074,1.693929943642044,141.01573691939612,130.6090003967285,120.20226387406089,15.935711154754816
2023-11-07,140.5500030517578,143.3699951171875,140.5,142.7100067138672,142.7100067138672,53553500,0.02125376487729147,131.27050094604493,132.70080078125,66.26654693951974,2.3041443632525898,0.44875271398025474,1.855391649272335,142.914459620573,131.27050094604493,119.62654227151685,17.74040411305203
2023-11-08,142.97000122070312,143.1199951171875,141.22000122070312,142.0800018310547,142.0800018310547,44521700,-0.004414580990635519,131.78300094604492,132.8442007446289,64.97443061720114,2.7175444508994815,0.9025110613641001,1.8150333895353814,144.34634453931892,131.78300094604492,119.21965735277092,19.066713465445712
2023-11-09,142.02000427246094,142.64999389648438,139.83999633789062,140.60000610351562,140.60000610351562,36235400,-0.010416636461610618,132.19650115966797,132.95480072021485,61.91993843831404,2.8924019036863626,1.3004892298285529,1.5919126738578098,145.33582178638713,132.19650115966797,119.05718053294882,19.87846956834263
2023-11-10,140.4600067138672,143.64999389648438,139.91000366210938,143.55999755859375,143.55999755859375,49287800,0.021052569890351647,132.885001373291,133.06580078125,65.42117493315499,3.2325613129280555,1.6869036464484535,1.545657666479602,146.8640274626756,132.885001373291,118.90597528390639,21.039283508175217
2023-11-13,142.0800018310547,143.22999572753906,140.6699981689453,142.58999633789062,142.58999633789062,35680600,-0.006756765374750118,133.38700103759766,133.15520080566407,63.365093131359245,3.3848506522729735,2.0264930476133576,1.358357604659616,147.98905898958975,133.38700103759766,118.78494308560555,21.894274312196636
2023-11-14,145.0,147.25999450683594,144.67999267578125,145.8000030517578,145.8000030517578,56674600,0.02251214528584833,134.1035011291504,133.32580078125,67.05511078881644,3.721660776771671,2.3655265934450203,1.3561341833266507,149.63566624061093,134.1035011291504,118.57133601768987,23.16444385221836
2023-11-15,147.05999755859375,147.2899932861328,142.58999633789062,143.1999969482422,143.1999969482422,63875700,-0.017832688951265996,134.85700073242188,133.48260070800782,61.63952149204842,3.7357233700241466,2.6395659487608456,1.096157421263301,150.61738848772475,134.85700073242188,119.096612977119,23.373481049862647
2023-11-16,140.91000366210938,143.32000732421875,139.52000427246094,142.8300018310547,142.8300018310547,49653500,-0.0025837648398919777,135.5785011291504,133.5822006225586,60.885928109747994,3.6746534451896196,2.8465834480466006,0.828069997143019,151.41146461535465,135.5785011291504,119.74553764294615,23.356156550398747
2023-11-17,142.66000366210938,145.22999572753906,142.5399932861328,145.17999267578125,145.17999267578125,49636700,0.016453061783939793,136.5790008544922,133.72120056152343,63.90439876743263,3.7723939025744926,3.0317455389521792,0.7406483636223133,152.18185556647774,136.5790008544922,120.97614614250666,22.848101998649735
2023-11-20,145.1300048828125,146.6300048828125,144.72999572753906,146.1300048828125,146.1300048828125,41951200,0.0065436854591447435,137.55750122070313,133.78180053710938,65.07768677295633,3.8817653896611546,3.2017495090939745,0.6800158805671801,152.97786027870777,137.55750122070313,122.1371421626985,22.420237240662804
2023-11-21,143.91000366210938,144.0500030517578,141.5,143.89999389648438,143.89999389648438,71226000,-0.015260459261028925,138.32450103759766,133.83520050048827,60.1362925717248,3.745326044285065,3.3104648161321926,0.4348612281528723,153.40059956605842,138.32450103759766,123.24840250913691,21.798160724054167
2023-11-22,144.57000732421875,147.74000549316406,144.57000732421875,146.7100067138672,146.7100067138672,45669100,0.019527539517508297,139.5905014038086,133.87240051269532,63.86012416115985,3.8199079096160347,3.412353434828961,0.40755447478707385,152.91662578441324,139.5905014038086,126.26437702320393,19.09316786828457
2023-11-24,146.6999969482422,147.1999969482422,145.32000732421875,146.74000549316406,146.74000549316406,22378400,0.0002044767086364363,140.9490016937256,133.91280059814454,63.898895678479484,3.8372023459347133,3.4973232170501114,0.3398791288846019,150.9621172361222,140.9490016937256,130.935886151329,14.208139713049622
2023-11-27,147.52999877929688,149.25999450683594,146.8800048828125,147.72999572753906,147.72999572753906,53762400,0.006746559883569869,141.94850158691406,134.05960052490235,65.22478706784855,3.885996896266306,3.5750579528933506,0.31093894337295547,150.34893623643168,141.94850158691406,133.54806693739644,11.835890559752185
2023-11-28,146.97999572753906,147.60000610351562,145.52999877929688,147.02999877929688,147.02999877929688,42711700,-0.00473835354015173,142.66450119018555,134.2006005859375,63.450307059944606,3.8241011675065977,3.624866595816,0.19923457169059766,150.18853241105745,142.66450119018555,135.14046996931364,10.547867420559855
2023-11-29,147.85000610351562,148.5399932861328,145.97000122070312,146.32000732421875,146.32000732421875,40610900,-0.0048288883967405605,143.32600173950195,134.37440063476564,61.61919009955682,3.6753903674464254,3.6349713501420853,0.040419017304340166,149.58691463552123,143.32600173950195,137.06508884348267,8.736604412364226
2023-11-30,144.75999450683594,146.92999267578125,144.3300018310547,146.08999633789062,146.08999633789062,65814000,-0.001571972217158657,143.78050155639647,134.59040069580078,61.00496482950976,3.4986458115959067,3.6077062424328497,-0.10906043083694295,149.42824655627572,143.78050155639647,138.13275655651722,7.856065236584224
2023-12-01,146.0,147.25,145.5500030517578,147.02999877929688,147.02999877929688,39951800,0.006434406632690459,144.2285011291504,134.94440063476563,62.64381516487758,3.3952860744280997,3.5652222088318997,-0.16993613440379995,149.3941672701328,144.2285011291504,139.062834988168,7.163169693286598
2023-12-04,145.25,145.35000610351562,142.80999755859375,144.83999633789062,144.83999633789062,48294200,-0.014894936132684111,144.54050064086914,135.25880065917968,56.66836086111633,3.1009124551169123,3.4723602580889024,-0.3714478029719901,149.0163833388613,144.54050064086914,140.064617942877,6.19325749965831
2023-12-05,143.5500030517578,148.57000732421875,143.1300048828125,146.8800048828125,146.8800048828125,46822400,0.014084566393959497,144.89750061035156,135.5710006713867,60.45263311806333,2.997675543797186,3.3774233152305593,-0.37974777143337324,148.8986798490674,144.89750061035156,140.8963213716357,5.522771920649683
2023-12-06,147.5800018310547,147.85000610351562,144.27999877929688,144.52000427246094,144.52000427246094,39679000,-0.016067541747663228,144.98800048828124,135.94180068969726,54.52061074344025,2.694368222207544,3.2408122966259563,-0.5464440744184125,148.8671948861302,144.98800048828124,141.1088060904323,5.3510557905272815
2023-12-07,146.14999389648438,147.9199981689453,145.33999633789062,146.8800048828125,146.8800048828125,52352800,0.016329923474831087,145.22800064086914,136.35980072021485,58.86730784000533,2.614291386776955,3.1155081146561563,-0.5012167278792012,148.94853739932663,145.22800064086914,141.50746388241166,5.123718211418349
2023-12-08,145.47999572753906,147.83999633789062,145.39999389648438,147.4199981689453,147.4199981689453,41906000,0.0036764247561378305,145.56900024414062,136.78860061645508,59.81372676101303,2.564837018461276,3.0053738954171805,-0.4405368769559046,148.7398951964171,145.56900024414062,142.39810529186414,4.356552489827404
2023-12-11,145.66000366210938,146.19000244140625,143.63999938964844,145.88999938964844,145.88999938964844,50907300,-0.010378502226973785,145.68550033569335,137.1640005493164,55.88983926424869,2.3748106219343015,2.879261240720605,-0.5044506187863034,148.72090400657834,145.68550033569335,142.65009666480836,4.167063522300725
2023-12-12,145.52000427246094,147.5,145.3000030517578,147.47999572753906,147.47999572753906,44944300,0.010898597193382598,145.93000030517578,137.52440032958984,58.90683696306652,2.3257034878268428,2.7685496901418523,-0.4428462023150095,148.70527835378707,145.93000030517578,143.1547222565645,3.80357437512162
2023-12-13,148.1199951171875,149.4600067138672,146.82000732421875,148.83999633789062,148.83999633789062,52766200,0.009221593773735215,146.0819999694824,138.0068002319336,61.342397440120045,2.3692155711857765,2.688682866350637,-0.3194672951648605,149.13158816794638,146.0819999694824,143.03241177101845,4.175173120714456
2023-12-14,149.92999267578125,150.5399932861328,145.52000427246094,147.4199981689453,147.4199981689453,58400800,-0.00954043404920335,146.2930000305176,138.4152001953125,57.509705984662524,2.2630304199279294,2.6035523770660958,-0.34052195713816635,149.0892052502126,146.2930000305176,143.4967948108226,3.822746432312813
2023-12-15,148.3800048828125,150.57000732421875,147.8800048828125,149.97000122070312,149.97000122070312,110089300,0.01729753821347546,146.65,138.8954002380371,62.09038712493796,2.357466451761553,2.5543351920051873,-0.1968687402436342,149.40944993838215,146.65,143.89055006161786,3.7633139289221234
2023-12-18,150.55999755859375,154.85000610351562,150.0500030517578,154.07000732421875,154.07000732421875,62512800,0.027338841569267247,147.09450073242186,139.41760040283202,68.05372061618444,2.7316550951964302,2.589799172643436,0.14185592255299406,151.2662339201491,147.09450073242186,142.92276754469464,5.67218103593959
2023-12-19,154.39999389648438,155.1199951171875,152.69000244140625,153.7899932861328,153.7899932861328,43171300,-0.0018174467759756174,147.47750015258788,139.92820037841796,67.27536901854276,2.9713555610009905,2.666110450314947,0.30524511068604365,152.5367962720864,147.47750015258788,142.41820403308935,6.861109137683939
2023-12-20,152.89999389648438,155.6300048828125,151.55999755859375,152.1199951171875,152.1199951171875,50322100,-0.01085895208954335,147.88850021362305,140.38100036621094,62.67157948464921,2.9920742422595765,2.731303208703873,0.26077103355570364,153.0529590159435,147.88850021362305,142.7240414113026,6.984260162028074
2023-12-21,153.3000030517578,153.97000122070312,152.10000610351562,153.83999633789062,153.83999633789062,36305700,0.011306871390431628,148.24499969482423,140.82120025634765,65.30501968874069,3.111417189714757,2.80732600490605,0.3040911848087071,153.98691218441513,148.24499969482423,142.50308720523333,7.746517591029916
2023-12-22,153.77000427246094,154.35000610351562,152.7100067138672,153.4199981689453,153.4199981689453,29514100,-0.0027300973670256745,148.5789993286133,141.24300018310547,64.11555762158154,3.135957625785551,2.87305232908195,0.26290529670360074,154.69671592458772,148.5789993286133,142.46128273263886,8.234968095920243
2023-12-26,153.55999755859375,153.97999572753906,153.02999877929688,153.41000366210938,153.41000366210938,25067200,-6.514474615582078e-05,148.8629997253418,141.715400390625,64.08564438242867,3.1186497717254724,2.922171817610655,0.1964779541148176,155.314928940578,148.8629997253418,142.41107051010562,8.668277848948708
2023-12-27,153.55999755859375,154.77999877929688,153.1199951171875,153.33999633789062,153.33999633789062,31434700,-0.0004563413242133496,149.1784996032715,142.13120025634765,63.86089329524504,3.0639646890145116,2.950530391891426,0.1134342971230855,155.85427305259097,149.1784996032715,142.502726153952,8.950047717430024
2023-12-28,153.72000122070312,154.0800018310547,152.9499969482422,153.3800048828125,153.3800048828125,27057000,0.0002609139551152939,149.53149948120117,142.56940032958985,63.938728494744666,2.9893948393171854,2.958303281376578,0.031091557940607473,156.31116386760613,149.53149948120117,142.7518350947962,9.067874541386898
2023-12-29,153.10000610351562,153.88999938964844,151.02999877929688,151.94000244140625,151.94000244140625,39823200,-0.009388462612883952,149.82399978637696,143.04560028076173,59.01225662889257,2.7820320006179884,2.92304902522486,-0.14101702460687182,156.48830860297278,149.82399978637696,143.15969096978114,8.896183289857392
2024-01-02,151.5399932861328,152.3800048828125,148.38999938964844,149.92999267578125,149.92999267578125,47339400,-0.013228970207501023,149.96899948120117,143.47620025634765,52.88679425125589,2.4275215103552057,2.8239435222509295,-0.3964220118957238,156.50886728796672,149.96899948120117,143.4291316744356,8.72162624194254
2024-01-03,149.1999969482422,151.0500030517578,148.3300018310547,148.47000122070312,148.47000122070312,49425500,-0.00973782115920796,150.1504997253418,143.9422003173828,48.9150947408829,2.005640508629085,2.6602829195265607,-0.6546424108974755,156.30079777370125,150.1504997253418,144.00020167698236,8.192177927625535
2024-01-04,145.58999633789062,147.3800048828125,144.0500030517578,144.57000732421875,144.57000732421875,56039800,-0.026267891590348702,150.0349998474121,144.3024005126953,40.225016805284305,1.341140033954531,2.396454342412155,-1.055314308457624,156.50508153014556,150.0349998474121,143.56491816467866,8.624763141018594
2024-01-05,144.69000244140625,146.58999633789062,144.52999877929688,145.24000549316406,145.24000549316406,45153100,0.00463442024626004,150.07099990844728,144.6360006713867,42.127188544530995,0.8586835042085283,2.08890017477143,-1.2302166705629016,156.42490672998414,150.07099990844728,143.7170930869104,8.46786764319975
2024-01-08,146.74000549316406,149.39999389648438,146.14999389648438,149.10000610351562,149.10000610351562,46757100,0.026576703830634596,150.18199996948243,145.19020080566406,51.669434013009685,0.7788252061824608,1.8268851810536362,-1.0480599748711754,156.38481576440105,150.18199996948243,143.9791841745638,8.260398444792395
2024-01-09,148.3300018310547,151.7100067138672,148.2100067138672,151.3699951171875,151.3699951171875,43812600,0.015224607114340927,150.37949981689454,145.82620071411134,56.23908910974268,0.8884644073247046,1.63920102630785,-0.7507366189831455,156.46845988670458,150.37949981689454,144.2905397470845,8.098125179594422
2024-01-10,152.05999755859375,154.4199981689453,151.8800048828125,153.72999572753906,153.72999572753906,44421800,0.015590940651907248,150.77149963378906,146.34600067138672,60.428187205028344,1.1525012727795456,1.5418610756021893,-0.3893598028226437,156.6600326478904,150.77149963378906,144.88296661968772,7.811201756836112
2024-01-11,155.0399932861328,157.1699981689453,153.1199951171875,155.17999267578125,155.17999267578125,49072700,0.009432101662268044,151.15649948120117,146.795400390625,62.78534078383003,1.4619031173942005,1.5258694839605917,-0.06396636656639121,157.13998376006577,151.15649948120117,145.17301520233656,7.916939462611404
2024-01-12,155.38999938964844,156.1999969482422,154.00999450683594,154.6199951171875,154.6199951171875,40484200,-0.0036086969005325598,151.44549942016602,147.22600036621094,61.26746724542156,1.6429799355105388,1.5492915742705813,0.0936883612399575,157.5112988974023,151.44549942016602,145.37969994292973,8.01053778482714
2024-01-16,153.52999877929688,154.99000549316406,152.14999389648438,153.16000366210938,153.16000366210938,41384600,-0.009442449238027617,151.7324996948242,147.54920043945313,57.37312006619616,1.6496592645639794,1.5693651123292611,0.08029415223471825,157.54725846555903,151.7324996948242,145.9177409240894,7.66448688636896
2024-01-17,151.49000549316406,152.14999389648438,149.91000366210938,151.7100067138672,151.7100067138672,34953400,-0.009467203666572499,151.81949996948242,147.82200042724608,53.720958756939666,1.5204235491242741,1.559576799688264,-0.03915325056398977,157.57796889648532,151.81949996948242,146.06103104247953,7.585941105273587
2024-01-18,152.77000427246094,153.77999877929688,151.82000732421875,153.5,153.5,37850200,0.011798781932089941,151.79099960327147,148.12000030517578,57.33184912072914,1.544635218837385,1.5565884835180883,-0.011953264680703235,157.51014068384737,151.79099960327147,146.07185852269558,7.535547029170013
2024-01-19,153.8300018310547,155.75999450683594,152.74000549316406,155.33999633789062,155.33999633789062,51651600,0.011986946826648914,151.86849975585938,148.43200012207032,60.724232089058404,1.6927821298251047,1.5838272127794917,0.108954917045613,157.7340287192667,151.86849975585938,146.00297079245206,7.724483975066082
2024-01-22,156.88999938964844,157.0500030517578,153.89999389648438,154.77999877929688,154.77999877929688,43687500,-0.003604979862209201,152.00149993896486,148.6733999633789,59.1820179524186,1.7448885126219977,1.616039472747993,0.12884903987400476,158.00286554648184,152.00149993896486,146.00013433144787,7.896455771721719
2024-01-23,154.85000610351562,156.2100067138672,153.92999267578125,156.02000427246094,156.02000427246094,37986000,0.008011406531487353,152.11050033569336,148.95220001220704,61.512898473744315,1.8647456494517485,1.6657807080887443,0.19896494136300413,158.3171521241404,152.11050033569336,145.90384854724633,8.160714447391264
2024-01-24,157.8000030517578,158.50999450683594,156.47999572753906,156.8699951171875,156.8699951171875,48547300,0.005447960655367012,152.28300018310546,149.27759979248046,63.06967726879018,2.005205688433847,1.7336657041577648,0.27153998427608217,158.8091861162183,152.28300018310546,145.7568142499926,8.571128655550197
2024-01-25,156.9499969482422,158.50999450683594,154.5500030517578,157.75,157.75,43638600,0.005609771850602074,152.5,149.5613998413086,64.66332701071131,2.1626012003571873,1.8194528033976494,0.3431483969595379,159.43731483952396,152.5,145.56268516047604,9.09811782232651
2024-01-26,158.4199981689453,160.72000122070312,157.91000366210938,159.1199951171875,159.1199951171875,51047400,0.008684596622424712,152.78899993896485,149.89199981689453,67.04739249458052,2.370559104228221,1.929674063563764,0.4408850406644569,160.3000585610618,152.78899993896485,145.2779413168679,9.83193636334739
2024-01-29,159.33999633789062,161.2899932861328,158.89999389648438,161.25999450683594,161.25999450683594,45270400,0.01344896590822775,153.18299942016603,150.2011996459961,70.40611287279168,2.6771863693501246,2.0791765247210363,0.5980098446290882,161.5541852193752,153.18299942016603,144.81181362095685,10.929653853098706
2024-01-30,160.6999969482422,161.72999572753906,158.49000549316406,159.0,159.0,45207400,-0.014014601164705653,153.5359992980957,150.51719970703124,63.09237551173035,2.706627697668381,2.2046667593105056,0.5019609383578754,162.25590794904642,153.5359992980957,144.816090647145,11.35878059974807
2024-01-31,157.0,159.00999450683594,154.80999755859375,155.1999969482422,155.1999969482422,50284400,-0.023899390262627773,153.79949951171875,150.764599609375,53.103562266467016,2.3957153587727475,2.242876479202954,0.15283887956979347,162.38508034905945,153.79949951171875,145.21391867437805,11.164640801300555
2024-02-01,155.8699951171875,159.75999450683594,155.6199951171875,159.27999877929688,159.27999877929688,76542400,0.026288672108771616,154.33999938964843,151.04659973144533,60.36011698007053,2.450291702471162,2.2843595238565957,0.16593217861456644,162.87639803778706,154.33999938964843,145.8036007415098,11.061809876761169
2024-02-02,169.19000244140625,172.5,167.3300018310547,171.80999755859375,171.80999755859375,117218300,0.07866649218561839,155.70199890136718,151.56019958496094,73.77897663812948,3.4646714561107217,2.5204219103074212,0.9442495458033004,166.065374288428,155.70199890136718,145.33862351430636,13.31180776121663
2024-02-05,170.1999969482422,170.5500030517578,167.6999969482422,170.30999755859375,170.30999755859375,55081300,-0.008730574595861018,156.95549850463868,152.08839965820312,70.69373565322283,4.1002718732800645,2.8363919029019504,1.263879970378114,167.99644810740313,156.95549850463868,145.91454890187424,14.068891766079972
2024-02-06,169.38999938964844,170.7100067138672,167.64999389648438,169.14999389648438,169.14999389648438,42505500,-0.00681113075414308,157.9579978942871,152.53719940185547,68.31458107948282,4.458986758435003,3.1609108740085614,1.2980758844264417,169.589074345989,157.9579978942871,146.32692144258522,14.726796498757789
2024-02-07,169.47999572753906,170.8800048828125,168.94000244140625,170.52999877929688,170.52999877929688,47174100,0.008158468416245013,158.91599807739257,153.01299926757812,69.6242880513724,4.799302379809973,3.488589175168844,1.3107132046411287,171.34747293576476,158.91599807739257,146.4845232190204,15.64534094587257
2024-02-08,169.64999389648438,171.42999267578125,168.8800048828125,169.83999633789062,169.83999633789062,42316500,-0.004046223223746481,159.72149810791015,153.45519927978515,68.10839002325142,4.956195593483784,3.7821104588318324,1.1740851346519516,172.77653811099796,159.72149810791015,146.66645810482234,16.34725463727824
2024-02-09,170.89999389648438,175.0,170.5800018310547,174.4499969482422,174.4499969482422,56986000,0.02714319777292107,160.68499832153321,154.00359924316408,72.42772478405374,5.390386101963003,4.103765587458067,1.2866205145049356,175.0370511410967,160.68499832153321,146.33294550196973,17.863587726895076
2024-02-12,174.8000030517578,175.38999938964844,171.5399932861328,172.33999633789062,172.33999633789062,51050400,-0.012095159915523457,161.57099838256835,154.5239990234375,67.89514534871518,5.500815812316546,4.383175632429763,1.1176401798867825,176.4925391435434,161.57099838256835,146.64945762159329,18.470568245971705
2024-02-13,167.72999572753906,170.9499969482422,165.75,168.63999938964844,168.63999938964844,56345100,-0.021469171561243172,162.34499816894532,154.97499908447264,60.719333462186334,5.229491004758643,4.552438706895539,0.6770522978631037,177.04538131409834,162.34499816894532,147.6446150237923,18.11005366467154
2024-02-14,169.2100067138672,171.2100067138672,168.27999877929688,170.97999572753906,170.97999572753906,42815500,0.013875689909627953,163.3084976196289,155.4539990234375,63.35701105273276,5.143985624027806,4.670748090321992,0.4732375337058139,177.61513830729206,163.3084976196289,149.00185693196573,17.520999698356874
2024-02-15,170.5800018310547,171.1699981689453,167.58999633789062,169.8000030517578,169.8000030517578,49855200,-0.006901349311422389,164.1234977722168,155.95319915771483,61.12790272707483,4.924242840213083,4.721447040300211,0.202795799912872,177.9513562548325,164.1234977722168,150.29563928960113,16.850552992487454
2024-02-16,168.74000549316406,170.4199981689453,167.1699981689453,169.50999450683594,169.50999450683594,48107700,-0.0017079419299743659,164.83199768066407,156.4057989501953,60.56391892792502,4.672828378196812,4.711723307879531,-0.03889492968271924,178.23254511945254,164.83199768066407,151.4314502418756,16.259643306331707
2024-02-20,167.8300018310547,168.7100067138672,165.74000549316406,167.0800018310547,167.0800018310547,41980300,-0.01433539469369316,165.44699783325194,156.85699890136718,55.90924152254204,4.2287540605639435,4.615129458416414,-0.3863753978524702,178.05112172418174,165.44699783325194,152.84287394232214,15.236449202460644
2024-02-21,168.94000244140625,170.22999572753906,167.13999938964844,168.58999633789062,168.58999633789062,44420100,0.00903755380828164,166.07549743652345,157.29119873046875,58.06597865691678,3.953097059424664,4.482722978618064,-0.5296259191933999,177.9702836243308,166.07549743652345,154.1807112487161,14.324552834597057
2024-02-22,173.10000610351562,174.8000030517578,171.77000427246094,174.5800018310547,174.5800018310547,55392400,0.035530017339574504,166.96099777221679,157.83439880371094,65.31428905822682,4.169912131383597,4.42016080917117,-0.25024867778757276,178.61717894293747,166.96099777221679,155.3048166014961,13.962759358473765
2024-02-23,174.27999877929688,175.75,173.6999969482422,174.99000549316406,174.99000549316406,59715200,0.0023485144793740087,167.822998046875,158.41639892578124,65.75067176081964,4.324967968427018,4.40112224102234,-0.07615427259532215,179.17283851250588,167.822998046875,156.47315758124412,13.525965568152618
2024-02-26,175.6999969482422,176.3699951171875,174.25999450683594,174.72999572753906,174.72999572753906,44368600,-0.0014858549486425066,168.60349807739257,158.96139892578125,65.19054266742154,4.37642155781657,4.396182104381186,-0.019760546564615566,179.5932673560459,168.60349807739257,157.61372879873923,13.036229264482763
2024-02-27,174.0800018310547,174.6199951171875,172.86000061035156,173.5399932861328,173.5399932861328,31141700,-0.006810521779339163,169.2174980163574,159.4553988647461,62.56358868815049,4.271931479444731,4.371331979393895,-0.099400499949164,179.86434887230854,169.2174980163574,158.57064716040628,12.583628739058595
2024-02-28,172.44000244140625,174.0500030517578,172.27000427246094,173.16000366210938,173.16000366210938,28180500,-0.0021896371944472026,169.92549819946288,159.9701989746094,61.708480063545736,4.111070491004028,4.319279681715922,-0.20820919071189348,179.59915278923728,169.92549819946288,160.25184360968848,11.38575986803254
2024-02-29,173.00999450683594,177.22000122070312,172.85000610351562,176.75999450683594,176.75999450683594,53805400,0.02078996747858297,171.00349807739258,160.50599884033204,66.39469134207977,4.225368752733743,4.300497495919486,-0.07512874318574259,178.41330568016878,171.00349807739258,163.59369047461638,8.666264358431633
2024-03-01,176.75,178.72999572753906,176.07000732421875,178.22000122070312,178.22000122070312,31981200,0.00825982552183624,171.95049819946288,160.9889987182617,68.09979532536298,4.38323409448023,4.317044815631635,0.06618927884859449,177.80246437762474,171.95049819946288,166.09853202130103,6.806570774076581
2024-03-04,177.52999877929688,180.13999938964844,177.49000549316406,177.5800018310547,177.5800018310547,37381500,-0.003591063770984282,172.23899841308594,161.46479888916016,66.50678595305627,4.405912298731522,4.334818312251613,0.07109398647990872,178.58304229683336,172.23899841308594,165.89495452933852,7.366559190657052
2024-03-05,176.92999267578125,176.92999267578125,173.3000030517578,174.1199951171875,174.1199951171875,37228300,-0.01948421375262155,172.42949829101562,161.90479888916016,58.53476440223803,4.097458364218426,4.287346322644976,-0.18988795842655026,178.75920230035055,172.42949829101562,166.0997942816807,7.341787886724646
2024-03-06,175.5399932861328,176.4600067138672,173.25999450683594,173.50999450683594,173.50999450683594,32090900,-0.0035033346396604603,172.6474983215332,162.29819885253906,57.23225351627867,3.7604364766462766,4.181964353445236,-0.42152787679895987,178.8084658910225,172.6474983215332,166.48653075204388,7.137048181277815
2024-03-07,174.8300018310547,177.99000549316406,173.72000122070312,176.82000732421875,176.82000732421875,34063300,0.019076784751165476,172.9619987487793,162.76619903564452,62.15352187498978,3.7175806188052434,4.089087606517238,-0.371506987711995,179.29817146821904,172.9619987487793,166.62582602933958,7.326664545132575
2024-03-08,176.44000244140625,178.7899932861328,174.3300018310547,175.35000610351562,175.35000610351562,37893200,-0.008313545751684748,173.23749923706055,163.20499908447266,58.91137600306572,3.524373446266196,3.97614477446703,-0.451771328200834,179.48526833242062,173.23749923706055,166.98973014170048,7.212952302908203
2024-03-11,174.30999755859375,174.47000122070312,171.47000122070312,171.9600067138672,171.9600067138672,28484800,-0.019332758891648982,173.1129997253418,163.57739929199218,52.154785755130554,3.062409203692283,3.793397660312081,-0.7309884566197979,179.35839686601284,173.1129997253418,166.86760258467078,7.215399364091517
2024-03-12,173.5,176.75999450683594,171.97999572753906,175.38999938964844,175.38999938964844,36610600,0.019946455814511488,173.2654998779297,164.01759918212892,57.46979633927108,2.9391898059694483,3.6225560894435547,-0.6833662834741063,179.57655358594022,173.2654998779297,166.95444616991918,7.2848359453634215
2024-03-13,175.89999389648438,177.6199951171875,175.5500030517578,176.55999755859375,176.55999755859375,30772600,0.0066708374081581034,173.66149978637696,164.50999908447267,59.13730946622558,2.902488538541519,3.4785425792631477,-0.5760540407216288,179.75196998461257,173.66149978637696,167.57102958814136,7.014185879688435
2024-03-14,177.69000244140625,179.52999877929688,176.47000122070312,178.75,178.75,43705800,0.012403729449981915,174.05,165.08639923095703,62.130315461201086,3.015358241283792,3.385905711667277,-0.3705474703834848,180.3927574171611,174.05,167.70724258283892,7.288431390015622
2024-03-15,176.63999938964844,177.92999267578125,173.89999389648438,174.4199981689453,174.4199981689453,72147400,-0.024223786467438835,174.28099975585937,165.60539916992187,53.74788145236162,2.724012611709611,3.253527091675744,-0.5295144799661329,180.31689347768017,174.28099975585937,168.24510603403857,6.9266227876545905
2024-03-18,175.8000030517578,176.69000244140625,174.27999877929688,174.47999572753906,174.47999572753906,31250700,0.00034398325434925603,174.52949981689454,166.2035989379883,53.840811237683475,2.469493617581037,3.096720396856803,-0.627226779275766,180.15448208903422,174.52949981689454,168.90451754475487,6.445881387434279
2024-03-19,174.22000122070312,176.08999633789062,173.52000427246094,175.89999389648438,175.89999389648438,26880900,0.00813845829732096,174.97049942016602,166.8167987060547,56.08950603777497,2.355217979047694,2.9484199132949813,-0.5932019342472872,179.45816582017576,174.97049942016602,170.48283302015628,5.1296263254450345
2024-03-20,176.13999938964844,178.52999877929688,174.63999938964844,178.14999389648438,178.14999389648438,29947200,0.012791359170393646,175.4484992980957,167.39779846191405,59.45958413026117,2.418332872173437,2.8424025050706723,-0.4240696328972353,179.06856660312985,175.4484992980957,171.82843199306154,4.126643795206799
2024-03-21,179.99000549316406,181.4199981689453,178.14999389648438,178.14999389648438,178.14999389648438,32824300,0.0,175.6269989013672,167.9333984375,59.45958413026117,2.440222513543489,2.7619665067652357,-0.32174399322174674,179.4067073428318,175.6269989013672,171.84729045990258,4.304245321173319
2024-03-22,177.75,179.25999450683594,176.75,178.8699951171875,178.8699951171875,27995400,0.0040415450203241665,175.82099838256835,168.43619842529296,60.58233303282219,2.486999708706662,2.7069731471535214,-0.21997343844685924,179.84068810671374,175.82099838256835,171.80130865842295,4.572479693692745
2024-03-25,178.00999450683594,180.9900054931641,177.24000549316406,179.7100067138672,179.7100067138672,29815500,0.004696213001679439,176.06999893188475,168.92679870605468,61.9077950425468,2.5623161034134228,2.6780417384055015,-0.11572563499207877,180.39396935103514,176.06999893188475,171.74602851273437,4.911649281969015
2024-03-26,180.1499938964844,180.4499969482422,177.9499969482422,178.3000030517578,178.3000030517578,29659000,-0.007845994154095037,176.30799942016603,169.40039886474608,58.36036368579793,2.4796455666375152,2.6383625040519045,-0.1587169374143893,180.57233303955167,176.30799942016603,172.0436658007804,4.837368279839815
2024-03-27,179.8800048828125,180.0,177.30999755859375,179.8300018310547,179.8300018310547,33272600,0.008581036192426339,176.6414993286133,169.933798828125,60.97362254942565,2.5086683186043786,2.6124236669623997,-0.10375534835802114,180.91216405434378,176.6414993286133,172.3708346028828,4.835403619152478
2024-03-28,180.1699981689453,181.6999969482422,179.25999450683594,180.3800048828125,180.3800048828125,38051600,0.0030584610251771505,176.8224998474121,170.5071987915039,61.89931555067105,2.546693016512336,2.599277536872387,-0.05258452036005101,181.3941526101097,176.8224998474121,172.2508470847145,5.17089484272949
2024-04-01,180.7899932861328,183.0,179.9499969482422,180.97000122070312,180.97000122070312,29174500,0.003270852211551434,176.95999984741212,171.05659881591797,62.915494358921414,2.5945275387903166,2.598327537255973,-0.0037999984656562624,181.84611645401304,176.95999984741212,172.0738832408112,5.52228369214974
2024-04-02,179.07000732421875,180.7899932861328,178.3800048828125,180.69000244140625,180.69000244140625,32611500,-0.0015472110151306673,177.1154998779297,171.56359893798827,62.06942381464422,2.580101378251811,2.5946823054551404,-0.014580927203329264,182.26167494623374,177.1154998779297,171.96932480962565,5.811095101050848
2024-04-03,179.89999389648438,182.8699951171875,179.8000030517578,182.41000366210935,182.41000366210935,31046600,0.009519072430478559,177.53000030517578,172.11619903564454,65.16814739176066,2.6766040406979243,2.6110666525036974,0.06553738819422694,182.97128873042024,177.53000030517578,172.0887118799313,6.129993145824185
2024-04-04,184.0,185.1000061035156,180.0,180.0,180.0,41624300,-0.013212014767422287,177.854500579834,172.5957989501953,58.016317347105954,2.5294579252302185,2.5947449070490016,-0.06528698181878312,183.06741803443046,177.854500579834,172.64158312523753,5.862002296935442
2024-04-05,182.3800048828125,186.2700042724609,181.97000122070312,185.07000732421875,185.07000732421875,42374000,0.028166707356770848,178.267000579834,173.15979919433593,66.37626151775154,2.7897918044996572,2.633754286539133,0.15603751796052423,184.32443862284418,178.267000579834,172.2095625368238,6.795916264151725
2024-04-08,186.8999938964844,187.2899932861328,184.80999755859372,185.19000244140625,185.19000244140625,39221300,0.0006483768975988902,178.7590003967285,173.70859924316406,66.54605065920055,2.9715368553895303,2.701310800309213,0.2702260550803173,185.3626448424648,178.7590003967285,172.15535595099223,7.388321070357846
2024-04-09,187.2400054931641,187.33999633789065,184.1999969482422,185.6699981689453,185.6699981689453,36520100,0.002591909504893186,179.44449996948242,174.23959930419923,67.25828645785134,3.1183562911281797,2.784719898473006,0.33363639265517353,185.92798640274668,179.44449996948242,172.96101353621816,7.2261745936675545
2024-04-10,182.7700042724609,186.2700042724609,182.6699981689453,185.9499969482422,185.9499969482422,35879200,0.0015080453603608657,179.9724998474121,174.73339935302735,67.69041331170322,3.220185024700612,2.8718129237185277,0.3483721009820844,186.76197435165054,179.9724998474121,173.18302534317368,7.545013277022673
2024-04-11,186.7400054931641,189.7700042724609,185.50999450683597,189.0500030517578,189.0500030517578,40020700,0.016671181255133227,180.5970001220703,175.3343994140625,72.08343130722838,3.510562040461423,2.999562747067107,0.5109992933943159,188.25781862809535,180.5970001220703,172.93618161604527,8.483882346713276
2024-04-12,187.72000122070312,188.3800048828125,185.0800018310547,186.1300048828125,186.1300048828125,38608800,-0.015445639364236818,180.96600036621095,175.9529995727539,63.34650005894386,3.465124668501062,3.0926751313538983,0.37244953714716367,188.9399606061323,180.96600036621095,172.9920401262896,8.812661189156955
2024-04-15,187.42999267578125,188.69000244140625,183.0,183.6199951171875,183.6199951171875,48052400,-0.013485250630092094,181.42600021362304,176.4397994995117,56.95592564409008,3.1898082884423786,3.112101762771595,0.07770652567078384,188.88095501856267,181.42600021362304,173.9710454086834,8.21817688331515
2024-04-16,183.2700042724609,184.8300018310547,182.25999450683597,183.32000732421875,183.32000732421875,32891300,-0.001633742516860992,181.86800079345704,176.6699996948242,56.22585282781875,2.9138228301146682,3.0724459762402097,-0.1586231461255414,188.64021978107527,181.86800079345704,175.0957818058388,7.447400266206556
2024-04-17,184.30999755859372,184.57000732421875,179.82000732421875,181.27999877929688,181.27999877929688,31359700,-0.011128128209780819,182.13700103759766,176.88939971923827,51.4007171562812,2.5016532243642473,2.9582874258650174,-0.45663420150077005,188.3433875466813,182.13700103759766,175.930614528514,6.815074887284972
2024-04-18,181.47000122070312,182.38999938964844,178.64999389648438,179.22000122070312,179.22000122070312,30723800,-0.011363622972558218,182.19050140380858,177.09079986572266,47.01325668509865,1.985889161345881,2.7638077729611905,-0.7779186116153096,188.27575544461013,182.19050140380858,176.10524736300704,6.6801002180834175
2024-04-19,178.74000549316406,179.0,173.44000244140625,174.6300048828125,174.6300048828125,56000700,-0.02561096030926935,182.014501953125,177.17279998779296,39.020949190643734,1.1930157384502138,2.449649366058995,-1.2566336276087813,188.72818163419242,182.014501953125,175.3008222720576,7.3770821654600045
2024-04-22,176.94000244140625,178.8699951171875,174.55999755859375,177.22999572753906,177.22999572753906,37924900,0.014888568814227066,181.93250198364257,177.32059997558594,44.75054527900125,0.7656296683711048,2.112845426521417,-1.3472157581503121,188.83520538131796,181.93250198364257,175.02979858596717,7.5882025722880595
2024-04-23,178.0800018310547,179.92999267578125,175.97999572753906,179.5399932861328,179.5399932861328,37046500,0.01303389727631088,181.92400131225585,177.42239990234376,49.30785361775242,0.606331217360804,1.8115425846892943,-1.2052113673284903,188.83804120795506,181.92400131225585,175.00996141655665,7.601020036748081
2024-04-24,179.94000244140625,180.32000732421875,176.17999267578125,176.58999633789062,176.58999633789062,34185100,-0.016430862529557833,181.8385009765625,177.50739990234376,44.28415571631658,0.23928758930367167,1.4970915856121698,-1.2578039963084982,188.96860305048804,181.8385009765625,174.70839890263696,7.842235869338314
2024-04-25,169.67999267578125,173.9199981689453,166.32000732421875,173.6699981689453,173.6699981689453,49249400,-0.016535467634067658,181.53050079345704,177.6079998779297,39.945808308097085,-0.2839434557202196,1.1408845773456922,-1.4248280330659118,189.46756404087628,181.53050079345704,173.5934375460378,8.744605686346814
2024-04-26,177.8000030517578,180.82000732421875,176.1300048828125,179.6199951171875,179.6199951171875,43919800,0.034260361668536854,181.49250030517578,177.78079986572266,50.571802577766164,-0.21600285460317536,0.8695070909559186,-1.085509945559094,189.45845756496726,181.49250030517578,173.5265430453843,8.778277059819985
2024-04-29,182.75,183.52999877929688,179.38999938964844,180.9600067138672,180.9600067138672,54063900,0.007460258507441919,181.49200057983398,178.00399993896485,52.605699174010795,-0.05341595593469606,0.6849224815777958,-0.7383384375124918,189.45809014073052,181.49200057983398,173.52591101893745,8.778447022950129
2024-04-30,181.08999633789065,182.9900054931641,174.8000030517578,175.0,175.0,94639800,-0.03293549122868411,181.20750045776367,178.11380004882812,43.94444212388674,-0.4008664602957026,0.46776469320309616,-0.8686311534987987,189.6594467257718,181.20750045776367,172.75555418975554,9.328472879607023
2024-05-01,181.63999938964844,185.1499938964844,176.55999755859375,179.0,179.0,94645100,0.02285714285714291,181.0370002746582,178.35220001220702,49.90565657076904,-0.3494289185808839,0.3043259708463002,-0.6537548894271841,189.5225481845137,181.0370002746582,172.55145236480269,9.374379709100086
2024-05-02,180.8500061035156,185.1000061035156,179.91000366210938,184.72000122070312,184.72000122070312,54303500,0.031955314082140474,181.27300033569335,178.67480010986327,56.95515234848409,0.15114963932677483,0.27369070454239514,-0.1225410652156203,189.89155964076315,181.27300033569335,172.65444103062356,9.508927737842233
2024-05-03,186.9900054931641,187.8699951171875,185.4199981689453,186.2100067138672,186.2100067138672,39172000,0.008066292135759712,181.3300003051758,178.90740020751954,58.58990490487147,0.6604791512239103,0.35104839387869824,0.3094307573452121,190.06257853215806,181.3300003051758,172.59742207819352,9.631697140335813
2024-05-06,186.27999877929688,188.75,184.8000030517578,188.6999969482422,188.6999969482422,34725300,0.013371946429286963,181.50550003051757,179.1816000366211,61.239129793566754,1.2506313612789484,0.5309649873587483,0.7196663739202,190.67164254966957,181.50550003051757,172.33935751136556,10.100126461854707
2024-05-07,188.9199981689453,189.94000244140625,187.30999755859372,188.75999450683597,188.75999450683597,34048900,0.00031795209095974997,181.6599998474121,179.46220001220703,61.30336991639203,1.7035352472066734,0.7654790393283333,0.9380562078783401,191.1983234412161,181.6599998474121,172.12167625360811,10.501292086112347
2024-05-08,187.44000244140625,188.42999267578125,186.38999938964844,188.0,188.0,26136400,-0.004026247769404523,181.7625,179.75140014648437,59.94802667658929,1.978334624556851,1.008050156374037,0.970284468182814,191.5244617504338,181.7625,172.00053824956618,10.741447493772162
2024-05-09,188.8800048828125,191.6999969482422,187.44000244140625,189.5,189.5,43368400,0.007978723404255428,181.7849998474121,180.0782000732422,61.74569968335981,2.2907462777564547,1.2645893806505204,1.0261568971059343,191.61587536023004,181.7849998474121,171.95412433459418,10.81593698167597
2024-05-10,189.16000366210935,189.88999938964844,186.92999267578125,187.47999572753903,187.47999572753903,34141800,-0.010659653152828352,181.85249938964844,180.29260009765625,57.97213510179505,2.348267929864619,1.4813250904933402,0.8669428393712788,191.81937806148528,181.85249938964844,171.8856207178116,10.961497593146834
2024-05-13,188.0,188.30999755859372,185.3600006103516,186.57000732421875,186.57000732421875,24898600,-0.004853789332504355,182.0,180.45960021972655,56.30280077781354,2.293982195725903,1.643856511539853,0.6501256841860499,192.15272439949362,182.0,171.84727560050638,11.15683999944354
2024-05-14,183.82000732421875,187.72000122070312,183.4499969482422,187.07000732421875,187.07000732421875,38698200,0.002679959159411549,182.1875,180.64940032958984,57.03488133531003,2.2651944302813263,1.7681240952881476,0.49707033499317865,192.5667918216226,182.1875,171.8082081783774,11.394076785314676
2024-05-15,185.97000122070312,186.72000122070312,182.72999572753903,185.9900054931641,185.9900054931641,75459900,-0.005773249525686142,182.42300033569336,180.88680053710937,54.895533261440654,2.130671739432586,1.8406336241170353,0.29003811531555046,192.92228388258116,182.42300033569336,171.92371678880556,11.51092080227504
2024-05-16,185.6000061035156,187.30999755859372,183.4600067138672,183.6300048828125,183.6300048828125,38834500,-0.01268885714634993,182.64350051879882,181.0892007446289,50.44293452469193,1.8127331524497379,1.835053529783576,-0.02232037733383807,193.04926839071382,182.64350051879882,172.2377326468838,11.394621590538314
2024-05-17,183.75999450683597,185.3000030517578,183.3500061035156,184.6999969482422,184.6999969482422,33175700,0.005826891232250109,183.14700012207032,181.24680053710938,52.33078534435735,1.628333533651869,1.7937095305572346,-0.16537599690536564,192.90756212707137,183.14700012207032,173.38643811706928,10.658718950892434
2024-05-20,184.33999633789065,186.6699981689453,183.27999877929688,183.5399932861328,183.5399932861328,30511800,-0.006280474722663021,183.4625,181.4106002807617,50.10243038890134,1.3727684856658584,1.7095213215789595,-0.3367528359131011,192.83795254833046,183.4625,174.08704745166955,10.220565563349956
2024-05-21,182.3000030517578,183.25999450683597,180.75,183.1499938964844,183.1499938964844,50839100,-0.0021248741632043933,183.64300003051758,181.63440002441405,49.34170049672523,1.1257843117371635,1.5927739196106003,-0.4669896078734368,192.84686387516507,183.64300003051758,174.4391361858701,10.023647885427703
2024-05-22,183.8800048828125,185.22000122070312,181.97000122070312,183.1300048828125,183.1300048828125,28148800,-0.0001091401274257997,183.97000045776366,181.78920013427734,49.300382990362934,0.9178541765230364,1.4577899709930877,-0.5399357944700514,192.59479339091894,183.97000045776366,175.34520752460838,9.376303649176085
2024-05-23,183.66000366210935,184.75999450683597,180.0800018310547,181.0500030517578,181.0500030517578,33670200,-0.011358061353112014,184.3390007019043,181.87900024414063,45.071024883093656,0.5785600022794313,1.2819439772503565,-0.7033839749709252,191.70986740531077,184.3390007019043,176.96813399849782,7.99707785692725
2024-05-24,181.6499938964844,182.44000244140625,180.3000030517578,180.75,180.75,27471600,-0.0016570176564539851,184.39550094604493,181.91900024414062,44.47834602708855,0.28220608952923953,1.0819963997061333,-0.7997903101768937,191.63699867199713,184.39550094604493,177.15400322009273,7.854310640768941
2024-05-28,179.92999267578125,182.2400054931641,179.49000549316406,182.1499938964844,182.1499938964844,29927000,0.007745471073219434,184.4550003051758,182.07360015869142,47.92008121187513,0.15848437652962843,0.8972939950708323,-0.7388096185412039,191.60154246751438,184.4550003051758,177.3084581428372,7.748819116331713
2024-05-29,181.6999969482422,184.0800018310547,181.5500030517578,182.0200042724609,182.0200042724609,32009300,-0.000713640562059914,184.80600051879884,182.22440032958986,47.624881321658144,0.04937577808613014,0.727710351673892,-0.6783345735877618,190.62722850436364,184.80600051879884,178.98477253323404,6.2998257299255345
2024-05-30,181.30999755859372,181.33999633789065,178.36000061035156,179.32000732421875,179.32000732421875,29184700,-0.0148335176621609,184.82200088500977,182.29280059814454,41.85712025546491,-0.2520552254326276,0.5317572362525881,-0.7838124616852157,190.58073052568443,184.82200088500977,179.0632712443351,6.231649493133182
2024-05-31,178.3000030517578,179.2100067138672,173.8699951171875,176.44000244140625,176.44000244140625,58903900,-0.016060700229647673,184.40800094604492,182.25860076904297,36.74515314920889,-0.715090672112666,0.2823876545795373,-0.9974783266922033,191.22906259889214,184.40800094604492,177.5869392931977,7.397793607494246
2024-06-03,177.6999969482422,178.6999969482422,175.9199981689453,178.33999633789062,178.33999633789062,30786600,0.01076849847083472,184.0145004272461,182.26240081787108,41.79547567660765,-0.9181520853519487,0.042279706593240096,-0.9604317919451888,191.2686166701957,184.0145004272461,176.7603841842965,7.884287625276215
2024-06-04,177.63999938964844,179.82000732421875,176.44000244140625,179.33999633789062,179.33999633789062,27198400,0.00560726713319748,183.5465003967285,182.27180084228516,44.31542991510259,-0.9870104337832686,-0.16357832148206164,-0.8234321123012069,190.7385465950363,183.5465003967285,176.3544541984207,7.836756552440356
2024-06-05,180.10000610351562,181.5,178.75,181.27999877929688,181.27999877929688,32116400,0.010817455564965828,183.17250061035156,182.30320068359376,48.93446007411489,-0.8749532706040952,-0.30585331130646837,-0.5690999592976269,190.01043355144506,183.17250061035156,176.33456766925806,7.46611300092397
2024-06-06,181.75,185.0,181.4900054931641,185.0,185.0,31371200,0.020520748266509736,183.02250061035156,182.4372006225586,56.402446728517916,-0.48043598531526754,-0.34076984610822825,-0.1396661392070393,189.55505965251206,183.02250061035156,176.48994156819106,7.138531077190436
2024-06-07,184.8999938964844,186.2899932861328,183.3600006103516,184.3000030517578,184.3000030517578,28021500,-0.003783767287795614,182.76250076293945,182.52660064697267,54.77903844622134,-0.2217064045605639,-0.3169571577986954,0.09525075323813148,188.6224265974254,182.76250076293945,176.9025749284535,6.4126128828657665
2024-06-10,184.07000732421875,187.22999572753903,183.7899932861328,187.05999755859372,187.05999755859372,34445600,0.014975553234585659,182.7415008544922,182.6602005004883,59.70385510500442,0.20369902711235,-0.2128259208164863,0.4165249479288363,188.53630117845364,182.7415008544922,176.94670053053073,6.342073690831247
2024-06-11,187.05999755859372,187.7700042724609,184.5399932861328,187.22999572753903,187.22999572753903,27265100,0.0009087895389929823,182.7745002746582,182.785400390625,59.99286217439714,0.5482336320470154,-0.06061401024378597,0.6088476422908013,188.66289392955125,182.7745002746582,176.88610661976517,6.443342639202353
2024-06-12,188.0200042724609,188.3500061035156,185.42999267578125,186.88999938964844,186.88999938964844,33984200,-0.0018159287809063063,182.7654998779297,182.90940032958986,59.08021748488137,0.7847982598758279,0.10846844378013681,0.676329816095691,188.62809710415561,182.7654998779297,176.90290265170378,6.415430954027519
2024-06-13,186.08999633789065,187.6699981689453,182.6699981689453,183.8300018310547,183.8300018310547,39721500,-0.016373254687715777,182.65749969482422,182.93780029296875,51.48844096784064,0.717094977747081,0.23019375057352565,0.48690122717355533,188.35579204147106,182.65749969482422,176.9592073481774,6.239319333908854
2024-06-14,183.0800018310547,183.72000122070312,182.22999572753903,183.66000366210935,183.66000366210935,25456400,-0.0009247574783879386,182.65899963378905,183.01100036621094,51.09562162585561,0.6423179657047058,0.3126185935997617,0.3296993721049441,188.35833084379414,182.65899963378905,176.95966842378397,6.240405587933371
2024-06-17,182.5200042724609,185.0,181.22000122070312,184.05999755859372,184.05999755859372,35601900,0.002177904217078641,182.62699966430665,182.99080017089844,52.023111139598186,0.60832046977049,0.37175896883390736,0.23656150093658268,188.28718563993422,182.62699966430665,176.96681368867908,6.198629979172591
2024-06-18,183.7400054931641,184.2899932861328,181.42999267578125,182.80999755859372,182.80999755859372,36659200,-0.006791263808433312,182.5904998779297,182.9432000732422,48.901864991246335,0.4750367282861703,0.39241452072435995,0.08262220756181032,188.23606118892724,182.5904998779297,176.94493856693214,6.1838499974225085
2024-06-20,182.91000366210935,186.50999450683597,182.72000122070312,186.1000061035156,186.1000061035156,44726800,0.017996874289478493,182.73800048828124,182.9518002319336,56.32863772610455,0.6276494446294407,0.4394615055053761,0.18818793912406462,188.5848848615301,182.73800048828124,176.8911161150324,6.399199244410917
2024-06-21,187.8000030517578,189.27999877929688,185.8600006103516,189.0800018310547,189.0800018310547,70792500,0.01601287280926522,183.03550033569337,183.01440032958985,61.7513273995281,0.977785568808855,0.5471263181660719,0.4306592506427831,189.5043097280455,183.03550033569337,176.56669094334123,7.0683658421324
2024-06-24,189.3300018310547,191.0,185.3300018310547,185.57000732421875,185.57000732421875,50610400,-0.0185635417434159,183.2615005493164,182.94480041503905,53.348662791733055,0.9609663257396335,0.6298943196807842,0.33107200605884923,189.752840612079,183.2615005493164,176.77016048655378,7.084237598519251
2024-06-25,186.80999755859372,188.83999633789065,185.4199981689453,186.33999633789065,186.33999633789065,45366400,0.004149318226444931,183.54100036621094,182.94900024414062,54.80163151304639,0.9982612979214309,0.7035677153289136,0.2946935825925173,190.0570509708381,183.54100036621094,177.02494976158377,7.100376037643895
2024-06-26,186.9199981689453,194.8000030517578,186.25999450683597,193.6100006103516,193.6100006103516,65103900,0.03901472799901873,184.1140007019043,183.1488003540039,65.67259359371678,1.5960481691101052,0.882063806085152,0.7139843630249532,191.92652726677315,184.1140007019043,176.30147413703546,8.486618654838715
2024-06-27,195.00999450683597,199.83999633789065,194.1999969482422,197.8500061035156,197.8500061035156,74397500,0.02189972356695158,184.90550079345704,183.43940032958983,70.17767963812926,2.3844451796771295,1.1825400808035476,1.201905098873582,194.67219349960817,184.90550079345704,175.1388080873059,10.563982860694571
2024-06-28,197.72999572753903,198.8500061035156,192.5,193.25,193.25,76930200,-0.023249966952787804,185.60200042724608,183.6788003540039,60.84765824939973,2.6080099269386494,1.467634050030568,1.1403758769080814,195.6585617381283,185.60200042724608,175.54543911636387,10.83669495774026
2024-07-01,193.4900054931641,198.3000030517578,192.82000732421875,197.1999969482422,197.1999969482422,41192000,0.02043982896891161,186.6400001525879,184.03840026855468,65.13419338013613,3.0685460532632476,1.7878164506771042,1.2807296025861434,196.98112750515432,186.6400001525879,176.29887280002148,11.081362349027014
2024-07-02,197.27999877929688,200.42999267578125,195.92999267578125,200.0,200.0,45600000,0.014198798656638534,187.72300033569337,184.54580017089845,67.82346316034696,3.617757836669057,2.153804727875495,1.4639531087935618,198.86603689918658,187.72300033569337,176.57996377220016,11.871786135494117
2024-07-03,199.94000244140625,200.02999877929688,196.75999450683597,197.58999633789065,197.58999633789065,31597900,-0.01205001831054675,188.63550033569337,184.95300018310547,63.29794661012622,3.814572955047595,2.485958373309915,1.3286145817376798,199.87174569040988,188.63550033569337,177.39925498097685,11.913182126079805
2024-07-05,198.6499938964844,200.5500030517578,198.1699981689453,200.0,200.0,39858900,0.012196992290986808,189.5715003967285,185.36220031738281,65.7584622996932,4.117552921637241,2.8122772829753804,1.3052756386618607,201.30855774127338,189.5715003967285,177.83444305218364,12.382723478984941
2024-07-08,200.0399932861328,201.1999969482422,197.9600067138672,199.2899932861328,199.2899932861328,34767300,-0.0035500335693359197,190.28600006103517,185.81620025634766,64.38891721284332,4.251367996102516,3.1000954256008075,1.1512725705017086,202.55085120814582,190.28600006103517,178.02114891392452,12.89096532921669
2024-07-09,199.3999938964844,200.57000732421875,199.0500030517578,199.33999633789065,199.33999633789065,32700100,0.00025090598345323123,191.0379997253418,186.32960021972656,64.44507928696595,4.311749075711532,3.342426155622953,0.9693229200885791,203.58364029717234,191.0379997253418,178.49235915351125,13.134183345583187
2024-07-10,200.0,200.1100006103516,197.69000244140625,199.7899932861328,199.7899932861328,32883800,0.002257434315787732,191.67449951171875,186.73300018310547,64.9803427404299,4.345816640214167,3.5431042525411955,0.8027123876729716,204.63317025586628,191.67449951171875,178.71582876757122,13.521538626326501
2024-07-11,200.08999633789065,200.2700042724609,192.8600006103516,195.0500030517578,195.0500030517578,44565000,-0.023724863074531144,192.06549987792968,187.01480010986327,55.50206220117011,3.944863896951631,3.623456181423283,0.3214077155283479,204.9357642249415,192.06549987792968,179.19523553091787,13.401953349447679
2024-07-12,194.8000030517578,196.47000122070312,193.8300018310547,194.4900054931641,194.4900054931641,30598500,-0.0028710461411535215,192.44550018310548,187.40460021972658,54.490799221178534,3.5410992484455903,3.6069847948277447,-0.06588554638215438,205.12952903316136,192.44550018310548,179.7614713330496,13.18194381057229
2024-07-15,194.55999755859372,196.19000244140625,190.8300018310547,192.72000122070312,192.72000122070312,40683200,-0.009100746683475047,192.8900001525879,187.67900024414064,51.30866448639419,3.0432080947081204,3.49422945480382,-0.4510213600956998,204.94255070301753,192.8900001525879,180.83744960215827,12.496812215143676
2024-07-16,195.58999633789065,196.6199951171875,192.2400054931641,193.0200042724609,193.0200042724609,33994700,0.0015566783408962337,193.35800018310547,187.84500030517577,51.82220925399516,2.642373866196948,3.323858337082446,-0.6814844708854979,204.64306517307307,193.35800018310547,182.07293519313788,11.672715873437772
2024-07-17,191.3500061035156,191.5800018310547,185.9900054931641,187.92999267578125,187.92999267578125,48076100,-0.02637038381521717,193.55149993896484,187.87940002441405,43.44912535296166,1.8921766211474278,3.0375219938954423,-1.1453453727480145,204.31277336475185,193.55149993896484,182.79022651317783,11.119803699977014
2024-07-18,189.58999633789065,189.67999267578125,181.4499969482422,183.75,183.75,51043600,-0.022242286163404512,193.59850006103517,187.78040008544923,38.01679193412907,0.9494052713038741,2.6198986493771286,-1.6704933780732545,204.17839019429522,193.59850006103517,183.01860992777512,10.929723246744746
2024-07-19,181.13999938964844,184.92999267578125,180.11000061035156,183.1300048828125,183.1300048828125,43081800,-0.0033741230867346816,193.45,187.66780029296876,37.27241930725356,0.15048901610890653,2.126016722723484,-1.9755277066145775,204.51879677708675,193.45,182.38120322291323,11.443573819681324
2024-07-22,185.0,185.05999755859372,182.47999572753903,182.5500030517578,182.5500030517578,39931900,-0.003167158934036185,193.12350006103514,187.5588003540039,36.551403534732565,-0.5234254497389657,1.5961282882309942,-2.1195537379699596,205.04132130264176,193.12350006103514,181.20567881942853,12.342176107868887
2024-07-23,184.1000061035156,189.38999938964844,183.55999755859372,186.41000366210935,186.41000366210935,47537700,0.021144894800451564,193.16549987792968,187.4970004272461,44.277036623349126,-0.7375358748653582,1.1293954556117238,-1.866931330477082,204.98203758925035,193.16549987792968,181.348962166609,12.234625457225127
2024-07-24,183.1999969482422,185.4499969482422,180.41000366210935,180.8300018310547,180.8300018310547,41532400,-0.029934025650088403,192.8900001525879,187.36400054931642,37.221397150466295,-1.342009591901899,0.6351144461089993,-1.9771240380108983,205.556584766693,192.8900001525879,180.2234155384828,13.133479811379583
2024-07-25,182.91000366210935,183.8999938964844,176.8000030517578,179.85000610351562,179.85000610351562,44464200,-0.005419431054668911,192.2020004272461,187.22960052490234,36.132394097612895,-1.8784828516982657,0.13239498654754628,-2.010877838245812,206.07476511659814,192.2020004272461,178.32923573789407,14.435609055591772
2024-07-26,180.38999938964844,183.19000244140625,180.2400054931641,182.5,182.5,29506000,0.014734466536293178,191.43450012207032,187.13820037841796,41.146719103822235,-2.065993922740006,-0.30728279530996416,-1.7587111274300418,205.66626537050576,191.43450012207032,177.20273487363488,14.868547977883187
2024-07-29,183.83999633789065,184.75,182.3800048828125,183.1999969482422,183.1999969482422,33270100,0.003835599716395466,190.93199996948243,187.08240020751953,42.43243686983046,-2.1335200033517765,-0.6725302369183266,-1.46098976643345,205.57561007818768,190.93199996948243,176.2883898607772,15.339084188135885
2024-07-30,184.72000122070312,185.8600006103516,179.3800048828125,181.7100067138672,181.7100067138672,39508600,-0.008133134602594794,190.15750045776366,187.04400024414062,40.40884306260138,-2.280971053828523,-0.9942184003003659,-1.2867526535281573,205.0298706030141,190.15750045776366,175.28513031251322,15.642159903709693
2024-07-31,185.0500030517578,187.94000244140625,184.4600067138672,186.97999572753903,186.97999572753903,41667300,0.029002194810164417,189.50650024414062,187.08960021972655,49.56955344286575,-1.950103425005068,-1.1853954052413065,-0.7647080197637615,203.72397317146223,189.50650024414062,175.28902731681902,15.004733778530325
2024-08-01,189.2899932861328,190.6000061035156,181.8699951171875,184.07000732421875,184.07000732421875,70435600,-0.015563100170141286,188.83050079345702,187.10020050048828,45.417728992613014,-1.900789076476599,-1.328474139488365,-0.5723149369882339,202.72838353306744,188.83050079345702,174.9326180538466,14.719955389846623
2024-08-02,166.75,168.77000427246094,160.5500030517578,167.89999389648438,167.89999389648438,141448400,-0.0878470841762542,187.22550048828126,186.79520050048828,30.253893714053333,-3.1304066657225462,-1.6888606447352013,-1.441546020987345,202.89434607477398,187.22550048828126,171.55665490178853,16.73793959223355
2024-08-05,154.2100067138672,162.9600067138672,151.61000061035156,161.02000427246094,161.02000427246094,83149400,-0.04097671157906757,185.31200103759767,186.35300048828125,26.239649747016003,-4.6069392009145815,-2.2724763559710777,-2.334462844943504,203.72672369399072,185.31200103759767,166.89727838120461,19.874290443452626
2024-08-06,161.7100067138672,165.0800018310547,158.5399932861328,161.92999267578125,161.92999267578125,59950800,0.005651399696776416,183.44150085449218,185.97060028076172,27.607840888433813,-5.638674286615924,-2.945715942100047,-2.6929583445158767,203.31846388583287,183.44150085449218,163.56453782315148,21.67117357713653
2024-08-07,166.5500030517578,167.5800018310547,161.42999267578125,162.77000427246094,162.77000427246094,48408200,0.0051874985158653075,181.5905014038086,185.61100036621093,28.918573325239677,-6.315745872696766,-3.6197219282193913,-2.696023944477375,201.92265270941965,181.5905014038086,161.25835009819752,22.393408408953956
2024-08-08,165.1699981689453,166.69000244140625,162.5500030517578,165.8000030517578,165.8000030517578,44616200,0.018615215947435537,180.12800140380858,185.2840005493164,33.589480635408194,-6.532531447799727,-4.202283832135459,-2.330247615664268,200.58471380911098,180.12800140380858,159.67128899850618,22.71352843075498
2024-08-09,166.39999389648438,168.5500030517578,165.85000610351562,166.94000244140625,166.94000244140625,36401000,0.00687575011257735,178.7505012512207,184.9824005126953,35.311812918117724,-6.536992771024671,-4.669225619913302,-1.8677671511113694,198.86065507424416,178.7505012512207,158.64034742819723,22.50080831354998
2024-08-12,168.13999938964844,168.5500030517578,166.11000061035156,166.8000030517578,166.8000030517578,30072800,-0.000838620987187122,177.45450134277343,184.7320004272461,35.191109593407774,-6.477160508098507,-5.030812597550343,-1.4463479105481643,197.13274616538098,177.45450134277343,157.77625652016587,22.178355210721648
2024-08-13,167.80999755859375,171.0399932861328,167.10000610351562,170.22999572753906,170.22999572753906,39237900,0.020563504874259175,176.31500091552735,184.60780029296876,40.55258055967904,-6.082851934711158,-5.241220464982506,-0.841631469728652,194.86280926017528,176.31500091552735,157.76719257087942,21.03939908497542
2024-08-14,172.11000061035156,172.27999877929688,168.86000061035156,170.10000610351562,170.10000610351562,28843800,-0.0007636117446156998,175.42350158691406,184.44300048828126,40.41612093286632,-5.714970008934188,-5.3359703737728434,-0.3789996351613443,193.35631328956214,175.42350158691406,157.49068988426598,20.445164462485913
2024-08-15,174.86000061035156,177.91000366210938,173.99000549316406,177.58999633789062,177.58999633789062,51698500,0.04403286281963403,175.1155014038086,184.40800048828126,50.708484165761234,-4.764123467091167,-5.2216009924365085,0.45747752534534136,192.67337439138987,175.1155014038086,157.55762841622732,20.0529054787601
2024-08-16,177.0399932861328,178.33999633789062,176.25999450683594,177.05999755859375,177.05999755859375,31489200,-0.002984395462729106,174.81200103759767,184.3236004638672,50.049665624959054,-4.00714532733366,-4.97870985941594,0.9715645320822794,192.01142584818587,174.81200103759767,157.61257622700947,19.677624772327885
2024-08-19,177.63999938964844,178.3000030517578,176.16000366210938,178.22000122070312,178.22000122070312,31129800,0.006551472258579993,174.59550094604492,184.18800048828126,51.53386666495355,-3.2758699077276674,-4.638141869078285,1.3622719613506176,191.50645250625843,174.59550094604492,157.68454938583142,19.371577696540392
2024-08-20,177.9199981689453,179.00999450683594,177.42999267578125,178.8800048828125,178.8800048828125,26255200,0.003703308593809629,174.21900100708007,184.07960052490233,52.40048628288048,-2.612951609831299,-4.233103817228888,1.620152207397589,190.37969943774763,174.21900100708007,158.0583025764125,18.552165191224823
2024-08-21,179.9199981689453,182.38999938964844,178.88999938964844,180.11000061035156,180.11000061035156,35599100,0.006876093995775934,174.18300094604493,183.9406005859375,54.049492879599,-1.9656746333870956,-3.7796179804605297,1.813943347073434,190.28774244150623,174.18300094604493,158.07825945058363,18.49174880211177
2024-08-22,181.3800048828125,181.47000122070312,175.67999267578125,176.1300048828125,176.1300048828125,32047500,-0.022097583221652117,173.99700088500975,183.71860076904298,48.22742053641021,-1.7536404832884784,-3.37442248102612,1.6207819977376414,189.92055230797473,173.99700088500975,158.07344946204478,18.30324815022352
2024-08-23,177.33999633789062,178.97000122070312,175.24000549316406,177.0399932861328,177.0399932861328,29150100,0.005166572293719973,173.7240005493164,183.52160064697264,49.56510904266417,-1.4949406869829431,-2.998526122217485,1.503585435234542,189.2369994517662,173.7240005493164,158.2110016468666,17.859361807692192
2024-08-26,176.6999969482422,177.47000122070312,174.3000030517578,175.5,175.5,22366200,-0.00869856159361615,173.3390007019043,183.35500061035157,47.33608290003903,-1.398067767552078,-2.678434451284404,1.2803666837323258,188.26321487473945,173.3390007019043,158.41478652906915,17.21968410156087
2024-08-27,174.14999389648438,174.88999938964844,172.25,173.1199951171875,173.1199951171875,29842000,-0.013561281383547064,172.9095001220703,183.14420043945313,44.03977415101114,-1.496095724261636,-2.4419667058798504,0.9458709816182145,187.33132837105128,172.9095001220703,158.48767187308934,16.681360178358595
2024-08-28,173.69000244140625,173.69000244140625,168.9199981689453,170.8000030517578,170.8000030517578,29045000,-0.013401063602498708,172.10050048828126,182.8790005493164,41.03969298604911,-1.7409193226380069,-2.301757229231482,0.5608379065934752,185.01039726069772,172.10050048828126,159.1906037158648,15.00274169544966
2024-08-29,173.22000122070312,174.2899932861328,170.80999755859375,172.1199951171875,172.1199951171875,26407800,0.007728290643119529,171.50299987792968,182.66520050048828,43.4021157686844,-1.807594634407053,-2.2029247102665965,0.3953300758595435,183.18990126306878,171.50299987792968,159.8160984927906,13.628801121213572
2024-08-30,172.77999877929688,178.89999389648438,172.60000610351562,178.5,178.5,43429400,0.037067191865004956,172.03300018310546,182.51320037841796,53.16917959518285,-1.3302874990227451,-2.028397268017826,0.698109768995081,183.97684103993228,172.03300018310546,160.08915932627863,13.885522945149187
2024-09-03,177.5500030517578,178.25999450683594,175.25999450683594,176.25,176.25,37817500,-0.012605042016806678,172.79449996948242,182.25660034179688,49.89878617113862,-1.1206561251572396,-1.846849039445709,0.7261929142884695,183.73228806489558,172.79449996948242,161.85671187406925,12.659879912086222
2024-09-04,174.47999572753906,175.97999572753906,172.5399932861328,173.3300018310547,173.3300018310547,30309200,-0.016567365497562103,173.3645004272461,182.0118002319336,45.948771652149254,-1.1765783371709801,-1.7127948989907635,0.5362165618197834,183.10028262666552,173.3645004272461,163.62871822782668,11.23157529416482
2024-09-05,175.0,179.8800048828125,175.0,177.88999938964844,177.88999938964844,40170500,0.026308183871355473,174.12050018310546,181.84280029296875,52.29917506473789,-0.8432232468988445,-1.5388805685723799,0.6956573216735353,182.73134630460163,174.12050018310546,165.5096540616093,9.89067469073542
2024-09-06,177.24000549316406,178.3800048828125,171.16000366210938,171.38999938964844,171.38999938964844,41466500,-0.03653943460735232,174.4,181.3984002685547,44.30798941723793,-1.090956743159694,-1.4492958034898429,0.35833906033014884,182.24086619906058,174.4,166.55913380093943,8.99181903561992
2024-09-09,174.52999877929688,175.85000610351562,173.50999450683594,175.39999389648438,175.39999389648438,29037400,0.023396899008788496,174.8229995727539,180.94940002441408,49.440547237422855,-0.9527317810733678,-1.349982999006548,0.3972512179331802,181.88225966437312,174.8229995727539,167.76373948113468,8.075894028670362
2024-09-10,177.49000549316406,180.5,176.7899932861328,179.5500030517578,179.5500030517578,36233800,0.023660258265018275,175.46049957275392,180.6754000854492,54.14999812096295,-0.5025236669830804,-1.1804911326018543,0.677967465618774,181.76944130525146,175.46049957275392,169.15155784025637,7.191295759284635
2024-09-11,180.10000610351562,184.9900054931641,175.72999572753906,184.5200042724609,184.5200042724609,42564700,0.027680318219044597,176.175,180.4218002319336,59.06733591148461,0.25239758721193084,-0.8939133886390973,1.1463109758510281,183.15382463798545,176.175,169.19617536201457,7.922604953013128
2024-09-12,184.8000030517578,187.41000366210935,183.5399932861328,187.0,187.0,33544200,0.013440254011034769,177.0199996948242,180.1618002319336,61.29784964337956,1.0388181995363652,-0.5073670710040048,1.54618527054037,184.88783994627045,177.0199996948242,169.15215944337797,8.889210558140434
2024-09-13,187.0,188.5,185.91000366210935,186.4900054931641,186.4900054931641,26495400,-0.0027272433520636463,177.4650001525879,179.93980041503906,60.566929890209835,1.6024379983958283,-0.0854060571240382,1.6878440555198666,186.35218369531592,177.4650001525879,168.57781660985987,10.015702854181557
2024-09-16,185.2899932861328,185.80999755859372,183.3600006103516,184.88999938964844,184.88999938964844,26065500,-0.00857958097692424,177.85650024414062,179.63760040283202,58.22136388495643,1.898123245673105,0.31129980343539043,1.5868234422377145,187.3096615856832,177.85650024414062,168.40333890259805,10.63009935376708
2024-09-17,186.8500061035156,189.4499969482422,186.13999938964844,186.8800048828125,186.8800048828125,26091700,0.010763186217390919,178.28950042724608,179.38940063476562,60.28161879405216,2.2669013192547425,0.7024201065992609,1.5644812126554815,188.530135335092,178.28950042724608,168.04886551940015,11.487647767597831
2024-09-18,186.4499969482422,188.8000030517578,185.05999755859372,186.42999267578125,186.42999267578125,34448100,-0.0024080275860086653,178.66699981689453,179.13120056152343,59.5662635568587,2.4940979664372094,1.0607556785668506,1.4333422878703588,189.50602024617396,178.66699981689453,167.8279793876151,12.133209199670576
2024-09-19,190.0399932861328,190.9900054931641,188.47000122070312,189.8699951171875,189.8699951171875,39543200,0.01845197970580159,179.15499954223634,178.93280059814452,63.16474807642642,2.9180944179153414,1.4322234264365488,1.4858709914787926,191.03846534225852,179.15499954223634,167.27153374221416,13.266128023650959
2024-09-20,190.22999572753903,191.83999633789065,187.41000366210935,191.6000061035156,191.6000061035156,100378600,0.009111555436973173,179.9284996032715,178.86380065917967,64.85857832296246,3.3550373070948183,1.8167862025682027,1.5382511045266156,192.88878776236584,179.9284996032715,166.96821144417714,14.406042608781583
2024-09-23,191.63999938964844,194.4499969482422,190.57000732421875,193.8800048828125,193.8800048828125,36993100,0.011899784481557374,180.77050018310547,178.85160064697266,67.0115512550296,3.841017680645507,2.2216324981836637,1.6193851824618433,194.99700416072352,180.77050018310547,166.54399620548742,15.73985131778447
2024-09-24,194.2700042724609,195.3699951171875,190.1300048828125,193.9600067138672,193.9600067138672,43478900,0.0004126358007008335,181.69350051879883,178.87640075683595,67.08774632289746,4.1843811657549,2.614182231697911,1.5701989340569886,196.80054122885855,181.69350051879883,166.5864598087391,16.62914817197512
2024-09-25,193.75,193.9499969482422,192.16000366210935,192.52999877929688,192.52999877929688,26391100,-0.007372694808574054,182.66400070190429,178.86660064697264,64.23187415478114,4.291638178786513,2.949673421115632,1.3419647576708815,197.93620213226254,182.66400070190429,167.39179927154603,16.721632474568963
2024-09-26,194.30999755859372,194.52999877929688,189.5399932861328,191.16000366210935,191.16000366210935,36334900,-0.007115748848874226,183.68200073242187,178.9312008666992,61.5295076065326,4.217476533736033,3.2032340436397124,1.0142424900963203,198.35784365514118,183.68200073242187,169.00615780970256,15.979620065330513
2024-09-27,190.67999267578125,190.8999938964844,187.33999633789065,187.97000122070312,187.97000122070312,36002300,-0.016687603998192024,184.47450103759766,179.01560089111328,55.65765376858448,3.856837140906407,3.333954663093052,0.5228824778133552,198.25163910853513,184.47450103759766,170.6973629666602,14.936631343027246
2024-09-30,187.13999938964844,188.4900054931641,184.6499938964844,186.3300018310547,186.3300018310547,41583900,-0.008724793206352333,184.8660011291504,179.07960083007814,52.86450955929766,3.3995061879094806,3.347064968056338,0.05244121985314276,198.3843622816047,184.8660011291504,171.3476399766961,14.625037670404476
2024-10-01,184.8999938964844,186.19000244140625,183.4499969482422,185.1300048828125,185.1300048828125,36044900,-0.006440170323887107,185.31000137329102,179.13120086669923,50.8535164091905,2.90673139766281,3.2589982539776323,-0.35226685631482235,198.2376611725696,185.31000137329102,172.38234157401243,13.952468515972791
2024-10-02,184.44000244140625,186.6000061035156,184.0399932861328,184.75999450683597,184.75999450683597,23704100,-0.0019986515757440815,185.8815010070801,179.09820068359375,50.21915864332667,2.4580126414353742,3.098801131469181,-0.6407884900338066,197.59364702155727,185.8815010070801,174.1693549926029,12.601733847663601
2024-10-03,183.0500030517578,183.44000244140625,180.8800048828125,181.9600067138672,181.9600067138672,30204300,-0.015154729791167942,186.08500137329102,179.12080078125,45.585084725965864,1.8550799726849334,2.8500568997123317,-0.9949769270273983,197.36824197811285,186.08500137329102,174.8017607684692,12.126974792758686
2024-10-04,185.75,187.6000061035156,183.6000061035156,186.50999450683597,186.50999450683597,40890300,0.02500542770436165,186.84100112915038,179.2540005493164,53.15056733731123,1.7245183043260113,2.6249491806350678,-0.9004308763090565,195.88936469366988,186.84100112915038,177.7926375646309,9.68562950298578
2024-10-07,182.9499969482422,183.6000061035156,180.25,180.8000030517578,180.8000030517578,42364200,-0.03061493551686778,187.11100158691406,179.22000061035158,44.74327156682864,1.1470758748154708,2.3293745194711484,-1.1822986446556776,195.02937796478238,187.11100158691406,179.19262520904573,8.463827685931337
2024-10-08,181.9199981689453,183.08999633789065,180.9199981689453,182.72000122070312,182.72000122070312,26372100,0.010619458719785868,187.26950149536134,179.2104006958008,47.73687217827474,0.8347538722964316,2.030450390036205,-1.1956965177397736,194.6872257185418,187.26950149536134,179.85177727218087,7.921977859661476
2024-10-09,182.82000732421875,185.8500061035156,182.0500030517578,185.1699981689453,185.1699981689453,26343100,0.013408477078997505,187.30200119018554,179.27960052490235,51.3581992191689,0.7759856340310591,1.779557438835176,-1.003571804804117,194.67682617646707,187.30200119018554,179.927176203904,7.87479571966044
2024-10-10,187.1300048828125,188.1300048828125,185.8300018310547,186.6499938964844,186.6499938964844,27785000,0.007992632403596822,187.28450088500978,179.27300048828124,53.45623764485773,0.8391613386235974,1.5914782187928604,-0.752316880169263,194.66376916133572,187.28450088500978,179.90523260868383,7.880276522035018
2024-10-11,186.6300048828125,189.92999267578125,186.3000030517578,188.82000732421875,188.82000732421875,25751600,0.011626110360002606,187.4010009765625,179.36800048828124,56.424055513292316,1.052201365361583,1.483622848106605,-0.431421482745022,194.79996189199525,187.4010009765625,180.00204006112975,7.896394231488775
2024-10-14,189.77999877929688,189.8300018310547,187.3600006103516,187.5399932861328,187.5399932861328,22614400,-0.006779016992029097,187.53350067138672,179.76080047607422,54.22754786433971,1.1050127865156867,1.4079008357884213,-0.3028880492727346,194.84221026543372,187.53350067138672,180.22479107733972,7.794564243595056
2024-10-15,187.6300048828125,188.41000366210935,184.5800018310547,187.69000244140625,187.69000244140625,32178900,0.0007998782160802964,187.5740005493164,180.29420043945314,54.45133329405022,1.1457630600740174,1.3554732806455405,-0.2097102205715231,194.87675086555564,187.5740005493164,180.27125023307715,7.786527231762297
2024-10-16,187.0500030517578,187.77999877929688,185.6100006103516,186.88999938964844,186.88999938964844,23456800,-0.004262363692000948,187.59700088500978,180.79340057373048,52.9641376827221,1.1008148764244936,1.3045415998013312,-0.20372672337683762,194.88808220631648,187.59700088500978,180.30591956370307,7.773132072378787
2024-10-17,188.22000122070312,188.94000244140625,186.0,187.52999877929688,187.52999877929688,25039400,0.0034244710350397334,187.48000106811523,181.2886004638672,54.045473216633816,1.1041082465123395,1.264454929143533,-0.16034668263119345,194.6961432719403,187.48000106811523,180.26385886429017,7.698039431099948
2024-10-18,187.1499938964844,190.7400054931641,186.27999877929688,188.9900054931641,188.9900054931641,37417700,0.007785456851548744,187.34950103759766,181.75240051269532,56.50220948899985,1.210573864108909,1.2536787161366083,-0.043104852027699314,194.35419386800453,187.34950103759766,180.3448082071908,7.4776743910315
2024-10-21,188.0500030517578,189.4600067138672,186.3999938964844,189.07000732421875,189.07000732421875,24639400,0.00042331249658356107,187.10900115966797,182.19500061035157,56.63900104077499,1.286573296166324,1.2602576321425516,0.0263156640237725,193.50406903774427,187.10900115966797,180.71393328159166,6.83566032466725
2024-10-22,188.3500061035156,191.5200042724609,186.97999572753903,189.6999969482422,189.6999969482422,29650600,0.003332044214411578,186.89600067138673,182.65300048828124,57.76536558460089,1.3817107893395075,1.2845482635819427,0.09716252575756479,192.61183943290888,186.89600067138673,181.18016190986458,6.116598258913123
2024-10-23,188.8500061035156,189.16000366210935,183.69000244140625,184.7100067138672,184.7100067138672,31937100,-0.026304640562205495,186.50500106811523,182.9426007080078,47.28741693080895,1.042440820401481,1.2361267749458504,-0.19368595454436943,191.66897405111578,186.50500106811523,181.3410280851147,5.537624142437409
2024-10-24,185.25,187.1100006103516,183.8600006103516,186.3800048828125,186.3800048828125,21647400,0.009041189476714617,186.2660011291504,183.26820068359376,50.52202481474064,0.8979705753613416,1.1684955350289488,-0.27052495966760715,190.967856939903,186.2660011291504,181.5641453183978,5.048538952089798
2024-10-25,187.8500061035156,190.4499969482422,187.52999877929688,187.8300018310547,187.8300018310547,29362100,0.007779788122410869,186.25900115966797,183.47300079345703,53.206904886053216,0.890217626253957,1.1128399532739506,-0.22262232701999363,190.951095408884,186.25900115966797,181.56690691045196,5.038246978672219
2024-10-28,189.57000732421875,190.2100067138672,188.2100067138672,188.38999938964844,188.38999938964844,27930800,0.002981406341556969,186.36200103759765,183.6996008300781,54.23967997672633,0.9186706180803696,1.0740060862352345,-0.15533546815486488,191.1453612598975,186.36200103759765,181.5786408152978,5.133407235024084
2024-10-29,188.5800018310547,191.4600067138672,187.82000732421875,190.8300018310547,190.8300018310547,35690200,0.012951868195294036,186.64700088500976,183.95180084228517,58.53409435338727,1.1251377367109114,1.08423241633037,0.0409053203805414,191.76995693373465,186.64700088500976,181.52404483628487,5.4894598085517154
2024-10-30,194.6999969482422,195.6100006103516,192.4199981689453,192.72999572753903,192.72999572753903,37707600,0.009956473710912794,187.0455009460449,184.22880065917968,61.559286494214156,1.4256441064491128,1.1525147543541188,0.273129352094994,192.72862298583794,187.0455009460449,181.36237890625188,6.0767267975425785
2024-10-31,190.50999450683597,190.6000061035156,185.22999572753903,186.3999938964844,186.3999938964844,75146800,-0.032843885079535395,187.2675003051758,184.35460052490234,48.788547935222,1.1398795024111905,1.149987703965533,-0.010108201554342555,192.46477139782314,187.2675003051758,182.07022921252843,5.550638615005543
2024-11-01,199.0,200.5,197.0200042724609,197.92999267578125,197.92999267578125,99687800,0.06185621865256041,187.83850021362304,184.7906002807617,63.600879764054206,1.8227717579673879,1.284544514765904,0.5382272432014839,194.79051063740852,187.83850021362304,180.88648978983755,7.402114492906588
2024-11-04,196.4499969482422,197.3300018310547,194.30999755859372,195.77999877929688,195.77999877929688,38492100,-0.01086239567545566,188.5875,185.165400390625,60.109537862952116,2.1655194905729047,1.4607395099273042,0.7047799806456005,195.57261543545673,188.5875,181.60238456454329,7.407824416206503
2024-11-05,196.0399932861328,199.82000732421875,195.9900054931641,199.5,199.5,30564800,0.0190009257528736,189.42649993896484,185.645400390625,63.811178363941366,2.7061279882478573,1.709817205591415,0.9963107826564424,197.35790441240556,189.42649993896484,181.49509546552412,8.374123447349026
2024-11-06,200.00999450683597,207.5500030517578,199.13999938964844,207.08999633789065,207.08999633789065,72292200,0.03804509442551707,190.52249984741212,186.32480041503905,69.94023833462985,3.7043123824603015,2.1087162409651925,1.595596141495109,201.33353926401722,190.52249984741212,179.71146043080702,11.34883221169528
2024-11-07,207.44000244140625,212.25,207.19000244140625,210.0500030517578,210.0500030517578,52878400,0.01429333510169939,191.69250030517577,187.10980041503908,71.93641249750384,4.680277188348811,2.6230284304419165,2.057248757906894,205.2817749287116,191.69250030517577,178.10322568163994,14.178201653065834
2024-11-08,209.72000122070312,209.9600067138672,207.44000244140625,208.17999267578125,208.17999267578125,36075800,-0.008902691496347037,192.6604995727539,187.83100036621093,68.82679859002167,5.2424108702251715,3.1469049183985676,2.095505951826604,207.94570589176624,192.6604995727539,177.37529325374157,15.867504084032772
2024-11-11,208.5,209.6499938964844,205.58999633789065,206.83999633789065,206.83999633789065,35456000,-0.006436720074140423,193.6254997253418,188.39780029296875,66.60497960884209,5.516192128271172,3.6207623603730887,1.895429767898083,209.90064457302404,193.6254997253418,177.35035487765956,16.810951936360212
2024-11-12,208.3699951171875,209.5399932861328,206.00999450683597,208.91000366210935,208.91000366210935,38942900,0.01000777103494599,194.68649978637694,189.05100036621093,68.30700985316122,5.832959314959737,4.063201751290419,1.7697575636693186,212.00858516349203,194.68649978637694,177.36441440926185,17.794850075502964
2024-11-13,209.3999938964844,215.08999633789065,209.13999938964844,214.1000061035156,214.1000061035156,46212900,0.024843245179395845,196.0470001220703,189.86640045166016,72.14084832605926,6.428683552677398,4.536298111567815,1.8923854411095835,214.91153189405603,196.0470001220703,177.18246835008458,19.24490735409322
2024-11-14,214.16000366210935,215.8999938964844,210.8800048828125,211.47999572753903,211.47999572753903,42620300,-0.012237320417028852,197.24449996948243,190.53820037841797,67.68930328352107,6.613154038815026,4.951669297017258,1.6614847417977678,216.82158207420827,197.24449996948243,177.6674178647566,19.850573382532634
2024-11-15,206.75999450683597,207.33999633789065,199.6100006103516,202.6100006103516,202.6100006103516,86591100,-0.04194247823144048,197.9254997253418,191.16260040283203,55.25769435168132,5.974740660613691,5.156283569736544,0.8184570908771462,217.25261758286973,197.9254997253418,178.59838186781388,19.529689589616165
2024-11-18,204.1499938964844,204.6699981689453,200.9499969482422,201.6999969482422,201.6999969482422,36409900,-0.004491405455644193,198.55699920654297,191.68860046386717,54.158738419270996,5.333878141562764,5.191802484101789,0.14207565746097472,217.5071373333117,198.55699920654297,179.60686107977423,19.087857091410232
2024-11-19,199.3300018310547,205.3000030517578,198.77999877929688,204.6100006103516,204.6100006103516,31197900,0.014427385751801136,199.30249938964843,192.18980041503906,57.09712538518899,5.003129985533718,5.154067984388176,-0.1509379988544577,217.97127332715615,199.30249938964843,180.6337254521407,18.73410920051649
2024-11-20,202.97999572753903,203.1300048828125,199.4499969482422,202.8800048828125,202.8800048828125,32769000,-0.008455088814713463,200.21099929809571,192.5570004272461,54.846329191044376,4.54897573134221,5.033049533778984,-0.48407380243677345,217.68077813491425,200.21099929809571,182.74122046127718,17.451367705135564
2024-11-21,203.4900054931641,203.4900054931641,195.75,198.3800048828125,198.3800048828125,58800000,-0.022180598835253806,200.8109992980957,192.78460052490234,49.392120324441,3.7823423329717514,4.782908093617538,-1.0005657606457863,217.12554493730966,200.8109992980957,184.49645365888176,16.2486573905204
2024-11-22,198.25,199.25999450683597,196.75,197.1199951171875,197.1199951171875,31530800,-0.006351495788949668,201.27549896240234,192.9972003173828,47.95412893228206,3.038086414677565,4.433943757829543,-1.3958573431519783,216.58317033940358,201.27549896240234,185.9678275854011,15.210665437088961
2024-11-25,199.27999877929688,201.9499969482422,199.0,201.4499969482422,201.4499969482422,40685700,0.021966324768223133,201.92849884033203,193.32840026855467,53.01638276915401,2.7657711100619338,4.100309228276021,-1.3345381182140876,216.05004399960848,201.92849884033203,187.80695368105557,13.986678691097065
2024-11-26,201.8999938964844,208.0,201.7899932861328,207.8600006103516,207.8600006103516,41673700,0.03181932866326287,202.77999877929688,193.74800018310546,59.32381674246928,3.032239227809839,3.886695228182785,-0.854456000372946,216.156061151229,202.77999877929688,189.40393640736474,13.192684142868025
2024-11-27,206.97999572753903,207.63999938964844,205.0500030517578,205.7400054931641,205.7400054931641,28061600,-0.010199148999145757,203.4304992675781,194.13420043945314,56.6166696780019,3.0373386927334423,3.716823921092917,-0.6794852283594746,216.03122371968655,203.4304992675781,190.82977481546968,12.388235291635729
2024-11-29,205.8300018310547,208.1999969482422,204.58999633789065,207.88999938964844,207.88999938964844,24892400,0.010450052683389277,204.50499954223633,194.49460052490235,58.67620846936757,3.178229938273688,3.6091051245290715,-0.43087518625538346,214.51149038497348,204.50499954223633,194.49850869949918,9.786059866639608
2024-12-02,209.9600067138672,212.9900054931641,209.50999450683597,210.7100067138672,210.7100067138672,39523200,0.01356490130596999,205.1440002441406,194.87680053710938,61.27312076467066,3.4773535218879204,3.5827548040008415,-0.1054012821129211,215.020783685062,205.1440002441406,195.2672168032192,9.629122401013046
2024-12-03,210.30999755859372,214.0200042724609,209.6499938964844,213.44000244140625,213.44000244140625,32214800,0.012956175029913197,206.0270004272461,195.26800048828125,63.65437454207888,3.8898590825074564,3.6441756597021646,0.24568342280529176,215.54855070281005,206.0270004272461,196.50545015168214,9.243012086589378
2024-12-04,215.9600067138672,220.0,215.75,218.16000366210935,218.16000366210935,48745700,0.022113948494724367,206.96000061035156,195.7520004272461,67.38803619492668,4.545242635271052,3.824389054815942,0.7208535804551097,217.35709486150566,206.96000061035156,196.56290635919746,10.047443197228196
2024-12-05,218.02999877929688,222.1499938964844,217.3000030517578,220.5500030517578,220.5500030517578,41140200,0.010955259211262947,207.63300094604492,196.31240051269532,69.11796822720018,5.197577362846715,4.099026716422097,1.0985506464246182,219.60054474390333,207.63300094604492,195.6654571481865,11.527593150732597
2024-12-06,220.75,227.1499938964844,220.6000061035156,227.02999877929688,227.02999877929688,44178100,0.029381072944344444,208.48200073242188,197.02980041503906,73.25968354444186,6.16635690986385,4.512492755110448,1.6538641547534025,223.1250614492741,208.48200073242188,193.83894001556965,14.047314075468801
2024-12-09,227.2100067138672,230.0800018310547,225.6699981689453,226.08999633789065,226.08999633789065,46819400,-0.004140432746599365,209.37750091552735,197.79220031738282,71.75628789973847,6.780114401119931,4.966017084312345,1.8140973168075867,225.90631227390526,209.37750091552735,192.84868955714944,15.788526738645526
2024-12-10,226.08999633789065,229.05999755859372,224.1999969482422,225.0399932861328,225.0399932861328,31199900,-0.004644181824783655,210.28750076293946,198.56640014648437,70.02757217527872,7.099951344258727,5.392803936301622,1.7071474079571054,228.110636109652,210.28750076293946,192.4643654162269,16.95120754400411
2024-12-11,226.41000366210935,231.1999969482422,226.25999450683597,230.25999450683597,230.25999450683597,35385800,0.02319588240507131,211.3550003051758,199.46899993896486,73.45180540609019,7.686035071226883,5.851450163286675,1.834584907940208,231.16677796680867,211.3550003051758,191.54322264354292,18.747394320481295
2024-12-12,229.8300018310547,231.08999633789065,227.6300048828125,228.97000122070312,228.97000122070312,28204100,-0.0056023335225717785,212.09850006103517,200.3532000732422,71.28441312762895,7.954721887807011,6.272104508190742,1.6826173796162696,233.3316347012702,212.09850006103517,190.86536542080015,20.021956434510198
2024-12-13,228.3999938964844,230.1999969482422,225.8600006103516,227.4600067138672,227.4600067138672,28768100,-0.006594726378065796,212.89750061035156,201.2632000732422,68.72794146143757,7.9541239983964545,6.608508406231885,1.3456155921645694,235.15533219714385,212.89750061035156,190.63966902355926,20.909434373801254
2024-12-16,230.22999572753903,233.0,228.00999450683597,232.92999267578125,232.92999267578125,37552100,0.024048121869595374,214.41350021362305,202.19160003662108,72.56615097279345,8.299362435297041,6.946679212044916,1.352683223252125,237.76540943273906,214.41350021362305,191.06159099450704,21.78212584174988
2024-12-17,232.38999938964844,232.72999572753903,227.8500061035156,231.1499938964844,231.1499938964844,35948100,-0.007641775792155969,215.88600006103516,203.19859985351562,69.5736442469919,8.333274556625156,7.223998280960965,1.1092762756641914,239.55737627955796,215.88600006103516,192.21462384251237,21.929514847493987
2024-12-18,230.7700042724609,231.3999938964844,220.1100006103516,220.5200042724609,220.5200042724609,43281400,-0.04598741035997567,216.68150024414064,203.95459991455078,54.98956140828867,7.416901410374635,7.262578906843699,0.15432250353093568,239.84759478330506,216.68150024414064,193.51540570497622,21.382623355535735
2024-12-19,224.91000366210935,226.08999633789065,222.9199981689453,223.2899932861328,223.2899932861328,39918700,0.012561168873593376,217.70199966430664,204.71699981689454,57.490213008362716,6.835389933230545,7.177141112121069,-0.3417511788905241,240.13279191840968,217.70199966430664,195.2712074102036,20.60687755619241
2024-12-20,219.83999633789065,226.2100067138672,218.72999572753903,224.9199981689453,224.9199981689453,88279200,0.00729994595290151,219.02899932861328,205.48239990234376,58.93597563762095,6.431922471040195,7.028097383904894,-0.5961749128646989,239.80996977577547,219.02899932861328,198.2480288814511,18.97554251798787
2024-12-23,225.00999450683597,226.8800048828125,223.8999938964844,225.05999755859372,225.05999755859372,28070000,0.0006224408269079884,220.4259994506836,206.20719970703124,59.06474941625198,6.053685265694497,6.833214960262815,-0.7795296945683177,238.7376348277963,220.4259994506836,202.1143640735709,16.614769058773952
2024-12-24,226.94000244140625,229.13999938964844,226.1300048828125,229.0500030517578,229.0500030517578,15007500,0.017728630305015924,221.80599975585938,207.03739990234374,62.658815478306224,6.006648745112585,6.66790171723277,-0.6612529721201845,238.25456626613385,221.80599975585938,205.3574332455849,14.831489254915844
2024-12-26,228.5,228.5,226.6699981689453,227.0500030517578,227.0500030517578,16146700,-0.00873171784917226,222.7654998779297,207.8245999145508,59.82349864730074,5.741800773202414,6.482681528426699,-0.7408807552242855,238.0453727172596,222.7654998779297,207.4856270385998,13.718347632557922
2024-12-27,225.6000061035156,226.02999877929688,220.8999938964844,223.75,223.75,27367100,-0.014534256804240364,223.66599960327147,208.5617999267578,55.37131298841575,5.205617067170152,6.22726863617539,-1.021651569005238,236.79806993713981,223.66599960327147,210.53392926940313,11.74257183225113
2024-12-30,220.05999755859372,223.0,218.42999267578125,221.3000030517578,221.3000030517578,28321200,-0.010949707031249978,224.33649978637695,209.23720001220704,52.26160177415517,4.530765494582312,5.887968007856775,-1.357202513274463,235.38168609806027,224.33649978637695,213.29131347469362,9.846981050521011
2024-12-31,222.97000122070312,223.22999572753903,218.94000244140625,219.38999938964844,219.38999938964844,24819700,-0.008630834323407832,224.770499420166,209.8451998901367,49.90838417686246,3.798038010311501,5.469982008347721,-1.6719439980362196,234.204482061406,224.770499420166,215.336516778926,8.394324580473475
