Date,Open,High,Low,Close,Adj Close,Volume,Daily_Return,SMA_20,SMA_50,RSI_14,MACD,MACD_Signal,MACD_Hist,BB_High,BB_Mid,BB_Low,BB_Width
2015-03-16,27.84650039672852,28.1875,27.56599998474121,28.082000732421875,27.81729888916016,36856000,0.015623905373275848,27.92682523727417,26.84904026031494,54.684619292103605,0.3420778297000915,0.449560248180818,-0.10748241848072654,29.35112802963528,27.92682523727417,26.50252244491306,10.200248544256882
2015-03-17,27.914499282836918,28.03199958801269,27.72050094604492,27.88050079345703,27.617698669433597,28892000,-0.00717539903934894,27.95832529067993,26.877100257873536,52.10035708335743,0.3017455877216051,0.4199973160889755,-0.11825172836737041,29.348870285302638,27.95832529067993,26.567780296057222,9.94726958904262
2015-03-18,27.886499404907227,28.32550048828125,27.674999237060547,28.308000564575195,28.041170120239254,35324000,0.0153333359116683,28.01710033416748,26.92380027770996,56.76823996967373,0.3008101025259897,0.39615987337637837,-0.09534977085038865,29.36166507251334,28.01710033416748,26.67253559582162,9.598171990026623
2015-03-19,28.22599983215332,28.347999572753903,28.106000900268555,28.183500289916992,27.9178409576416,24660000,-0.004398146085517252,28.060150337219238,26.98083026885986,55.084646063274334,0.28671749133131996,0.3742713969673667,-0.08755390563604676,29.367623110302553,28.060150337219238,26.752677564135922,9.31907176098819
2015-03-20,28.33550071716309,28.354999542236328,28.224000930786133,28.247499465942383,27.981239318847656,44320000,0.0022708905499622123,28.118025302886963,27.04063026428223,55.81015563080767,0.2775141833109558,0.3549199542360846,-0.07740577092512879,29.348825314590176,28.118025302886963,26.88722529118375,8.754526667111598
2015-03-23,28.299999237060547,28.48200035095215,28.152999877929688,28.26849937438965,28.002042770385746,30234000,0.0007434785607969285,28.193950271606447,27.09909023284912,56.0609551110842,0.26881626592542673,0.337699216573953,-0.06888295064852629,29.25321421825975,28.193950271606447,27.134686324953144,7.51412225990954
2015-03-24,28.427000045776367,29.0939998626709,28.40449905395508,28.87700080871582,28.60480499267578,79156000,0.021525651797357437,28.291175270080565,27.175910263061525,62.67196978867893,0.3074796500177648,0.3316553032627154,-0.024175653244950635,29.218154223740566,28.291175270080565,27.364196316420564,6.553131461034288
2015-03-25,28.87849998474121,29.00349998474121,28.350000381469727,28.350000381469727,28.08277130126953,53070000,-0.01824986017348884,28.340350246429445,27.245850257873535,54.959486752835126,0.2922275134434926,0.32376974529887087,-0.031542231855378244,29.164549731451235,28.340350246429445,27.516150761407655,5.8164382433885375
2015-03-26,28.232500076293945,28.35950088500977,27.91550064086914,28.18199920654297,27.91635513305664,49842000,-0.005925916870083481,28.351225185394288,27.307690238952638,52.73167505905878,0.26354580258979965,0.31172495675705664,-0.04817915416725699,29.160912857877218,28.351225185394288,27.541537512911358,5.711835500499338
2015-03-27,28.09149932861328,28.203500747680664,27.84650039672852,27.877500534057617,27.61472511291504,34552000,-0.010804778012887262,28.338525199890135,27.359310264587403,48.86538111549302,0.213780513345597,0.2921360680747647,-0.07835555472916772,29.16929361981149,28.338525199890135,27.50775677996878,5.863173288386766
2015-03-30,28.012500762939453,28.107999801635746,27.839500427246094,28.05699920654297,27.79253387451172,24788000,0.006438911155900673,28.303825187683106,27.416440238952635,51.13964292847169,0.1866733516192447,0.2710435247836607,-0.08437017316441603,29.120638617801912,28.303825187683106,27.4870117575643,5.771752932351041
2015-03-31,27.89699935913086,28.122499465942383,27.73349952697754,27.73500061035156,27.47356986999512,34932000,-0.011476607565066854,28.243600177764893,27.460680236816405,47.09330605727578,0.1376217175036274,0.24435916332765406,-0.10673744582402667,29.041454521153504,28.243600177764893,27.445745834376282,5.649806245428522
2015-04-01,27.741500854492188,27.924999237060547,27.30150032043457,27.47450065612793,27.21552848815918,38902000,-0.009392349922379695,28.171500205993652,27.500230255126954,44.056266870234055,0.07684198824416555,0.21085572831095636,-0.13401374006679082,28.973698364547833,28.171500205993652,27.369302047439472,5.695104291133973
2015-04-02,27.370500564575195,27.399999618530277,27.02199935913086,27.06550025939941,26.810380935668945,47760000,-0.014886631823684882,28.07120018005371,27.521150245666504,39.7246318333364,-0.004279962205199439,0.1678285902077252,-0.17210855241292464,28.89940817032734,28.07120018005371,27.242992189780082,5.90076651487186
2015-04-06,26.941999435424805,27.277000427246094,26.78499984741211,27.19750022888184,26.94113540649414,33718000,0.004877009063725568,27.99882516860962,27.527800254821777,41.716340268343295,-0.05725835929706946,0.12281120030676626,-0.18006955960383572,28.86588737815545,27.99882516860962,27.131762959063792,6.193561367838531
2015-04-07,27.249500274658203,27.507999420166016,27.179500579833984,27.243000030517575,26.986207962036133,27318000,0.00167300133650361,27.925725173950195,27.530710258483886,42.422590122182754,-0.0944835197451468,0.07935225629638366,-0.17383577604153044,28.78882436249861,27.925725173950195,27.06262598540178,6.181391410050361
2015-04-08,27.299999237060547,27.575000762939453,27.299999237060547,27.441999435424805,27.183332443237305,28386000,0.007304638038752476,27.898200130462648,27.542830238342287,45.53133610397724,-0.10669719982161396,0.04214236507278414,-0.1488395648943981,28.78579014369472,27.898200130462648,27.010610117230577,6.363062915036531
2015-04-09,27.46050071716309,27.4685001373291,27.09749984741211,27.400999069213867,27.14271545410156,32366000,-0.001494187264220126,27.879025077819826,27.56966022491455,44.992331771921926,-0.11832108436761857,0.0100496751847036,-0.12837075955232216,28.791823818886876,27.879025077819826,26.966226336752776,6.54828308033813
2015-04-10,27.478500366210938,27.49250030517578,27.249000549316406,27.427000045776367,27.16847419738769,26104000,0.0009490112855397026,27.847450065612794,27.605770225524903,45.4334902644094,-0.12400557601699447,-0.01676137505563601,-0.10724420096135845,28.776770608631942,27.847450065612794,26.918129522593645,6.674367246046077
2015-04-13,27.352500915527344,27.66349983215332,27.315000534057617,27.43199920654297,27.17342567443848,29326000,0.00018225083288858634,27.83655004501343,27.64118019104004,45.52395287616629,-0.1266472751567207,-0.03873855507585295,-0.08790872008086775,28.779886664323254,27.83655004501343,26.893213425703603,6.777683425456038
2015-04-14,27.328500747680664,27.328500747680664,26.78700065612793,26.98900032043457,26.734600067138672,47206000,-0.016149071985156582,27.781900024414064,27.64341018676758,39.30544883798599,-0.16261265115055323,-0.06351337429079301,-0.09909927685976022,28.786666851823156,27.781900024414064,26.77713319700497,7.2332477370239445
2015-04-15,26.89800071716309,27.159500122070312,26.61849975585937,27.052000045776367,26.79701232910156,46962000,0.0023345126467630983,27.74047498703003,27.652250175476073,40.54917437339292,-0.18391189754408543,-0.0875930789414515,-0.09631881860263393,28.79275756124883,27.74047498703003,26.68819241281123,7.58662261342527
2015-04-16,26.917499542236328,27.261499404907227,26.905000686645508,27.176000595092773,26.919841766357425,31722000,0.00458369894924715,27.683874988555907,27.662470169067383,43.0239554100307,-0.18861169750757867,-0.10779680265467695,-0.08081489485290172,28.72972086070555,27.683874988555907,26.638029116406262,7.5556320968938175
2015-04-17,26.86549949645996,26.989999771118164,26.450000762939453,26.636999130249023,26.38591766357422,49234000,-0.01983384996900195,27.60654993057251,27.669110145568848,36.00743092281207,-0.23314172376272424,-0.13286578687628642,-0.10027593688643782,28.719717327738376,27.60654993057251,26.493382533406642,8.06451657280872
2015-04-20,26.6875,27.290000915527344,26.667499542236328,27.22649955749512,26.96986198425293,38508000,0.02213090816564045,27.555499935150145,27.683810119628905,46.31872941739302,-0.2183473601223298,-0.1499621015254951,-0.0683852585968347,28.63967779962609,27.555499935150145,26.4713220706742,7.869048770862275
2015-04-21,27.31550025939941,27.388500213623047,27.11050033569336,27.145999908447266,26.890119552612305,29128000,-0.0029567237565837345,27.49937496185303,27.69285011291504,45.24655876897789,-0.2106896698993772,-0.16210761520027153,-0.048582054699105676,28.545656953293182,27.49937496185303,26.453092970412875,7.60949652776872
2015-04-22,27.152999877929688,27.549999237060547,27.06599998474121,27.458999633789062,27.200170516967773,31806000,0.011530293264365499,27.42847490310669,27.712750091552735,50.08467027337466,-0.1773203941145347,-0.16515017098312418,-0.01217022313141053,28.262353893683503,27.42847490310669,26.594595912529876,6.080389037469702
2015-04-23,27.52050018310547,28.058500289916992,27.503999710083008,27.87299919128418,27.61026954650879,78184000,0.015077075685433261,27.40462484359741,27.730050086975098,55.66490766540954,-0.11613002366680192,-0.15534614151985973,0.039216117853057814,28.154796421753048,27.40462484359741,26.654453265441774,5.474780862259466
2015-04-24,29.002500534057617,29.23500061035156,28.417499542236328,28.683000564575195,28.412635803222656,92168000,0.0290604282353093,27.429674911499024,27.765710105895995,64.11721744344155,-0.0022499370003039587,-0.12472690061594859,0.12247696361564463,28.30502289363476,27.429674911499024,26.554326929363288,6.38248892821383
2015-04-27,28.638500213623047,28.775999069213867,28.114999771118164,28.30599975585937,28.03918838500977,48062000,-0.013143709045484897,27.45109987258911,27.785820083618162,58.52469004280094,0.05692385484369922,-0.08839674952401903,0.14532060436771826,28.388051025490316,27.45109987258911,26.514148719687906,6.826328688103195
2015-04-28,28.215999603271484,28.39150047302246,28.04800033569336,28.2185001373291,27.952510833740234,37178000,-0.003091300292981214,27.45917491912842,27.799030075073244,57.27599986775917,0.09565635632198877,-0.051586128354817476,0.14724248467680623,28.41936993583279,27.45917491912842,26.498979902424047,6.993618850765158
2015-04-29,28.02549934387207,28.29199981689453,27.950000762939453,28.069499969482425,27.804920196533203,33622000,-0.0052800493696215645,27.47589988708496,27.815410079956056,55.119324680904995,0.1130261790614071,-0.01866366687157256,0.13168984593297967,28.46591955503176,27.47589988708496,26.48588021913816,7.206458547420744
2015-04-30,27.92799949645996,28.055500030517575,27.336000442504883,27.438499450683597,27.179866790771484,47240000,-0.02247995683295123,27.474099826812743,27.82153007507324,47.04108023820282,0.07501074319452528,7.121514164700783e-05,0.07493952805287826,28.464254031476194,27.474099826812743,26.483945622149292,7.207910074616033
2015-05-01,27.52549934387207,27.56100082397461,27.1924991607666,27.558000564575195,27.29823875427246,36572000,0.004355134056108323,27.498724842071532,27.82624008178711,48.57812986652553,0.05390459890049115,0.010837891893415837,0.043066707007075315,28.471348576599983,27.498724842071532,26.52610110754308,7.073955175116995
2015-05-04,27.54949951171875,27.83449935913086,27.36949920654297,27.642000198364254,27.381444931030277,35260000,0.0030480419453724483,27.520949840545654,27.837280082702637,49.6836035920658,0.043454974027650195,0.01736130832026271,0.026093665707387484,28.48530425608243,27.520949840545654,26.55659542500888,7.00814776469688
2015-05-05,27.507999420166016,27.63050079345703,27.11849975585937,27.152000427246094,26.89606666564941,28528000,-0.017726539508906902,27.51639986038208,27.845320091247558,43.7720622191358,-0.004315568215794485,0.013025933013051274,-0.017341501228845757,28.48679676063641,27.51639986038208,26.54600296012775,7.053225750302455
2015-05-06,27.131999969482425,27.19650077819824,26.61199951171875,26.753999710083008,26.50181579589844,39034000,-0.014658309508672196,27.48199987411499,27.841750068664552,39.64579424674895,-0.0734427959213555,-0.004267812773830081,-0.06917498314752542,28.507709589868405,27.48199987411499,26.456290158361575,7.464592973232054
2015-05-07,26.795000076293945,27.26000022888184,26.67250061035156,27.101999282836918,26.84653663635254,31844000,0.013007442324289631,27.467049884796143,27.836460037231447,44.56634249688237,-0.09900470018982688,-0.023215190257029443,-0.07578950993279743,28.505680847199937,27.467049884796143,26.42841892239235,7.562741297373241
2015-05-08,27.443500518798828,27.63999938964844,27.401500701904297,27.44750022888184,27.188779830932617,28226000,0.012748132066936702,27.468074893951417,27.82612003326416,49.010994005014155,-0.09034224544285152,-0.03664060129419386,-0.05370164414865766,28.50658619065306,27.468074893951417,26.429563597249775,7.561587775707769
2015-05-11,27.42449951171875,27.668500900268555,27.280000686645508,27.28899955749512,27.031768798828125,21858000,-0.005774846575713588,27.460924911499024,27.80927001953125,47.1435275675322,-0.09516980886633064,-0.048346442808621215,-0.046823366057709426,28.502296376712874,27.460924911499024,26.419553446285175,7.584387405522413
2015-05-12,27.140499114990234,27.14800071716309,26.75,26.936500549316406,26.682598114013672,35282000,-0.012917049099265387,27.458299922943116,27.772980041503907,43.20108458250192,-0.12598711067543178,-0.06387457638198332,-0.06211253429344846,28.50466916212297,27.458299922943116,26.411930683763263,7.621515112853339
2015-05-13,27.023500442504883,27.191999435424805,26.948999404907227,26.97450065612793,26.720237731933597,24238000,0.0014106429126239384,27.454424953460695,27.73368003845215,43.74721824997282,-0.145664622254003,-0.08023258555638726,-0.06543203669761574,28.507337557253102,27.454424953460695,26.401512349668288,7.670257931661287
2015-05-14,27.19849967956543,27.48450088500977,27.125,27.459999084472656,27.20116424560547,31736000,0.017998586632974156,27.468624877929688,27.704550018310545,50.31971901420008,-0.12069226100454244,-0.0883245206460183,-0.03236774035852415,28.513766298659913,27.468624877929688,26.423483457199463,7.609710536110372
2015-05-15,27.519500732421875,27.530000686645508,27.125,27.324499130249023,27.066938400268555,33440000,-0.004934562510816032,27.50299987792969,27.669609985351563,48.61257077796618,-0.11056072348500123,-0.09277176121381489,-0.017788962271186343,28.47943635625985,27.50299987792969,26.526563399599528,7.100581628651506
2015-05-18,27.19099998474121,27.41699981689453,27.112499237060547,27.333499908447266,27.07585334777832,26706000,0.00032936667523797425,27.508349895477295,27.643379974365235,48.73698292469477,-0.10064494712783656,-0.09434639839661924,-0.006298548731217324,28.47982777373989,27.508349895477295,26.5368720172147,7.063149058041581
2015-05-19,27.399999618530277,27.670000076293945,27.356000900268555,27.464000701904297,27.205123901367188,47126000,0.004774385203245135,27.524249935150145,27.6185599899292,50.60427822399556,-0.08131890580724388,-0.09174089987874418,0.010421994071500296,28.48179465498373,27.524249935150145,26.56670521531656,6.957826077656286
2015-05-20,27.54599952697754,27.80349922180176,27.2549991607666,27.6254997253418,27.365100860595703,30840000,0.0058803981120805204,27.532574939727784,27.61121997833252,52.89120504446945,-0.052367596284046414,-0.08386623915980462,0.03149864287575821,28.49060074904272,27.532574939727784,26.574549130412848,6.9592169378430695
2015-05-21,27.51000022888184,27.88050079345703,27.46500015258789,27.840499877929688,27.57807731628418,34170000,0.007782776200001118,27.530949974060057,27.612339973449707,55.82350085164319,-0.011937155325423277,-0.06948042239292836,0.05754326706750508,28.486768319020875,27.530949974060057,26.57513162909924,6.943591455154288
2015-05-22,27.722999572753903,27.91200065612793,27.68099975585937,27.72599983215332,27.46465492248535,24266000,-0.0041127737984785195,27.483099937438965,27.605689964294434,53.89934242686886,0.010741245253452547,-0.05343608886365218,0.06417733411710472,28.287211236546412,27.483099937438965,26.678988638331518,5.851678310946599
2015-05-26,27.628999710083008,27.66650009155273,27.148500442504883,27.35950088500977,27.10161018371582,37474000,-0.013218616428794294,27.435774993896484,27.599879989624025,48.17533421145056,-0.0008495676862700918,-0.04291878462817576,0.04206921694190567,28.14659065435149,27.435774993896484,26.72495933344148,5.181669995567005
2015-05-27,27.43400001525879,27.76449966430664,27.32900047302246,27.712499618530277,27.451282501220703,34844000,0.012902270940159388,27.410474967956542,27.592489967346193,53.317605718066304,0.0182384358775316,-0.03068734052703429,0.04892577640456589,28.039348652762367,27.410474967956542,26.781601283150717,4.588564667638867
2015-05-28,27.68950080871582,27.788000106811523,27.540000915527344,27.708999633789062,27.447816848754883,23544000,-0.00012624737899458172,27.392449951171876,27.589059944152833,53.26117612315413,0.03270637793958642,-0.01800859683371015,0.05071497477329657,27.962663166746328,27.392449951171876,26.822236735597425,4.163287450307505
2015-05-29,27.65999984741211,27.69700050354004,27.25200080871582,27.266000747680664,27.00899314880371,43446000,-0.015987562958803325,27.383825016021728,27.568219947814942,46.546237577794514,0.00832999544463675,-0.012740878378040773,0.021070873822677524,27.956205415862634,27.383825016021728,26.81144461618082,4.1804269455126715
2015-06-01,27.436500549316406,27.528499603271484,27.179000854492188,27.46050071716309,27.201658248901367,33210000,0.00713336846864987,27.37895002365112,27.553759956359862,49.553451571732474,0.004652428429302802,-0.009262217016572058,0.01391464544587486,27.946957654062814,27.37895002365112,26.81094239323943,4.14922873171559
2015-06-02,27.37150001525879,27.93950080871582,27.32749938964844,27.69750022888184,27.436424255371094,31842000,0.008630577015620311,27.381725025177,27.54275997161865,53.02159402953769,0.020624068558049657,-0.0032849599016477153,0.023909028459697373,27.95536047861343,27.381725025177,26.808089571740574,4.189914644961046
2015-06-03,27.7549991607666,27.89949989318848,27.607500076293945,27.76449966430664,27.50278854370117,26710000,0.0024188388294470453,27.41234998703003,27.532679977416993,53.98470440772451,0.03824711400838865,0.005021454880359558,0.03322565912802909,27.99891173738414,27.41234998703003,26.82578823667592,4.279543713921927
2015-06-04,27.608999252319336,27.79800033569336,27.45599937438965,27.58449935913086,27.324487686157227,26866000,-0.0064830101595199086,27.45387496948242,27.506829948425292,50.961899130694945,0.037259480099233855,0.011469059924134418,0.025790420175099436,27.960233986524173,27.45387496948242,26.947515952440668,3.6887981576707745
2015-06-05,27.600000381469727,27.66650009155273,27.36899948120117,27.47649955749512,27.217506408691406,24396000,-0.003915216222700413,27.472599983215332,27.4893599319458,49.18245622575519,0.027445714597199355,0.014664390858747406,0.01278132373845195,27.952533337138977,27.472599983215332,26.992666629291687,3.4939055947880084
2015-06-08,27.480499267578125,27.49349975585937,27.147499084472656,27.173999786376957,26.917858123779297,27336000,-0.01100939521838129,27.458924961090087,27.46919994354248,44.495984022721785,-0.004686940567353304,0.010794124573527264,-0.015481065140880568,27.95621201628533,27.458924961090087,26.961637905894843,3.622043149175803
2015-06-09,27.17099952697754,27.242000579833984,26.9424991607666,27.107999801635746,26.85247611999512,30016000,-0.0024289452557303415,27.44987497329712,27.453809928894042,43.52156928025549,-0.03507364136716973,0.001620571385387866,-0.036694212752557596,27.96545384320819,27.44987497329712,26.93429610338605,3.7565116082504506
2015-06-10,27.28499984741211,27.73900032043457,27.25550079345703,27.6299991607666,27.369558334350582,30316000,0.019256407194807146,27.484549903869627,27.445269927978515,52.400079102650224,-0.016840211449270726,-0.0020715851815438524,-0.014768626267726874,27.948004812788223,27.484549903869627,27.02109499495103,3.3724758858310055
2015-06-11,27.72450065612793,27.741500854492188,27.458499908447266,27.50200080871582,27.242765426635746,25872000,-0.004632625275348468,27.510924911499025,27.4406099319458,50.31153284130008,-0.012573544167800321,-0.0041719769787951465,-0.008401567189005175,27.910973343920094,27.510924911499025,27.110876479077955,2.908287770825598
2015-06-12,27.357500076293945,27.4424991607666,27.2814998626709,27.37350082397461,27.115476608276367,25468000,-0.004672389765355001,27.506599998474123,27.438589935302733,48.233078356339846,-0.01933813645748117,-0.007205208874532351,-0.01213292758294882,27.91060781620366,27.506599998474123,27.102592180744583,2.9375336664796867
2015-06-15,27.136499404907227,27.20249938964844,26.96050071716309,27.149999618530277,26.89408493041992,27150000,-0.008164771766868917,27.497875022888184,27.440279922485352,44.76882132673581,-0.042246809067940205,-0.014213528913213922,-0.02803328015472628,27.924159478321684,27.497875022888184,27.071590567454685,3.100490165721364
2015-06-16,27.224000930786133,27.33449935913086,27.078500747680664,27.24349975585937,26.986703872680664,32526000,0.003443840625191985,27.49337501525879,27.441199913024903,46.49997713134371,-0.05225505375851114,-0.021821833882273368,-0.03043321987623777,27.92831748997847,27.49337501525879,27.05843254053911,3.1639802278060616
2015-06-17,27.270999908447266,27.417999267578125,27.090499877929688,27.32999992370605,27.0723876953125,24440000,0.0031750384573114854,27.486674976348876,27.442939910888672,48.12007253474822,-0.052600473630782574,-0.02797756183197521,-0.024622911798807365,27.927312138059808,27.486674976348876,27.046037814637945,3.2061874496648373
2015-06-18,27.399999618530277,27.862499237060547,27.399999618530277,27.80900001525879,27.546875,41192000,0.01752661457229565,27.495849990844725,27.45027992248535,56.05587382601418,-0.014060832624728903,-0.025194215990525952,0.011133383365797049,27.95492363272774,27.495849990844725,27.03677634896171,3.339221315477598
2015-06-19,27.826000213623047,27.89550018310547,27.613000869750977,27.875999450683597,27.61324119567871,59290000,0.002409209599227191,27.497624969482423,27.459779930114745,57.04560948076027,0.02163896452359282,-0.015827579887702198,0.037466544411295016,27.96225602731724,27.497624969482423,27.03299391164761,3.379426829411446
2015-06-22,27.97050094604492,28.280500411987305,27.945499420166016,27.983999252319336,27.72022247314453,34752000,0.0038742745448716587,27.510524940490722,27.470919914245606,58.66184973982548,0.05797766196944565,-0.0010665315162726296,0.05904419348571828,28.01261791586249,27.510524940490722,27.008431965118955,3.650188256733501
2015-06-23,27.989500045776367,28.2450008392334,27.857500076293945,28.16950035095215,27.903976440429688,31396000,0.006628877797181465,27.551024913787842,27.48566993713379,61.35175131855892,0.10058524576274763,0.019263823939531424,0.08132142182321621,28.123584456386844,27.551024913787842,26.97846537118884,4.156357481368805
2015-06-24,28.124000549316406,28.131999969482425,27.840499877929688,27.92849922180176,27.665246963500977,28924000,-0.008555392721118382,27.561824893951417,27.50445991516113,56.232245388019734,0.11359582395048307,0.038130223941721754,0.07546560000876132,28.153973883752826,27.561824893951417,26.96967590415001,4.29687796130915
2015-06-25,28.01499938964844,28.15699958801269,27.87299919128418,27.897499084472656,27.634536743164062,26684000,-0.0011100649264916829,27.571249866485594,27.52136989593506,55.589669534063994,0.12002181215735419,0.05450854158484825,0.06551327057250594,28.17828236752727,27.571249866485594,26.96421736544392,4.403373107720866
2015-06-26,27.98550033569336,28.0,27.592500686645508,27.652999877929688,27.392337799072266,43676000,-0.008764356947351781,27.590599822998048,27.530909881591796,50.671523104945116,0.10418443815466816,0.06444372089881223,0.03974071725585593,28.181947421302766,27.590599822998048,26.99925222469333,4.286587476157751
2015-06-29,27.337499618530277,27.545000076293945,27.011999130249023,27.0625,26.80740737915039,37756000,-0.02135379697097939,27.570699787139894,27.539419898986818,41.192695659527146,0.0434835487376084,0.06025168646657147,-0.016768137728963066,28.203551006190978,27.570699787139894,26.93784856808881,4.590751949983303
2015-06-30,27.254499435424805,27.295000076293945,26.976999282836918,27.00200080871582,26.74748039245605,34510000,-0.0022354637226480456,27.53592481613159,27.53492992401123,40.35968066197901,-0.009395813486317905,0.04632218647599359,-0.0557179999623115,28.212039825746714,27.53592481613159,26.859809806516466,4.910784832031719
2015-07-01,27.183000564575195,27.29050064086914,26.988000869750977,27.165000915527344,26.908945083618164,30760000,0.006036631817015969,27.505949878692626,27.535309944152832,43.66514726562154,-0.037715580913420865,0.0295146329981107,-0.06723021391153157,28.191956536454214,27.505949878692626,26.819943220931037,4.988060116353229
2015-07-02,27.23699951171875,27.399999618530277,27.17849922180176,27.367000579833984,27.109037399291992,28124000,0.00743590337904565,27.495074939727782,27.53346996307373,47.54509903489934,-0.04335969236132087,0.014939767926224387,-0.058299460287545256,28.18264999356446,27.495074939727782,26.807499885891104,5.00144156976417
2015-07-06,27.112499237060547,27.429000854492188,27.104999542236328,27.2810001373291,27.023849487304688,25614000,-0.003142417443030676,27.48529996871948,27.52162998199463,46.089681535282,-0.05414802361164561,0.0011222096186503869,-0.055270233230296,28.17918313587736,27.48529996871948,26.791416801561603,5.049122024846548
2015-07-07,27.37150001525879,27.549999237060547,26.99250030517578,27.50149917602539,27.24227333068848,33578000,0.008082632471972717,27.501674938201905,27.497999954223634,50.291195867089044,-0.04439368149169454,-0.007980968603418598,-0.03641271288827594,28.18069792258536,27.501674938201905,26.82265195381845,4.9380482164032875
2015-07-08,27.280000686645508,27.41399955749512,27.059999465942383,27.084999084472656,26.82969665527344,27662000,-0.015144722703823388,27.50052490234375,27.473579940795897,43.409276447990756,-0.06947055828520732,-0.02027888653977634,-0.04919167174543097,28.182283403410832,27.50052490234375,26.818766401276665,4.95814900615937
2015-07-09,27.4325008392334,27.444000244140625,27.231000900268555,27.232500076293945,26.975805282592773,29766000,0.005445780069623485,27.480649948120117,27.453859939575196,46.21621868486118,-0.0765595358181983,-0.03153501639546073,-0.045024519422737566,28.169293065643735,27.480649948120117,26.7920068305965,5.011840104391175
2015-07-10,27.68549919128418,27.964500427246094,27.600000381469727,27.805500030517575,27.54340362548828,43436000,0.021041015715730138,27.495824909210206,27.4485799407959,55.45882100938744,-0.035531706644519545,-0.032334354445272495,-0.00319735219924705,28.198905679032134,27.495824909210206,26.79274413938828,5.114091118513181
2015-07-13,27.975500106811523,28.64249992370605,27.934999465942383,28.58650016784668,28.31704330444336,41792000,0.028088020256115342,27.556474876403808,27.47153995513916,64.43096482272654,0.059319528952503475,-0.014003577765717303,0.07332310671822077,28.401774091123453,27.556474876403808,26.711175661684162,6.135031556184005
2015-07-14,28.725000381469727,29.48550033569336,28.708499908447266,29.208999633789062,28.933673858642575,74832000,0.021775951237905433,27.65942487716675,27.50455993652344,69.67440589770834,0.18261524610280944,0.02532018700798805,0.1572950590948214,28.74812095021875,27.65942487716675,26.57072880411475,7.872152641544856
2015-07-15,29.187000274658203,29.434499740600582,29.010499954223636,29.197999954223636,28.92277717590332,41466000,-0.0003766090263024324,27.75714988708496,27.535679931640626,69.47949921924982,0.2762559019549222,0.07550732999737489,0.20074857195754733,29.01647603287325,27.75714988708496,26.49782374129667,9.073886554716035
2015-07-16,29.475000381469727,30.225000381469727,29.395999908447266,30.089000701904297,29.805381774902344,112642000,0.03051590079442157,27.895099925994874,27.59441993713379,75.46634884550669,0.41754985547791534,0.143915835093483,0.27363402038443235,29.4953485675493,27.895099925994874,26.294851284440448,11.473331486890908
2015-07-17,34.0,35.150001525878906,33.900001525878906,34.98099899291992,34.65127182006836,257162000,0.16258439773606592,28.25369987487793,27.758959922790527,88.64100816378047,0.913736721419081,0.2978800123586026,0.6158567090604784,31.730326184944218,28.25369987487793,24.777073564811644,24.610060455533933
2015-07-20,34.44900131225586,34.88999938964844,34.0885009765625,34.641998291015625,34.31546401977539,102436000,-0.009691067099548256,28.591999816894532,27.9097599029541,85.2255724215942,1.2650313698373843,0.491310283854359,0.7737210859830252,33.03752373488322,28.591999816894532,24.14647589890584,31.096278304827813
2015-07-21,34.24399948120117,35.279998779296875,34.20750045776367,34.76750183105469,34.43978500366211,75604000,0.003622885117190222,28.931174945831298,28.05615993499756,85.44910518918505,1.5358575862384534,0.700219744331178,0.8356378419072754,34.11344818458733,28.931174945831298,23.748901707075273,35.824837729258846
2015-07-22,34.70100021362305,35.666500091552734,34.58100128173828,34.755001068115234,34.427398681640625,83100000,-0.0003596515489329155,29.260449981689455,28.20547996520996,85.31065325539988,1.729543505905223,0.906084496645987,0.8234590092592361,35.01280847425507,29.260449981689455,23.50809148912384,39.31831872828554
2015-07-23,34.592498779296875,34.80350112915039,33.579498291015625,33.73649978637695,33.41849899291992,76232000,-0.029305138562755406,29.550850009918214,28.34147994995117,74.69187370466825,1.7803338705663911,1.0809343714300679,0.6993994991363233,35.58446296791164,29.550850009918214,23.517237051924788,40.835461287701385
2015-07-24,33.8385009765625,33.88949966430664,32.65900039672852,32.73849868774414,32.429901123046875,82622000,-0.02958235407528309,29.792899990081786,28.456759910583497,66.020211157835,1.7202255629818808,1.2087926097404305,0.5114329532414503,35.929319102022575,29.792899990081786,23.656480878141,41.19383553788744
2015-07-27,32.57849884033203,33.35350036621094,32.57749938964844,32.91350173950195,32.60326385498047,58382000,0.005345768131571393,30.0559250831604,28.56582996368408,66.74921563509267,1.6674888068894305,1.3005318491702305,0.3669569577192,36.25356231655307,30.0559250831604,23.858287849767727,41.24070189983976
2015-07-28,33.0880012512207,33.20500183105469,32.670501708984375,32.983001708984375,32.67210388183594,34364000,0.0021114458712376827,30.35195016860962,28.67900001525879,67.05153666580951,1.6127122712555995,1.3629679335873044,0.24974433766829507,36.51487322839745,30.35195016860962,24.189027108821794,40.60973364513231
2015-07-29,33.112998962402344,33.166500091552734,32.641998291015625,33.07149887084961,32.759765625,36756000,0.00268307616433594,30.65542507171631,28.793759994506836,67.45727846207454,1.5584772973179994,1.4020698063334434,0.15640749098455609,36.72567955234581,30.65542507171631,24.585170591086808,39.60313364716717
2015-07-30,32.87200164794922,33.40250015258789,32.58449935913086,33.22800064086914,32.91478729248047,39606000,0.004732074986585566,30.9585750579834,28.909039993286132,68.20299771398787,1.510709555262256,1.423797756119206,0.08691179914305014,36.9056253063575,30.9585750579834,25.0115248096093,38.41940552648603
2015-07-31,33.23500061035156,33.25,32.86000061035156,32.875,32.565120697021484,34922000,-0.010623389188325949,31.2339750289917,29.014029998779296,64.60682291330417,1.4279090275394282,1.4246200104032503,0.0032890171361779075,36.99754003216628,31.2339750289917,25.470410025817124,36.90574125019167
2015-08-03,32.882999420166016,33.333499908447266,32.882999420166016,33.23600006103516,32.92272186279297,31348000,0.01098110979223832,31.531725025177003,29.121940002441406,66.54931310701667,1.3755620773258919,1.4148084237877785,-0.03924634646188663,37.05806921024801,31.531725025177003,26.005380840106,35.05259658745855
2015-08-04,33.21699905395508,33.400001525878906,33.0255012512207,33.06399917602539,32.75233459472656,26188000,-0.005175370030962356,31.809850025177003,29.228699989318848,64.72655161262631,1.3051527200657773,1.3928772830433784,-0.08772456297760112,37.049324686343496,31.809850025177003,26.57037536401051,32.94246692153236
2015-08-05,33.287498474121094,33.99549865722656,33.27899932861328,33.66450119018555,33.3471794128418,36448000,0.0181619058755893,32.13882513046265,29.354799995422365,68.01987855630993,1.2830184530278572,1.3709055170402744,-0.0878870640124172,36.959851904067364,32.13882513046265,27.317798356857935,30.001263294687924
2015-08-06,33.699501037597656,33.73749923706055,33.0364990234375,33.50749969482422,33.19166564941406,40660000,-0.0046634757771401025,32.45257511138916,29.47069999694824,66.27756046308258,1.2385311620943646,1.3444306460510926,-0.10589948395672799,36.74312191277488,32.45257511138916,28.162028310003436,26.441949747648625
2015-08-07,33.388999938964844,33.439998626708984,32.94350051879883,33.21950149536133,32.906375885009766,27544000,-0.008595222891724097,32.72327518463135,29.580910034179688,63.08535516572746,1.1665879163962174,1.3088621001201177,-0.14227418372390033,36.45345635858295,32.72327518463135,28.993094010679748,22.798336370092308
2015-08-10,33.35449981689453,33.58100128173828,33.01150131225586,33.15700149536133,32.84446334838867,34458000,-0.0018814753966661657,32.95180025100708,29.6987300491333,62.38314599012044,1.0919419214316193,1.2654780643824182,-0.1735361429507989,36.164338026859674,32.95180025100708,29.739262475154487,19.498405254835276
2015-08-11,34.979000091552734,35.20000076293945,34.215999603271484,34.51499938964844,34.189659118652344,109880000,0.04095654588704578,33.21710023880005,29.83982002258301,70.1562588668919,1.1293451258163643,1.2382514766692074,-0.10890635085284317,35.996645101641526,33.21710023880005,30.437555375958578,16.735626185664206
2015-08-12,34.7244987487793,34.79999923706055,34.0255012512207,34.57350158691406,34.24761199951172,58498000,0.0016950412011496052,33.48587532043457,29.977340049743653,70.43964585163269,1.15044644269949,1.220690469875264,-0.07024402717577405,35.62462284420977,33.48587532043457,31.347127796659382,12.774027874791932
2015-08-13,34.459999084472656,34.701499938964844,34.10900115966797,34.32550048828125,34.00194549560547,36354000,-0.007173244777176069,33.697700309753415,30.108560066223145,67.51293553629901,1.1340847492816621,1.2033693257565437,-0.06928457647488151,35.1903504079841,33.697700309753415,32.20505021152273,8.85906209925342
2015-08-14,34.20199966430664,34.612998962402344,34.14500045776367,34.46849822998047,34.143592834472656,27598000,0.004165859829564633,33.672075271606445,30.246240043640135,68.33002672806674,1.1197489432433443,1.1866452492539037,-0.0668963060105594,35.09152323829977,33.672075271606445,32.25262730491312,8.43100970310706
2015-08-17,34.402000427246094,34.73699951171875,34.15299987792969,34.705501556396484,34.37836456298828,24680000,0.006876011252060943,33.67525043487549,30.390820083618163,69.69067618366819,1.1146627629189467,1.1722487519869123,-0.057585989067965526,35.10361875152414,33.67525043487549,32.246882118226836,8.483193432583198
2015-08-18,34.55350112915039,34.78799819946289,34.26599884033203,34.436500549316406,34.11190414428711,27710000,-0.007750817180757985,33.65870037078857,30.53607009887695,66.21348058824614,1.0765163844599002,1.15310227848151,-0.07658589402160976,35.043055149874036,33.65870037078857,32.27434559170311,8.225836195903184
2015-08-19,34.50550079345703,35.0099983215332,34.34000015258789,34.70199966430664,34.37490463256836,50194000,0.007709932789703222,33.656050300598146,30.687950096130372,67.91504998015516,1.055541044305052,1.1335900316462184,-0.0780489873411665,35.03217882012965,33.656050300598146,32.27992178106664,8.177599612792642
2015-08-20,34.45500183105469,34.80799865722656,33.763999938964844,33.9739990234375,33.65376663208008,57798000,-0.02097861821571545,33.66792526245117,30.81483009338379,59.1225436736413,0.9690042902761675,1.1006728833722081,-0.13166859309604062,35.050708505591814,33.66792526245117,32.28514201931053,8.214246837970858
2015-08-21,33.551998138427734,33.644500732421875,32.154998779296875,32.201499938964844,31.89796638488769,91880000,-0.052172473482320125,33.64107532501221,30.90882007598877,44.13916595938613,0.7487661168166753,1.0302915300611015,-0.28152541324442626,35.11298555164518,33.64107532501221,32.16916509837924,8.750672874826941
2015-08-24,30.030000686645508,31.38400077819824,29.65449905395508,30.905500411987305,30.614185333251957,129788000,-0.04024648581496881,33.540675258636476,30.979460067749024,36.79631868423159,0.46429731646340144,0.9170926873415615,-0.45279537087816,35.4160419903563,33.540675258636476,31.66530852691665,11.182641477898873
2015-08-25,32.32350158691406,32.349998474121094,30.583499908447266,30.62350082397461,30.33484268188477,71430000,-0.009124614890985705,33.42270021438598,31.048930091857912,35.41572823907239,0.21363606909201138,0.7764013636916515,-0.5627652945996401,35.68126376519223,33.42270021438598,31.16413666357974,13.515147108515787
2015-08-26,32.154998779296875,33.124000549316406,31.51849937438965,32.98699951171875,32.67606735229492,87740000,0.07717939054314837,33.418475246429445,31.163800086975098,51.75420413789757,0.20335565870264816,0.6617922226938509,-0.4584365639912027,35.679965121563576,33.418475246429445,31.156985371295317,13.534368988757233
2015-08-27,33.5994987487793,33.69900131225586,32.55500030517578,33.39799880981445,33.083187103271484,58974000,0.012459264041392304,33.42697515487671,31.285160064697266,53.93649269430793,0.22577003150833264,0.5745877844567473,-0.34881775294841466,35.68681479595267,33.42697515487671,31.167135513800744,13.521053763348206
2015-08-28,33.28799819946289,33.349998474121094,32.6875,32.984500885009766,32.673583984375,38836000,-0.012381005421813751,33.432450199127196,31.388670082092286,51.41665008250169,0.20777268250832748,0.5012247640670634,-0.2934520815587359,35.687439485247815,33.432450199127196,31.177460913006573,13.489823645528023
2015-08-31,32.71699905395508,33.22050094604492,32.317501068115234,32.39099884033203,32.08567810058594,38936000,-0.017993308725183232,33.39020013809204,31.478970069885253,47.953698716370894,0.14395952308949234,0.4297717158715492,-0.2858121927820569,35.68955701884911,33.39020013809204,31.090843257334974,13.772645094953628
2015-09-01,31.69050025939941,32.22200012207031,31.25300025939941,31.47800064086914,31.181285858154297,51458000,-0.028186789121191214,33.31090021133423,31.54885009765625,43.14023695999639,0.01949112845274925,0.34771559838778926,-0.32822446993504,35.754648995774836,33.31090021133423,30.86715142689362,14.672367116689976
2015-09-02,31.899999618530277,32.25299835205078,31.53199958801269,32.24549865722656,31.941551208496094,37630000,0.024382103861922078,33.23995008468628,31.63037006378174,47.87675189051251,-0.01702405268944318,0.27476766817234277,-0.29179172086178595,35.72063180619341,33.23995008468628,30.759268363179146,14.925905214580858
2015-09-03,32.39649963378906,32.5625,31.69050025939941,31.852500915527344,31.5522575378418,34572000,-0.012187688322123358,33.15720014572143,31.70885009765625,45.77408251333534,-0.0767890537462037,0.2044563237886335,-0.2812453775348372,35.706136801358014,33.15720014572143,30.60826349008485,15.374860630175943
2015-09-04,31.48500061035156,31.725000381469727,31.325000762939453,31.447999954223636,31.151573181152344,40478000,-0.012699070936807,33.06862506866455,31.77986011505127,43.64919130576263,-0.15500627879499973,0.13256380327190684,-0.2875700820669066,35.72365664373765,33.06862506866455,30.41359349359146,16.05770768854234
2015-09-08,32.04999923706055,32.25199890136719,31.645000457763672,32.194000244140625,31.89054298400879,39092000,0.023721749093029487,33.02047500610352,31.87068012237549,48.40604699913226,-0.15501113251455223,0.07504881611461503,-0.23005994862916726,35.70214437213508,33.02047500610352,30.33880564007195,16.24246389875303
2015-09-09,32.59400177001953,32.86800003051758,32.04499816894531,32.170501708984375,31.867267608642575,40978000,-0.0007298519620028143,32.90325012207031,31.972840156555176,48.267829169891826,-0.15512295367465612,0.029014462156760804,-0.1841374158314169,35.517471648553254,32.90325012207031,30.289028595587368,15.890354398329896
2015-09-10,32.19499969482422,32.744998931884766,32.084999084472656,32.55400085449219,32.24715042114258,27850000,0.011920783958175862,32.80227508544922,32.0838801574707,50.739938606127154,-0.1228502554698423,-0.0013584813685598163,-0.12149177410128248,35.30423779029965,32.80227508544922,30.300312380598783,15.254812041743298
2015-09-11,32.510501861572266,32.765499114990234,32.37049865722656,32.76499938964844,32.45615768432617,34892000,0.006481418061875077,32.72425003051758,32.19588012695313,52.09630106676455,-0.07933358306932803,-0.01695350170871346,-0.06238008136061457,35.12668640004063,32.72425003051758,30.321813660994533,14.68291170787789
2015-09-14,32.78150177001953,32.79600143432617,32.474998474121094,32.62350082397461,32.31599426269531,29942000,-0.004318546360111752,32.63200016021729,32.30101013183594,51.080535389262174,-0.0556228725179011,-0.02468737587055099,-0.03093549664735011,34.897217606641206,32.63200016021729,30.366782713793366,13.883411591702055
2015-09-15,32.83549880981445,33.442501068115234,32.66699981689453,33.253501892089844,32.9400520324707,35546000,0.019311111541314485,32.559400177001955,32.42046016693115,55.262957369633874,0.013844269359424288,-0.016981046824555937,0.030825316183980225,34.63966417993152,32.559400177001955,30.47913617407239,12.778269818366875
2015-09-16,33.27750015258789,33.403499603271484,33.11000061035156,33.2760009765625,32.962345123291016,26252000,0.0006767776443807882,32.50137519836426,32.5359502029419,55.40957830183851,0.06990712207754513,0.00039658695586427574,0.06951053512168084,34.428038871385176,32.50137519836426,30.574711525343336,11.855890166259096
2015-09-17,33.3745002746582,34.0994987487793,33.25,33.583499908447266,33.26694869995117,47752000,0.009240955870124745,32.44545021057129,32.66592021942139,57.46156103589987,0.13756417649904762,0.027830104864500944,0.10973407163454668,34.167417591654186,32.44545021057129,30.72348282948839,10.614538370756534
2015-09-18,33.25299835205078,33.492000579833984,33.00149917602539,33.04600143432617,32.73451232910156,72544000,-0.01600496563877496,32.399050331115724,32.78219024658203,52.8806950665323,0.14612678614156493,0.05148944111991374,0.09463734502165119,33.99948774821996,32.399050331115724,30.798612914011485,9.87953289215514
2015-09-21,33.2755012512207,33.45000076293945,32.900001525878906,33.3489990234375,33.03465270996094,39094000,0.009168927822778228,32.45642528533936,32.89306022644043,55.05584885435552,0.17534086876904098,0.07625972664973919,0.09908114211930179,34.10594268649025,32.45642528533936,30.80690788418846,10.164504480387047
2015-09-22,32.87350082397461,32.941001892089844,32.25149917602539,32.65999984741211,32.352149963378906,54362000,-0.020660206498136935,32.544150257110594,32.97453022003174,49.46412591806586,0.14126831127266115,0.08926144357432358,0.05200686769833757,34.03322376164916,32.544150257110594,31.055076752572027,9.151097771945778
2015-09-23,32.64500045776367,33.013999938964844,32.5364990234375,32.66450119018555,32.35660552978516,29160000,0.00013772087515984133,32.646200275421144,33.043640251159665,49.50021200595525,0.11332247378280158,0.09407364961601919,0.01924882416678239,33.84653401958871,32.646200275421144,31.44586653125358,7.3535892939508765
2015-09-24,32.44850158691406,32.8385009765625,32.10850143432617,32.74549865722656,32.43684005737305,38692000,0.002479695452417774,32.63412523269653,33.11459022521973,50.189459680229,0.09659749906003157,0.09457841950482167,0.002019079555209899,33.825326760815834,32.63412523269653,31.442923704577236,7.300342936269788
2015-09-25,32.92900085449219,32.92900085449219,31.982999801635746,32.00749969482422,31.70579719543457,48480000,-0.022537425367126884,32.56460027694702,33.152960205078124,44.26179324964122,0.02352134808490547,0.08036700522083842,-0.05684565713593295,33.731415406813284,32.56460027694702,31.397785147080754,7.166156623714319
2015-09-28,31.95249938964844,32.14250183105469,30.892000198364254,31.212499618530277,30.918291091918945,47646000,-0.024837921553002906,32.476000213623045,33.077590217590334,38.928072878843885,-0.09741890560947297,0.04480982305477614,-0.14222872866424913,33.76457679123443,32.476000213623045,31.18742363601166,7.93556207128521
2015-09-29,31.274999618530277,31.733999252319336,30.901500701904297,31.13050079345703,30.83706283569336,42130000,-0.0026271910043184077,32.4129753112793,33.00736026763916,38.41389343753889,-0.1976036954828828,-0.0036728806527556515,-0.19393081483012717,33.829015471143435,32.4129753112793,30.996935151415155,8.737489516251701
2015-09-30,31.59149932861328,31.965499877929688,31.457500457763672,31.918500900268555,31.617637634277344,52954000,0.02531287764801271,32.435000324249266,32.95038024902344,45.82006267480347,-0.21098375087471766,-0.045135054697148055,-0.1658486961775696,33.805144401100286,32.435000324249266,31.06485624739825,8.448552879012377
2015-10-01,31.89699935913086,32.19200134277344,31.55599975585937,32.099998474121094,31.79742431640625,42506000,0.005686278152988722,32.427725315093994,32.89728019714355,47.38938969926464,-0.2045838880866384,-0.07702482137504613,-0.12755906671159228,33.80335104902531,32.427725315093994,31.05209958116268,8.484256731328662
2015-10-02,31.90049934387207,32.849998474121094,31.674999237060547,32.8494987487793,32.53985595703125,48788000,0.023348798105069513,32.47757520675659,32.8795401763916,53.392991011085684,-0.1374491145553094,-0.08910968001109879,-0.04833943454421061,33.838386750270296,32.47757520675659,31.116763663242885,8.380007034703771
2015-10-05,33.08000183105469,33.6515007019043,32.79349899291992,33.58399963378906,33.2674446105957,37960000,0.022359922383345276,32.58437519073486,32.8964501953125,58.40266250575467,-0.024691610396878616,-0.07622606608825476,0.051534455691376144,33.9404773524728,32.58437519073486,31.228273028996927,8.32363458743584
2015-10-06,33.467498779296875,33.939998626708984,33.15399932861328,33.582000732421875,33.26545333862305,42774000,-5.9856475180586344e-05,32.653775215148926,32.9098201751709,58.38427013995772,0.06377309287057642,-0.04822623429648853,0.11199932716706495,34.06385338461868,32.653775215148926,31.24369704567917,8.636539941731359
2015-10-07,33.869998931884766,33.9370002746582,32.90549850463867,33.5,33.184226989746094,44354000,-0.0024417628718332862,32.72025012969971,32.920160140991214,57.583124951338206,0.12581491771175735,-0.013418003894839353,0.1392329216065967,34.15800998722258,32.72025012969971,31.282490272176837,8.788196005982462
2015-10-08,33.47249984741211,33.59450149536133,32.7244987487793,33.349998474121094,33.035640716552734,39308000,-0.004477617430692971,32.760050010681155,32.92573013305664,56.06750867325101,0.16102346311308935,0.02147028950674639,0.13955317360634295,34.22107914008225,32.760050010681155,31.299020881280057,8.919578138157547
2015-10-09,33.3745002746582,33.704498291015625,33.11800003051758,33.5620002746582,33.24564743041992,32124000,0.006356974144048122,32.79990005493164,32.932410125732424,57.75970043632889,0.20368530513005112,0.05791329263140734,0.14577201249864377,34.30218962713788,32.79990005493164,31.297610482725403,9.160330182044929
2015-10-12,33.45949935913086,33.89899826049805,33.36199951171875,33.82149887084961,33.5026969909668,26684000,0.0077318259806749,32.85979995727539,32.95134010314941,59.80078708275112,0.2554893678864758,0.09742850768242103,0.15806086020405477,34.423459592860134,32.85979995727539,31.296140321690654,9.517158580501551
2015-10-13,33.7130012512207,34.42300033569336,33.65549850463867,34.15850067138672,33.83652114868164,42446000,0.009964098048728776,32.905049896240236,32.969790115356446,62.34546945393952,0.320048371309575,0.14195248040785183,0.17809589090172315,34.56130038886599,32.905049896240236,31.248799403614488,10.066846869087986
2015-10-14,34.186500549316406,34.50199890136719,33.94499969482422,34.02050018310547,33.69982147216797,31292000,-0.004040003873713727,32.94227485656738,32.98892013549805,60.65231529995136,0.35597292625043053,0.18475656957636757,0.17121635667406296,34.66243410248989,32.94227485656738,31.22211561064487,10.443475767306206
2015-10-15,34.26250076293945,34.70800018310547,34.21950149536133,34.6510009765625,34.32438659667969,47156000,0.018533187928830186,32.995649909973146,33.008650131225586,65.29032682169805,0.43035863314652545,0.23387698229039916,0.1964816508561263,34.852870231644076,32.995649909973146,31.138429588302216,11.257364693456594
2015-10-16,34.77000045776367,34.81100082397461,34.45500183105469,34.76599884033203,34.43829727172852,36316000,0.0033186514412424373,33.08164978027344,33.03382011413574,66.07576414238903,0.4929072800108756,0.28568304183449444,0.20722423817638114,35.09311775772285,33.08164978027344,31.070181802824024,12.160626757187003
2015-10-19,34.70000076293945,35.012001037597656,34.61050033569336,34.997501373291016,34.6676139831543,30172000,0.006658770310750128,33.16407489776611,33.069380111694336,67.66219867591865,0.5547628916647369,0.339499011800543,0.21526387986419393,35.34091438795808,33.16407489776611,30.987235407574143,13.127696140492054
2015-10-20,34.894500732421875,34.900001525878906,33.68399810791016,34.0,33.67951965332031,52434000,-0.028501942196371477,33.23107490539551,33.08624008178711,55.597652858426116,0.5173304221091968,0.3750652938622738,0.142265128246923,35.42415720800089,33.23107490539551,31.037992602790123,13.198985039447573
2015-10-21,34.160499572753906,34.244998931884766,33.53499984741211,33.59000015258789,33.273380279541016,31952000,-0.012058941990856331,33.277349853515624,33.0677400970459,51.53055547629505,0.44940094477657055,0.3899324240451332,0.05946852073143738,35.45969006859849,33.277349853515624,31.095009638432757,13.116069787344026
2015-10-22,33.77199935913086,34.40250015258789,33.584999084472656,34.05699920654297,33.73597717285156,88632000,0.01390291246107589,33.34292488098144,33.057410049438474,55.52166481809855,0.4283119517998344,0.39760832959607345,0.03070362220376094,35.536188650161,33.34292488098144,31.149661111801883,13.15579708144069
2015-10-23,37.50299835205078,37.625,35.89699935913086,35.96649932861328,35.62747573852539,126726000,0.05606769757942498,33.5408748626709,33.090230026245116,67.35746920790979,0.5592329846834971,0.4299332606135582,0.12929972406993895,35.92281224032822,33.5408748626709,31.158937485013574,14.203191702123934
2015-10-26,36.000999450683594,36.747501373291016,36.000999450683594,36.555999755859375,36.21142959594727,48776000,0.016390548174324726,33.808049869537356,33.13198005676269,70.0106420359277,0.7024590931369517,0.4844384271182369,0.21802066601871473,36.28232251067945,33.808049869537356,31.333777228395263,14.637180498077349
2015-10-27,36.32849884033203,36.79800033569336,36.20700073242188,36.64099884033203,36.29561996459961,38778000,0.002324966718843857,34.0835747718811,33.170690002441404,70.38442261254495,0.8134486025882026,0.5502404622122301,0.2632081403759725,36.53094793074343,34.0835747718811,31.63620161301878,14.361012160504972
2015-10-28,36.650001525878906,36.868499755859375,36.36349868774414,36.84600067138672,36.49869155883789,39604000,0.00559493389109611,34.32994976043701,33.21888000488281,71.3130927207252,0.9074895483382619,0.6216902794374365,0.2857992689008254,36.84699629058302,34.32994976043701,31.812903230291003,14.663852104128264
2015-10-29,36.83150100708008,37.339500427246094,36.757999420166016,37.24250030517578,36.89145278930664,36520000,0.010760967412642763,34.58707485198975,33.26969001770019,73.0718941209923,1.0024561911701895,0.6978434617839872,0.3046127293862023,37.189597392018804,34.58707485198975,31.984552311960694,15.04910462168983
2015-10-30,37.27799987792969,37.31549835205078,36.82649993896485,36.86949920654297,36.5219612121582,39984000,-0.01001564181434289,34.78807487487793,33.32760002136231,68.79858246987374,1.0356811804932136,0.7654110055258325,0.27027017496738104,37.44317893658945,34.78807487487793,32.13297081316641,15.264449506108727
2015-11-02,36.72650146484375,37.40900039672852,36.5724983215332,37.387001037597656,37.03459167480469,39914000,0.01403622493514467,34.97822494506836,33.43131004333496,71.30581470900289,1.0911917178476003,0.8305671479901862,0.2606245698574141,37.80061283201029,34.97822494506836,32.15583705812644,16.137970931197057
2015-11-03,37.27149963378906,37.584999084472656,37.05799865722656,37.44100189208984,37.08808135986328,36306000,0.0014443168572850773,35.17117500305176,33.56202007293701,71.56260785611953,1.126555406812976,0.8897647997547442,0.23679060705823174,38.11058312929305,35.17117500305176,32.23176687681047,16.714870208267087
2015-11-04,37.494998931884766,37.994998931884766,37.459999084472656,37.76549911499024,37.40951919555664,41840000,0.008666876902433174,35.38444995880127,33.704860038757325,73.11937592268026,1.1673095808284657,0.9452737559694885,0.22203582485897722,38.42512647020553,35.38444995880127,32.34377344739701,17.18651280404002
2015-11-05,37.94049835205078,38.317501068115234,37.87350082397461,38.03350067138672,37.67499923706055,45486000,0.007096590579422246,35.61862506866455,33.80579006195068,74.36744071862631,1.20731585749526,0.9976821762746428,0.2096336812206172,38.71734368860314,35.61862506866455,32.51990644872596,17.39942860772962
2015-11-06,37.96950149536133,38.1510009765625,37.75149917602539,38.08000183105469,37.72106170654297,33544000,0.0012226269519630684,35.84452514648437,33.89943012237549,74.58791062157857,1.2286107153986592,1.0438678840994462,0.18474283129921298,38.96921196431757,35.84452514648437,32.71983832865117,17.434667107814484
2015-11-09,37.92599868774414,38.165000915527344,37.45550155639648,37.73849868774414,37.38277816772461,35538000,-0.008968028032988351,36.0403751373291,33.994510078430174,69.83718784061026,1.2040510431740046,1.0759045159143579,0.1281465272596467,39.124064312084194,36.0403751373291,32.95668596257401,17.11241441302945
2015-11-10,37.67399978637695,38.02999877929688,37.420501708984375,37.91299819946289,37.55563354492188,29798000,0.004623930742164939,36.22810001373291,34.10495006561279,70.85856552961629,1.1850079442955064,1.0977252015905876,0.08728274270491876,39.28771265834535,36.22810001373291,33.16848736912048,16.890825869712376
2015-11-11,38.11899948120117,38.45399856567383,37.98749923706055,38.26250076293945,37.90184020996094,41866000,0.00921850152321202,36.44020004272461,34.2406400680542,72.84215023802452,1.1844643198185096,1.115073025236172,0.06939129458233761,39.44591821399689,36.44020004272461,33.434481871452334,16.49671608689414
2015-11-12,38.00899887084961,38.290000915527344,37.792999267578125,37.82649993896485,37.469947814941406,35452000,-0.011395024426967715,36.598974990844724,34.35226009368896,66.7391662500132,1.1357595418078716,1.119210328550512,0.016549213257359696,39.54475546625464,36.598974990844724,33.653194515434805,16.09761189293858
2015-11-13,37.70199966430664,37.76649856567383,36.9734992980957,37.00350189208984,36.65471267700195,48188000,-0.021757039587185445,36.710850143432616,34.45528011322021,57.02661650843557,1.0190051331678234,1.0991692894739744,-0.08016415630615104,39.53721291196332,36.710850143432616,33.88448737490191,15.397969578409935
2015-11-16,37.010501861572266,37.58549880981445,36.71649932861328,37.52099990844727,37.167327880859375,50704000,0.013984974002511974,36.83702507019043,34.57674011230469,60.881645313684665,0.9572001803168888,1.0707754676425574,-0.11357528732566857,39.56993593179728,36.83702507019043,34.104114208583574,14.837847825113343
2015-11-17,37.62350082397461,37.747501373291016,37.20249938964844,37.29899978637695,36.94741821289063,38864000,-0.0059167467909898575,37.00197505950928,34.67884010314941,58.45889912886762,0.8801598208489594,1.0326523382838377,-0.15249251743487835,39.40882147328081,37.00197505950928,34.595128645737745,13.009286179457536
2015-11-18,37.47850036621094,38.05500030517578,37.36949920654297,38.0004997253418,37.64230728149414,36266000,0.01880751354802568,37.222500038146975,34.79544006347656,63.4134280184562,0.8657303625980717,0.9992679431466845,-0.13353758054861287,39.085154150760275,37.222500038146975,35.359845925533676,10.008216055903732
2015-11-19,37.98899841308594,38.1614990234375,37.86149978637695,37.99700164794922,37.63883972167969,28078000,-9.211868413172564e-05,37.41950016021728,34.9043000793457,63.372838492158344,0.8442803095029703,0.9682704164179418,-0.12399010691497148,38.615382928967,37.41950016021728,36.22361739146756,6.391762389285614
2015-11-20,38.46500015258789,38.96599960327149,38.20500183105469,38.84999847412109,38.48380279541016,55478000,0.02244923276005717,37.56367511749268,35.026000061035155,68.64347809682053,0.8858986151828887,0.9517960561709311,-0.0658974409880424,38.718669803739765,37.56367511749268,36.40868043124559,6.149529739219938
2015-11-23,38.87350082397461,39.14500045776367,38.67549896240234,38.834999084472656,38.46894073486328,34648000,-0.0003861900193671275,37.67762508392334,35.15023002624512,68.45693106698293,0.9072133066104939,0.9428795062588438,-0.03566619964834983,38.86178949175521,37.67762508392334,36.493460676091466,6.2857698976209795
2015-11-24,38.64799880981445,38.79949951171875,37.90549850463867,38.48149871826172,38.1187744140625,47880000,-0.00910257246785684,37.769650077819826,35.254789962768555,64.03980282459821,0.885374778582694,0.9313785607236138,-0.046003782140919824,38.9022112094969,37.769650077819826,36.637088946142754,5.9972021416325845
2015-11-25,38.58449935913086,38.650001525878906,38.32649993896485,38.4630012512207,38.10044479370117,23612000,-0.000480855448347417,37.85050010681152,35.35852996826172,63.80779459276547,0.8566994982433087,0.9164427482275528,-0.05974324998424407,38.937730226410984,37.85050010681152,36.76326998721206,5.744865280677254
2015-11-27,38.45800018310547,38.70000076293945,38.34999847412109,38.5984992980957,38.23466873168945,14434000,0.0035228968773213243,37.91830005645752,35.458829956054686,64.81341928947187,0.8352791142723532,0.9002100214365129,-0.06493090716415961,39.01449794304133,37.91830005645752,36.82210216987371,5.781893623668004
2015-11-30,38.59349822998047,38.75149917602539,38.055999755859375,38.14250183105469,37.7829704284668,33586000,-0.011813841160555949,37.981950187683104,35.560759963989256,58.88375063822651,0.7726020455365941,0.8746884262565291,-0.10208638071993503,38.969624775956426,37.981950187683104,36.99427559940978,5.200757640894425
2015-12-01,38.34700012207031,39.25,38.29750061035156,39.18949890136719,38.820098876953125,40398000,0.02744962708662335,38.072075080871585,35.67756996154785,66.46914036705402,0.7982126321014675,0.8593932674255168,-0.06118063532404927,39.15089526411738,38.072075080871585,36.99325489762579,5.6672518162154155
2015-12-02,39.26250076293945,39.65250015258789,38.82149887084961,38.89250183105469,38.52589797973633,46876000,-0.0075785715577211255,38.144650077819826,35.802220001220704,62.922928203687775,0.7854893922387518,0.8446124923881638,-0.05912310014941202,39.23906946891893,38.144650077819826,37.050230686720724,5.738258911099461
2015-12-03,39.02799987792969,39.2239990234375,38.122501373291016,38.40999984741211,38.04794692993164,41950000,-0.012405967800051765,38.17687511444092,35.91712997436523,57.551011892902935,0.7280794091242342,0.8213058757353779,-0.09322646661114375,39.262661005486855,38.17687511444092,37.09108922339498,5.688186305406771
2015-12-04,38.48550033569336,39.12099838256836,38.2755012512207,38.96049880981445,38.59326171875,49800000,0.014332305231149478,38.2232250213623,36.04142997741699,61.581039390916175,0.7187173235238831,0.8007881652930791,-0.08207084176919599,39.35858387155633,38.2232250213623,37.08786617116828,5.940675333175006
2015-12-07,39.00299835205078,39.04999923706055,38.33599853515625,38.64950180053711,38.28519058227539,36626000,-0.007982511007224247,38.25170001983643,36.17427001953125,58.2183631933481,0.678382967130851,0.7763071256606335,-0.09792415852978253,39.39975760489297,38.25170001983643,37.103642434779886,6.002648689920637
2015-12-08,38.22499847412109,38.932498931884766,38.1259994506836,38.75699996948242,38.39167785644531,31082000,0.002781422073401485,38.30262508392334,36.32516002655029,59.05072809071021,0.6476264681389878,0.7505709941563043,-0.10294452601731652,39.445451954611556,38.30262508392334,37.15979821323512,5.967355334963157
2015-12-09,38.55500030517578,38.804500579833984,37.60049819946289,38.12749862670898,37.76810836791992,46550000,-0.016242308837270625,38.31335010528564,36.46509998321533,52.45995313362571,0.5659325060507427,0.713643296535192,-0.14771079048444924,39.445324126815535,38.31335010528564,37.18137608375575,5.909031804419143
2015-12-10,38.179500579833984,38.30350112915039,37.75,38.00199890136719,37.64379501342773,32458000,-0.0032914900921483525,38.30032501220703,36.58676994323731,51.23227183973115,0.48546651770875826,0.6680079407699053,-0.18254142306114707,39.44030630877843,38.30032501220703,37.16034371563563,5.952854427256509
2015-12-11,37.45000076293945,37.87200164794922,37.432498931884766,37.52099990844727,37.167327880859375,43184000,-0.012657255529055833,38.285050010681154,36.69518997192383,46.71951302946717,0.3785206924476725,0.6101104911054588,-0.23158979865778628,39.45773561957622,38.285050010681154,37.11236440178609,6.126075888984853
2015-12-14,37.5629997253418,38.20750045776367,36.8129997253418,38.12699890136719,37.767616271972656,53864000,0.016150969825905026,38.34122486114502,36.800739974975585,52.407392985898525,0.33875940209203037,0.5558402733027732,-0.21708087121074282,39.36058348135144,38.34122486114502,37.321866240938604,5.317298150479463
2015-12-15,38.38949966430664,38.73749923706055,37.900001525878906,38.00450134277344,37.646270751953125,49386000,-0.0032129515176625434,38.36539993286133,36.88915000915527,51.21714403247639,0.293975002955861,0.5034672192333908,-0.20949221627752979,39.32710519497571,38.36539993286133,37.40369467074695,5.013398863545502
2015-12-16,38.32849884033203,39.07500076293945,37.852500915527344,38.829498291015625,38.46349334716797,53120000,0.02170792960076784,38.44192485809326,36.99409996032715,58.11635348605844,0.32134909063822903,0.4670435935143585,-0.14569450287612945,39.28873555546039,38.44192485809326,37.595114160726126,4.405662310059126
2015-12-17,39.05799865722656,39.079498291015625,38.46500015258789,38.49150085449219,38.12868118286133,36510000,-0.00870467383928586,38.46647491455078,37.09392997741699,54.70294278554921,0.312171169063987,0.4360691086242842,-0.12389793956029721,39.28878742351924,38.46647491455078,37.64416240558232,4.275476298751779
2015-12-18,38.36149978637695,38.70700073242188,37.829498291015625,37.84249877929688,37.48579788208008,67794000,-0.016860884794258846,38.458749771118164,37.18377998352051,48.77864009634341,0.2496507382530453,0.39878543455003646,-0.14913469629699116,39.30121482374905,38.458749771118164,37.61628471848728,4.3811359321075045
2015-12-21,38.15250015258789,38.317501068115234,37.70750045776367,38.040000915527344,37.68143081665039,34848000,0.005218854756292579,38.418249893188474,37.27333999633789,50.534302785392406,0.21357762824857218,0.3617438732897436,-0.14816624504117143,39.25946414398699,38.418249893188474,37.57703564238996,4.379242954258892
2015-12-22,38.2135009765625,38.516998291015625,38.060001373291016,38.35649871826172,37.99494934082031,36338000,0.008320239369238314,38.39432487487793,37.364039993286134,53.296910205964174,0.20812897500737648,0.3310208936332702,-0.12289191862589371,39.213701743953216,38.39432487487793,37.574948005802646,4.268218658593563
2015-12-23,38.53450012207031,38.595001220703125,37.88249969482422,38.42549896240234,38.06329345703125,30594000,0.0017987684520350822,38.39152488708496,37.449379959106444,53.90137034439169,0.20699253994919786,0.30621522289645575,-0.09922268294725789,39.21007336017718,38.39152488708496,37.57297641399275,4.264214435345737
2015-12-24,38.42599868774414,38.459999084472656,38.21950149536133,38.29199981689453,37.93105697631836,10412000,-0.003474120831455929,38.382974815368655,37.53480995178223,52.485974679592786,0.19309377677252115,0.2835909336716689,-0.09049715689914772,39.201930529488436,38.382974815368655,37.564019101248874,4.267286306281131
2015-12-28,38.5,39.14099884033203,38.38650131225586,39.11199951171875,38.74332809448242,31156000,0.02141440768896019,38.4086498260498,37.62402992248535,59.51771688751682,0.24541701459133236,0.2759561498556016,-0.030539135264269213,39.28332512468482,38.4086498260498,37.533974527414784,4.5545745689909145
2015-12-29,39.3494987487793,39.93450164794922,39.310001373291016,39.698001861572266,39.32381439208984,38430000,0.014982871275069476,38.48642482757568,37.722669982910155,63.65706082361454,0.3303608554394941,0.2868370909723801,0.043523764467114034,39.5155894683626,38.48642482757568,37.457260186788766,5.348195606101172
2015-12-30,39.698001861572266,39.823001861572266,39.36000061035156,39.51499938964844,39.14253234863281,28566000,-0.00460998115924105,38.502699851989746,37.81301994323731,61.54078708009928,0.37854901383726514,0.3051794755453571,0.07336953829190801,39.584758467531636,38.502699851989746,37.42064123644786,5.620689560480111
2015-12-31,39.39099884033203,39.416500091552734,38.86600112915039,38.9005012512207,38.53382873535156,32752000,-0.015550951273660019,38.503099822998045,37.911029968261715,54.936383200229216,0.36296952559811757,0.3167374855559092,0.04623204004220838,39.58574024420475,38.503099822998045,37.42045940179134,5.62365329640311
2016-01-04,38.11000061035156,38.11000061035156,37.37699890136719,37.97200012207031,37.61407852172852,67382000,-0.023868643314419624,38.48119983673096,37.99866996765137,46.7691236441354,0.2725585028506359,0.30790168901485454,-0.035343186164218665,39.58793905687766,38.48119983673096,37.37446061658426,5.752103493874423
2016-01-05,38.20500183105469,38.459999084472656,37.782501220703125,38.07649993896485,37.71759033203125,45216000,0.0027519432715314984,38.43699989318848,38.0790599822998,47.71132070078809,0.20695374389362087,0.2877120999906078,-0.08075835609698695,39.53420910829054,38.43699989318848,37.339790678086416,5.709130359554941
2016-01-06,37.51850128173828,38.2864990234375,37.400001525878906,37.96649932861328,37.60862731933594,48206000,-0.002888917657148826,38.40284976959229,38.1190599822998,46.77281718342269,0.14442057928221885,0.25905379584893007,-0.11463321656671122,39.513905970720785,38.40284976959229,37.29179356846379,5.786321628704974
2016-01-07,37.324501037597656,37.76549911499024,36.76399993896485,37.04999923706055,36.70076370239258,63132000,-0.024139770091438417,38.31749973297119,38.12893997192383,39.756012528526156,0.020670422163313162,0.2113771211118067,-0.19070669894849354,39.56098829621535,38.31749973297119,37.07401116972704,6.490447299066163
2016-01-08,37.38999938964844,37.50600051879883,36.44599914550781,36.545501708984375,36.20102310180664,47506000,-0.01361662674483688,38.23839988708496,38.127030029296876,36.50918507295805,-0.11676520656171618,0.14574865557710215,-0.26251386213881833,39.701961289885865,38.23839988708496,36.774838484284054,7.654930159853392
2016-01-11,36.59749984741211,36.75400161743164,35.97800064086914,36.65349960327149,36.30800628662109,50896000,0.0029552530743006677,38.17097492218018,38.12318000793457,37.68248076458641,-0.21449681919163055,0.07369956062335561,-0.28819637981498614,39.78808103277269,38.17097492218018,36.55386881158767,8.47296205501343
2016-01-12,37.03749847412109,37.41699981689453,36.82149887084961,37.266998291015625,36.91572189331055,46816000,0.016737785101502256,38.1582748413086,38.12366996765137,44.01205025590368,-0.23968269651249585,0.011023109196185321,-0.2507058057086812,39.799411109551414,38.1582748413086,36.51713857306578,8.601731996888864
2016-01-13,37.46699905395508,37.650001525878906,35.8390007019043,35.97850036621094,35.63936233520508,51728000,-0.03457495865296234,38.05084991455078,38.105849990844725,35.78999452035583,-0.3594699539817725,-0.06307550343940624,-0.29639445054236624,39.94749313533846,38.05084991455078,36.1542066937631,9.968992677151201
2016-01-14,36.22200012207031,36.99449920654297,35.25,36.56949996948242,36.224796295166016,55558000,0.016426611521683565,37.97909984588623,38.089499969482425,41.21458038684371,-0.40207857818839443,-0.13087611838920388,-0.27120245979919055,39.9828745616355,37.97909984588623,35.975325130136966,10.551986349757092
2016-01-15,35.4995002746582,36.20800018310547,35.07550048828125,35.52450180053711,35.18965148925781,76676000,-0.028575586663722286,37.813850021362306,38.05116996765137,35.50316241459444,-0.5142409886571571,-0.2075490924427945,-0.30669189621436255,40.04236026437352,37.813850021362306,35.58533977835109,11.786740793398476
2016-01-19,36.00749969482422,36.26750183105469,35.49250030517578,35.95399856567383,35.6151008605957,48724000,0.012090184282381067,37.686974906921385,38.01493995666504,39.23057315739456,-0.5619953746983342,-0.27843834889390245,-0.2835570258044317,40.032574208094815,37.686974906921385,35.341375605747956,12.447798248421629
2016-01-20,35.29499816894531,36.34749984741211,34.388999938964844,35.928001403808594,35.58934020996094,82440000,-0.0007233069684569049,37.591250038146974,37.97282997131347,39.08333810816098,-0.5950791216919455,-0.3417665034535111,-0.25331261823843443,40.056841874119144,37.591250038146974,35.125658202174805,13.117902881495711
2016-01-21,36.00849914550781,36.88349914550781,35.55550003051758,36.33349990844727,35.99101638793945,51938000,0.011286418225480155,37.50592498779297,37.93789993286133,42.695938769170844,-0.5818704487762574,-0.3897872925180604,-0.192083156258197,40.02110554840943,37.50592498779297,34.990744427176516,13.412177203655537
2016-01-22,37.09999847412109,37.428001403808594,37.025001525878906,37.27299880981445,36.921661376953125,47146000,0.025857702349454392,37.45174999237061,37.92858993530273,50.08229387732931,-0.4899449898440622,-0.40981883198326075,-0.08012615786080146,39.93782105303474,37.45174999237061,34.96567893170648,13.276127610435157
2016-01-25,37.19200134277344,37.62300109863281,36.625,36.680999755859375,36.335243225097656,45340000,-0.01588276718830206,37.36452503204346,37.903949966430666,46.05399649678761,-0.4595651959552072,-0.41976810477765003,-0.03979709117755714,39.83014672199191,37.36452503204346,34.89890334209501,13.197661085395602
2016-01-26,36.760501861572266,36.97299957275391,36.3484992980957,36.68949890136719,36.34366607666016,30940000,0.0002318094173836549,37.2843999862671,37.87248992919922,46.12099973242308,-0.42984815841253976,-0.421784115504628,-0.00806404290791174,39.72831086561884,37.2843999862671,34.840489106915356,13.109562606623157
2016-01-27,36.79449844360352,36.79449844360352,35.67250061035156,35.87900161743164,35.54079818725586,42428000,-0.022090998957309482,37.12275009155274,37.833539962768555,40.90354775922369,-0.46632207861856756,-0.430691708127416,-0.035630370491151586,39.48816391207294,37.12275009155274,34.757336271032536,12.74374239347344
2016-01-28,36.90950012207031,37.55799865722656,36.52999877929688,37.415000915527344,37.06232452392578,62104000,0.04281069684066652,37.00860004425049,37.8417699432373,51.988403214323846,-0.3670544415687118,-0.4179642548156752,0.050909813246963365,39.06621015846955,37.00860004425049,34.95098993003143,11.119632257144628
2016-01-29,37.448001861572266,38.25550079345703,37.209999084472656,38.067501068115234,37.70867919921875,75808000,0.017439669087018883,36.93622512817383,37.85269996643066,55.78273082343267,-0.23304640103468444,-0.38098068405947705,0.1479342830247926,38.71966383140258,36.93622512817383,35.152786424945084,9.656854196875651
2016-02-01,38.5629997253418,38.87950134277344,38.06900024414063,38.53850173950195,38.175235748291016,111522000,0.012372656878470778,36.9181251525879,37.877490005493165,58.341981775116764,-0.08782584391267534,-0.3223497160301167,0.23452387211744136,38.62725507802856,36.9181251525879,35.208995227147234,9.259028828666596
2016-02-02,40.025001525878906,40.51750183105469,39.02999877929688,39.045501708984375,38.67745590209961,135846000,0.01315565297670962,36.9718002319336,37.89839004516602,60.96129507614034,0.06739625218337153,-0.24440052238741905,0.3117967745707906,38.867220174254165,36.9718002319336,35.076380289613034,10.253327835972872
2016-02-03,39.31399917602539,39.57149887084961,36.8129997253418,37.46900177001953,37.11581802368164,131114000,-0.04037592033898996,36.941425323486335,37.88783004760742,50.35825861271583,0.06248027818526225,-0.1830243622728828,0.24550464045814505,38.78378679801998,36.941425323486335,35.09906384895269,9.974501299831136
2016-02-04,37.22949981689453,37.262001037597656,36.130001068115234,36.50149917602539,36.15743637084961,104922000,-0.02582138031338921,36.86817531585694,37.84086006164551,45.16627612751074,-0.01926298846447594,-0.15027208751120144,0.1310090990467255,38.65741683343401,36.86817531585694,35.07893379827986,9.706157151788988
2016-02-05,36.275001525878906,36.33599853515625,35.00699996948242,35.1879997253418,34.856319427490234,109556000,-0.03598476755969193,36.775075340271,37.76792007446289,39.249808437349635,-0.18786792007119857,-0.15779125402320088,-0.03007666604799769,38.705023733812475,36.775075340271,34.84512694672953,10.495958883478119
2016-02-08,34.38399887084961,35.22600173950195,34.10049819946289,35.20800018310547,34.876121520996094,89410000,0.0005681062668436709,36.708200263977055,37.702450103759766,39.380022744539744,-0.31622937788938543,-0.1894788787964378,-0.12675049909294764,38.754517882925946,36.708200263977055,34.661882645028165,11.149103493134248
2016-02-09,34.647499084472656,36.04800033569336,34.42499923706055,35.05099868774414,34.72060775756836,84300000,-0.004459032617319947,36.628075218200685,37.63421005249023,38.67915421722708,-0.4257180538396881,-0.23672671380508786,-0.18899134003460022,38.79842097088053,36.628075218200685,34.45772946552084,11.850722374848607
2016-02-10,35.589500427246094,36.1609992980957,35.269500732421875,35.342498779296875,35.00935745239258,60314000,0.008316377894084459,36.531850242614745,37.569090042114254,40.78633655130005,-0.4833947236616254,-0.28606031577639535,-0.19733440788523005,38.75046704592424,36.531850242614745,34.31323343930525,12.146205508756067
2016-02-11,34.81700134277344,35.61600112915039,34.55950164794922,35.31800079345703,34.9850959777832,65004000,-0.0006929997113590547,36.498825263977054,37.5126000213623,40.65988142047946,-0.5250284812396941,-0.3338539488690551,-0.19117453237063903,38.76848268371511,36.498825263977054,34.229167844238994,12.436879287608882
2016-02-12,35.61050033569336,35.79999923706055,35.07899856567383,35.34450149536133,35.01134490966797,46538000,0.0007502889773816079,36.437575340270996,37.43570007324219,40.873439523045114,-0.5495502754154487,-0.37699321417833387,-0.17255706123711478,38.7617595584677,36.437575340270996,34.11339112207429,12.757073962756275
2016-02-16,35.932498931884766,36.14400100708008,35.50899887084961,35.88199996948242,35.54377365112305,43444000,0.01520732045080786,36.455450248718265,37.375490036010746,45.182581150965134,-0.5196224549632547,-0.40551906233531804,-0.11410339262793662,38.75665566576377,36.455450248718265,34.154244831672756,12.624753782194292
2016-02-17,36.34999847412109,36.6879997253418,35.830501556396484,36.5984992980957,36.25352096557617,49154000,0.019968260022686035,36.48767528533936,37.339260025024416,50.37459077613705,-0.4330964673695874,-0.41103454334217193,-0.02206192402741547,38.77791422648035,36.48767528533936,34.197436344198366,12.553493327437074
2016-02-18,36.698001861572266,36.79999923706055,35.77750015258789,35.8754997253418,35.53733444213867,47276000,-0.019754950812020167,36.485050201416016,37.27756004333496,45.67360306348934,-0.41804505876381626,-0.4124366464265008,-0.00560841233731546,38.777967918163455,36.485050201416016,34.192132484668576,12.569080782892547
2016-02-19,35.79499816894531,36.20149993896485,35.65599822998047,36.105499267578125,35.76517105102539,34918000,0.006411190159961944,36.47365016937256,37.226679992675784,47.35664432861253,-0.3831410565294533,-0.40657752844709133,0.023436471917638035,38.77172982353331,36.47365016937256,34.17557051521181,12.60131433782562
2016-02-22,36.47549819946289,36.74250030517578,36.17250061035156,36.45249938964844,36.1088981628418,37516000,0.009610665955603004,36.432625198364256,37.1805899810791,49.87946786657092,-0.3237474147672472,-0.39001150571112253,0.06626409094387531,38.70126702227212,36.432625198364256,34.16398337445639,12.453902575264987
2016-02-23,36.30500030517578,36.54499816894531,35.78350067138672,35.864498138427734,35.52643966674805,41332000,-0.01613060840203462,36.39180011749268,37.135329971313475,45.868143531353475,-0.3204305882444629,-0.37609532221779063,0.05566473397332772,38.6704586402546,36.39180011749268,34.113141594730756,12.522922830995794
2016-02-24,35.53049850463867,36.06100082397461,35.10100173950195,36.04499816894531,35.70523834228516,37092000,0.005032834058642521,36.35957508087158,37.096189956665036,47.270012265393625,-0.2997814415172897,-0.3608325460776905,0.061051104560400804,38.638710938281974,36.35957508087158,34.080439223461184,12.536647374679728
2016-02-25,36.14649963378906,36.47549819946289,35.6614990234375,36.45600128173828,36.11236953735352,36146000,0.011402562032087005,36.38842506408692,37.07488998413086,50.41866768748413,-0.24740044928297777,-0.338146126718748,0.09074567743577022,38.65708114249499,36.38842506408692,34.119768985678846,12.469108373954287
2016-02-26,36.68000030517578,36.80799865722656,36.09700012207031,36.24300003051758,35.9013786315918,42474000,-0.005842621474713372,36.32982501983643,37.03721000671387,48.79258357421412,-0.22053338481748597,-0.3146235783384956,0.09409019352100961,38.54940214930926,36.32982501983643,34.110247890363596,12.219035617490157
2016-02-29,36.04999923706055,36.52999877929688,35.84199905395508,35.86100006103516,35.52297592163086,45068000,-0.010540060699172127,36.21949996948242,36.9943399810791,45.931514988908845,-0.22744342150758712,-0.2971875469723139,0.0697441254647268,38.29745375274687,36.21949996948242,34.14154618621797,11.474226783999095
2016-03-01,36.06499862670898,37.11650085449219,35.93199920654297,37.10850143432617,36.75871658325195,60112000,0.03478708158762722,36.147999954223636,36.95992004394531,55.17537758910171,-0.13074954102781078,-0.2638999457834133,0.13315040475560252,37.98646501934811,36.147999954223636,34.30953488909916,10.171877102205555
2016-03-02,37.14350128173828,37.15599822998047,36.66249847412109,36.9739990234375,36.625484466552734,36292000,-0.003624504038313492,36.044424819946286,36.929570007324216,54.10140900745958,-0.06423174105298557,-0.22396630483732777,0.1597345637843422,37.38397480804713,36.044424819946286,34.704874831845444,7.432772168191519
2016-03-03,36.9739990234375,37.04999923706055,36.48149871826172,36.579498291015625,36.23469543457031,40534000,-0.010669866560790497,35.9999496459961,36.90430999755859,50.96780155069413,-0.04285481384649614,-0.18774400663916144,0.1448891927926653,37.199057161101315,35.9999496459961,34.80084213089088,6.66171773514457
2016-03-04,36.7400016784668,36.75,36.28099822998047,36.51100158691406,36.16685104370117,48516000,-0.0018723599041048367,36.000424766540526,36.87373001098633,50.42171662580013,-0.031082259651839195,-0.156411657241697,0.1253293975898578,37.200334080144,36.000424766540526,34.80051545293705,6.666084199754751
2016-03-07,36.25749969482422,36.36050033569336,35.25699996948242,35.63999938964844,35.304054260253906,61690000,-0.023856010643689474,36.02302474975586,36.819400024414065,43.97026262178935,-0.0909861915073904,-0.14332656409483568,0.05234037258744528,37.17702376399082,36.02302474975586,34.86902573552091,6.4070078637290235
2016-03-08,35.41949844360352,36.11249923706055,35.20000076293945,35.67649841308594,35.340206146240234,52530000,0.0010240151377465256,36.04644966125488,36.76442001342773,44.29192834217624,-0.1339709887666345,-0.14145544902919546,0.007484460262560971,37.15129440622711,36.04644966125488,34.94160491628266,6.130116865072493
2016-03-09,35.75849914550781,36.3120002746582,35.632999420166016,36.27050018310547,35.928611755371094,39544000,0.016649750335241187,36.10742473602295,36.723990020751955,49.384753090264624,-0.11873704497939741,-0.13691176821923587,0.01817472323983846,37.116218704411175,36.10742473602295,35.098630767634724,5.587737013998629
2016-03-10,36.38949966430664,36.82699966430664,36.16450119018555,36.60850143432617,36.263427734375,44616000,0.009318923349546093,36.170724868774414,36.6739200592041,52.06987741032245,-0.07848542744211073,-0.12522650006381084,0.0467410726217001,37.137591390634014,36.170724868774414,35.203858346914814,5.346127429667743
2016-03-11,36.997501373291016,37.244998931884766,36.834999084472656,37.243499755859375,36.89244079589844,35380000,0.017345659272225422,36.26699981689453,36.62483001708984,56.715601156756364,0.004600297730114278,-0.09926114050502582,0.1038614382351401,37.25820964861414,36.26699981689453,35.275789985174924,5.466180476598814
2016-03-14,37.24850082397461,37.7130012512207,37.18299865722656,37.512001037597656,37.15841293334961,32824000,0.007209393895150962,36.37537479400635,36.58477005004883,58.54528980723016,0.09106243197545183,-0.0611964260089303,0.15225885798438213,37.41235182610774,36.37537479400635,35.33839776190496,5.701533182675305
2016-03-15,37.30099868774414,37.6505012512207,37.141998291015625,37.52849960327149,37.17475128173828,29832000,0.00043969446213920627,36.4576997756958,36.557330017089846,58.660925276117496,0.15908179672882028,-0.017140781461380185,0.17622257819020046,37.58262971854508,36.4576997756958,35.33276983284652,6.171151497600526
2016-03-16,37.45249938964844,37.95000076293945,37.32500076293945,37.86800003051758,37.51105880737305,29306000,0.009046665116491992,36.52117481231689,36.55525001525879,61.06754666808319,0.23764307901701187,0.03381599063429823,0.20382708838271363,37.80303889086467,36.52117481231689,35.239310733769116,7.019840326250752
2016-03-17,37.88249969482422,38.266998291015625,37.86800003051758,37.92399978637695,37.5665283203125,44564000,0.001478750925808292,36.62359981536865,36.55220001220703,61.46604008755575,0.30095297496357887,0.08724338750015437,0.2137095874634245,38.006139619082006,36.62359981536865,35.24106001165529,7.54999405128488
2016-03-18,38.08150100708008,38.10699844360352,37.59099960327149,37.77050018310547,37.41448211669922,56222000,-0.004047385010316984,36.70684986114502,36.548280029296876,59.663342935227305,0.3348800991625822,0.13677072983263994,0.19810936932994228,38.15359948825522,36.70684986114502,35.260100234034816,7.882722884600435
2016-03-21,37.695499420166016,38.16699981689453,37.5634994506836,38.108001708984375,37.74879837036133,28774000,0.008935477247001389,36.789624977111814,36.569440078735354,62.28262440810878,0.38456808059473246,0.18633019998505845,0.198237880609674,38.35339736205818,36.789624977111814,35.225852592165445,8.501159693360554
2016-03-22,37.922000885009766,38.25,37.89400100708008,38.00249862670898,37.644287109375,22096000,-0.002768598352746121,36.89652500152588,36.598580017089844,60.95023328423393,0.4106986682521381,0.23120389363847438,0.1794947746136637,38.48483044302277,36.89652500152588,35.30821956002899,8.609512366984191
2016-03-23,38.16749954223633,38.26950073242188,37.80149841308594,37.87799835205078,37.52096939086914,24678000,-0.003275868079200439,36.988175010681154,36.62306999206543,59.33706117489588,0.4165593783443029,0.2682749905796401,0.1482843877646628,38.58089396800324,36.988175010681154,35.39545605335907,8.612044021431993
2016-03-24,37.560001373291016,37.87799835205078,37.525001525878906,37.742000579833984,37.3862419128418,31116000,-0.0035907248723731078,37.05247497558594,36.632570037841795,57.54537506969105,0.4055551622186542,0.29573102490744296,0.10982413731121121,38.65784862594041,37.05247497558594,35.447101325231465,8.665405759870353
2016-03-28,37.80849838256836,37.915000915527344,37.60200119018555,37.66400146484375,37.30898284912109,21676000,-0.0020665105602436507,37.123525047302245,36.666280059814454,56.49180384789412,0.3860897624945707,0.31380277242486854,0.07228699006970218,38.70490896607813,37.123525047302245,35.54214112852636,8.519578443916135
2016-03-29,37.68399810791016,38.35900115966797,37.41450119018555,38.29449844360352,37.93354034423828,40062000,0.016740137291947343,37.24519996643066,36.70078002929687,62.472849074372476,0.41673526514748715,0.3343892709693923,0.08234599417809485,38.79342405407517,37.24519996643066,35.696975878786155,8.31368385209332
2016-03-30,38.41049957275391,38.865501403808594,38.37900161743164,38.41699981689453,38.05488204956055,40396000,0.003198797270729692,37.31062488555908,36.758629989624026,63.52209790252341,0.44576834384010766,0.35666508554353543,0.08910325829657223,38.93874092121634,37.31062488555908,35.682508849901815,8.72735871163294
2016-03-31,38.41699981689453,38.45399856567383,37.91249847412109,38.14500045776367,37.78544998168945,32554000,-0.007080092050218423,37.36917495727539,36.802450027465824,59.54136281743396,0.44173712221459027,0.3736794928777464,0.0680576293368439,39.02857921991331,37.36917495727539,35.70977069463747,8.881139412551315
2016-04-01,37.858001708984375,38.50199890136719,37.7599983215332,38.48350143432617,38.12075424194336,31674000,0.008873898826569304,37.46437511444092,36.853560028076174,62.67610701954766,0.46054764331965004,0.39105312296612715,0.06949452035352288,39.14990087194443,37.46437511444092,35.77884935693741,8.998018797082855
2016-04-04,38.47549819946289,38.62200164794922,38.089500427246094,38.25600051879883,37.89540100097656,26924000,-0.005911563017261812,37.55162506103515,36.8920100402832,59.34794507634483,0.4518886037066778,0.40322021911423733,0.048668384592440495,39.211172230009915,37.55162506103515,35.89207789206039,8.838750207360608
2016-04-05,37.90650177001953,38.14350128173828,37.77999877929688,37.92850112915039,37.570987701416016,24478000,-0.008560756476813314,37.66605014801026,36.905120086669925,54.83392198659045,0.41382942074785234,0.40534205944096036,0.008487361306891983,39.08000523095234,37.66605014801026,36.252095065068175,7.50784899072713
2016-04-06,37.891998291015625,38.42100143432617,37.81499862670898,38.40349960327149,38.04150772094727,25312000,0.012523493480410153,37.80240020751953,36.939570083618165,59.62997042451391,0.41718658393509145,0.4077109643397866,0.009475619595304852,38.9168537688176,37.80240020751953,36.68794664622146,5.896205294797058
2016-04-07,38.26599884033203,38.46799850463867,37.875,38.00600051879883,37.64775466918945,25498000,-0.010350616349020347,37.889175224304196,36.9659001159668,54.42193684342605,0.3833532482527957,0.40283942112238846,-0.019486172869592755,38.75568212360083,37.889175224304196,37.022668325007565,4.573902145754844
2016-04-08,38.29349899291992,38.35649871826172,37.78850173950195,37.9734992980957,37.61556625366211,23434000,-0.0008549889843413316,37.957425117492676,37.007790069580075,54.00659640831644,0.3498842611151076,0.3922483891209323,-0.042364128005824675,38.59429170749761,37.957425117492676,37.32055852748774,3.3556891071172013
2016-04-11,38.272499084472656,38.36100006103516,37.867000579833984,37.87699890136719,37.51996994018555,31774000,-0.0025414030146961863,37.98910007476807,37.017030029296876,52.72006536796904,0.311976797822453,0.37619407086123646,-0.06421727303878344,38.5376815478806,37.98910007476807,37.44051860165553,2.8880993339291874
2016-04-12,37.92150115966797,38.24599838256836,37.57849884033203,38.21599960327149,37.85577392578125,27388000,0.008950006786547116,38.024300003051756,37.02,56.62875784863598,0.30576471821147777,0.36210820033128477,-0.056343482119807,38.53494417837429,38.024300003051756,37.513655827729224,2.6858833707999845
2016-04-13,38.51549911499024,38.78749847412109,38.22949981689453,38.59550094604492,38.23169708251953,35426000,0.009930404737604981,38.07765007019043,37.02113998413086,60.5596637490025,0.3276868174473577,0.35522392375449935,-0.027537106307141623,38.592881136127666,38.07765007019043,37.562419004253194,2.7062125156751273
2016-04-14,38.76800155639648,38.980499267578125,38.6609992980957,38.76950073242188,38.404056549072266,26992000,0.00450828709436335,38.122725105285646,37.01561996459961,62.249086483150165,0.3550082534548551,0.3551807896945705,-0.0001725362397154151,38.70947620761995,38.122725105285646,37.53597400295134,3.0782222452033063
2016-04-15,38.775001525878906,39.04650115966797,38.74649810791016,39.0,38.63238525390625,31712000,0.005945431950456381,38.1765251159668,37.04623992919922,64.42314296004633,0.39075566479511536,0.3622957647146795,0.028459900080435863,38.86842322204708,38.1765251159668,37.484627009886516,3.624730663561121
2016-04-18,39.009498596191406,39.4275016784668,38.88050079345703,39.38399887084961,39.01276397705078,33540000,0.009846110216714443,38.257200050354,37.1038899230957,67.75475288351282,0.44494222845089837,0.3788250574619233,0.06611717098897507,39.100595884804875,38.257200050354,37.41380421590313,4.409082909051363
2016-04-19,39.525001525878906,39.54750061035156,38.51350021362305,38.8125,38.44664764404297,43952000,-0.014511054211407082,38.29242496490478,37.176379928588865,58.91247871202574,0.43673586864391467,0.3904072196983216,0.046328648945593076,39.16625156838543,38.29242496490478,37.41859836142414,4.563965872004769
2016-04-20,38.95800018310547,38.983001708984375,38.5634994506836,38.74599838256836,38.38077545166016,34262000,-0.0017133403409493875,38.329599952697755,37.247139892578126,57.964523118798624,0.4200243651978113,0.39633064879821955,0.023693716399591724,39.214122042194205,38.329599952697755,37.445077863201305,4.61534735863683
2016-04-21,38.865501403808594,39.08399963378906,38.57749938964844,39.0,38.63238525390625,77628000,0.006555620601334189,38.38570003509521,37.326119918823245,60.57399390721198,0.4224069417779148,0.40154590739415863,0.020861034383756194,39.290624834937894,38.38570003509521,37.48077523525253,4.714905806148274
2016-04-22,37.195499420166016,37.69599914550781,36.51850128173828,36.88850021362305,36.54079055786133,140798000,-0.05414096702282789,38.343025016784665,37.35703994750977,38.9356783677914,0.25102114911085494,0.3714409557374979,-0.12041980662664298,39.42794710060527,38.343025016784665,37.25810293296406,5.659032292552208
2016-04-25,36.76750183105469,37.24399948120117,36.755001068115234,37.11050033569336,36.76070022583008,49442000,0.006018196777120233,38.31534996032715,37.39288993835449,41.30952007388148,0.131593302495709,0.3234714250891401,-0.19187812259343112,39.492465551101354,38.31534996032715,37.13823436955294,6.144355157883342
2016-04-26,37.22100067138672,37.27949905395508,36.01599884033203,36.26850128173828,35.9266357421875,55864000,-0.022689026011983304,38.214050102233884,37.41136993408203,35.649019014683105,-0.030643177674917865,0.25264850453632853,-0.2832916822112464,39.691339990679325,38.214050102233884,36.73676021378844,7.731658301034584
2016-04-27,36.26599884033203,36.35749816894531,35.45399856567383,36.073001861572266,35.73297500610352,66262000,-0.005390450068124997,38.09685020446777,37.41518997192383,34.46804607932283,-0.17299771642384343,0.16751926034429415,-0.3405169767681376,39.83926862344454,38.09685020446777,36.354431785491,9.147309604994211
2016-04-28,36.16450119018555,36.4630012512207,35.15999984741211,35.25299835205078,34.92070388793945,62590000,-0.022731695808292707,37.95225009918213,37.38827995300293,29.981603275848258,-0.34797095162858227,0.06442121794971886,-0.41239216957830116,40.089870310378615,37.95225009918213,35.814629887985646,11.26478775624716
2016-04-29,35.20600128173828,35.605499267578125,35.18899917602539,35.39400100708008,35.06037902832031,58278000,0.003999780211449311,37.79777507781982,37.3786499786377,31.629575951760444,-0.4698446881925875,-0.042431963278742414,-0.4274127249138451,40.19077573090079,37.79777507781982,35.404774424738854,12.66212441422357
2016-05-02,35.59600067138672,35.77050018310547,35.31800079345703,35.72050094604492,35.3838005065918,33476000,0.00922469999569131,37.67100009918213,37.37095001220703,35.41990588789446,-0.5339298748345129,-0.14073154558989653,-0.3931983292446164,40.217209830835785,37.67100009918213,35.124790367528476,13.518142470069089
2016-05-03,35.625,35.66849899291992,35.36650085449219,35.422000885009766,35.088111877441406,38620000,-0.008356610226063932,37.545675086975095,37.350340042114254,33.58665662302708,-0.601866366390567,-0.23295850975003063,-0.3689078566405364,40.26940354256895,37.545675086975095,34.82194663138124,14.508879913781286
2016-05-04,35.3385009765625,35.752498626708984,35.20249938964844,35.56850051879883,35.23323059082031,34172000,0.004135837057456682,37.40392513275147,37.34442008972168,35.35507631335042,-0.6365475058955781,-0.3136763089791401,-0.32287119691643795,40.22757450478386,37.40392513275147,34.580275760719076,15.098144710807157
2016-05-05,35.75,35.877498626708984,35.47249984741211,35.73550033569336,35.398658752441406,29668000,0.004695231145343648,37.29040012359619,37.33823013305664,37.40132894308494,-0.6431433134945834,-0.3795697098822288,-0.2635736036123546,40.18965405727551,37.29040012359619,34.391146189916874,15.549599489788054
2016-05-06,35.61000061035156,36.29949951171875,35.59749984741211,36.25899887084961,35.91721725463867,39952000,0.014649100290035744,37.204675102233885,37.33429008483887,43.44473812811064,-0.5992211335839599,-0.42349999462257504,-0.17572113896138486,40.11941541094028,37.204675102233885,34.28993479352749,15.66867766320788
2016-05-09,36.334999084472656,36.714500427246094,36.17499923706055,36.45650100708008,36.11286163330078,38074000,0.005447091774261503,37.13365020751953,37.33856010437012,45.57936277519297,-0.5422252822329341,-0.4472450521446469,-0.09498023008828721,40.04862567254093,37.13365020751953,34.21867474249813,15.69991341401239
2016-05-10,36.74800109863281,37.0,36.58050155639648,36.96900177001953,36.62053298950195,32634000,0.014057909931264767,37.07130031585693,37.3607201385498,50.77178492093279,-0.4505079557008358,-0.4478976328558847,-0.0026103228449511073,39.944044248826366,37.07130031585693,34.198556382887496,15.498479462511023
2016-05-11,37.0260009765625,37.040000915527344,36.39500045776367,36.52750015258789,36.18319320678711,29834000,-0.01194247453580799,36.96790027618408,37.34910011291504,46.643060676097846,-0.40873515988588593,-0.440065138261885,0.031329978375999046,39.76153547837075,36.96790027618408,34.17426507399741,15.11384298981363
2016-05-12,36.59999847412109,36.76850128173828,36.2135009765625,36.40349960327149,36.060359954833984,27094000,-0.0033947598613293106,36.84960021972656,37.33769012451172,45.52335545030818,-0.38124101712863734,-0.4283003140352355,0.04705929690659816,39.52597366388542,36.84960021972656,34.1732267755677,14.525929335461985
2016-05-13,36.33100128173828,36.56449890136719,36.17549896240234,36.24150085449219,35.89988708496094,25244000,-0.004450118359163424,36.71167526245117,37.33093017578125,44.0360579981104,-0.3682783722256744,-0.4162959256733233,0.04801755344764891,39.20887264388518,36.71167526245117,34.21447788101717,13.60437715566823
2016-05-16,36.21599960327149,36.63399887084961,36.0,36.51499938964844,36.17081069946289,22538000,0.007546642524551173,36.56822528839111,37.33101013183594,47.173961880236384,-0.33210800236359006,-0.39945834101137667,0.06735033864778661,38.74380722612579,36.56822528839111,34.392643350656435,11.89875593128843
2016-05-17,36.553001403808594,36.79249954223633,35.900001525878906,36.009498596191406,35.670074462890625,33404000,-0.013843655336696736,36.42807521820068,37.3384001159668,42.43770991148958,-0.3403095365381503,-0.3876285801167314,0.04731904357858108,38.35412555663469,36.42807521820068,34.50202487976667,10.574538055591203
2016-05-18,35.92499923706055,36.27849960327149,35.750999450683594,36.0890007019043,35.74882888793945,32536000,0.0022078570408021747,36.29522533416748,37.34665016174316,43.40018376773402,-0.33651502027572633,-0.37740586814853044,0.040890847872804115,37.90380056889204,36.29522533416748,34.68665009944293,8.8638393613183
2016-05-19,35.915000915527344,36.025001525878906,35.515499114990234,35.765499114990234,35.428375244140625,30598000,-0.008964031935237426,36.133500289916995,37.33655014038086,40.43729440472508,-0.3555135740658315,-0.3730274093319907,0.017513835266159183,37.170734641878404,36.133500289916995,35.096265937955586,5.741123022343053
2016-05-20,35.823001861572266,36.3849983215332,35.7504997253418,36.08549880981445,35.74535369873047,34798000,0.008947022052394837,36.09335021972656,37.32609008789063,44.47530869219372,-0.34082000295738624,-0.3665859280570698,0.025765925099683562,37.071032601588286,36.09335021972656,35.115667837864834,5.417520822588426
2016-05-23,35.999000549316406,36.17499923706055,35.84700012207031,35.86249923706055,35.52445602416992,24816000,-0.006179759093232651,36.03095016479492,37.29847007751465,42.32203550948937,-0.34321309689030954,-0.3619113618237178,0.01869826493340826,36.89352035668557,36.03095016479492,35.168379972904276,4.787940301021793
2016-05-24,35.99250030517578,36.709999084472656,35.98249816894531,36.6515007019043,36.30602264404297,37884000,0.022000804722844602,36.05010013580322,37.28126007080078,51.30505779604934,-0.27823647987712263,-0.34517638543439877,0.06693990555727614,36.94915015530654,36.05010013580322,35.1510501162999,4.987780983223553
2016-05-25,36.75,36.99449920654297,36.630001068115234,36.90499877929688,36.55713272094727,32216000,0.006916485437313602,36.09169998168945,37.268790054321286,53.79496629133105,-0.20393601900780567,-0.3169283121490802,0.11299229314127451,37.065062293050794,36.09169998168945,35.11833767032811,5.393829117803604
2016-05-26,36.79999923706055,37.05500030517578,36.650001525878906,36.84650039672852,36.49918365478516,27202000,-0.0015851644220692407,36.17137508392334,37.24836006164551,53.11995490025947,-0.14806588765971895,-0.28315582725120797,0.13508993959148902,37.117579263850516,36.17137508392334,35.22517090399616,5.231784402621326
2016-05-27,36.8754997253418,37.39550018310547,36.85049819946289,37.380001068115234,37.02765274047852,34802000,0.01447892891774516,36.270675086975096,37.237480087280275,58.263486627542804,-0.06004717406943172,-0.23853409661485273,0.178486922545421,37.284160977627,36.270675086975096,35.25718919632319,5.588458931197852
2016-05-31,37.4379997253418,37.67399978637695,37.27849960327149,37.442501068115234,37.08957290649414,42484000,0.0016722681950596119,36.35677509307861,37.23092010498047,58.83332141839772,0.014583409786993684,-0.18791059533448345,0.20249400512147714,37.457501087725646,36.35677509307861,35.256049098431575,6.0551354834361275
2016-06-01,37.42350006103516,37.56850051879883,37.21699905395508,37.42300033569336,37.07025146484375,20788000,-0.0005209399876106025,36.45682506561279,37.217220077514654,58.56464847965939,0.07133285825866409,-0.13606190461585396,0.20739476287451805,37.56324470429376,36.45682506561279,35.35040542693182,6.0697531213412095
2016-06-02,37.30500030517578,37.3650016784668,36.84999847412109,37.2135009765625,36.86272430419922,33916000,-0.005598212918553891,36.53907508850098,37.20144012451172,55.62569656825708,0.0982695672074172,-0.08919561025119974,0.18746517745861693,37.61322207031787,36.53907508850098,35.46492810668409,5.879442647167209
2016-06-03,37.074501037597656,37.074501037597656,36.695499420166016,36.792999267578125,36.44618225097656,24608000,-0.011299817392367961,36.591950035095216,37.17974014282227,50.182217725780774,0.08470964937413328,-0.05441455832613313,0.1391242077002664,37.605043179732455,36.591950035095216,35.57885689045798,5.537245999000241
2016-06-06,36.92499923706055,36.92499923706055,36.41450119018555,36.50299835205078,36.15892028808594,29992000,-0.007881812172053415,36.604150009155276,37.154960098266606,46.782077209436814,0.04998645382877953,-0.033534355895150594,0.08352080972393013,37.60673344561904,36.604150009155276,35.60156657269151,5.477976875370711
2016-06-07,36.66350173950195,36.83549880981445,36.540000915527344,36.554500579833984,36.209938049316406,24314000,0.001410931543972982,36.60904998779297,37.13277008056641,47.46288507482095,0.02632046461978632,-0.02156339179216321,0.04788385641194953,37.609655042503626,36.60904998779297,35.60844493308232,5.466435512772381
2016-06-08,36.97499847412109,37.19049835205078,36.78850173950195,37.14649963378906,36.79635620117188,32314000,0.016194950432027788,36.61792488098145,37.10981010437012,54.64527336277006,0.054703782624883956,-0.006309956908753777,0.061013739533637736,37.63416933380111,36.61792488098145,35.601680428161785,5.550529999298122
2016-06-09,36.85350036621094,37.19649887084961,36.82500076293945,37.1259994506836,36.77603912353516,19180000,-0.0005521491727507044,36.64784984588623,37.083990097045906,54.36808937282377,0.07468267776435056,0.009888570025867089,0.06479410773848347,37.686677743645575,36.64784984588623,35.60902194812688,5.669243364224038
2016-06-10,36.79750061035156,36.98199844360352,36.5255012512207,36.65950012207031,36.31394958496094,29050000,-0.012564962121723089,36.66064987182617,37.054280090332036,48.357004059115035,0.052270951984077385,0.018365046417509148,0.03390590556656824,37.693410142208755,36.66064987182617,35.62788960144359,5.634162372971251
2016-06-13,36.49100112915039,36.95000076293945,36.49100112915039,36.59400177001953,36.24906921386719,23354000,-0.0017866514613606999,36.678274917602536,37.0164900970459,47.561885451832445,0.02889128744009639,0.020470294622026597,0.008420992818069795,37.69370705284088,36.678274917602536,35.662842782364194,5.536967796438096
2016-06-14,36.46549987792969,36.79999923706055,36.32500076293945,36.66249847412109,36.3169174194336,26584000,0.001871722696274336,36.68564987182617,36.98462005615235,48.515284755559755,0.015708765546904147,0.01951798880700211,-0.0038092232600979645,37.698370396503904,36.68564987182617,35.67292934714844,5.52107174448874
2016-06-15,36.74599838256836,36.85749816894531,36.56549835205078,36.609500885009766,36.2644157409668,23234000,-0.0014456534914691899,36.71564998626709,36.958240051269534,47.791269935721985,0.0009738337009466136,0.015809157785791013,-0.0148353240848444,37.68090977397596,36.71564998626709,35.750390198558215,5.258029140543142
2016-06-16,36.39799880981445,36.51950073242188,35.777000427246094,36.212501525878906,35.87115859985352,45002000,-0.010844160400163894,36.72182502746582,36.91442008972169,42.6559567621742,-0.04225119093753449,0.004197088041125913,-0.0464482789786604,37.67243943023504,36.72182502746582,35.7712106246966,5.177381037343398
2016-06-17,36.06949996948242,36.06949996948242,35.055999755859375,35.212501525878906,34.88058853149414,82262000,-0.027614666127997012,36.69417514801025,36.85855010986329,33.02866281893397,-0.15540753570058996,-0.027723836707217266,-0.1276836989933727,37.77736918221221,36.69417514801025,35.61098111380829,5.903901803666491
2016-06-20,35.515499114990234,35.79349899291992,35.27050018310547,35.30649948120117,34.97369766235352,45654000,0.002669368115028048,36.65522518157959,36.8052101135254,34.524574535755505,-0.23479335313082572,-0.06913773999193897,-0.16565561313888677,37.871067396057214,36.65522518157959,35.43938296710196,6.633936681358185
2016-06-21,35.502498626708984,35.76900100708008,35.233001708984375,35.444000244140625,35.10990905761719,30318000,0.0038946809850846087,36.634300231933594,36.75655014038087,36.75017749002964,-0.2833457890809328,-0.11197934980973773,-0.17136643927119505,37.916583804949795,36.634300231933594,35.35201665891739,7.000453481562359
2016-06-22,35.70249938964844,35.71049880981445,35.29399871826172,35.52349853515625,35.18865203857422,29058000,0.002242756619728281,36.577900123596194,36.70270011901856,38.061079886436104,-0.3118146910225761,-0.1519464180523054,-0.15986827297027068,37.94839061368526,36.577900123596194,35.207409633507126,7.4935438363503675
2016-06-23,35.52750015258789,35.74399948120117,35.01250076293945,35.743499755859375,35.406585693359375,42500000,0.006193293637569708,36.51982517242432,36.64566009521485,41.66435194775576,-0.3130159875757741,-0.18416033195699916,-0.12885565561877493,37.92787327964004,36.51982517242432,35.1117770652086,7.711143744898977
2016-06-24,34.50849914550781,35.25,34.24549865722656,34.2599983215332,33.937068939208984,95436000,-0.04150405144616931,36.39050006866455,36.55547004699707,29.29044274823417,-0.42873203533349624,-0.23307467263229859,-0.19565736270119766,38.09804792484626,36.39050006866455,34.68295221248284,9.38458033255807
2016-06-27,34.1245002746582,34.166500091552734,33.632999420166016,34.05699920654297,33.73597717285156,58146000,-0.005925431177266183,36.22434997558594,36.45661003112794,28.062279501167524,-0.5307005829453715,-0.2925998546949132,-0.2381007282504583,38.147503395506554,36.22434997558594,34.30119655566532,10.618014795113016
2016-06-28,34.56850051879883,34.637001037597656,34.24250030517578,34.5629997253418,34.237205505371094,38246000,0.014857382963932242,36.08037490844727,36.36019004821778,35.34018058713829,-0.5641778870340204,-0.34691546116273464,-0.21726242587128575,38.04782053937923,36.08037490844727,34.112929277515306,10.905904586215023
2016-06-29,34.7130012512207,34.974998474121094,34.63399887084961,34.759498596191406,34.431854248046875,43124000,0.005685298779576131,35.94719982147217,36.27913002014161,37.96488759322692,-0.5683020428529773,-0.3911927775007832,-0.17710926535219407,37.89355902120592,35.94719982147217,34.00084062173842,10.828989236436378
2016-06-30,34.88249969482422,35.188499450683594,34.744998931884766,35.17649841308594,34.84492492675781,42250000,0.011996759620762187,35.84534969329834,36.207740020751956,43.23131015930311,-0.5317918998494306,-0.4193126019705127,-0.11247929787891797,37.728143561211986,35.84534969329834,33.96255582538469,10.505094155996787
2016-07-01,35.255001068115234,35.62649917602539,35.186500549316406,35.51250076293945,35.17775344848633,30984000,0.009551707240813556,35.781324768066405,36.13799003601075,47.1263220239433,-0.47032317414780067,-0.4295147164059703,-0.040808457741830395,37.61737098856607,35.781324768066405,33.94527854756674,10.262594984399659
2016-07-05,35.2504997253418,35.40599822998047,34.95650100708008,35.24449920654297,34.91229248046875,28440000,-0.007546274050908797,35.71839981079101,36.105110015869144,44.50347180161844,-0.4381831494029669,-0.43124840300536965,-0.0069347463975972246,37.537383402568445,35.71839981079101,33.89941621901358,10.18513484037934
2016-07-06,34.992000579833984,35.650001525878906,34.95000076293945,35.44850158691406,35.11436462402344,28902000,0.005787994118912065,35.66309986114502,36.07187004089356,46.92496277250633,-0.3917349840102773,-0.4233457192063512,0.031610735196073936,37.443893246264054,35.66309986114502,33.88230647602599,9.986756014214057
2016-07-07,35.50550079345703,35.50849914550781,35.03350067138672,35.362998962402344,35.029666900634766,21174000,-0.00241205342302353,35.57392482757568,36.05375999450684,46.01864650713194,-0.35770047707951136,-0.4102166707809833,0.052516193701471925,37.22235846798239,35.57392482757568,33.92549118716897,9.26765122710834
2016-07-08,35.52799987792969,35.89500045776367,35.40549850463867,35.888999938964844,35.55071258544922,29946000,0.014874411632073148,35.512074851989745,36.050079956054695,52.14241051264884,-0.28499871452101644,-0.38517307952898994,0.1001743650079735,37.008770922315605,35.512074851989745,34.015378781663884,8.429223449003857
2016-07-11,35.97100067138672,36.44649887084961,35.94350051879883,36.36000061035156,36.017269134521484,28822000,0.013123690501304575,35.49709987640381,36.07222000122071,56.861511383825565,-0.18721809241133514,-0.345582082105459,0.15836398969412385,36.953012234895375,35.49709987640381,34.04118751791224,8.202993278667048
2016-07-12,36.59600067138672,36.77999877929688,36.375,36.6254997253418,36.280269622802734,26468000,0.007302066330985957,35.49867477416992,36.09684997558594,59.297926099047366,-0.08729638680012641,-0.2939249430443925,0.20662855624426607,36.95939013500162,35.49867477416992,34.03795941333822,8.229689531365644
2016-07-13,36.7760009765625,36.7760009765625,36.45100021362305,36.4739990234375,36.13019943237305,20436000,-0.004136413317484489,35.489249801635744,36.11191993713379,57.30888171951548,-0.020100845669183798,-0.23916012356935076,0.21905927790016697,36.92197043116157,35.489249801635744,34.05652917210992,8.074110540706831
2016-07-14,36.696998596191406,36.80699920654297,36.52949905395508,36.790000915527344,36.44322204589844,21408000,0.008663738878920135,35.49827480316162,36.13927993774414,60.300138408593696,0.057982431174700366,-0.17973161262054055,0.23771404379524091,36.96106692569873,35.49827480316162,34.03548268062451,8.24148289260991
2016-07-15,37.04999923706055,37.04999923706055,36.73199844360352,36.78150177001953,36.43479537963867,32342000,-0.00023122725672153344,35.52672481536865,36.16353996276856,60.17800788375288,0.11782002471643693,-0.12022128515314506,0.238041309869582,37.064201159376545,35.52672481536865,33.98924847136076,8.6553227295683
2016-07-18,36.89550018310547,37.75699996948242,36.82550048828125,37.65999984741211,37.30501556396485,38698000,0.023884316496326274,35.64909973144531,36.202029953002935,67.50426991216335,0.23343827056289257,-0.04948937400993753,0.2829276445728301,37.43637593992043,35.64909973144531,33.86182352297019,10.027048211254558
2016-07-19,37.493499755859375,37.829498291015625,37.42449951171875,37.670501708984375,37.31542205810547,30436000,0.0002789569708869788,35.767299842834475,36.23026000976563,67.58105352102083,0.3221998564590365,0.024848472083857272,0.2973513843751792,37.75027976827946,35.767299842834475,33.78431991738949,11.08822826525023
2016-07-20,37.70249938964844,38.03200149536133,37.70249938964844,37.854000091552734,37.49718475341797,22502000,0.004870980556764604,35.88779983520508,36.25820999145508,68.96111662469394,0.4027086638878501,0.10042051044465584,0.30228815344319426,38.06129643091659,35.88779983520508,33.71430323949357,12.112732492334978
2016-07-21,37.84999847412109,37.907501220703125,37.57600021362305,37.72050094604492,37.36494445800781,19062000,-0.00352667263635309,35.99764995574951,36.27323997497559,66.73531382950162,0.4505465878569552,0.17044572592711574,0.2801008619298395,38.30438679390991,35.99764995574951,33.690913117589105,12.81604127489425
2016-07-22,37.86600112915039,37.97249984741211,37.632999420166016,37.9640007019043,37.60615158081055,20920000,0.006455439083385084,36.10867500305176,36.30196998596192,68.71854814206526,0.502316490717746,0.2368198788852418,0.26549661183250417,38.56471188847759,36.10867500305176,33.652638117625926,13.603583544498695
2016-07-25,37.88399887084961,37.99100112915039,37.70349884033203,37.8759994506836,37.51897430419922,21466000,-0.002318165325265853,36.28947505950928,36.33141998291016,67.1601540919651,0.5301325086370383,0.2954824048356011,0.2346501038014372,38.70660736598183,36.28947505950928,33.872342753036726,13.321395817982044
2016-07-26,37.8759994506836,37.9630012512207,37.63750076293945,37.88249969482422,37.52541732788086,23792000,0.00017172707413060095,36.48075008392334,36.3642399597168,67.21928944229472,0.5464028269538304,0.345666489259247,0.20073633769458338,38.76262209130311,36.48075008392334,34.19887807654357,12.510005973727845
2016-07-27,37.94850158691406,38.22249984741211,37.79650115966797,38.0984992980957,37.7393798828125,32172000,0.00570180347528515,36.657525062561035,36.39590995788575,69.2037903385603,0.5701541520846121,0.39056402182432,0.17959013026029208,38.8642900029652,36.657525062561035,34.45076012215687,12.039901420720682
2016-07-28,38.44200134277344,38.44850158691406,37.954498291015625,38.29199981689453,37.93105697631836,73464000,0.005078967754664987,36.83415012359619,36.44155998229981,70.90317761718244,0.5977011957569616,0.43199145661084837,0.1657097391461132,38.96929098652702,36.83415012359619,34.699009260665356,11.593267963378624
2016-07-29,39.885501861572266,40.196998596191406,39.5,39.56700134277344,39.19404220581055,101810000,0.03329686357753525,37.05367527008057,36.51111999511719,79.0906369071293,0.714181751174273,0.4884295155235333,0.22575223565073965,39.35806123240571,37.05367527008057,34.749289307755426,12.438096601908994
2016-08-01,39.33349990844727,40.3745002746582,39.25199890136719,40.047000885009766,39.66952133178711,60594000,0.01213141332756118,37.28040027618408,36.59675003051758,81.23176135190823,0.8355931839881805,0.5578622492164628,0.27773093477171773,39.81447478670985,37.28040027618408,34.74632576565831,13.594674369119463
2016-08-02,39.86650085449219,40.11600112915039,39.72650146484375,40.00600051879883,39.62890625,39928000,-0.0010238359431518074,37.51847534179687,36.67516006469727,80.4737305796163,0.9179229875037507,0.6298743968739204,0.28804859062983024,40.13603439191691,37.51847534179687,34.900916291676836,13.953440411817509
2016-08-03,39.82350158691406,39.97700119018555,39.6510009765625,39.94599914550781,39.56946563720703,29206000,-0.0014999306924593503,37.743350219726565,36.756830062866214,79.30737047897861,0.9671792996536581,0.6973353774298681,0.26984392222379006,40.3836071451612,37.743350219726565,35.10309329429193,13.99058064567201
2016-08-04,39.9119987487793,40.0099983215332,39.69599914550781,39.86249923706055,39.48675155639648,21520000,-0.002090351221037956,37.968325233459474,36.82105003356934,77.62132583943125,0.9880874797279802,0.7554857978894906,0.23260168183848962,40.52438581470036,37.968325233459474,35.41226465221859,13.464173442068835
2016-08-05,40.00550079345703,40.36100006103516,39.89049911499024,40.34650039672852,39.96619415283203,36146000,0.012141859675410371,38.191200256347656,36.88988006591797,80.2432285914866,1.031818055432332,0.8107522493980589,0.22106580603427306,40.76047588909644,38.191200256347656,35.62192462359887,13.45480432928657
2016-08-08,40.29999923706055,40.380001068115234,40.08449935913086,40.26150131225586,39.88199996948242,24426000,-0.0021066349982600263,38.38627529144287,36.958180084228516,78.50372621333092,1.0475407384287223,0.8581099472041916,0.18943079122453066,40.962227748979046,38.38627529144287,35.810322833906696,13.421215983986915
2016-08-09,40.2244987487793,40.666500091552734,40.20299911499024,40.374000549316406,39.99344253540039,32154000,0.002794307356783543,38.5737003326416,37.01806007385254,79.14802000249041,1.0568955917278373,0.8978670761089208,0.1590285156189165,41.15539797189666,38.5737003326416,35.99200269338654,13.385791961837757
2016-08-10,40.352500915527344,40.54399871826172,40.324501037597656,40.42449951171875,40.04346084594727,18370000,0.001250662793096824,38.77122535705566,37.07770004272461,79.4458293188075,1.0562089057951027,0.9295354420461572,0.1266734637489455,41.28368243373097,38.77122535705566,36.25876828038036,12.960421310068714
2016-08-11,40.52349853515625,40.69400024414063,40.29999923706055,40.40999984741211,40.02909469604492,25646000,-0.00035876394294742653,38.952225303649904,37.137440032958985,79.09652131274895,1.0424776668912017,0.9521238870151661,0.09035377987603554,41.38809536339735,38.952225303649904,36.51635524390246,12.506962263432985
2016-08-12,40.25450134277344,40.359500885009766,40.18199920654297,40.352500915527344,39.97213745117188,17946000,-0.0014228961535487361,39.13077526092529,37.20022003173828,77.63870688830562,1.0152526769797703,0.964749645008087,0.050503031971683265,41.42330417567297,39.13077526092529,36.83824634617761,11.717268055442396
2016-08-15,40.36050033569336,40.56800079345703,40.20149993896485,40.29800033569336,39.918155670166016,18596000,-0.001350485224159148,39.262675285339355,37.27032005310058,76.20501949305861,0.9780051009999653,0.9674007362064627,0.010604364793502574,41.504537272801315,39.262675285339355,37.020813297877396,11.419812690650087
2016-08-16,40.17499923706055,40.2130012512207,39.84999847412109,40.05950164794922,39.68190383911133,21158000,-0.005918405474611088,39.382125282287596,37.34145011901855,70.10417945027139,0.9186516336059967,0.9576509156863696,-0.038999282080372955,41.52428659150884,39.382125282287596,37.23996397306635,10.878850716493439
2016-08-17,40.0,40.28150177001953,39.81499862670898,40.27099990844727,39.89140319824219,21322000,0.005279468444363555,39.50297527313232,37.41578010559082,72.22754978762711,0.8785523208600736,0.9418311967211105,-0.06327887586103687,41.55758533201701,39.50297527313232,37.44836521424763,10.402305369044544
2016-08-18,40.26800155639648,40.400001525878906,40.08150100708008,40.13750076293945,39.7591667175293,17292000,-0.003314911738144022,39.623825263977054,37.47560012817383,68.90097709323165,0.8264739836441493,0.9187597541057183,-0.09228577046156905,41.5233212989872,39.623825263977054,37.72432922896691,9.587645929465682
2016-08-19,39.98949813842773,40.061500549316406,39.84400177001953,39.98249816894531,39.60562133789063,22416000,-0.003861886259577174,39.7247501373291,37.53273010253906,65.14910721056168,0.7638884813626916,0.8877854995571131,-0.12389701819442145,41.468902539487345,39.7247501373291,37.98059773517086,8.781187527315739
2016-08-22,39.92549896240234,39.96500015258789,39.71649932861328,39.84749984741211,39.47189331054688,17056000,-0.003376491084507105,39.82332515716553,37.5964900970459,61.983392210026295,0.6953798772151671,0.8493043750887239,-0.15392449787355678,41.34734521667983,39.82332515716553,38.29930509765123,7.65390661628404
2016-08-23,40.02399826049805,40.04999923706055,39.79949951171875,39.829498291015625,39.45405578613281,18350000,-0.00045190445448695105,39.920675086975095,37.66120002746582,61.5538705373784,0.6323444663076714,0.8059123933325135,-0.17356792702484214,41.15816287799691,39.920675086975095,38.68318729595328,6.199733788698217
2016-08-24,39.84299850463867,39.92300033569336,39.53799819946289,39.68000030517578,39.30598068237305,25672000,-0.0037531022048133966,39.9997501373291,37.72155006408691,57.96166978477321,0.5638257783637783,0.7574950703387665,-0.19366929197498817,40.92380886250692,39.9997501373291,39.075691412151286,4.620322487042001
2016-08-25,39.59999847412109,39.73600006103516,39.36149978637695,39.56499862670898,39.19206237792969,24054000,-0.0028982435361152303,40.06340007781982,37.7806600189209,55.28869364428492,0.49454375758002556,0.7049048077870184,-0.2103610502069928,40.6039542487294,40.06340007781982,39.52284590691024,2.698493736725283
2016-08-26,39.6245002746582,39.970001220703125,39.47050094604492,39.6609992980957,39.28715515136719,24978000,0.0024263273649780537,40.06809997558594,37.849629974365236,57.06854831468112,0.44228531898451706,0.6523809100265181,-0.21009559104200104,40.592707821700614,40.06809997558594,39.54349212947126,2.618581097852544
2016-08-29,39.65250015258789,39.92599868774414,39.51599884033203,39.79100036621094,39.41593170166016,15474000,0.0032778283333780855,40.055299949646,37.941199951171875,59.42410020851638,0.40667226490339203,0.6032391810018929,-0.19656691609850085,40.59365469693385,40.055299949646,39.51694520235815,2.6880575003288945
2016-08-30,39.64400100708008,39.900001525878906,39.4734992980957,39.59600067138672,39.22277069091797,23348000,-0.004900582135270448,40.03479995727539,38.026989974975585,54.58604903322725,0.3585803264788865,0.5543074100972917,-0.19572708361840518,40.60912557380674,40.03479995727539,39.460474340744035,2.869131940932722
2016-08-31,39.47999954223633,39.57849884033203,39.36000061035156,39.49250030517578,39.120243072509766,21428000,-0.00261398204670793,40.01212501525879,38.10795997619629,52.15872664303736,0.30855863238611647,0.5051576545550567,-0.1965990221689402,40.63263606876361,40.01212501525879,39.39161396175397,3.1016150892669967
2016-09-01,39.5989990234375,39.64450073242188,39.31650161743164,39.56999969482422,39.1970100402832,26070000,0.001962333609,39.997500038146974,38.18888999938965,53.814837322629785,0.2720337962183095,0.45853288288770727,-0.1864990866693978,40.64464437505581,39.997500038146974,39.350355701238136,3.23592392670359
2016-09-02,39.76350021362305,39.85499954223633,39.66299819946289,39.84349822998047,39.46793365478516,26998000,0.006911843893795178,39.97234992980957,38.27088996887207,59.18456719957852,0.2621349183076447,0.41925328997169475,-0.15711837166405007,40.602150487384236,39.97234992980957,39.3425493722349,3.151181047301859
2016-09-06,39.91949844360352,40.54449844360352,39.77149963378906,40.4010009765625,40.02018356323242,39790000,0.013992369432806795,39.979324913024904,38.39371002197266,67.48362478241143,0.295865248238222,0.39457568162500023,-0.0987104333867782,40.62467813440084,39.979324913024904,39.33397169164897,3.228434811142518
2016-09-07,40.39649963378906,40.52999877929688,40.18600082397461,40.39950180053711,40.01869583129883,22906000,-3.717454047258428e-05,39.98059997558594,38.520560073852536,67.44391135030051,0.31880086877738023,0.37942071905547625,-0.06061985027809602,40.62916009537872,39.98059997558594,39.332039855793155,3.244374122393487
2016-09-08,40.26100158691406,40.42100143432617,40.05049896240234,40.141998291015625,39.763614654541016,23554000,-0.006374050214757676,39.96647491455078,38.63214004516602,60.822941006782884,0.31259572321202,0.36605571988678504,-0.05345999667476503,40.58746821821642,39.96647491455078,39.34548161088514,3.107571057959652
2016-09-09,39.9384994506836,40.087501525878906,39.40250015258789,39.42399978637695,39.05238723754883,37752000,-0.017886387421546024,39.917174911499025,38.72543006896973,46.975355885910325,0.24689556351628283,0.3422236886126846,-0.09532812509640176,40.54600215464097,39.917174911499025,39.288347668357076,3.15066005816359
2016-09-12,39.22600173950195,40.00849914550781,39.17499923706055,39.94100189208984,39.56452178955078,37274000,0.013114039581926917,39.89659996032715,38.8207201385498,54.93197563542038,0.23384978798797817,0.3205489084877433,-0.08669912049976514,40.493208865975376,39.89659996032715,39.29999105467893,2.9907756863566703
2016-09-13,39.70050048828125,39.78950119018555,39.21649932861328,39.43600082397461,39.06427764892578,36180000,-0.01264375551626451,39.85349998474121,38.89919013977051,47.44321989626279,0.1806787984453564,0.29257488647926594,-0.11189608803390955,40.45243037746617,39.85349998474121,39.25456959201625,3.005660195236419
2016-09-14,39.37649917602539,39.81650161743164,39.37649917602539,39.52299880981445,39.15045166015625,25842000,0.0022059542993453363,39.82667484283447,38.98476013183594,48.73970383936509,0.14390160837559307,0.26284023085853137,-0.1189386224829383,40.43429160581351,39.82667484283447,39.21905807985543,3.051305515094304
2016-09-15,39.5004997253418,40.182498931884766,39.43299865722656,40.061500549316406,39.68387985229492,31144000,0.01362508399057738,39.81619987487793,39.07702011108398,55.97849251886954,0.15640506992365033,0.24155319867155517,-0.08514812874790484,40.399554741607396,39.81619987487793,39.232845008148466,2.9302387900535596
2016-09-16,39.95100021362305,39.95100021362305,39.680999755859375,39.89849853515625,39.52241897583008,42612000,-0.004068676678434913,39.80424976348877,39.16773010253906,53.51500209728625,0.15141582562033307,0.22352572406131077,-0.0721098984409777,40.37032347039539,39.80424976348877,39.23817605658215,2.8442877846971193
2016-09-19,40.05550003051758,40.199501037597656,39.678001403808594,39.76950073242188,39.394630432128906,22990000,-0.003233317874073438,39.793599891662595,39.2453401184082,51.58041392838378,0.13549091404637892,0.2059187620583244,-0.07042784801194549,40.35384337693825,39.793599891662595,39.23335640638694,2.815746686908997
2016-09-20,40.0,40.13750076293945,39.91299819946289,39.98899841308594,39.612060546875,20984000,0.005519283018042165,39.80067481994629,39.31792007446289,54.58863561161526,0.1389798619653888,0.19253098203973731,-0.05355112007434851,40.36700301078783,39.80067481994629,39.23434662910474,2.845822054040791
2016-09-21,40.0629997253418,40.295501708984375,39.80149841308594,40.25149917602539,39.87208557128906,26970000,0.006564289280189373,39.821774864196776,39.39044006347656,57.95304354052351,0.16106978388040005,0.1862387424078699,-0.025168958527469837,40.42129895360627,39.821774864196776,39.222250774787284,3.011036506805808
2016-09-22,40.5,40.95299911499024,40.385501861572266,40.79750061035156,40.41294097900391,35186000,0.013564763416948233,39.87764987945557,39.47691009521484,63.937773167957566,0.22009681964177474,0.19301035785465087,0.027086461787123872,40.607943796783594,39.87764987945557,39.14735596212754,3.662672798099189
2016-09-23,40.75699996948242,40.84999847412109,40.63650131225586,40.74800109863281,40.363914489746094,28234000,-0.001213138367813671,39.93680000305176,39.55607009887695,63.06144712732074,0.2598861678687996,0.20638551985748063,0.05350064801131896,40.74382314087146,39.93680000305176,39.12977686523205,4.041501260782219
2016-09-26,40.49100112915039,40.50400161743164,40.022499084472656,40.13249969482422,39.75421524047852,29454000,-0.015105057499377517,39.960375022888186,39.62309005737305,53.28224272812871,0.23899866582980422,0.21290814905194536,0.02609051677785887,40.76131802138203,39.960375022888186,39.15943202439434,4.008686094838135
2016-09-27,40.09149932861328,40.67449951171875,40.09149932861328,40.5364990234375,40.1544075012207,27346000,0.010066662323010567,39.99764995574951,39.68062004089356,57.89738353480446,0.25213804895553693,0.22075412903266367,0.03138391992287326,40.83227455537134,39.99764995574951,39.163025356127676,4.173368188107056
2016-09-28,40.20399856567383,40.51250076293945,40.13899993896485,40.50299835205078,40.121219635009766,29406000,-0.0008265061863987899,40.042999839782716,39.737269973754884,57.391086981355436,0.25688665113480624,0.2279806334530922,0.028906017681714052,40.88394142227796,40.042999839782716,39.202058257287476,4.200192722123506
2016-09-29,40.36149978637695,40.695499420166016,40.042999267578125,40.13199996948242,39.753719329833984,27000000,-0.009159749093347602,40.074974822998044,39.782829971313475,51.97095435006731,0.22808427017425714,0.2280013607973252,8.290937693195e-05,40.87751292431157,40.074974822998044,39.27243672168452,4.0051833088262665
2016-09-30,40.18000030517578,40.40449905395508,40.07500076293945,40.20299911499024,39.82404708862305,33204000,0.0017690862634904825,40.10662479400635,39.83247993469238,52.88794167278632,0.20858280074226343,0.22411764878631285,-0.01553484804404942,40.876260155235144,40.10662479400635,39.33698943277756,3.8379463003020398
2016-10-03,40.12749862670898,40.17699813842773,39.811500549316406,40.01900100708008,39.64178085327149,29784000,-0.00457678836472708,40.11539993286133,39.8735799407959,50.212379217661194,0.1762489479837157,0.21454390862579342,-0.03829496064207771,40.87679276502743,40.11539993286133,39.35400710069523,3.7960126706471744
2016-10-04,40.25,40.32500076293945,39.98350143432617,40.13949966430664,39.76114654541016,25174000,0.003011108218888836,40.102324867248534,39.91884994506836,51.92755323370496,0.1585200508378648,0.20333913706820772,-0.04481908623034292,40.852550022578136,40.102324867248534,39.35209971191893,3.74155442515159
2016-10-05,40.29999923706055,40.42499923706055,40.03549957275391,40.061500549316406,39.68387985229492,24276000,-0.001943271254187695,40.0854248046875,39.962429962158204,50.7097683102716,0.1366012413273694,0.18999155792004008,-0.053390316592670684,40.823236321460065,40.0854248046875,39.34761328791493,3.6811959477415277
2016-10-06,40.20399856567383,40.34749984741211,40.0255012512207,40.15399932861328,39.775508880615234,21998000,0.002308973534376202,40.086024856567384,40.003539962768556,52.143105138091016,0.12525049557128654,0.17704334545028938,-0.051792849879002845,40.8240389317912,40.086024856567384,39.34801078134357,3.6821514623339144
2016-10-07,40.29650115966797,40.297000885009766,39.84099960327149,40.03549957275391,39.65812301635742,23262000,-0.0029512096151966816,40.11659984588623,40.03840995788574,50.131849543133306,0.10547713309473039,0.1627301029791776,-0.0572529698844472,40.790232221510955,40.11659984588623,39.4429674702615,3.358372235994997
2016-10-10,40.19649887084961,40.86899948120117,40.11199951171875,40.70849990844727,40.32478713989258,29922000,0.016810279277720275,40.1549747467041,40.06123992919922,59.65077775872057,0.14246980029126632,0.15867804244159536,-0.01620824215032904,40.8703713178275,40.1549747467041,39.4395781755807,3.5631777912255753
2016-10-11,40.70849990844727,40.99300003051758,40.368499755859375,40.47850036621094,40.09695053100586,34432000,-0.005650038724229867,40.207099723815915,40.069869918823244,55.73524316752556,0.15148152990740016,0.15723873993475632,-0.005757210027356158,40.853994820413426,40.207099723815915,39.560204627218404,3.217815266662146
2016-10-12,40.59799957275391,40.72499847412109,40.4275016784668,40.5885009765625,40.2059211730957,18158000,0.002717679041591481,40.26037483215332,40.08151992797852,57.182833534473666,0.16559069405170135,0.15890913075814533,0.006681563293556014,40.84570797519259,40.26037483215332,39.675041689114046,2.907738169252236
2016-10-13,40.30350112915039,40.32799911499024,39.930999755859375,40.20399856567383,39.82503509521485,27380000,-0.00947338269507747,40.26749973297119,40.08667991638183,50.91494150774501,0.14408525205340084,0.15594435501719645,-0.011859102963795609,40.84641016827463,40.26749973297119,39.68858929766775,2.8753234700063963
2016-10-14,40.372501373291016,40.50450134277344,40.11600112915039,40.22999954223633,39.85079193115234,22238000,0.0006467498616362644,40.284074783325195,40.094029922485355,51.3036531006766,0.12766841383687932,0.15028916678113302,-0.022620752944253697,40.838229309598795,40.284074783325195,39.729920257051596,2.7512337282373474
2016-10-17,40.29949951171875,40.67449951171875,40.19150161743164,40.34199905395508,39.96173477172852,21128000,0.002783955730863541,40.312699699401854,40.09393989562988,53.02916367912966,0.12228574193726871,0.14468848181236016,-0.02240273987509145,40.81422083471014,40.312699699401854,39.81117856409357,2.488154547068099
2016-10-18,40.71049880981445,41.44049835205078,40.666500091552734,41.074501037597656,40.68733215332031,45786000,0.01815730437471208,40.36697483062744,40.11019989013672,62.41050771037966,0.17510818581718723,0.15077242261332557,0.02433576320386166,40.945638844460625,40.36697483062744,39.78831081679426,2.8670169922871525
2016-10-19,41.14400100708008,41.4900016784668,41.14400100708008,41.34199905395508,40.95231628417969,30002000,0.00651269367725682,40.42149982452393,40.12955986022949,65.14804683958933,0.23583662963973495,0.16778526401860744,0.06805136562112751,41.13594202856973,40.42149982452393,39.707057620478125,3.5349613801927595
2016-10-20,41.37799835205078,41.42350006103516,41.02750015258789,41.08150100708008,40.69426727294922,27878000,-0.006301206736141429,40.43569984436035,40.14269989013672,60.525306872608745,0.25994782684812634,0.18621777658451122,0.07373005026361512,41.18966674991715,40.43569984436035,39.68173293880355,3.7292140779502723
2016-10-21,41.0,41.214500427246094,40.91550064086914,41.20299911499024,40.81461715698242,32316000,0.0029574161693581846,40.45844974517822,40.15855987548828,61.88379982719694,0.2855681543307469,0.20608785213375835,0.07948030219698854,41.27370374374787,40.45844974517822,39.64319574660857,4.030080261129198
2016-10-24,41.50450134277344,41.89699935913086,41.45199966430664,41.7869987487793,41.39311218261719,28952000,0.014173721718612198,40.541174697875974,40.18724983215332,67.64719402030408,0.3489735879104785,0.2346649992891024,0.1143085886213761,41.52556548151685,40.541174697875974,39.5567839142351,4.856251901810088
2016-10-25,41.92499923706055,41.92499923706055,41.26499938964844,41.4275016784668,41.03700637817383,37814000,-0.008603020784528126,40.58572483062744,40.20983985900879,61.484097203876814,0.3659954737054605,0.26093109417237403,0.10506437953308645,41.64317321637624,40.58572483062744,39.52827644487864,5.210937541028271
2016-10-26,41.35599899291992,41.385501861572266,40.817501068115234,41.10499954223633,40.71754837036133,35898000,-0.007784632360083865,40.61582489013672,40.23074981689453,56.510187729088244,0.3494341542876356,0.2786317061954263,0.07080244809220926,41.69616444109496,40.61582489013672,39.535485339178486,5.319796182303263
2016-10-27,41.1505012512207,41.32899856567383,40.730499267578125,40.86750030517578,40.48228454589844,59470000,-0.005777946705508019,40.65259990692139,40.2426798248291,53.10320364223407,0.31353079789234783,0.28561152453481065,0.02791927335753719,41.714473124431066,40.65259990692139,39.59072668941171,5.224134347820085
2016-10-28,41.49700164794922,41.95000076293945,40.84999847412109,40.97800064086914,40.591739654541016,87098000,0.0027037779579479615,40.69134998321533,40.25948982238769,54.47834535712123,0.2906432286591283,0.28661786535967415,0.004025363299454132,41.74126303176884,40.69134998321533,39.641436934661826,5.16037462009288
2016-10-31,41.12149810791016,41.13150024414063,40.400001525878906,40.494998931884766,40.11329650878906,44854000,-0.01178671202130721,40.715149879455566,40.26973983764648,47.870738951786926,0.23086914801714187,0.2754681218911677,-0.04459897387402584,41.723788460518385,40.715149879455566,39.70651129839275,4.954610674646034
2016-11-01,40.54349899291992,40.698001861572266,39.91299819946289,40.27399826049805,39.89438247680664,47118000,-0.005457393209617023,40.72187480926514,40.2782698059082,45.17107157022212,0.16377693272528404,0.253129884057991,-0.08935295133270693,41.716771389129704,40.72187480926514,39.72697822940057,4.886300468848771
2016-11-02,40.3380012512207,40.3380012512207,39.25,39.42100143432617,39.049415588378906,47014000,-0.021180096945202065,40.689849853515625,40.270099868774416,36.593208271415975,0.04130007212992126,0.21076392167237704,-0.16946384954245577,41.80203342125417,40.689849853515625,39.57766628577708,5.466638838641251
2016-11-03,39.22499847412109,39.5,38.93149948120117,39.109500885009766,38.7408561706543,43504000,-0.007901767877326105,40.63762493133545,40.258689880371094,34.05027242711412,-0.079977284944448,0.15261568034901205,-0.23259296529346005,41.929180556852465,40.63762493133545,39.34606930581844,6.356452315800087
2016-11-04,38.56499862670898,39.42399978637695,38.54999923706055,39.05500030517578,38.68687438964844,39412000,-0.0013934070214677297,40.58859996795654,40.24848991394043,33.610191154513956,-0.17843135984765723,0.08640627230967819,-0.2648376321573354,42.0332214746646,40.58859996795654,39.14397846124848,7.118360859199601
2016-11-07,39.747501373291016,40.25,39.64500045776367,40.10150146484375,39.72350692749024,39852000,0.026795458516524207,40.55825004577637,40.25729995727539,47.611573768324504,-0.17005276351800092,0.03511446514414237,-0.2051672286621433,42.016956533641256,40.55825004577637,39.09954355791148,7.193143127321852
2016-11-08,40.10150146484375,40.80199813842773,39.98099899291992,40.5989990234375,40.21630859375,35382000,0.012405794562884376,40.5642749786377,40.273459930419925,52.716771326833026,-0.12186399803265857,0.0037187725087821817,-0.12558277054144076,42.022609478000966,40.5642749786377,39.10594047927443,7.190240674244854
2016-11-09,40.09149932861328,40.58549880981445,39.60200119018555,40.27949905395508,39.89982604980469,61970000,-0.007869507545864018,40.548824882507326,40.28712989807129,49.38814915117214,-0.10820768078168896,-0.01866651814931205,-0.08954116263237691,42.01234351095455,40.548824882507326,39.0853062540601,7.218550143871538
2016-11-10,40.5,40.50299835205078,38.4114990234375,39.01449966430664,38.646751403808594,118192000,-0.03140551651608581,40.489349937438966,40.277569885253904,38.911966606096925,-0.19718678318342597,-0.054370571156134834,-0.14281621202729114,42.09396435739588,40.489349937438966,38.88473551748205,7.926106111539177
2016-11-11,38.84049987792969,38.86449813842773,38.277000427246094,38.587501525878906,38.223777770996094,71852000,-0.010944610282840439,40.40722503662109,40.257919921875,36.12632976683583,-0.29871514188349124,-0.10323948530160612,-0.19547565658188512,42.21215229000519,40.40722503662109,38.60229778323699,8.933685754210014
2016-11-14,38.5880012512207,38.5890007019043,37.179500579833984,37.6609992980957,37.30600738525391,73766000,-0.024010457345181035,40.27317504882812,40.214269943237305,30.94912991199655,-0.4487650007237036,-0.17234458838602562,-0.276420412337678,42.43959723038103,40.27317504882812,38.10675286727521,10.758636133983925
2016-11-15,38.27349853515625,39.012001037597656,38.26100158691406,38.757999420166016,38.39267349243164,58878000,0.029128448294020837,40.15734996795654,40.18140991210937,41.61751235184491,-0.4737013191288142,-0.23261593453458335,-0.24108538459423084,42.38680058198048,40.15734996795654,37.9278993539326,11.103574393245191
2016-11-16,38.52099990844727,39.17499923706055,38.31650161743164,38.999000549316406,38.63139343261719,35968000,0.006217851440655897,40.04020004272461,40.15339988708496,43.67632802556268,-0.46861485379741197,-0.2798157183871491,-0.18879913541026289,42.25452377790556,40.04020004272461,37.82587630754365,11.06050285871787
2016-11-17,39.125,39.44499969482422,38.99250030517578,39.30799865722656,38.937477111816406,30674000,0.00792318505759071,39.951524925231936,40.13671989440918,46.29149463545815,-0.434639969458928,-0.3107805686015049,-0.12385940085742314,42.13375743631959,39.951524925231936,37.76929241414428,10.92440158502904
2016-11-18,39.35850143432617,39.56449890136719,38.76750183105469,38.79850006103516,38.43279266357422,36126000,-0.012961405968673567,39.83129997253418,40.12420989990235,42.7655587743226,-0.4437120709473632,-0.3373668690706766,-0.10634520187668661,41.98930328889128,39.83129997253418,37.67329665617709,10.835716222393721
2016-11-21,38.90499877929688,39.32749938964844,38.81499862670898,39.2400016784668,38.87013244628906,32616000,0.011379339163384516,39.70395011901856,40.11018989562988,46.563801785404785,-0.4105437927064628,-0.35200225379783384,-0.058541538908628954,41.678052843417305,39.70395011901856,37.72984739461981,9.944112454710819
2016-11-22,39.449501037597656,39.6884994506836,39.1870002746582,39.25,38.88003158569336,27884000,0.00025467212950647244,39.59507503509521,40.10646987915039,46.65014694789909,-0.3790811012819475,-0.3574180232946566,-0.02166307798729089,41.41077175464323,39.59507503509521,37.7793783155472,9.171326069914839
2016-11-23,39.47600173950195,39.47600173950195,38.63249969482422,38.95000076293945,38.58285903930664,26260000,-0.007643320601006587,39.48732509613037,40.09500991821289,44.33526168647137,-0.3740423949880096,-0.36074289763332723,-0.013299497354682388,41.18366354698744,39.48732509613037,37.7909866452733,8.591812419440412
2016-11-25,39.13050079345703,39.14500045776367,38.90950012207031,39.01150131225586,38.64377975463867,12270000,0.0015789580360017208,39.394525146484376,40.07400993347168,44.93847128910944,-0.36092607250469655,-0.3607795326076011,-0.00014653989709545456,40.97800920082986,39.394525146484376,37.81104109213889,8.039107203132744
2016-11-28,38.91749954223633,39.98699951171875,38.90499877929688,39.28950119018555,38.91915893554688,51508000,0.007126093323600369,39.3101001739502,40.06182998657226,47.69752774010013,-0.3243600053965423,-0.35349562716538935,0.029135621768847042,40.71709645128456,39.3101001739502,37.90310389661583,7.158446664385481
2016-11-29,39.41899871826172,39.821998596191406,39.266998291015625,39.47200012207031,39.09993743896485,31240000,0.0046449745668284415,39.25895023345947,40.05587997436523,49.486963861283726,-0.2774566476498137,-0.33828783126227424,0.06083118361246054,40.560341244690626,39.25895023345947,37.95755922222832,6.6297799787932625
2016-11-30,39.45500183105469,39.57550048828125,38.657501220703125,38.79399871826172,38.42832946777344,45582000,-0.0171767019382012,39.184950256347655,40.03197998046875,43.528640913103004,-0.2916326856432292,-0.32895680213846523,0.03732411649523604,40.41331748992279,39.184950256347655,37.95658302277252,6.269586795640497
2016-12-01,38.9275016784668,38.93000030517578,37.667999267578125,38.21649932861328,37.85626983642578,57342000,-0.014886403839838858,39.12472515106201,39.991279983520506,39.1993415186048,-0.34548414608703126,-0.3322622709281785,-0.013221875158852758,40.41732455360531,39.12472515106201,37.832125748518706,6.607583299576055
2016-12-02,38.095001220703125,38.525001525878906,37.95000076293945,38.22299957275391,37.86270523071289,34376000,0.00016999546745921634,39.08040008544923,39.93978996276856,39.272554879814216,-0.3832197819894816,-0.3424537731404392,-0.04076600884904241,40.43152177417628,39.08040008544923,37.72927839672217,6.914574496539593
2016-12-05,38.5,39.0,38.3484992980957,38.9109992980957,38.544227600097656,33770000,0.017999832955198913,39.07320003509522,39.90304992675781,46.601691877119684,-0.35353439291723987,-0.3446698970957993,-0.008864495821440554,40.426319671502824,39.07320003509522,37.720080398687614,6.926075341626714
2016-12-06,39.009498596191406,39.26399993896485,38.66600036621094,38.80899810791016,38.44318008422852,34682000,-0.0026215991903513203,39.00857486724854,39.87657989501953,45.72067919394681,-0.3343845745658456,-0.34261283258980857,0.008228258023962987,40.28007275035182,39.00857486724854,37.73707698414526,6.519068627502332
2016-12-07,38.997501373291016,39.59999847412109,38.67649841308594,39.57350158691406,39.20048522949219,40588000,0.01969933662107093,38.95729999542237,39.85731994628906,52.90684414151304,-0.2545844726940345,-0.3250071606106538,0.07042268791661932,40.03624812078035,38.95729999542237,37.878351870064385,5.539131949517871
2016-12-08,39.647499084472656,39.95000076293945,39.39550018310547,39.75849914550781,39.38373565673828,32250000,0.004674697932265159,38.931250000000006,39.84242996215821,54.47742678678549,-0.17440413780472142,-0.29488655604946734,0.12048241824474593,39.900866725160036,38.931250000000006,37.961633274839976,4.981174378731892
2016-12-09,39.96500015258789,40.497501373291016,39.90250015258789,40.47249984741211,40.091007232666016,38090000,0.017958468492988766,39.00415000915528,39.8492399597168,60.01945838507619,-0.05263995461640292,-0.24643723576285445,0.19379728114645153,40.18423605071277,39.00415000915528,37.824063967597795,6.051079391708271
2016-12-12,40.24100112915039,40.567501068115234,40.22650146484375,40.39500045776367,40.01423645019531,32572000,-0.0019149127889246387,39.09452495574952,39.85307998657227,59.17732315198147,0.037176932235723825,-0.1897144021631388,0.22689133439886264,40.40299977168855,39.09452495574952,37.78605013981049,6.693903135644036
2016-12-13,40.61949920654297,41.21500015258789,40.59700012207031,40.766998291015625,40.38272857666016,42564000,0.009209025565775963,39.24982490539551,39.86803993225098,61.93795619450542,0.13679766011733818,-0.12441198970704342,0.2612096498243816,40.57800723313193,39.24982490539551,37.9216425776591,6.767838230808689
2016-12-14,40.79600143432617,41.2130012512207,40.63899993896485,40.89450073242188,40.509033203125,35994000,0.0031276892601515005,39.35664997100831,39.88313995361328,62.86490243161817,0.22346027517816935,-0.05483753673000088,0.2782978119081702,40.84360497058137,39.35664997100831,37.86969497143525,7.55630878475891
2016-12-15,40.86800003051758,41.150001525878906,40.59999847412109,40.782501220703125,40.39808654785156,35394000,-0.002738812716588823,39.44582500457764,39.89755996704102,61.449235023341956,0.27987734558526256,0.01210543973305181,0.2677719058522108,41.04590442754103,39.44582500457764,37.84574558161425,8.112794815561355
2016-12-16,40.91550064086914,40.959999084472656,40.40599822998047,40.492000579833984,40.11032104492188,51978000,-0.007123245864351091,39.50502510070801,39.90431999206543,57.81266758446432,0.2977154283068444,0.06922743744781032,0.22848799085903407,41.166751010932444,39.50502510070801,37.84329919048358,8.412731828359991
2016-12-19,40.4640007019043,40.81100082397461,40.22499847412109,40.625,40.24207305908203,25272000,0.003284740952648857,39.59635009765625,39.91611000061035,59.00873008452742,0.31890800608420733,0.11916355117508973,0.1997444549091176,41.29311325411406,39.59635009765625,37.899586941198436,8.57030080940842
2016-12-20,40.66849899291992,40.824501037597656,40.54999923706055,40.7599983215332,40.37579727172852,25438000,0.0033229951262740975,39.67234992980957,39.91713996887207,60.24090291142852,0.34264669516502977,0.16386017997307772,0.17878651519195204,41.43340640527479,39.67234992980957,37.91129345434435,8.878004346004067
2016-12-21,40.7859992980957,40.7859992980957,40.255001068115234,40.61000061035156,40.22721099853516,29192000,-0.003680082703838017,39.74034996032715,39.91976997375488,58.14936297202759,0.3453749481663948,0.20016313361174115,0.14521181455465365,41.53561756162745,39.74034996032715,37.945082359026856,9.034986370741645
2016-12-22,40.45500183105469,40.55350112915039,40.30149841308594,40.48400115966797,40.10240173339844,22632000,-0.0031026079620899427,39.817049980163574,39.917679977416995,56.37861088026248,0.33352533324778477,0.2268355735389499,0.10668975970883487,41.60174245748307,39.817049980163574,38.03235750284408,8.964463606463111
2016-12-23,40.4005012512207,40.54850006103516,40.25550079345703,40.38999938964844,40.0092887878418,15310000,-0.0023218795267090364,39.8859748840332,39.921399993896486,55.03218750990989,0.31294187172027677,0.24405683317521526,0.0688850385450615,41.64722362938386,39.8859748840332,38.12472613868255,8.831418815618337
2016-12-27,40.43399810791016,40.79999923706055,40.290000915527344,40.49649810791016,40.114776611328125,19520000,0.00263658332058081,39.94632472991943,39.92672996520996,56.305363483019654,0.3017445631857498,0.2555943791773222,0.04615018400842763,41.7043976167172,39.94632472991943,38.18825184312166,8.802175913224824
2016-12-28,40.666500091552734,40.666500091552734,40.12200164794922,40.22850036621094,39.84930419921875,24296000,-0.006617821025940995,39.98414974212646,39.92445999145508,52.292988003636374,0.26815432139852646,0.2581063676215631,0.010047953776963381,41.73229882052928,39.98414974212646,38.236000663723644,8.744210341734515
2016-12-29,40.11650085449219,40.28749847412109,39.90700149536133,40.14400100708008,39.76560592651367,21148000,-0.002100369740125063,40.05164985656738,39.90584999084473,51.05755616609672,0.2320406010773155,0.25289321431271355,-0.020852613235398054,41.71285987699907,40.05164985656738,38.39043983613569,8.295338775709864
2016-12-30,40.16049957275391,40.16450119018555,39.48099899291992,39.622501373291016,39.24901580810547,34718000,-0.012990877578047066,40.12194995880127,39.871460037231444,44.1284215269458,0.15950092803248594,0.23421475705666803,-0.07471382902418208,41.572166669012496,40.12194995880127,38.67173324859004,7.2290440105745954
2017-01-03,40.03099822998047,40.571998596191406,39.84450149536133,40.4005012512207,40.01968383789063,39180000,0.019635346617430605,40.23082504272461,39.857840042114255,54.129799098493514,0.16291284479195411,0.21995437460372524,-0.05704152981177113,41.392732535490886,40.23082504272461,39.068917549958336,5.776205143853473
2017-01-04,40.49449920654297,40.67150115966797,40.20550155639648,40.38850021362305,40.00779342651367,30306000,-0.0002971140757914714,40.30470008850098,39.84155006408692,53.969312151375284,0.16277209458384334,0.20851791859974886,-0.04574582401590552,41.29706253481738,40.30470008850098,39.31233764218458,4.924301355114275
2017-01-05,40.375,40.6870002746582,40.29600143432617,40.6510009765625,40.26781845092773,26810000,0.006499359303373531,40.3968002319336,39.81883010864258,56.974202872588165,0.18174709936087652,0.2031637547519744,-0.021416655391097883,41.12303260331591,40.3968002319336,39.67056786055128,3.59549453032288
2017-01-06,40.7495002746582,41.448001861572266,40.57500076293945,41.260501861572266,40.87158584594727,40342000,0.014993794505042013,40.481150245666505,39.81549011230469,63.01190444016193,0.24316351729966357,0.21116370726151223,0.03199981003815133,41.19710117080488,40.481150245666505,39.76519932052813,3.5372064320974417
2017-01-09,41.31850051879883,41.52149963378906,41.08100128173828,41.35900115966797,40.96915435791016,28178000,0.002387196629233923,40.56117534637451,39.82057014465332,63.89370252683901,0.29636819311348006,0.22820460443190582,0.06816358868157424,41.29373877923455,40.56117534637451,39.82861191351447,3.612141051654801
2017-01-10,41.35350036621094,41.47050094604492,41.15700149536133,41.30049896240234,40.91119766235352,23948000,-0.0014146422220562282,40.60257530212402,39.82923011779785,62.93404439244749,0.33000851092802463,0.24856538573112957,0.08144312519689506,41.401036679298564,40.60257530212402,39.80411392494948,3.9330577985912663
2017-01-11,41.33100128173828,41.494998931884766,41.07350158691406,41.49300003051758,41.10187911987305,26508000,0.004660862267911181,40.657475280761716,39.83953010559082,64.80713491763908,0.36796031509473437,0.27244437160385054,0.09551594349088383,41.53806503564561,40.657475280761716,39.77688552587782,4.331748338050739
2017-01-12,41.41899871826172,41.51900100708008,41.05049896240234,41.47650146484375,41.085540771484375,26990000,-0.0003975085504247522,40.69295043945313,39.85916015625,64.50626194891683,0.3921852297574162,0.2963925432345637,0.0957926865228525,41.642774680540455,40.69295043945313,39.7431261983658,4.668249565735309
2017-01-13,41.54999923706055,41.73249816894531,41.47600173950195,41.547000885009766,41.15538024902344,25804000,0.0016998553804490335,40.72557544708252,39.88462020874024,65.2486920018282,0.41231940177409854,0.3195779149424707,0.09274148683162786,41.74325145301848,40.72557544708252,39.70789944114656,4.997724377195337
2017-01-17,41.5,41.50899887084961,41.15999984741211,41.37300109863281,40.98301696777344,28818000,-0.004188110526669009,40.75510044097901,39.92366020202637,61.81212113558406,0.4095149165288987,0.3375653152597563,0.0719496012691424,41.811207177116984,40.75510044097901,39.69899370484103,5.182697256101315
2017-01-18,41.4900016784668,41.490501403808594,41.20399856567383,41.45100021362305,41.06028747558594,20554000,0.0018854275143593835,40.803050422668456,39.97049018859863,62.759012861126294,0.4088729852217199,0.351826849252149,0.057046135969570866,41.893543717680494,40.803050422668456,39.71255712765642,5.3451557357398265
2017-01-19,41.45000076293945,41.650001525878906,41.198001861572266,41.21849822998047,40.82997131347656,21410000,-0.005609219425127487,40.83272533416748,40.01376014709473,58.13189130333574,0.3851633596024726,0.35849415132221374,0.02666920828025887,41.934465870997215,40.83272533416748,39.73098479733774,5.396360530987322
2017-01-20,41.454498291015625,41.46200180053711,41.22999954223633,41.40850067138672,41.018192291259766,26124000,0.0046098728881809325,40.865150451660156,40.039900131225586,60.68301884584265,0.3773550059719142,0.3622663222521538,0.015088683719760354,41.994252865807276,40.865150451660156,39.73604803751304,5.525991715032337
2017-01-23,41.58050155639648,42.277000427246094,41.435001373291016,42.22150039672852,41.82352066040039,49148000,0.019633443702788966,40.945725440979004,40.07235015869141,69.3022925562829,0.4317916869898113,0.37617139519968534,0.05562029179012595,42.21214547098931,40.945725440979004,39.679305410968695,6.185847320428031
2017-01-24,42.3489990234375,42.57600021362305,42.11399841308594,42.47650146484375,42.07611846923828,33768000,0.006039611320360683,41.04535045623779,40.11629020690918,71.41874305907771,0.48986277086213903,0.39890967033217606,0.09095310052996297,42.456072364484555,41.04535045623779,39.63462854799103,6.873966929583722
2017-01-25,42.6775016784668,42.93949890136719,42.48699951171875,42.92250061035156,42.51790618896485,33108000,0.010499726110657193,41.17197551727295,40.19445022583008,74.70374154412636,0.5653558564907968,0.4321989075639002,0.13315694892689656,42.76723167670334,41.17197551727295,39.576719357842556,7.7492330129319695
2017-01-26,42.95249938964844,43.04999923706055,42.5260009765625,42.8489990234375,42.445106506347656,69866000,-0.0017122123157627955,41.28960056304932,40.27968017578125,73.21034994269445,0.6121966846626634,0.46819846298365286,0.14399822167901055,43.01027695056638,41.28960056304932,39.56892417553226,8.33467199514116
2017-01-27,42.95000076293945,43.34999847412109,42.095001220703125,42.25149917602539,41.85323715209961,75050000,-0.013944348429412723,41.39075050354004,40.37149017333984,62.306273357807946,0.5942549333266953,0.49340975705226137,0.10084517627443396,43.08770809036906,41.39075050354004,39.69379291671102,8.199694695962982
2017-01-30,41.85300064086914,41.86149978637695,41.05149841308594,41.19150161743164,40.80323028564453,70338000,-0.025087829231445813,41.443125534057614,40.42016021728516,48.504121458161855,0.48886765984714486,0.49250133761123804,-0.0036336777640931794,43.044923161271534,41.443125534057614,39.841327906843695,7.730100500733592
2017-01-31,40.97499847412109,41.15349960327149,40.66999816894531,41.009498596191406,40.62295150756836,40404000,-0.004418247692992039,41.512475395202635,40.460370178222654,46.59551006298368,0.3862093822374817,0.4712429465364868,-0.0850335642990051,42.89854538725931,41.512475395202635,40.12640540314596,6.677847942630066
2017-02-01,41.20000076293945,41.20000076293945,40.61249923706055,40.762001037597656,40.37778091430664,45020000,-0.006035272774703282,41.53055038452148,40.489450225830076,44.05671311177737,0.28163446624820665,0.4333212504788308,-0.15168678423062415,42.8666747256036,41.53055038452148,40.194426043439364,6.4344167303888895
2017-02-02,40.75,41.22800064086914,40.602500915527344,40.91299819946289,40.52735137939453,33784000,0.003704276503092796,41.55677528381348,40.53174018859863,45.99019047644433,0.20853840006640212,0.3883646803963451,-0.17982628032994297,42.82085427467794,41.55677528381348,40.29269629294902,6.083624064819223
2017-02-03,41.15650177001953,41.30649948120117,40.96749877929688,41.00650024414063,40.61997985839844,30562000,0.002285579389009973,41.574550247192384,40.567070159912106,47.20695032532575,0.1563517489288344,0.34196209410284295,-0.18561034517400854,42.7964778238411,41.574550247192384,40.35262267054367,5.87824796363846
2017-02-06,41.04600143432617,41.11949920654297,40.714500427246094,41.08100128173828,40.69377136230469,27018000,0.0018166307359945844,41.565575218200685,40.603690185546874,48.20814738948523,0.11962608794361529,0.29749489287099745,-0.17786880492738216,42.79917873495599,41.565575218200685,40.33197170144538,5.935698039925756
2017-02-07,41.275001525878906,41.59600067138672,41.16450119018555,41.46149826049805,41.070682525634766,33332000,0.009262134000173283,41.570700073242186,40.65392013549805,53.10016188690826,0.1198421970107475,0.2619643536989475,-0.1421221566882,42.80167708939133,41.570700073242186,40.33972305709304,5.9223299775097615
2017-02-08,41.5265007019043,41.712501525878906,41.25550079345703,41.49399948120117,41.10287857055664,26044000,0.0007839179419961706,41.58037509918213,40.70357009887695,53.504154645729805,0.12123848015919947,0.2338191789909979,-0.11258069883179844,42.805734172223076,41.58037509918213,40.35501602614118,5.893929865317886
2017-02-09,41.58649826049805,41.5989990234375,41.32500076293945,41.50299835205078,41.11178207397461,23884000,0.00021661508214521064,41.58087501525879,40.747840042114255,53.62327209104771,0.12166865773462376,0.2113890747397231,-0.08972041700509933,42.8060992436733,41.58087501525879,40.35565078684428,5.893210414474899
2017-02-10,41.647499084472656,41.85749816894531,41.5255012512207,41.74250030517578,41.34903717041016,28302000,0.005770975726828054,41.59417495727539,40.79325004577637,56.79571468219173,0.13972472294774718,0.19705620438132793,-0.057331481433580744,42.82035301747964,41.59417495727539,40.367996897071144,5.895912403425482
2017-02-13,41.8849983215332,42.08700180053711,41.8125,41.948001861572266,41.55259704589844,25914000,0.004922965307495586,41.61422500610352,40.85633010864258,59.364289747304504,0.16867219480221962,0.19137940246550628,-0.022707207663286655,42.84974037813101,41.61422500610352,40.378709634076024,5.937947285315446
2017-02-14,41.98849868774414,42.09999847412109,41.791500091552734,42.00149917602539,41.605587005615234,27266000,0.001275250248697235,41.645649909973145,40.93203010559082,60.03047644615113,0.19369723977503384,0.19184296992741182,0.0018542698476220199,42.886982499577556,41.645649909973145,40.40431732036873,5.961403374843919
2017-02-15,41.94049835205078,42.0885009765625,41.81100082397461,41.86600112915039,41.47137451171875,27144000,-0.0032258286339853504,41.66639995574951,41.00489013671875,57.46098652993565,0.200287419535492,0.19353185984902788,0.00675555968646413,42.907898071541815,41.66639995574951,40.42490183995721,5.959229101198077
2017-02-16,41.92499923706055,42.134498596191406,41.86299896240234,42.10850143432617,41.71158981323242,20102000,0.005792315888777599,41.710900115966794,41.068840179443356,60.70288723034014,0.2225129417602929,0.1993280762312809,0.023184865529012,42.9487870521451,41.710900115966794,40.47301317978849,5.935556090790028
2017-02-17,42.06549835205078,42.34700012207031,41.98899841308594,42.32749938964844,41.92852020263672,29224000,0.005200722158412718,41.75685005187988,41.13921020507812,63.414535299701384,0.25486026254036176,0.21043451349309708,0.04442574904726468,43.01449401117985,41.75685005187988,40.49920609257991,6.023653401717021
2017-02-21,42.39950180053711,42.61000061035156,42.32749938964844,42.4635009765625,42.063236236572266,25206000,0.0032129928097741622,41.76895008087158,41.19701019287109,65.02843431394268,0.2881483440160153,0.22597727959768074,0.06217106441833456,43.04870544922706,41.76895008087158,40.48919471251611,6.127783273832146
2017-02-22,42.400001525878906,42.68949890136719,42.33549880981445,42.56800079345703,42.1667594909668,24488000,0.002461133846485275,41.77352504730224,41.25320022583008,66.2600315065375,0.3192811756478875,0.2446380588077221,0.07464311684016539,43.063974851683554,41.77352504730224,40.48307524292093,6.178314149548404
2017-02-23,42.55400085449219,42.63100051879883,42.125,42.54999923706055,42.148921966552734,27734000,-0.00042302336317501243,41.754899978637695,41.29475021362305,65.82994450973686,0.33859844179338694,0.26343013540485505,0.07516830638853189,42.98795577197067,41.754899978637695,40.52184418530472,5.906160924652287
2017-02-24,42.38249969482422,42.417999267578125,42.14799880981445,42.39049911499024,41.99092483520508,26924000,-0.0037485450155293476,41.73197498321533,41.33466018676758,61.99052442497238,0.3371507238585352,0.2781742530955911,0.0589764707629441,42.89804148057799,41.73197498321533,40.565908485852674,5.588359994137112
2017-02-27,42.247501373291016,42.53350067138672,42.1505012512207,42.48350143432617,42.08304214477539,20206000,0.002193743289337746,41.74357509613037,41.36899024963379,63.33338345267029,0.33959328686107426,0.2904580598486877,0.04913522701238654,42.93443619204118,41.74357509613037,40.55271400021956,5.705601847318556
2017-02-28,42.36750030517578,42.44150161743164,42.071998596191406,42.24649810791016,41.8482780456543,27662000,-0.005578591450528969,41.7963249206543,41.39603019714355,57.735465100238244,0.3187307185949919,0.29611259159794856,0.022618126997043353,42.978124082857285,41.7963249206543,40.614525758451315,5.655038640102928
2017-03-01,42.56900024414063,42.900001525878906,42.45100021362305,42.837501525878906,42.433719635009766,36374000,0.013989621955693865,41.887725067138675,41.43713020324707,65.84307539472566,0.3458987144798158,0.30606981617432205,0.03982889830549374,43.09446610164194,41.887725067138675,40.68098403263541,5.761788364343362
2017-03-02,42.81549835205078,42.824501037597656,42.43600082397461,42.49250030517578,42.09197235107422,25018000,-0.0080536725716025,41.97425003051758,41.477140197753904,58.757204736148964,0.3357208507496665,0.31200002308939095,0.023720827660275556,43.09048358438273,41.97425003051758,40.85801647665243,5.318658716015593
2017-03-03,42.446998596191406,42.54100036621094,42.23550033569336,42.45399856567383,42.05382537841797,20100000,-0.0009062766728553662,42.051300048828125,41.51372016906738,58.0069520445167,0.3208494985136454,0.3137699181742419,0.007079580339403535,43.07257923059053,42.051300048828125,41.03002086706572,4.857301346576861
2017-03-06,42.34299850463867,42.446998596191406,42.05849838256836,42.36349868774414,41.96417999267578,20958000,-0.0021316820749485155,42.1191499710083,41.5457901763916,56.19075231148196,0.2983223861461397,0.3106804117686215,-0.012358025622481783,43.02786829424989,42.1191499710083,41.210431647766704,4.314988901091728
2017-03-07,42.36299896240234,42.666500091552734,42.2760009765625,42.557498931884766,42.15635299682617,20774000,0.004579453338154904,42.19297485351562,41.58474014282226,59.14386365546897,0.29274905677375074,0.30709414076964736,-0.014345083995896624,42.984712158421594,42.19297485351562,41.40123754860965,3.7529342628942524
2017-03-08,42.65599822998047,42.84650039672852,42.5625,42.68199920654297,42.27968215942383,20576000,0.002925517836112279,42.253999900817874,41.62870010375977,60.96251150023589,0.2949779624316662,0.30467090510205114,-0.009692942670384952,42.99748433019821,42.253999900817874,41.510515471437536,3.519119757303483
2017-03-09,42.68450164794922,43.03549957275391,42.63349914550781,42.891998291015625,42.48769378662109,26954000,0.004919895717591105,42.323899841308595,41.67874008178711,63.882870979717055,0.3101147475354651,0.30575967358873396,0.004355073946731125,43.03037938922489,42.323899841308595,41.6174202933923,3.3384425847580492
2017-03-10,43.1349983215332,43.21149826049805,42.88050079345703,43.070499420166016,42.66451644897461,26732000,0.004161738296306394,42.40227489471435,41.73022010803223,66.19765025453349,0.3326793872209848,0.31114361631518417,0.02153577090580061,43.07402566014407,42.40227489471435,41.73052412928463,3.168465687738173
2017-03-13,43.041500091552734,43.35649871826172,43.04100036621094,43.229000091552734,42.82152938842773,23332000,0.003680176233589849,42.476599884033206,41.79023010253906,68.14967388164055,0.35921094609123827,0.320757082270395,0.03845386382084326,43.16854401698305,42.476599884033206,41.78465575108336,3.258001510662071
2017-03-14,43.1875,43.37900161743164,43.00650024414063,43.295501708984375,42.88740539550781,21234000,0.0015383852006436438,42.54397487640381,41.85326011657715,68.95961066756885,0.3812091802594466,0.33284750186820533,0.04836167839124128,43.27804979808937,42.54397487640381,41.80989995471825,3.450899563654555
2017-03-15,43.39699935913086,43.49399948120117,43.06499862670898,43.41949844360352,43.010231018066406,26658000,0.0028639089127890927,42.614874839782715,41.9292000579834,70.46760144423057,0.4039914772524753,0.3470762969450593,0.05691518030741599,43.39795280375776,42.614874839782715,41.83179687580767,3.6751391006973506
2017-03-16,43.5265007019043,43.635501861572266,43.3759994506836,43.5,43.0899658203125,22090000,0.0018538566373336174,42.6965747833252,41.99119003295898,71.43775953193943,0.4236587403384533,0.36239278562373817,0.06126595471471513,43.490954111806595,42.6965747833252,41.9021954548438,3.721044755991229
2017-03-17,43.68399810791016,43.72100067138672,43.41849899291992,43.618499755859375,43.20734786987305,37366000,0.002724115634020974,42.772074699401855,42.05579002380371,72.85155507341003,0.4436925168380199,0.37865273186659454,0.06503978497142537,43.614132088446105,42.772074699401855,41.930017310357606,3.937416620363405
2017-03-20,43.4739990234375,43.516998291015625,43.23350143432617,43.39550018310547,42.9864501953125,30844000,-0.00511250251290174,42.82547473907471,42.11068000793457,66.209730294383,0.4365430308919258,0.3902307916716608,0.046312239220265006,43.68329570817809,42.82547473907471,41.96765376997132,4.006124739211335
2017-03-21,43.50299835205078,43.67350006103516,42.384498596191406,42.50699996948242,42.1063232421875,50760000,-0.020474520439023647,42.827649688720705,42.13560997009277,47.59218495426877,0.3550892225153248,0.38320247784039363,-0.02811325532506881,43.68200215008167,42.827649688720705,41.97329722735974,3.989723776908421
2017-03-22,42.4739990234375,42.76750183105469,42.34999847412109,42.4900016784668,42.0894889831543,27334000,-0.0003998035861828564,42.823749732971194,42.15822998046875,47.31805286655442,0.28586954632709904,0.3637358915377347,-0.07786634521063568,43.683502613523224,42.823749732971194,41.963996852419164,4.015308728978874
2017-03-23,42.06949996948242,42.08449935913086,41.650001525878906,41.98249816894531,41.58676528930664,65754000,-0.011944162449890161,42.79537467956543,42.17186996459961,39.92408333951552,0.18789522323972108,0.32856775787813197,-0.1406725346384109,43.724087451625415,42.79537467956543,41.86666190750544,4.340248351667985
2017-03-24,42.09999847412109,42.20000076293945,41.45500183105469,41.75699996948242,41.36339569091797,42114000,-0.005371170295038752,42.76369972229004,42.17714996337891,37.14655769197247,0.0910049972370146,0.28105520574990855,-0.19005020851289395,43.78416714678911,42.76369972229004,41.743232297790975,4.772587176161286
2017-03-27,41.40449905395508,42.06900024414063,41.21500015258789,41.92549896240234,41.53030776977539,38692000,0.004035260550285802,42.735799598693845,42.18612991333008,40.478779241491125,0.027498272627511255,0.2303438191254291,-0.20284554649791783,43.81424940445058,42.735799598693845,41.65734979293711,5.047055704509128
2017-03-28,41.984500885009766,42.27000045776367,41.61349868774414,42.03150177001953,41.63531112670898,30384000,0.00252835489483183,42.725049781799314,42.19581993103027,42.54252447721677,-0.014115014394832315,0.1814520524213768,-0.1955670668162091,43.82682818320412,42.725049781799314,41.623271380394506,5.157528929897984
2017-03-29,42.13750076293945,42.579498291015625,42.06900024414063,42.493499755859375,42.09294891357422,29146000,0.010991578409790481,42.70784969329834,42.218229904174805,50.584374160918216,-0.009702622001796612,0.1432211175367421,-0.15292373953853872,43.81280502161602,42.70784969329834,41.60289436498066,5.174483549290318
2017-03-30,42.5989990234375,42.59999847412109,42.3385009765625,42.4739990234375,42.07363128662109,18988000,-0.0004589278596943691,42.70692462921143,42.23868988037109,50.26458258795471,-0.007690662206137233,0.11303876158816625,-0.12072942379430349,43.8126302907549,42.70692462921143,41.601218967667954,5.17810950398978
2017-03-31,42.34149932861328,42.47800064086914,42.262001037597656,42.38999938964844,41.99042892456055,28820000,-0.001977541740900257,42.70372467041015,42.262119903564454,48.83249141061958,-0.012727523042208588,0.08788550466209129,-0.10061302770429988,43.81270530765999,42.70372467041015,41.59474403316032,5.193835646932502
2017-04-03,42.4375,42.95000076293945,42.37649917602539,42.837501525878906,42.433719635009766,39388000,0.010556946470959616,42.7274248123169,42.2906999206543,56.02124963204454,0.01916943757517231,0.0741422912447075,-0.05497285366953519,43.82652434031473,42.7274248123169,41.62832528431907,5.144702882636612
2017-04-04,42.400001525878906,42.650001525878906,42.3754997253418,42.62850189208984,42.22669219970703,26970000,-0.004878842512121562,42.730974960327146,42.29883995056152,52.323865902343904,0.027269143197351298,0.06476766163523627,-0.03749851843788497,43.82831335212003,42.730974960327146,41.633636568534264,5.136032551617119
2017-04-05,42.73550033569336,43.02949905395508,42.3759994506836,42.445499420166016,42.04541015625,37104000,-0.004293067583879817,42.7191499710083,42.29821990966797,49.25825607198519,0.01870581915017766,0.05555529313822455,-0.03684947398804689,43.82341975531254,42.7191499710083,41.614880186704056,5.169905230107177
2017-04-06,42.47499847412109,42.679500579833984,42.20000076293945,42.255001068115234,41.85670852661133,30672000,-0.004488043497195449,42.68730010986328,42.28486991882324,46.22235198464858,-0.0034129593312854922,0.04376164264432254,-0.047174601975608035,43.8064362206081,42.68730010986328,41.56816399911846,5.243414822977912
2017-04-07,42.25,42.29399871826172,41.8650016784668,42.10499954223633,41.70811462402344,22232000,-0.0035500618137094264,42.639025115966795,42.26998992919922,43.926596117213336,-0.03266952619649288,0.02847540887615946,-0.06114493507265234,43.77109851560071,42.639025115966795,41.50695171633288,5.3100341602791294
2017-04-10,42.07699966430664,42.33700180053711,42.03950119018555,42.084999084472656,41.68830490112305,20924000,-0.0004749608818083173,42.58182506561279,42.26665992736817,43.61553636452144,-0.056814513662381216,0.011417424368451327,-0.06823193803083255,43.7044459604245,42.58182506561279,41.45920417080108,5.272770216316021
2017-04-11,42.084999084472656,42.23149871826172,41.72999954223633,41.99399948120117,41.5981674194336,19486000,-0.0021621767040717055,42.516749954223634,42.28270988464355,42.15292731043337,-0.08234329540048435,-0.0073347195853358076,-0.07500857581514854,43.61701333462743,42.516749954223634,41.41648657381984,5.175670208039949
2017-04-12,41.92300033569336,42.18600082397461,41.87950134277344,42.073001861572266,41.67642211914063,22716000,0.0018812054607595385,42.44942512512207,42.30397994995117,43.91144465215626,-0.09510390835200866,-0.024888557338670382,-0.07021535101333828,43.48327254265244,42.44942512512207,41.415577707591694,4.8709607467382705
2017-04-13,42.05199813842773,42.186500549316406,41.89250183105469,42.00899887084961,41.6130256652832,21474000,-0.0015211587423746842,42.37487506866455,42.328919906616214,42.77690570359991,-0.10912338604003224,-0.04173552307894275,-0.06738786296108949,43.304747738769734,42.37487506866455,41.44500239855937,4.388792503097229
2017-04-17,42.06900024414063,42.78200149536133,42.05149841308594,42.75650024414063,42.353477478027344,20982000,0.01779375089665458,42.33177509307861,42.36578994750977,56.811654935459224,-0.05923399677477903,-0.04523521781811001,-0.013998778956669018,43.09140647303727,42.33177509307861,41.57214371311996,3.5889417738253915
2017-04-18,42.62699890136719,42.86949920654297,42.5625,42.699501037597656,42.29701614379883,18724000,-0.001333097955364071,42.29697513580322,42.399649963378906,55.69001831979838,-0.024018782382078996,-0.04099193073090381,0.016973148348824817,42.90766159048876,42.29697513580322,41.68628868111769,2.8876128977299165
2017-04-19,42.86949920654297,43.0099983215332,42.67649841308594,42.82550048828125,42.42183303833008,21606000,0.002950962169693039,42.312900161743165,42.43453994750976,57.67910673734392,0.013896441853432862,-0.030014256214036476,0.043910698067469334,42.96017849725397,42.312900161743165,41.66562182623236,3.0594846159755122
2017-04-20,42.98699951171875,43.19649887084961,42.875,43.00400161743164,42.59864807128906,23776000,0.004168019632702524,42.338600158691406,42.465390014648435,60.39176454445199,0.0576831441712784,-0.0124747761369735,0.0701579203082519,43.04964062112294,42.338600158691406,41.62755969625987,3.3588283966236374
2017-04-21,43.03099822998047,43.12200164794922,42.88650131225586,42.9474983215332,42.54267120361328,23458000,-0.001314052680312816,42.3868501663208,42.49445999145508,59.10040219484292,0.08682422187943928,0.007385023466309055,0.07943919841313023,43.12512921613331,42.3868501663208,41.648571116508286,3.4835287213633257
2017-04-24,43.422000885009766,43.99800109863281,43.30550003051758,43.94649887084961,43.53226089477539,33930000,0.023261108509755823,42.49632511138916,42.54333000183105,70.93430004254371,0.1883584522586048,0.04357970922476821,0.1447787430338366,43.447259106584056,42.49632511138916,41.54539111619427,4.4753704829881436
2017-04-25,44.11299896240234,44.61249923706055,43.9640007019043,44.44200134277344,44.023094177246094,40760000,0.011275161739408013,42.62215023040771,42.597320022583006,74.82511871750367,0.305288790603619,0.09592152550053838,0.20936726510308062,43.86025778709026,42.62215023040771,41.38404267372516,5.809690735871195
2017-04-26,44.56949996948242,44.64950180053711,44.25749969482422,44.45700073242188,44.03794479370117,26466000,0.000337336953083911,42.74342517852783,42.6475,74.93450150758412,0.39461833702134896,0.1556608878047005,0.23895744921664847,44.1848279750926,42.74342517852783,41.302022381963056,6.744442171138229
2017-04-27,44.5,44.66899871826172,44.35900115966797,44.571998596191406,44.1518669128418,46846000,0.0025869081691778373,42.847350120544434,42.69890998840332,75.80256553042744,0.4692824170849903,0.21838519366075848,0.2508972234242318,44.48768059122101,42.847350120544434,41.20701964986786,7.6566250471114605
2017-04-28,46.45000076293945,46.79499816894531,46.1609992980957,46.22600173950195,45.7902717590332,76918000,0.03710839338743499,43.034950256347656,42.78611000061035,84.25078976530436,0.654375238628738,0.30558320265435446,0.3487920359743836,45.22700133999763,43.034950256347656,40.842899172697685,10.187306227113131
2017-05-01,46.20750045776367,46.79100036621094,46.040000915527344,46.64099884033203,46.201358795166016,46556000,0.008977606385393688,43.24750022888183,42.87675994873047,85.60846713607434,0.8250388961593913,0.40947434135536187,0.41556455480402943,45.919934127775065,43.24750022888183,40.5750663299886,12.358790148562202
2017-05-02,46.66350173950195,47.14950180053711,46.54999923706055,46.85449981689453,46.412845611572266,35026000,0.004577502089145868,43.44835014343262,42.967299957275394,86.26449446797739,0.9663790032250432,0.5208552737292982,0.44552372949574504,46.5384973259379,43.44835014343262,40.35820296092734,14.224462711721007
2017-05-03,46.8025016784668,47.5099983215332,46.760501861572266,47.42250061035156,46.975494384765625,36496000,0.01212269503796759,43.6880500793457,43.06647994995117,87.85115374667838,1.1114132928174882,0.6389668775469362,0.4724464152705521,47.20138603369658,43.6880500793457,40.17471412499482,16.083738907870693
2017-05-04,47.51449966430664,47.95700073242188,47.368499755859375,47.73600006103516,47.28604507446289,38752000,0.006610908384563574,43.95257511138916,43.16983993530273,88.6317141863465,1.237386971124593,0.7586508962624676,0.47873607486212544,47.82969117111067,43.95257511138916,40.07545905166765,17.642270332947366
2017-05-05,47.83599853515625,47.922000885009766,47.40499877929688,47.51399993896485,47.06613540649414,32310000,-0.004650625097160299,44.21552505493164,43.26911994934082,84.49183783549262,1.3042736099621592,0.8677754390024061,0.4364981709597532,48.30402796960949,44.21552505493164,40.127022140253786,18.49351742221067
2017-05-08,47.372501373291016,48.04949951171875,47.369998931884766,47.93450164794922,47.482669830322266,37534000,0.008849981419350783,44.50700016021729,43.38,85.84090324159845,1.3753584506802312,0.9692920413379712,0.40606640934226,48.77915639884655,44.50700016021729,40.23484392158802,19.197682266835606
2017-05-09,48.06650161743164,48.11000061035156,47.720001220703125,47.83549880981445,47.38459777832031,33758000,-0.002065428341590958,44.794525146484375,43.487039947509764,83.98841015607701,1.4074804390761742,1.0569297208856119,0.35055071819056227,49.14920071031684,44.794525146484375,40.43984958265191,19.442891958747484
2017-05-10,47.81100082397461,47.83549880981445,47.492000579833984,47.742000579833984,47.291988372802734,22920000,-0.0019544199984736776,45.08192520141601,43.59694999694824,82.18459039744788,1.409149027717561,1.1273735822520017,0.2817754454655592,49.4180222466398,45.08192520141601,40.745828156192225,19.23652118160913
2017-05-11,47.56449890136719,47.89950180053711,47.43050003051758,47.79449844360352,47.34398651123047,20622000,0.0010995126281820866,45.36800003051758,43.69608993530274,82.41298655880843,1.3985855119086068,1.1816159681833227,0.2169695437252841,49.62655250055377,45.36800003051758,41.109447560481385,18.773375362244767
2017-05-12,47.89250183105469,47.89899826049805,47.60300064086914,47.75699996948242,47.30683898925781,24298000,-0.000784630207763426,45.655400085449216,43.801379928588865,81.60819500730017,1.3713796253830068,1.2195686996232595,0.1518109257597473,49.74071039891342,45.655400085449216,41.57008977198501,17.8962852403794
2017-05-15,47.76449966430664,48.1349983215332,47.64099884033203,47.96099853515625,47.508914947509766,26754000,0.004271601370318567,45.915625,43.91151992797852,82.60348191246814,1.350709604137407,1.245796880526089,0.10491272361131787,49.89071306405034,45.915625,41.94053693594966,17.314750976602582
2017-05-16,48.1775016784668,48.29499816894531,48.01750183105469,48.230499267578125,47.77588272094727,22030000,0.0056193195262923545,46.19217491149902,44.0288599395752,83.84711310939535,1.3406210749314909,1.2647617194071694,0.07585935552432144,49.99985709484707,46.19217491149902,42.384492728150974,16.48626500329678
2017-05-17,47.98500061035156,48.04949951171875,47.00299835205078,47.10850143432617,46.66445159912109,48982000,-0.02326343457258362,46.40632495880127,44.119879989624025,63.49585003340014,1.2279351229018332,1.2573964001061022,-0.029461277204269054,49.90146932824374,46.40632495880127,42.9111805893588,15.063224129665082
2017-05-18,47.15999984741211,47.70899963378906,47.0634994506836,47.525001525878906,47.07703399658203,36010000,0.008841471041068028,46.632374954223636,44.21674003601074,66.72459925812451,1.1588799242229584,1.2376931049294735,-0.0788131807065151,49.78622441005114,46.632374954223636,43.47852549839613,13.526437197005128
2017-05-19,47.64099884033203,47.97800064086914,47.59999847412109,47.73249816894531,47.28256988525391,27206000,0.004365948132730724,46.87162494659424,44.313550033569335,68.2321122764836,1.1081226782750306,1.211779019598585,-0.10365634132355428,49.563129212336776,46.87162494659424,44.1801206808517,11.484578436566903
2017-05-22,47.84999847412109,48.24100112915039,47.82799911499024,48.20349884033203,47.7491340637207,27748000,0.009867572333717378,47.08447494506836,44.41621002197266,71.39953485182957,1.0933001296996636,1.1880832416188007,-0.09478311191913713,49.47329888731949,47.08447494506836,44.69565100281723,10.146970716093055
2017-05-23,48.49800109863281,48.72549819946289,48.22499847412109,48.52750015258789,48.07007598876953,30908000,0.006721418751186814,47.288749885559085,44.52218002319336,73.36674958135278,1.0950740196316886,1.1694813972213784,-0.07440737758968985,49.42404794999047,47.288749885559085,45.1534518211277,9.030892419862651
2017-05-24,48.76300048828125,48.90599822998047,48.58150100708008,48.88050079345703,48.41975402832031,22660000,0.007274339229929039,47.50992488861084,44.63388000488281,75.35563477862503,1.112143938711796,1.158013905519462,-0.045869966807666085,49.31735340265078,47.50992488861084,45.7024963745709,7.608635535743484
2017-05-25,48.95000076293945,49.78900146484375,48.89099884033203,49.59299850463867,49.12553787231445,39082000,0.01457636161433884,47.7609748840332,44.757350006103515,78.7973051219588,1.1696812261911873,1.1603473696538071,0.00933385653738017,49.22939253258505,47.7609748840332,46.292557235481354,6.1490271172950886
2017-05-26,49.59999847412109,49.81949996948242,49.36800003051758,49.66350173950195,49.19538116455078,32728000,0.0014217308402375561,47.9328498840332,44.880620040893554,79.1082170558615,1.2070547866705041,1.1696888530571465,0.037365933613357605,49.446382012647575,47.9328498840332,46.41931775541883,6.315218612188303
2017-05-30,49.625,49.88100051879883,49.56800079345703,49.80849838256836,49.3390007019043,30324000,0.0029193703545691285,48.09122486114502,45.00442001342773,79.76538278735208,1.234147139921177,1.1825805104299527,0.05156662949122426,49.691313797747064,48.09122486114502,46.49113592454298,6.654390447413299
2017-05-31,49.81050109863281,49.97999954223633,49.08399963378906,49.35449981689453,48.889286041259766,34482000,-0.009114790616891688,48.21622486114502,45.123600006103516,72.1162252313223,1.2050925779422172,1.1870829239324057,0.018009654009811582,49.80085717205682,48.21622486114502,46.63159255023322,6.57302522325332
2017-06-01,49.54800033569336,49.65700149536133,49.06449890136719,49.41450119018555,48.94871139526367,26128000,0.0012155087303535872,48.31582489013672,45.261750030517575,72.49167743200206,1.1733822178173412,1.1843427827093929,-0.01096056489205166,49.93833914048192,48.31582489013672,46.69331063979151,6.716285002003258
2017-06-02,49.429500579833984,49.82400131225586,49.35350036621094,49.805999755859375,49.33652877807617,34710000,0.007922933449276082,48.41932487487793,45.40806999206543,74.86939216785177,1.1663966962596604,1.1807535654194463,-0.014356869159785957,50.14170356866314,48.41932487487793,46.69694618109272,7.114426722124147
2017-06-05,49.89450073242188,50.369998931884766,49.772499084472656,50.19400024414063,49.72086715698242,27578000,0.007790138228716215,48.55332489013672,45.572300033569334,76.99196208883637,1.178583045144201,1.1803194613643972,-0.0017364162201962685,50.386555981348096,48.55332489013672,46.72009379892535,7.551413195118931
2017-06-06,50.16550064086914,50.43050003051758,49.7400016784668,49.83399963378906,49.3642692565918,31042000,-0.0071719968049782645,48.64829978942871,45.73384002685547,70.99994970887016,1.1459816111636556,1.173451891324249,-0.027470280160593497,50.539355691985115,48.64829978942871,46.75724388687231,7.774396682892213
2017-06-07,49.954498291015625,50.195499420166016,49.79349899291992,50.07500076293945,49.602989196777344,27482000,0.00483588522185352,48.76027488708496,45.89683006286621,72.54064975211693,1.1266047189326258,1.1640824568459245,-0.03747773791329867,50.709865814352455,48.76027488708496,46.81068395981747,7.996636326526854
2017-06-08,50.21149826049805,50.27999877929688,49.83100128173828,50.2140007019043,49.74067687988281,33758000,0.0027757940667498815,48.88387489318848,46.06048004150391,73.41783224191298,1.109672907114259,1.1532005468995914,-0.04352763978533236,50.87261423599372,48.88387489318848,46.89513555038323,8.13658633711281
2017-06-09,50.27450180053711,50.275001525878906,47.66849899291992,48.50600051879883,48.04878616333008,72958000,-0.034014227844917144,48.919449996948245,46.1807300567627,51.603679379420406,0.9475106706314591,1.1120625716459651,-0.164551901014506,50.85367630748519,48.919449996948245,46.9852236864113,7.907800724078484
2017-06-12,47.93600082397461,48.400001525878906,46.84000015258789,48.09049987792969,47.63719940185547,84042000,-0.008566017881815435,48.93612499237061,46.29306007385254,47.87691909299593,0.776517292683792,1.0449535158535306,-0.2684362231697386,50.8354124495969,48.93612499237061,47.036837535144315,7.762312432880217
2017-06-13,48.60200119018555,48.89550018310547,48.10049819946289,48.525001525878906,48.06760787963867,40108000,0.009035133953874785,48.96432514190674,46.41576011657715,51.797285839952195,0.6683600221317505,0.9696348171091745,-0.30127479497742404,50.82113477966442,48.96432514190674,47.10751550414906,7.58433668748149
2017-06-14,48.775001525878906,48.98500061035156,47.97549819946289,48.39649963378906,47.9403190612793,30110000,-0.0026481205113869644,48.972625160217284,46.52694007873535,50.58550117157809,0.5657539182318772,0.8888586373337151,-0.3231047191018379,50.81768655443184,48.972625160217284,47.12756376600273,7.535072453961002
2017-06-15,47.4010009765625,48.03400039672852,47.01850128173828,48.00899887084961,47.55646514892578,48552000,-0.008006911924446247,49.017650032043456,46.63455001831055,47.01367455230768,0.4480054407170684,0.8006879980103858,-0.35268255729331743,50.71672809502795,49.017650032043456,47.31857196905896,6.932515377109221
2017-06-16,47.89550018310547,47.997501373291016,47.435001373291016,47.930999755859375,47.47919845581055,51184000,-0.0016247358350388597,49.03794994354248,46.74426002502442,46.30492420194485,0.3444247333120387,0.7094353450707165,-0.36501061175867777,50.67373103233242,49.03794994354248,47.40216885475254,6.671490511627096
2017-06-19,48.48249816894531,48.96500015258789,48.40999984741211,48.76100158691406,48.30137634277344,29376000,0.017316591553838023,49.08937511444092,46.87438003540039,54.21477826059849,0.32555766151687493,0.6326598083599482,-0.30710214684307324,50.61898316519218,49.08937511444092,47.559767063689655,6.23193123638394
2017-06-20,48.76549911499024,49.03950119018555,48.40999984741211,48.449501037597656,47.992820739746094,25946000,-0.006388132728095797,49.1016752243042,47.001270065307615,51.16829095939956,0.2822166621704554,0.5625711791220496,-0.2803545169515942,50.606343968696095,49.1016752243042,47.59700647991231,6.128787816376237
2017-06-21,48.53950119018555,48.977500915527344,48.47249984741211,48.929500579833984,48.46828842163086,23232000,0.009907058484082798,49.121775245666505,47.13816009521484,55.333442950148225,0.2833344562264912,0.5067238345429379,-0.22338937831644667,50.60582558374753,49.121775245666505,47.63772490758548,6.042331860601672
2017-06-22,48.84349822998047,49.025001525878906,48.66550064086914,48.83100128173828,48.37071990966797,20190000,-0.00201303811502751,49.119300270080565,47.274900131225586,54.3097175712968,0.2731238442430808,0.4600038364829665,-0.18687999223988572,50.60511591520741,49.119300270080565,47.63348462495372,6.049824150413988
2017-06-23,48.775001525878906,49.33100128173828,48.72299957275391,49.304500579833984,48.83975601196289,31280000,0.009696694677500117,49.10487537384033,47.41953010559082,58.303347796361535,0.2997835783578182,0.42795978485793684,-0.12817620650011863,50.577559198780165,49.10487537384033,47.632191548900494,5.99811653620194
2017-06-26,49.5,49.699501037597656,48.51649856567383,48.60449981689453,48.1463508605957,30358000,-0.014197555597889266,49.05192527770996,47.55144012451172,51.18109422342324,0.261413980653586,0.39465062401706674,-0.13323664336348073,50.51659085518282,49.05192527770996,47.587259700237105,5.97189842877962
2017-06-27,48.08000183105469,48.36100006103516,47.35449981689453,47.40449905395508,46.95767211914063,48872000,-0.0246888646846114,48.931725311279294,47.644400100708005,41.76264098479353,0.13264669674024532,0.3422498385617025,-0.20960314182145717,50.51784484840702,48.931725311279294,47.345605774151565,6.482990440404975
2017-06-28,47.53300094604492,48.1619987487793,46.80799865722656,48.05049896240234,47.59757995605469,54912000,0.013627333043479739,48.86652526855469,47.7514200592041,47.37677875695614,0.08178176105190715,0.2901562230597435,-0.20837446200783633,50.484652371981525,48.86652526855469,47.24839816512785,6.622640322937351
2017-06-29,47.567501068115234,47.58300018310547,46.47999954223633,46.89099884033203,46.44900131225586,64134000,-0.02413103029312147,48.74035015106201,47.832730026245116,39.93526931390161,-0.05149740640241163,0.22182549716731245,-0.2733229035697241,50.55008496404739,48.74035015106201,46.93061533807663,7.426023027641094
2017-06-30,47.199501037597656,47.25,46.480499267578125,46.48400115966797,46.04584503173828,45754000,-0.008679546796008353,48.57425022125244,47.902330017089845,37.69702054804037,-0.18779859296345336,0.1399006791411593,-0.3276992721046127,50.56319056343277,48.57425022125244,46.58530987907211,8.189278612107602
2017-07-03,46.6609992980957,46.71200180053711,45.76549911499024,45.97299957275391,45.53965377807617,33896000,-0.010993201521509843,48.363200187683105,47.96284004211426,35.04150138568221,-0.33321077634244745,0.045278388044437956,-0.3784891643868854,50.50942901472081,48.363200187683105,46.2169713606454,8.875462412366558
2017-07-05,46.209999084472656,46.81449890136719,45.93149948120117,46.61299896240234,46.17362594604492,41882000,0.013921321647683671,48.20215015411377,48.016170043945316,40.677890812899435,-0.39228634447263744,-0.042234558458977126,-0.3500517860136603,50.366067987216205,48.20215015411377,46.03823232101133,8.97851164806498
2017-07-06,46.25,46.80699920654297,45.99250030517578,46.384498596191406,45.94728088378906,40298000,-0.004902042185734978,48.01762504577637,48.05501998901367,39.364594224406105,-0.452328071286928,-0.1242532610245673,-0.3280748102623607,50.14026488394933,48.01762504577637,45.89498520760341,8.841086314241464
2017-07-07,46.54949951171875,47.233001708984375,46.48949813842773,47.04050064086914,46.59709548950195,33266000,0.014142612864435078,47.85895004272461,48.10668998718262,44.867764704197164,-0.4418839269501973,-0.1877793942096933,-0.254104532740504,49.7644762357201,47.85895004272461,45.95342384972911,7.963092342370216
2017-07-10,47.09749984741211,47.65650177001953,47.09749984741211,47.54999923706055,47.1017951965332,29030000,0.010831140905444459,47.811149978637694,48.16625,48.75766168829554,-0.3880217158568513,-0.22782785853912493,-0.16019385731772637,49.69721624047252,47.811149978637694,45.92508371680287,7.88965027060647
2017-07-11,47.5260009765625,47.74449920654297,47.25600051879883,47.67649841308594,47.22709655761719,29224000,0.002660224744325923,47.790449905395505,48.19525993347168,49.706460406209864,-0.33130897556395666,-0.2485240819440913,-0.08278489361986535,49.67288208411455,47.790449905395505,45.90801772667646,7.8778592059520145
2017-07-12,48.042999267578125,48.48149871826172,47.85200119018555,48.382999420166016,47.926944732666016,32042000,0.014818784682115949,47.78334980010986,48.23009994506836,54.74621960994591,-0.22674126137293626,-0.24416751782986032,0.017426256456924055,49.65569032211879,47.78334980010986,45.911009278100934,7.836790555042341
2017-07-13,48.540000915527344,48.935001373291016,48.2400016784668,48.442501068115234,47.98588562011719,30492000,0.00122980690256691,47.78564987182617,48.26185997009277,55.15381008716605,-0.13748447336553937,-0.22283090893699614,0.08534643557145677,49.661108056950944,47.78564987182617,45.9101916867014,7.849461878849606
2017-07-14,48.70000076293945,48.87699890136719,48.50749969482422,48.84550094604492,48.38508224487305,21592000,0.008319042560058554,47.827474975585936,48.29031997680664,57.91834798857289,-0.03383902841532205,-0.18503253283266133,0.15119350441733928,49.757507605301036,47.827474975585936,45.897442345870836,8.070811309609411
2017-07-17,48.81600189208984,49.16749954223633,48.540000915527344,48.79800033569336,48.33802795410156,33210000,-0.0009724958311189136,47.87082500457764,48.311559982299805,57.46866437789773,0.04396107524601689,-0.13923381121692568,0.18319488646294257,49.846615851455624,47.87082500457764,45.895034157699655,8.254676399201601
2017-07-18,48.667999267578125,49.54249954223633,48.60200119018555,49.34749984741211,48.8823471069336,28266000,0.011260681824853958,47.90014991760254,48.34822998046875,61.21972893053097,0.14824931038564415,-0.08173718689641173,0.2299864972820559,49.94415102260595,47.90014991760254,45.85614881259913,8.534424666809956
2017-07-19,49.5004997253418,49.77999877929688,49.35049819946289,49.63850021362305,49.17060470581055,28242000,0.005896967227174255,47.95959987640381,48.382309951782226,63.076910877870404,0.2514808707154401,-0.015093575374041351,0.26657444608948144,50.12935063319044,47.95959987640381,45.78984911961717,9.048243781759131
2017-07-20,49.84999847412109,49.93399810791016,49.23099899291992,49.609500885009766,49.14188766479492,28368000,-0.0005840286322985611,47.9935998916626,48.417789993286135,62.75438336270106,0.3271810827002284,0.0533613562408126,0.27381972645941577,50.24293035541457,47.9935998916626,45.74426942791062,9.373460081466927
2017-07-21,49.45000076293945,49.75550079345703,49.20849990844727,49.69200134277344,49.22360229492188,29266000,0.001662830509978619,48.03664989471436,48.45679000854492,63.32886194379793,0.38934303934524195,0.12055769286169848,0.26878534648354346,50.37945582016327,48.03664989471436,45.693843969265444,9.754243606012588
2017-07-24,49.70500183105469,50.30950164794922,49.51350021362305,49.91550064086914,49.44499588012695,79690000,0.004497711969119855,48.067199897766116,48.499210052490234,64.90796931670926,0.4514374731534403,0.18673364892004685,0.26470382423339345,50.489911879592746,48.067199897766116,45.644487915939486,10.080520550310748
2017-07-25,48.53499984741211,48.83649826049805,48.18999862670898,48.45149993896485,47.99478912353516,118672000,-0.02932969718730749,48.05954990386963,48.51310005187988,49.7850395722968,0.37815599096346375,0.22501811732873025,0.1531378736347335,50.476386332131554,48.05954990386963,45.64271347560771,10.057674002757675
2017-07-26,48.63899993896485,48.6974983215332,48.01150131225586,48.26549911499024,47.810543060302734,44432000,-0.00383887639881475,48.102599906921384,48.519190063476564,48.247003488903545,0.3015945817401473,0.24033341021101368,0.06126117152913363,50.50183932853822,48.102599906921384,45.70336048530455,9.975508293769426
2017-07-27,48.45899963378906,48.47600173950195,46.85300064086914,47.6254997253418,47.17657852172852,74358000,-0.013259931763891508,48.08134994506836,48.50709007263183,43.29117348049044,0.1871195140092894,0.22969063097066883,-0.04257111696137944,50.48957036141192,48.08134994506836,45.6731295287248,10.017274552793909
2017-07-28,47.39950180053711,48.089500427246094,47.26549911499024,47.916500091552734,47.46484375,36276000,0.006110346220608465,48.13262500762939,48.523250045776365,46.00688180853633,0.11851235894344114,0.2074549765652233,-0.08894261762178216,50.48018906210433,48.13262500762939,45.785060953154456,9.754564826260067
2017-07-31,48.0,48.05950164794922,47.08649826049805,47.275001525878906,46.82938766479492,45670000,-0.013387931677433906,48.17217502593994,48.51825004577637,41.31034118691306,0.01223607142847527,0.1684111955378737,-0.15617512410939843,50.432332468010266,48.17217502593994,45.91201758386962,9.383663664151616
2017-08-01,47.39049911499024,47.7244987487793,47.24800109863281,47.32799911499024,46.88188552856445,28052000,0.001121045274931065,48.23992500305176,48.51016006469727,41.838586128110876,-0.06694054070033673,0.12134084829023163,-0.18828138899056834,50.30516191059955,48.23992500305176,46.17468809550397,8.562355382671681
2017-08-02,47.41849899291992,47.45500183105469,46.6259994506836,47.38199996948242,46.93537521362305,40788000,0.001140945686282313,48.27837505340576,48.49373008728028,42.40739931185109,-0.12390288328391819,0.07229210197540167,-0.19619498525931986,50.24741524169674,48.27837505340576,46.30933486511478,8.157027597191584
2017-08-03,47.45500183105469,47.5,46.97200012207031,47.01499938964844,46.57183456420898,22478000,-0.0077455575407555655,48.30990009307861,48.46348007202148,39.57468384326234,-0.19639590012922525,0.018554501554476292,-0.21495040168370155,50.174039024895706,48.30990009307861,46.445761161261515,7.71741994177368
2017-08-04,47.1974983215332,47.37699890136719,46.9900016784668,47.28950119018555,46.84375381469727,25092000,0.005838706012609274,48.322350120544435,48.43166007995605,42.65988175763317,-0.22905671385259296,-0.030967741526937563,-0.1980889723256554,50.15547906710867,48.322350120544435,46.4892211739802,7.587085238989133
2017-08-07,47.3759994506836,47.448001861572266,47.17499923706055,47.28749847412109,46.84176635742188,28916000,-4.24273700022626e-05,48.30922508239746,48.385550079345705,42.64277497158931,-0.2521950983777259,-0.07521321289709523,-0.17698188548063068,50.16786734943101,48.30922508239746,46.45058281536391,7.694771604650681
2017-08-08,47.214500427246094,47.6245002746582,47.124000549316406,47.20949935913086,46.76449966430664,30102000,-0.0016495256076738407,48.285875129699704,48.33647003173828,41.937423624931704,-0.2736715957299438,-0.11490488946366495,-0.15876670626627887,50.18697505377285,48.285875129699704,46.38477520562656,7.874352153571362
2017-08-09,46.92250061035156,47.1879997253418,46.69599914550781,47.00400161743164,46.56093978881836,28018000,-0.004352871878230524,48.21692523956299,48.28038009643555,40.05747627168248,-0.30377212893939287,-0.15267833735881053,-0.15109379158058234,50.197308507176274,48.21692523956299,46.236541971949705,8.214473476995328
2017-08-10,46.75,46.81499862670898,46.0890007019043,46.179500579833984,45.74421691894531,54148000,-0.017540944696936345,48.10377521514893,48.21688011169434,33.557617799927456,-0.3896655396789228,-0.20007577782283298,-0.18958976185608983,50.269588949631206,48.10377521514893,45.93796148066665,9.004755758962617
2017-08-11,46.18550109863281,46.667999267578125,46.06100082397461,46.50450134277344,46.06615447998047,32334000,0.0070377761981499365,47.98672523498535,48.15868011474609,37.83929668546756,-0.4265943272354846,-0.24537948770536333,-0.1812148395301213,50.2311517347498,47.98672523498535,45.7422987352209,9.35436410287953
2017-08-14,46.95349884033203,47.05199813842773,46.7244987487793,46.94649887084961,46.50398635864258,23012000,0.009504415630186447,47.89415016174316,48.1014900970459,43.20017601334579,-0.41540660211575897,-0.27938491058744247,-0.1360216915283165,50.14979872834759,47.89415016174316,45.638501595138735,9.419307197170784
2017-08-15,47.05149841308594,47.15349960327149,46.83200073242188,46.90399932861328,46.46187973022461,22130000,-0.0009054412689105673,47.771975135803224,48.03569007873535,42.81779745591335,-0.4052975889141379,-0.3045674462527816,-0.10073014266135633,49.963293958082104,47.771975135803224,45.580656313524344,9.1740767094077
2017-08-16,47.0625,47.494998931884766,47.00199890136719,47.2135009765625,46.76846694946289,26906000,0.006598683071336042,47.65072517395019,47.98328010559082,46.529599831278844,-0.36806905578399807,-0.3172677681590249,-0.05080128762497316,49.677709996774034,47.65072517395019,45.62374035112635,8.507676705545537
2017-08-17,47.147499084472656,47.19049835205078,46.38199996948242,46.382999420166016,45.945796966552734,33914000,-0.017590270465763114,47.48940010070801,47.90944007873535,39.18018706634052,-0.40095771887565945,-0.3340057583023518,-0.06695196057330766,49.37583314087828,47.48940010070801,45.60296706053774,7.944648852880089
2017-08-18,46.3489990234375,46.55099868774414,46.17250061035156,46.30899810791016,45.87248611450195,26748000,-0.0015955943065727451,47.32024993896484,47.83134002685547,38.59520795164384,-0.4280591098097588,-0.3528164286038332,-0.07524268120592559,48.97933457598182,47.32024993896484,45.66116530194787,7.012155004070833
2017-08-21,46.28850173950195,46.41249847412109,45.93000030517578,46.04349899291992,45.60948944091797,26024000,-0.005733211688756512,47.12664985656738,47.78208999633789,36.490178467569386,-0.4655936433919976,-0.3753718715614661,-0.09022177183053148,48.38426315948167,47.12664985656738,45.869036553653096,5.337164032418616
2017-08-22,46.34799957275391,47.09799957275391,46.30849838256836,47.02000045776367,46.57678985595703,35502000,0.021208314912011694,47.05507488250733,47.76068000793457,47.77292872785588,-0.41179757828067665,-0.3826570129053083,-0.029140565375368355,48.156132820450445,47.05507488250733,45.95401694456421,4.679869028759892
2017-08-23,46.84999847412109,47.27149963378906,46.762001037597656,47.12900161743164,46.68476867675781,22690000,0.0023182967554165046,46.998250007629395,47.73276000976563,48.86496125649593,-0.3562615649204446,-0.3773779233083356,0.021116358387891,47.95086744658322,46.998250007629395,46.04563256867557,4.0538421698645415
2017-08-24,47.18550109863281,47.31549835205078,46.5369987487793,46.84450149536133,46.40294647216797,25892000,-0.006036705601802583,46.959200096130374,47.70172004699707,46.15245509864667,-0.3313856489210778,-0.36817946843088406,0.03679381950980626,47.86882621821434,46.959200096130374,46.04957397404641,3.8741125071204974
2017-08-25,46.96049880981445,47.0364990234375,46.505001068115234,46.525001525878906,46.086456298828125,23746000,-0.006820475797365,46.88962516784668,47.672040100097654,43.248955034373814,-0.3336066735649439,-0.36126490945769607,0.02765823589275218,47.703552697071096,46.88962516784668,46.075697638622266,3.471674283216682
2017-08-28,46.59400177001953,46.74250030517578,46.30550003051758,46.40650177001953,45.96907806396485,20988000,-0.002546913872096934,46.846200180053714,47.64155014038086,42.18883299868858,-0.34099797911157026,-0.3572115233884709,0.016213544276900638,47.66590363900072,46.846200180053714,46.02649672110671,3.4995515358618947
2017-08-29,45.997501373291016,46.90950012207031,45.96549987792969,46.78749847412109,46.34646987915039,23172000,0.008209688579362107,46.81917514801025,47.602080078125,46.71157269452174,-0.3125099716871631,-0.34827121304820935,0.03576124136104625,47.608640464852336,46.81917514801025,46.02970983116817,3.372401646745518
2017-08-30,46.78350067138672,47.292999267578125,46.70249938964844,47.18149948120117,46.73676300048828,22406000,0.008421204945179062,46.80915012359619,47.57672004699707,50.982315746951635,-0.2551986607848775,-0.32965670259554297,0.07445804181066545,47.574496392019824,46.80915012359619,46.043803855172555,3.2700711993394145
2017-08-31,47.31499862670898,47.86000061035156,47.3125,47.762001037597656,47.311790466308594,33866000,0.012303536421944816,46.84650020599365,47.553370056152346,56.512343202322896,-0.16108057326245984,-0.29594147672892634,0.1348609034664665,47.71442012439938,46.84650020599365,45.97858028758792,3.7053778386402865
2017-09-01,47.87350082397461,47.916500091552734,47.51399993896485,47.5994987487793,47.150821685791016,20858000,-0.003402297375158625,46.86200008392334,47.52874000549316,54.65353933818808,-0.0984688003997789,-0.2564469414630969,0.15797814106331798,47.77110700095265,46.86200008392334,45.952893166894036,3.879932206910593
2017-09-05,47.34299850463867,47.56949996948242,46.77999877929688,47.07400131225586,46.63027572631836,29148000,-0.011040018834486687,46.85132522583008,47.4841300201416,49.03652258596562,-0.09021186445624352,-0.22319992606172623,0.1329880616054827,47.74508061986136,46.85132522583008,45.9575698317988,3.8152833019055588
2017-09-06,47.19350051879883,47.22499847412109,46.63399887084961,47.10100173950195,46.65702819824219,27830000,0.0005737146415527583,46.84590034484863,47.45406005859375,49.32470563057126,-0.0805608194272196,-0.1946721047348249,0.11411128530760531,47.7321795995805,46.84590034484863,45.95962109011676,3.7838071131418722
2017-09-07,47.212501525878906,47.525001525878906,46.87649917602539,47.49449920654297,47.046817779541016,22332000,0.00835435938274176,46.8704252243042,47.45586006164551,53.455501333328996,-0.04069127601457012,-0.16387593899077396,0.12318466297620384,47.79898428689451,46.8704252243042,45.94186616171389,3.962238695922112
2017-09-08,47.48500061035156,47.53499984741211,47.0004997253418,47.070499420166016,46.62681198120117,19998000,-0.008927400792716034,46.9149751663208,47.436260070800785,48.836089355517146,-0.04281408078955451,-0.1396635673505301,0.09684948656097558,47.790654164177056,46.9149751663208,46.039296168464546,3.733046835266728
2017-09-11,47.36000061035156,47.63399887084961,47.04999923706055,47.16450119018555,46.71992492675781,26748000,0.001996982886030896,46.947975158691406,47.44173011779785,49.87038275856545,-0.03649062047450258,-0.1190289779753246,0.08253835750082203,47.808912209034986,46.947975158691406,46.087038108347826,3.667621648999684
2017-09-12,47.34600067138672,47.40449905395508,46.875,47.33250045776367,46.886348724365234,25696000,0.003562158926160963,46.96727523803711,47.45870010375977,51.74776829597986,-0.017718843948216545,-0.098766951169903,0.08104810722168646,47.844369382153616,46.96727523803711,46.090181093920606,3.734916022576408
2017-09-13,47.275001525878906,47.64250183105469,47.23699951171875,47.52199935913086,47.07406234741211,21908000,0.004003587998511193,46.99817523956299,47.4896800994873,53.8473820620341,0.01230703399709654,-0.0765521541365031,0.08885918813359964,47.90714053000494,46.99817523956299,46.08920994912104,3.8680875834378456
2017-09-14,47.29999923706055,47.4015007019043,46.917999267578125,47.00650024414063,46.56341552734375,28548000,-0.010847732160860213,46.98782520294189,47.49755012512207,47.759233195771614,-0.005431105378271184,-0.06232794438485672,0.056896839006585535,47.891445827282304,46.98782520294189,46.08420457860148,3.8461904565178173
2017-09-15,47.00450134277344,47.087501525878906,46.5625,46.76449966430664,46.32369613647461,39886000,-0.005148234684982822,47.006900215148924,47.505150146484375,45.17691133944718,-0.038571504643421406,-0.05757665643656966,0.019005151793148253,47.87401429190573,47.006900215148924,46.13978613839212,3.6893054968017704
2017-09-18,46.7504997253418,46.84299850463867,46.27000045776367,46.48749923706055,46.049312591552734,29474000,-0.005923179016491087,47.015825271606445,47.4940901184082,42.35400648689185,-0.08619354379507627,-0.06330003390827099,-0.022893509886805274,47.85731811205662,47.015825271606445,46.17433243115627,3.5796153128821597
2017-09-19,46.670501708984375,46.89699935913086,46.33300018310547,46.84299850463867,46.40146255493164,24854000,0.007647236051108841,47.05580024719238,47.47995010375976,46.93666213416817,-0.09416307969062387,-0.06947264306474157,-0.0246904366258823,47.77594491714955,47.05580024719238,46.33565557723521,3.0608114883781616
2017-09-20,46.88650131225586,47.5,46.875,47.37699890136719,46.930419921875,40080000,0.011399583931587465,47.073650169372556,47.47396011352539,52.98297720086358,-0.056735612294943394,-0.06692523691078194,0.010189624615838541,47.80693814614872,47.073650169372556,46.340362192596395,3.1154923152879226
2017-09-21,47.40650177001953,47.63999938964844,46.96900177001953,47.37749862670898,46.9309196472168,27414000,1.0648217992237363e-05,47.08607501983643,47.45385009765625,52.98837573612937,-0.026725674139491673,-0.05888532435652388,0.03215965021703221,47.8310218432359,47.08607501983643,46.341128196436955,3.16419163451463
2017-09-22,47.13850021362305,47.5,47.04199981689453,47.16299819946289,46.71844482421875,21496000,-0.004527395256586408,47.101999855041505,47.428260040283206,50.31768885037211,-0.020020193437453315,-0.05111229817270977,0.031092104735256455,47.83918588974037,47.101999855041505,46.36481382034264,3.130168727304947
2017-09-25,46.97249984741211,46.98749923706055,46.22549819946289,46.7140007019043,46.27367401123047,37468000,-0.009520240124896273,47.111449813842775,47.38563003540039,45.184021853648346,-0.05035592553097956,-0.05096102364436374,0.0006050981133841754,47.823214730838124,47.111449813842775,46.399684896847425,3.0216217917632897
2017-09-26,46.83449935913086,47.20399856567383,46.75600051879883,46.87149810791016,46.429683685302734,33454000,0.0033714563929891916,47.1346996307373,47.347099990844725,47.218273918612724,-0.06098548466327003,-0.052965915848145,-0.008019568815125028,47.7801235971817,47.1346996307373,46.489275664292904,2.738636170383087
2017-09-27,47.137001037597656,48.27149963378906,47.09749984741211,47.994998931884766,47.542598724365234,46692000,0.023969903534251102,47.19507465362549,47.32004997253418,58.927609466053006,0.021005501799876924,-0.03817163231854062,0.059177134118417546,47.92026757401677,47.19507465362549,46.46988173323421,3.0731720448102764
2017-09-28,47.8125,48.30899810791016,47.77750015258789,48.240501403808594,47.78578567504883,28018000,0.005115137943836556,47.24802474975586,47.29208999633789,60.96542681563484,0.10458831799370216,-0.009619642256092062,0.11420796024979422,48.10431703747259,47.24802474975586,46.39173246203912,3.6246691464965783
2017-09-29,48.29999923706055,48.79050064086914,48.29999923706055,48.68600082397461,48.227088928222656,40622000,0.009235031860201248,47.29422473907471,47.27361999511719,64.41567230498654,0.20441995601641594,0.033188277398409544,0.1712316786180064,48.336059389613496,47.29422473907471,46.25239008853592,4.40575844635009
2017-10-02,48.782501220703125,48.887001037597656,48.09749984741211,48.37350082397461,47.91753387451172,30782000,-0.006418696641044552,47.33292484283447,47.24724998474121,60.38378438063349,0.2553772797548248,0.0776260778696926,0.17775120188513222,48.4703594898478,47.33292484283447,46.195490195821144,4.806103365849872
2017-10-03,48.37799835205078,48.62200164794922,48.135501861572266,48.604000091552734,48.14585113525391,21666000,0.004764795728847915,47.409424781799316,47.221019973754885,62.260165730303086,0.3107782324648767,0.12425650878872942,0.18652172367614728,48.666431859036024,47.409424781799316,46.15241770456261,5.302772952939424
2017-10-04,48.5880012512207,48.720001220703125,48.28049850463867,48.3390007019043,47.88335800170898,21156000,-0.005452040567473282,47.47132472991943,47.21876998901367,58.811355355123446,0.32950235256530647,0.16530567754404485,0.16419667502126162,48.78225482018278,47.47132472991943,46.16039463965608,5.523039846567065
2017-10-05,48.63949966430664,49.32550048828125,48.51350021362305,49.259498596191406,48.79518127441406,35618000,0.019042592473830666,47.55957469940186,47.238649978637696,65.88127457816046,0.41384726611913436,0.21501399525906278,0.19883327086007158,49.084957017718644,47.55957469940186,46.03419238108507,6.414617153151165
2017-10-06,49.0,49.7130012512207,48.92549896240234,49.68199920654297,49.21369552612305,31060000,0.00857695864178365,47.6901496887207,47.27977996826172,68.54967676869913,0.5089170075797398,0.2737945977231982,0.2351224098565416,49.454148027053726,47.6901496887207,45.92615135038768,7.397747123239714
2017-10-09,49.75,50.02299880981445,49.57500076293945,49.615501403808594,49.1478271484375,25910000,-0.0013384155971498668,47.812699699401854,47.31375999450684,67.65284865135197,0.5722975557130283,0.33349518932116423,0.23880236639186408,49.74602602822628,47.812699699401854,45.879373370577426,8.087082892115436
2017-10-10,49.76499938964844,49.87350082397461,49.05550003051758,49.38999938964844,48.92445373535156,23268000,-0.0045449295736167405,47.915574645996095,47.35605995178223,64.56789769553401,0.5974440061897255,0.3862849526948765,0.21115905349484898,49.95196220130452,47.915574645996095,45.87918709068767,8.49989829133182
2017-10-11,49.45199966430664,50.37850189208984,49.39699935913086,50.282501220703125,49.80854415893555,36300000,0.01807052212307414,48.053599739074706,47.415149993896485,70.33380211761838,0.6815338897391854,0.4453347401037383,0.23619914963544708,50.32519797618931,48.053599739074706,45.7820015019601,9.454435253338394
2017-10-12,50.19200134277344,50.57699966430664,50.05500030517578,50.282501220703125,49.80854415893555,30614000,0.0,48.217399787902835,47.4731600189209,70.33380211761838,0.7396495091612465,0.5041976939152399,0.23545181524600656,50.63134958426989,48.217399787902835,45.80344999153578,10.012774670494311
2017-10-13,50.45550155639648,50.73799896240234,50.35300064086914,50.39350128173828,49.91849136352539,26552000,0.002207396470754297,48.39884986877441,47.5407300567627,71.01416375969215,0.7856073411082818,0.5604796233538484,0.2251277177544334,50.89291419842845,48.39884986877441,45.904785539120375,10.306295857923425
2017-10-16,50.48149871826172,50.59999847412109,50.07600021362305,50.46749877929688,49.991790771484375,21420000,0.001468381875269209,48.59784984588623,47.60429000854492,71.4836792458189,0.8185643335659449,0.6120965653962677,0.20646776816967727,51.08525056398959,48.59784984588623,46.11044912778287,10.236669836181715
2017-10-17,50.37200164794922,50.72800064086914,50.3025016784668,50.54999923706055,50.07352066040039,20260000,0.0016348661981244739,48.783199882507326,47.66954002380371,72.02770098889322,0.8416382036769932,0.6580048930524127,0.18363331062458044,51.27238058933357,48.783199882507326,46.29401917568108,10.20507352047981
2017-10-18,50.5525016784668,50.81549835205078,50.26599884033203,50.637001037597656,50.159698486328125,25596000,0.0017210258993409777,48.94619998931885,47.73809005737305,72.62089743563017,0.8570650181524044,0.6978169180724112,0.15924810007999324,51.47237891342629,48.94619998931885,46.42002106521141,10.322267815106013
2017-10-19,50.23749923706055,50.36600112915039,49.8650016784668,50.09199905395508,49.61983108520508,34284000,-0.01076297141758531,49.081925010681154,47.79985000610352,63.53188594940807,0.815908489281,0.7214352323141291,0.09447325696687092,51.54734609787961,49.081925010681154,46.616503923482696,10.046146668705171
2017-10-20,50.352500915527344,50.432498931884766,50.11349868774414,50.25350189208984,49.7798080444336,32120000,0.0032240528782496725,49.2364501953125,47.881330032348636,64.93252520258049,0.7872486604234865,0.7345979179360007,0.0526507424874858,51.58609941656003,49.2364501953125,46.88680097406497,9.544348595103338
2017-10-23,50.25899887084961,50.28950119018555,49.15499877929688,49.277000427246094,48.81251525878906,32786000,-0.019431428598140288,49.36460018157959,47.936780014038085,51.942421817087066,0.6779253310983151,0.7232634005684636,-0.04533806947014851,51.40982397419764,49.36460018157959,47.31937638896154,8.286196120681753
2017-10-24,49.32500076293945,49.4630012512207,48.854000091552734,49.42449951171875,48.95862579345703,28902000,0.0029933006708082743,49.49225025177002,47.986340026855466,53.45704762408181,0.5963138139371154,0.697873483242194,-0.10155966930507865,51.18794131921588,49.49225025177002,47.79655918432415,6.852349847985424
2017-10-25,49.3134994506836,49.72150039672852,48.88600158691406,49.573001861572266,49.10572814941406,30574000,0.0030046259177620716,49.571150398254396,48.03972007751465,54.994965875605075,0.5374239088682273,0.6657835683674007,-0.12835965949917338,51.12144686192582,49.571150398254396,48.02085393458297,6.254833511896932
2017-10-26,49.92350006103516,50.32550048828125,49.52349853515625,49.57099914550781,49.10374450683594,47396000,-4.039533986932575e-05,49.637675285339355,48.08687004089356,54.96858649276728,0.48500084453996095,0.6296270236019128,-0.14462617906195185,51.06301438118882,49.637675285339355,48.21233618948989,5.74297280304118
2017-10-27,51.54949951171875,53.180999755859375,51.34249877929688,51.68349838256836,51.19633102416992,103682000,0.04261562001738306,49.787550163269046,48.1928800201416,70.85125371652231,0.6069200256489609,0.6250856240113225,-0.018165598362361646,51.399283142074005,49.787550163269046,48.17581718446409,6.474441797274938
2017-10-30,51.45800018310547,51.99150085449219,51.11650085449219,51.65650177001953,51.16958618164063,46804000,-0.0005223976405001052,49.95170021057129,48.29983009338379,70.50899871701364,0.6933707081304803,0.6387426408351541,0.05462806729532621,51.621607740266676,49.95170021057129,48.2817926808759,6.68608885245505
2017-10-31,51.650001525878906,52.04999923706055,51.31499862670898,51.652000427246094,51.16512298583984,30326000,-8.722360554080932e-05,50.10410022735596,48.41200012207031,70.44789216770843,0.7528419823533881,0.661562509138801,0.09127947321458707,51.8101580049455,50.10410022735596,48.398042449766415,6.810052549982985
2017-11-01,51.81600189208984,52.39300155639648,51.70000076293945,52.130001068115234,51.63862228393555,43262000,0.00925433714342394,50.293650245666505,48.514200134277345,73.11267535845573,0.828987994963704,0.6950476063037816,0.13394038865992242,52.01546785478642,50.293650245666505,48.57183263654659,6.847057633357107
2017-11-02,51.9995002746582,52.2760009765625,51.43299865722656,52.14849853515625,51.65694808959961,26694000,0.0003548856428294833,50.438100242614745,48.614590072631835,73.2133361893947,0.8806749766307505,0.7321730803691754,0.14850189626157506,52.269872930800744,50.438100242614745,48.606327554428745,7.263448382769777
2017-11-03,52.13750076293945,52.53300094604492,51.88249969482422,52.4995002746582,52.004638671875,27770000,0.006730761207036862,50.57897529602051,48.727690048217774,75.11702889316062,0.9391344317816603,0.7735653506516724,0.16556908112998792,52.581859297046975,50.57897529602051,48.57609129499404,7.919828305355368
2017-11-06,52.45500183105469,52.62950134277344,52.09999847412109,52.13399887084961,51.64258575439453,18294000,-0.00696193506438636,50.70490016937256,48.83986999511719,69.57231505419598,0.9450768053791805,0.8078676415971742,0.13720916378200632,52.76550185386009,50.70490016937256,48.64429848488503,8.12782069426971
2017-11-07,52.48249816894531,52.670501708984375,52.150001525878906,52.61949920654297,52.12350845336914,26104000,0.009312521670812757,50.86637516021729,48.96412994384766,72.4783472094121,0.9776917766533018,0.8418324686083997,0.1358593080449021,52.99454989316628,50.86637516021729,48.738200427268296,8.367707454072498
2017-11-08,52.50249862670898,53.134498596191406,52.352500915527344,52.91450119018555,52.41572570800781,24276000,0.005606246841578066,50.9979751586914,49.086669998168944,74.0971682284333,1.0156359519688607,0.8765931652804919,0.13904278668836878,53.28503347606043,50.9979751586914,48.71091684132238,8.969212249122986
2017-11-09,52.400001525878906,52.54399871826172,51.79249954223633,52.38600158691406,51.8922119140625,35892000,-0.009987723853365105,51.10315017700195,49.1907600402832,66.5454293076809,0.9916305830580399,0.8996006488360015,0.09202993422203831,53.44181036844513,51.10315017700195,48.76448998555877,9.152704611527662
2017-11-10,52.19350051879883,52.33150100708008,52.06100082397461,52.20750045776367,51.71539306640625,19442000,-0.0034074255294623823,51.193850135803224,49.279670028686525,64.16674741124123,0.9472829181038662,0.9091371026895745,0.03814581541429174,53.555972731806385,51.193850135803224,48.83172753980006,9.228149825563415
2017-11-13,52.040000915527344,52.4370002746582,51.9630012512207,52.060001373291016,51.56928253173828,18814000,-0.0028252813331680615,51.27347526550293,49.368880081176755,62.18858541283349,0.8899760408957462,0.9053048903308089,-0.01532884943506263,53.639651262349005,51.27347526550293,48.90729926865686,9.229629880142141
2017-11-14,51.88600158691406,52.1150016784668,51.46649932861328,52.08200073242188,51.59107971191406,21012000,0.0004226775922733239,51.350075340271,49.469040069580075,62.37489488653482,0.8366902479038671,0.8915819618454206,-0.054891713941553455,53.71679833538845,51.350075340271,48.98335234515355,9.217992298684557
2017-11-15,51.75,51.98149871826172,51.53799819946289,51.820499420166016,51.33203887939453,18106000,-0.005021039178982556,51.409250259399414,49.56343002319336,58.674004117741326,0.7645466843495967,0.8661749063462559,-0.10162822199665922,53.76083181702497,51.409250259399414,49.057668701773856,9.148476376371997
2017-11-16,51.9375,52.5880012512207,51.900001525878906,52.42350006103516,51.92935943603516,23768000,0.011636408170812018,51.525825309753415,49.66201004028321,63.981084411867464,0.7474137818695752,0.8424226814509198,-0.09500889958134462,53.83543290349724,51.525825309753415,49.21621771600959,8.964854341912453
2017-11-17,52.4900016784668,52.54999923706055,51.686500549316406,51.79449844360352,51.30628204345703,26712000,-0.011998557258261933,51.6028751373291,49.756490020751954,55.91473106180141,0.6752962644975895,0.8089973980602538,-0.13370113356266433,53.83921505069309,51.6028751373291,49.36653522396511,8.667501209622491
2017-11-20,51.79999923706055,51.935001373291016,51.63399887084961,51.733001708984375,51.24536895751953,17526000,-0.0011872442030764763,51.72567520141602,49.84786003112793,55.18222731748869,0.6061925297265844,0.76843642439352,-0.16224389466693556,53.690960101036225,51.72567520141602,49.76039030179581,7.598875769016186
2017-11-21,52.00199890136719,52.51950073242188,51.95700073242188,52.51499938964844,52.01998901367188,22206000,0.015115903581345735,51.8802001953125,49.95151000976563,61.999504609689225,0.6075248313723378,0.7362541057892836,-0.12872927441694582,53.56316111748963,51.8802001953125,50.19723927313537,6.487873662172916
2017-11-22,52.55799865722656,52.77149963378906,52.36249923706055,52.59600067138672,52.1002311706543,14538000,0.0015425254503864672,52.03135013580322,50.05299003601074,62.63354036643422,0.6081069382548563,0.7106246722823982,-0.10251773402754194,53.365071801519385,52.03135013580322,50.69762847008706,5.126607947843415
2017-11-24,52.71950149536133,53.00350189208984,52.59600067138672,52.82600021362305,52.328067779541016,16492000,0.004373044106857016,52.19410018920898,50.169380035400394,64.44744747664112,0.6199805531331819,0.692495848452555,-0.07251529531937306,52.96123219363363,52.19410018920898,51.426968184784336,2.9395353177608703
2017-11-27,52.92850112915039,53.652000427246094,52.73849868774414,53.60049819946289,53.09526062011719,35430000,0.014661210954862058,52.28995018005371,50.30610000610351,69.76926315611753,0.6840012525135819,0.6907969292647603,-0.0067956767511784255,53.236095444214065,52.28995018005371,51.34380491589335,3.618841712039992
2017-11-28,53.699501037597656,54.0,52.72700119018555,53.16450119018555,52.663368225097656,36424000,-0.008134292778212537,52.36535015106201,50.439640045166016,63.96460479600722,0.6915846458463193,0.6909544725810721,0.0006301732652471692,53.33754702135649,52.36535015106201,51.39315328076753,3.713130409669437
2017-11-29,52.80899810791016,52.9384994506836,51.48249816894531,51.86899948120117,51.38008499145508,55866000,-0.024367663461202782,52.376200103759764,50.54016006469727,50.51591650707005,0.5862998786997551,0.6700235538048088,-0.08372367510505374,53.32076090144132,52.376200103759764,51.43163930607821,3.6068320947695085
2017-11-30,51.99700164794922,52.20700073242188,51.50350189208984,51.80849838256836,51.32015228271485,45092000,-0.001166457952535449,52.36012496948242,50.628790054321286,49.98733719232486,0.49230403470595974,0.634479649985039,-0.1421756152790793,53.33146204617977,52.36012496948242,51.38878789278507,3.7102168005270686
2017-12-01,51.52050018310547,51.86199951171875,50.845001220703125,51.25350189208984,50.7703857421875,37762000,-0.01071248848792905,52.3153751373291,50.70631011962891,45.30424719126563,0.3687770404879629,0.5813391280856238,-0.21256208759766093,53.39771117765966,52.3153751373291,51.23303909699854,4.137735942787
2017-12-04,51.38999938964844,51.56700134277344,50.46099853515625,50.59349822998047,50.116607666015625,38778000,-0.012877154006506242,52.22007503509521,50.77492012023926,40.45089878427585,0.21514417977296318,0.5081001384230918,-0.2929559586501286,53.53206378117047,52.22007503509521,50.908086289019955,5.024844354181866
2017-12-05,50.54949951171875,51.83399963378906,50.11600112915039,50.97999954223633,50.49945831298828,38998000,0.007639197160430822,52.16237506866455,50.860240097045896,44.21945188586659,0.12315678184546641,0.43111146710756676,-0.30795468526210035,53.581555448218666,52.16237506866455,50.74319468911044,5.4413947895814125
2017-12-06,50.82600021362305,51.979000091552734,50.76549911499024,51.63600158691406,51.14928436279297,28710000,0.012867980598468165,52.113200187683105,50.95553016662598,50.00285586770973,0.10201403453359603,0.3652919805927726,-0.2632779460591766,53.53377105427338,52.113200187683105,50.69262932109283,5.451865790142072
2017-12-07,51.80350112915039,52.44599914550781,51.76800155639648,52.22850036621094,51.73619079589844,30866000,0.011474382103621394,52.07890014648437,51.0402001953125,54.583067072234854,0.13155151080542993,0.3185438866353041,-0.18699237582987416,53.45278434197231,52.07890014648437,50.70501595099643,5.276164402948453
2017-12-08,52.59049987792969,52.82099914550781,52.292999267578125,52.46900177001953,51.97442626953125,31170000,0.004604812800630409,52.08305015563965,51.12477020263672,56.331788188419516,0.17237954282301615,0.2893110178728465,-0.11693147504983037,53.46111491779771,52.08305015563965,50.704985393481586,5.291797458251749
2017-12-11,52.55550003051758,52.79999923706055,52.20600128173828,52.5984992980957,52.10270309448242,23254000,0.0024680758241746314,52.10260009765625,51.20302017211914,57.285477367944644,0.21273316510129092,0.2739954473185354,-0.0612622822172445,53.498155068240465,52.10260009765625,50.707045127072035,5.35694943426438
2017-12-12,52.5,53.125,52.243499755859375,52.4384994506836,51.9442138671875,33882000,-0.0030418618974051848,52.12152500152588,51.28432014465332,55.667813142379586,0.22916142076677204,0.26502864200818277,-0.03586722124141073,53.52450176996709,52.12152500152588,50.718548233084675,5.383483190102875
2017-12-13,52.604000091552734,52.77399826049805,52.32899856567383,52.56949996948242,52.073978424072266,27680000,0.002498152291158906,52.14589996337891,51.36363014221192,56.74482394465112,0.24987121891864206,0.2619971573902746,-0.012125938471632569,53.562159522406795,52.14589996337891,50.729640404351024,5.4319114638830595
2017-12-14,52.77450180053711,53.354000091552734,52.68000030517578,52.87350082397461,52.375118255615234,30962000,0.005782923461130407,52.19855003356933,51.45432014465332,59.220690557624245,0.2875000894082973,0.2670977437938792,0.020402345614418116,53.64056477646792,52.19855003356933,50.75653529067075,5.525114172601399
2017-12-15,53.18899917602539,53.76250076293945,53.00450134277344,53.59999847412109,53.094764709472656,63760000,0.013740235398518985,52.257374954223636,51.54113014221191,64.45660099639042,0.37165927240295815,0.288010049515695,0.08364922288726317,53.822065363509296,52.257374954223636,50.692684544937975,5.988400338349549
2017-12-18,53.8224983215332,54.324501037597656,53.51850128173828,54.25450134277344,53.74310302734375,30292000,0.012210965081373093,52.38037509918213,51.63258018493652,68.3937942227308,0.48557157598183665,0.32752235480892333,0.1580492211729133,54.1531107714759,52.38037509918213,50.60763942688836,6.768701709130943
2017-12-19,54.1510009765625,54.24850082397461,53.61349868774414,53.98899841308594,53.480098724365234,26350000,-0.004893731254123956,52.493174934387206,51.72005012512207,65.23687570323862,0.5481058071756024,0.3716390452822592,0.1764667618933432,54.37078295643903,52.493174934387206,50.61556691233538,7.1537224578193355
2017-12-20,54.04600143432617,54.061500549316406,53.43000030517578,53.678001403808594,53.17203140258789,28728000,-0.005760410491482348,52.55132503509522,51.805810165405276,61.64738437457742,0.5660447646964499,0.4105201891650974,0.15552457553135252,54.49877301611621,52.55132503509522,50.603877054074225,7.411603721582409
2017-12-21,53.76950073242188,53.8759994506836,53.45000076293945,53.54249954223633,53.03780364990234,25640000,-0.0025244052022248553,52.598649978637695,51.87101013183594,60.095861953998934,0.5628395855950998,0.44098406845109794,0.12185551714400189,54.593563820356984,52.598649978637695,50.60373613691841,7.5854184186457205
2017-12-22,53.5,53.58599853515625,53.38199996948242,53.44300079345703,52.93925094604492,17788000,-0.0018581595970291742,52.629500007629396,51.93422012329101,58.92316311614321,0.5459770569310791,0.46198266614709416,0.08399439078398496,54.656350365341005,52.629500007629396,50.60264964991779,7.7023356004438135
2017-12-26,53.43199920654297,53.44300079345703,52.93199920654297,53.29249954223633,52.7901611328125,18376000,-0.002816243346253078,52.61410007476807,51.99220008850098,57.10787687838028,0.5145379154937331,0.472493716016422,0.042044199477311084,54.615729391024246,52.61410007476807,50.61247075851189,7.608718246294178
2017-12-27,53.33000183105469,53.41350173950195,52.91899871826172,53.0099983215332,52.51033401489258,22324000,-0.005300743773369421,52.60637493133545,52.043050079345704,53.75990024446237,0.46150671966201173,0.47029631674553996,-0.008789597083528222,54.60062667450123,52.60637493133545,50.612123188169676,7.5817873623444925
2017-12-28,53.11249923706055,53.242000579833984,52.66899871826172,52.79750061035156,52.299835205078125,19884000,-0.004008712070937337,52.65279998779297,52.08800010681152,51.322575180272864,0.39774734175473014,0.455786521747378,-0.05803917999264785,54.619263861296645,52.65279998779297,50.68633611428929,7.469550998083988
2017-12-29,52.77450180053711,52.90250015258789,52.6349983215332,52.66999816894531,52.17353057861328,23606000,-0.002415010027652653,52.695874977111814,52.12866004943848,49.86183758285462,0.3330895450285212,0.4312471264036067,-0.09815758137508551,54.62383982698481,52.695874977111814,50.767910127238814,7.317327402611311
2018-01-02,52.6510009765625,53.79899978637695,52.6510009765625,53.66049957275391,53.154693603515625,31766000,0.01880576250104382,52.81622486114502,52.20003005981445,59.50440762751065,0.3576501918285757,0.4165277394886005,-0.05887754766002479,54.6680143153819,52.81622486114502,50.96443540690813,7.01219922137669
2018-01-03,53.69649887084961,54.80500030517578,53.67150115966797,54.57600021362305,54.06156921386719,31318000,0.017061063640325225,53.01534996032715,52.286480026245115,66.01096752730106,0.4458484683158588,0.42239188525405214,0.023456583061806646,54.71881116774747,53.01534996032715,51.31188875290683,6.426294304178187
2018-01-04,54.85449981689453,55.20399856567383,54.7130012512207,54.78799819946289,54.27156448364258,26052000,0.0038843724447703565,53.205749893188475,52.39669998168945,67.32038569920613,0.526780308100065,0.4432695698232547,0.08351073827681033,54.80471757219551,53.205749893188475,51.60678221418144,6.010507068190897
2018-01-05,55.17250061035156,55.67900085449219,55.09000015258789,55.51449966430664,54.9912223815918,30250000,0.013260312371612626,53.399674797058104,52.51849998474121,71.38830715194396,0.64213978309688,0.4830436124779798,0.15909617061890025,55.125801477595495,53.399674797058104,51.67354811652071,6.464933305670567
2018-01-08,55.54999923706055,55.95800018310547,55.5,55.71049880981445,55.18537521362305,24644000,0.0035306149531282305,53.57377471923828,52.641249923706056,72.38695485266966,0.7408385653360625,0.5346026030495964,0.20623596228646612,55.48477492848542,53.57377471923828,51.66277450999114,7.1340883455087365
2018-01-09,55.922000885009766,55.922000885009766,55.40999984741211,55.63949966430664,55.11503982543945,26808000,-0.0012745294910350147,53.732299613952634,52.76261993408203,71.41456774658619,0.8040603168466447,0.588494145809006,0.21556617103763864,55.77208893803397,53.732299613952634,51.6925102898713,7.592414018147335
2018-01-10,55.34999847412109,55.63899993896485,55.19900131225586,55.50699996948242,54.98379135131836,20734000,-0.0023813549720146376,53.87772464752197,52.839089965820314,69.53722874596946,0.8338601713849485,0.6375673509241946,0.19629282046075391,55.98698005268693,53.87772464752197,51.768469242357014,7.82978649883267
2018-01-11,55.615501403808594,55.74250030517578,55.32400131225586,55.602500915527344,55.078392028808594,22424000,0.001720519359710737,54.03592472076416,52.91800994873047,70.14638718579384,0.8553232648372315,0.681118533706802,0.17420473113042956,56.16419775611799,54.03592472076416,51.90765168541032,7.877252203425374
2018-01-12,55.505001068115234,56.56499862670898,55.4005012512207,56.532501220703125,55.99962615966797,38586000,0.016725871924102798,54.2340747833252,53.01561996459961,75.32169597263082,0.9365798636547567,0.7322107996963929,0.20436906395836374,56.51201044036591,54.2340747833252,51.956139126284484,8.400385426105169
2018-01-16,57.01549911499024,57.44400024414063,56.33300018310547,56.53499984741211,56.00210189819336,36462000,4.4209911657766554e-05,54.41714973449707,53.10371994018555,75.33406797151153,0.9897684869255556,0.7837223371422255,0.20604614978333013,56.81371895673272,54.41714973449707,52.020580512261425,8.808139470474224
2018-01-17,56.81800079345703,56.96599960327149,56.17449951171875,56.95500183105469,56.41814804077149,27830000,0.007429116559490412,54.58489990234375,53.19985000610352,77.38631894872452,1.053665504001799,0.8377109705141402,0.2159545334876588,57.18981352433783,54.58489990234375,51.97998628034967,9.544447737943841
2018-01-18,56.96749877929688,57.02949905395508,56.22299957275391,56.79850006103516,56.26311492919922,27498000,-0.0027479298232234717,54.71209983825683,53.28583000183105,74.8860514901836,1.079235213743715,0.8860158191600552,0.19321939458365966,57.48320578609491,54.71209983825683,51.94099389041875,10.129773691853131
2018-01-19,56.9015007019043,57.18899917602539,56.625,57.17499923706055,56.63607406616211,30552000,0.00662883911479506,54.871399879455566,53.386650009155275,76.82584559643485,1.1170036076262306,0.9322133768532904,0.1847902307729402,57.8186225919679,54.871399879455566,51.92417716694323,10.742290952980795
2018-01-22,57.19100189208984,58.34400177001953,57.09099960327149,58.20800018310547,57.65933227539063,29550000,0.018067251766659354,55.09789981842041,53.498420028686525,81.13198609894462,1.2162694776445875,0.9890245970115499,0.2272448806330376,58.326313230713225,55.09789981842041,51.86948640612759,11.71882566461631
2018-01-23,58.53099822998047,58.92549896240234,58.36249923706055,58.80849838256836,58.25416946411133,39138000,0.010316407860563759,55.36119976043701,53.61629997253418,83.09812768865638,1.3280842523723138,1.0568365280837027,0.2712477242886111,58.88472073523323,55.36119976043701,51.83767878564079,12.729207423406482
2018-01-24,59.249000549316406,59.352500915527344,58.369998931884766,58.56449890136719,58.01247787475586,37128000,-0.00414891486015212,55.61727466583252,53.739869918823246,79.47422297735268,1.3810892112526645,1.121687064717495,0.25940214653516946,59.2873196591545,55.61727466583252,51.94722967251054,13.197500292392453
2018-01-25,59.03549957275391,59.25,58.59199905395508,59.10699844360352,58.54985809326172,29984000,0.009263183339039971,55.90799961090088,53.877859878540036,81.41486894969178,1.4501547213087917,1.1873805960357544,0.26277412527303734,59.714029670193284,55.90799961090088,52.10196955160848,13.615332638552527
2018-01-26,59.37649917602539,59.37799835205078,58.4015007019043,59.37799835205078,58.818302154541016,42170000,0.004584879793418262,56.22639961242676,54.024219818115235,82.3144094591848,1.5093581224960388,1.2517761013278115,0.25758202116822737,60.074626025520395,56.22639961242676,52.378173199333126,13.68832590960751
2018-01-29,59.400001525878906,59.900001525878906,59.20299911499024,59.32400131225586,58.76481246948242,31494000,-0.0009094054588324463,56.55272464752197,54.16905982971191,81.46829480778844,1.534234435095044,1.308267768081258,0.2259666670137861,60.28775503524067,56.55272464752197,52.81769425980327,13.209020117061199
2018-01-30,58.88600158691406,59.39649963378906,58.72549819946289,58.868499755859375,58.3135986328125,37338000,-0.007678299610064165,56.86264972686767,54.31001983642578,74.5104442267356,1.4999039639988752,1.3465950072647814,0.15330895673409373,60.272002695825734,56.86264972686767,53.45329675790961,11.991537451506193
2018-01-31,59.19049835205078,59.31600189208984,58.60499954223633,59.11100006103516,58.5538215637207,36022000,0.004119501051904395,57.13517475128174,54.44376983642578,75.70030044174749,1.4752587022822965,1.3723277462682844,0.10293095601401214,60.342489957859904,57.13517475128174,53.92785954470357,11.227112616842795
2018-02-01,58.79949951171875,59.372501373291016,58.46799850463867,59.079498291015625,58.52261352539063,73514000,-0.0005329803844845715,57.36034965515137,54.589469833374025,75.20915482176216,1.4366247098556997,1.3851871389857675,0.05143757086993217,60.447461546160376,57.36034965515137,54.27323776414236,10.763922847641723
2018-02-02,56.37099838256836,56.56499862670898,55.55849838256836,55.959999084472656,55.43251800537109,117842000,-0.052801734814506784,57.41894969940186,54.674009780883786,44.45231705803713,1.1411351812518902,1.336376747438992,-0.19524156618710187,60.349021696590334,57.41894969940186,54.48887770221338,10.205940765297559
2018-02-05,55.03049850463867,55.7495002746582,52.83700180053711,53.11949920654297,52.618797302246094,83550000,-0.05075938825027504,57.29919967651367,54.68609977722168,31.728548577254543,0.6700293189353914,1.2031072617382719,-0.5330779428028805,60.69031019633683,57.29919967651367,53.908089156690515,11.836502216323758
2018-02-06,51.69900131225586,54.36899948120117,51.5004997253418,54.22150039672852,53.71040344238281,76630000,0.02074555474665174,57.22474975585938,54.71860977172852,39.02100120078778,0.3812025494550966,1.038726319281637,-0.6575237698265404,60.81182542797747,57.22474975585938,53.63767408374129,12.536798107188929
2018-02-07,54.24850082397461,54.32649993896485,52.73099899291992,52.77050018310547,52.27308654785156,51942000,-0.026760493357178228,57.081299781799316,54.71749977111816,33.88821401735461,0.0348202765595218,0.837945110737214,-0.8031248341776922,61.11246147267606,57.081299781799316,53.05013809092257,14.124281354091034
2018-02-08,52.993499755859375,53.19649887084961,50.23500061035156,50.385501861572266,49.91056823730469,66792000,-0.045195691828608386,56.82522487640381,54.65319984436035,27.4878950482845,-0.42721493470956773,0.5849131016478577,-1.0121280363574254,61.770831525460146,56.82522487640381,51.87961822734747,17.406377747956643
2018-02-09,51.29399871826172,52.58599853515625,49.84999847412109,52.3134994506836,51.82039642333984,98360000,0.038265005859173584,56.66077480316162,54.636179809570315,37.72687493190098,-0.6305394101085469,0.34182259929657677,-0.9723620094051236,61.963884485918584,56.66077480316162,51.35766512040466,18.718803973930314
2018-02-12,52.83349990844727,53.27849960327149,52.27450180053711,52.72800064086914,52.23098373413086,56240000,0.00792327614472077,56.470549774169925,54.65335983276367,39.698297526259424,-0.7495879564592371,0.12354048814541399,-0.8731284446046511,62.04444264725771,56.470549774169925,50.89665690108214,19.740884037354736
2018-02-13,52.5,53.06100082397461,52.34600067138672,52.70700073242188,52.21018600463867,31586000,-0.0003981875891531095,56.27914981842041,54.67132987976074,39.62984684641209,-0.83599250306073,-0.06836611009581484,-0.7676263929649152,62.088949772287634,56.27914981842041,50.46934986455318,20.646367163015153
2018-02-14,52.71599960327149,53.77349853515625,52.4900016784668,53.6349983215332,53.12944030761719,41304000,0.017606800000613765,56.113149642944336,54.71895980834961,44.208015845301716,-0.8201330951064563,-0.21871950709794313,-0.6014135880085132,62.02504472912652,56.113149642944336,50.20125455676215,21.07133576995903
2018-02-15,54.17250061035156,54.70500183105469,53.36149978637695,54.56800079345703,54.05364227294922,37396000,0.01739528893925746,56.00162467956543,54.79844985961914,48.44143250729849,-0.723933839318093,-0.3197623735419731,-0.40417146577611984,61.94168429159774,56.00162467956543,50.061565067533124,21.21388315435709
2018-02-16,54.66899871826172,55.41550064086914,54.57749938964844,54.775001525878906,54.25868988037109,39948000,0.0037934096353111624,55.88162479400635,54.87434989929199,49.35953395671132,-0.6238012147970551,-0.38057014179298954,-0.24323107300406555,61.81898680134237,55.88162479400635,49.94426278667033,21.249783016233412
2018-02-20,54.63800048828125,55.81449890136719,54.5,55.179500579833984,54.65937423706055,33754000,0.007384703861683439,55.73019981384277,54.94521987915039,51.18864879213694,-0.5059731517964323,-0.40565074379367816,-0.10032240800275416,61.57628745430039,55.73019981384277,49.884112173385155,20.979962964372913
2018-02-21,55.45500183105469,56.810001373291016,55.3754997253418,55.6875,55.162593841552734,41486000,0.009206464792474556,55.57414989471435,55.01439987182617,53.4620741079328,-0.3673674717479827,-0.3979940893845391,0.03062661763655644,61.2472896453329,55.57414989471435,49.90101014409581,20.416469748494045
2018-02-22,55.95849990844727,56.27299880981445,55.25749969482422,55.494998931884766,54.97190475463867,28010000,-0.003456854974256518,55.420674896240236,55.074919815063474,52.464872221118384,-0.26994296464516765,-0.3723838644366648,0.10244089979149718,60.92550113038126,55.420674896240236,49.915848662099215,19.865605189569678
2018-02-23,55.93299865722656,56.45000076293945,55.422000885009766,56.40449905395508,55.87282943725586,25292000,0.016388820555488737,55.28554992675781,55.15103981018066,56.58517944566256,-0.11798423322116491,-0.3215039381935649,0.20351970497239996,60.54918579695898,55.28554992675781,50.02191405655664,19.041633400316808
2018-02-26,56.59299850463867,57.209999084472656,56.46699905395508,57.185001373291016,56.64598083496094,30912000,0.013837699029960682,55.175900077819826,55.24596984863281,59.80507837654694,0.0646785958839331,-0.2442674313780653,0.3089460272619984,60.1788718500159,55.175900077819826,50.17292830562375,18.134626766903335
2018-02-27,57.185001373291016,57.212501525878906,55.839500427246094,55.8754997253418,55.34881591796875,42964000,-0.022899504922891167,55.00347499847412,55.31208984375,52.73793524903163,0.10259175109130325,-0.1748955948841916,0.27748734597549485,59.64754046792844,55.00347499847412,50.3594095290198,16.886443882257083
2018-02-28,56.09999847412109,56.38249969482422,55.150001525878906,55.19599914550781,54.67571640014648,49292000,-0.012161046386608532,54.81984996795654,55.358539810180666,49.471109716694684,0.0769214788471757,-0.12453218013791814,0.20145365898509385,59.11545252308727,54.81984996795654,50.524247412825815,15.671704893908341
2018-03-01,55.47700119018555,55.5634994506836,53.36449813842773,53.570499420166016,53.065547943115234,55338000,-0.029449425870292423,54.54282493591309,55.357949829101564,42.662872707338366,-0.07373664962032223,-0.11437307403439897,0.04063642441407675,58.386600602119195,54.54282493591309,50.69904926970698,14.094523599474279
2018-03-02,52.89899826049805,54.34450149536133,52.50550079345703,54.20700073242188,53.696044921875,50162000,0.011881474953121085,54.2992000579834,55.35699981689453,45.80784293144206,-0.14015830770271265,-0.11953012076806172,-0.020628186934650933,57.53083642374051,54.2992000579834,51.06756369222629,11.903071729624779
2018-03-05,53.90650177001953,55.05899810791016,53.61349868774414,54.73799896240234,54.2220344543457,28648000,0.009795684826247264,54.23810005187988,55.37197982788086,48.35294175925192,-0.14824198947592038,-0.12527249450963346,-0.02296949496628692,57.386972702833994,54.23810005187988,51.08922740092577,11.611294082728369
2018-03-06,55.10499954223633,55.28150177001953,54.72499847412109,55.04499816894531,54.52614212036133,23382000,0.005608562442851239,54.334375,55.39931976318359,49.82026382809484,-0.12839602579080633,-0.12589720076586805,-0.0024988250249382837,57.45820067589994,54.334375,51.210549324100064,11.498524372093861
2018-03-07,54.64099884033203,55.810001373291016,54.49549865722656,55.75199890136719,55.22648239135742,30748000,0.012844119238257568,54.41089992523193,55.44350975036621,53.123235026650114,-0.0549850724449783,-0.1117147751016901,0.0567297026567118,57.59433297252811,54.41089992523193,51.227466877935754,11.701453391400078
2018-03-08,55.86000061035156,56.571998596191406,55.86000061035156,56.46900177001953,55.93672561645508,33862000,0.012860555196410717,54.595825004577634,55.504029769897464,56.26714401934667,0.06035405229048507,-0.07730100962325506,0.13765506191374013,57.80618810003012,54.595825004577634,51.38546190912515,11.760471044015949
2018-03-09,56.97499847412109,58.04999923706055,56.714500427246094,58.04199981689453,57.49489212036133,42662000,0.027855876201803964,54.97864990234375,55.59901977539062,62.24896212193419,0.2755129936169567,-0.006738208975212712,0.2822512025921694,57.902700443792845,54.97864990234375,52.05459936089465,10.637040184300508
2018-03-12,58.25249862670898,58.90800094604492,57.959999084472656,58.29650115966797,57.74700164794922,44306000,0.004384903045997923,55.27779998779297,55.70474983215332,63.127725340783066,0.4612471659473414,0.08685886600929811,0.3743882999380433,58.27331838726915,55.27779998779297,52.282281588316785,10.838052166105324
2018-03-13,58.59149932861328,58.900001525878906,56.72850036621094,56.99549865722656,56.458255767822266,43140000,-0.02231710466949799,55.49117488861084,55.78870979309082,55.95689686410836,0.4977253387641696,0.16903216056027243,0.32869317820389715,58.3338527617235,55.49117488861084,52.64849701549819,10.245513376924714
2018-03-14,57.290000915527344,57.98799896240234,57.11750030517578,57.44449996948242,56.90302658081055,41870000,0.007877870241286722,55.72804985046387,55.88419982910156,57.741010306149775,0.5564507886580046,0.24651588617981887,0.30993490247818567,58.386837004033524,55.72804985046387,53.069262696894214,9.542006801616166
2018-03-15,57.47850036621094,58.125,56.78300094604492,57.53049850463867,56.98822021484375,33382000,0.001497172279794512,55.92282485961914,55.961599807739255,58.09117964676728,0.6029797190014463,0.3178086527441444,0.28517106625730193,58.509519893993456,55.92282485961914,53.336129825244825,9.250945533840946
2018-03-16,57.76750183105469,57.84049987792969,56.56800079345703,56.72100067138672,56.18635559082031,58656000,-0.014070708314813718,56.03047485351563,56.00449981689453,53.58975389407232,0.5679871196777526,0.36784434613086603,0.2001427735468866,58.5612740141289,56.03047485351563,53.49967569290236,9.033652373033478
2018-03-19,55.88800048828125,55.96849822998047,54.44599914550781,55.00350189208984,54.48503875732422,63656000,-0.030279892967004507,56.041899871826175,56.008809890747074,45.52871970432943,0.39709002818761974,0.3736934825422168,0.023396545645402944,58.551902721347616,56.041899871826175,53.53189702230473,8.957593712069317
2018-03-20,54.91999816894531,55.27750015258789,54.12099838256836,54.790000915527344,54.273555755615234,54598000,-0.003881487588747623,56.02242488861084,55.994319915771484,44.630000535712824,0.2416396361184283,0.34728271325745913,-0.10564307713903082,58.56472717124985,56.02242488861084,53.480122605971836,9.076016569057323
2018-03-21,54.62850189208984,55.435001373291016,54.36050033569336,54.70000076293945,54.18440246582031,44898000,-0.0016426653561517623,55.97304992675781,55.974109954833985,44.23361385538937,0.10991479100172796,0.2998091288063129,-0.18989433780458492,58.57706135651554,55.97304992675781,53.369038497000076,9.304518632324484
2018-03-22,54.0004997253418,54.19599914550781,52.48199844360352,52.657501220703125,52.1611557006836,69312000,-0.03734002172328066,55.83117504119873,55.914469985961915,36.344409838442125,-0.15747546185787087,0.20835221067347615,-0.365827672531347,58.80661243549956,55.83117504119873,52.85573764689791,10.658695225759454
2018-03-23,52.56850051879883,53.3390007019043,51.243499755859375,51.32749938964844,50.84368896484375,49880000,-0.02525762165623535,55.5773250579834,55.83087997436523,32.30411079815316,-0.47127166971681334,0.07242743459541824,-0.5436991043122316,59.125049289324224,55.5773250579834,52.02960082664258,12.766804547140435
2018-03-26,52.52999877929688,52.9635009765625,50.52899932861328,52.704498291015625,52.207706451416016,65984000,0.0268276656226778,55.353299903869626,55.772919921875,39.769590872446585,-0.6019067159961864,-0.06243939552290269,-0.5394673204732837,59.030160010343785,55.353299903869626,51.67643979739547,13.28506200302294
2018-03-27,53.19499969482422,53.22700119018555,49.88100051879883,50.34700012207031,49.87243270874024,60816000,-0.0447304411820687,55.07687492370606,55.649209899902345,33.04965887244312,-0.8854593074301249,-0.22704337790434714,-0.6584159295257778,59.33970568908805,55.07687492370606,50.814044158324066,15.479566592283886
2018-03-28,50.09550094604492,51.2495002746582,49.20000076293945,50.25899887084961,49.785255432128906,77698000,-0.001748005298246813,54.83002490997315,55.523689880371094,32.82668042422402,-1.1045452346346565,-0.40254374925040903,-0.7020014853842474,59.58055479970766,54.83002490997315,50.07949502023863,17.328206206488268
2018-03-29,50.56050109863281,52.40250015258789,50.20199966430664,51.85699844360352,51.368194580078125,69338000,0.03179534049207011,54.74434986114502,55.42172981262207,40.65633762030915,-1.1361305936249693,-0.5492611181253211,-0.5868694754996482,59.64217282235404,54.74434986114502,49.846526899935995,17.8934373086245
2018-04-02,51.38100051879883,51.97650146484375,49.712501525878906,50.63150024414063,50.15425109863281,65068000,-0.0236322006519597,54.56557483673096,55.29838981628418,37.08624485929979,-1.2456901404420506,-0.688546922588667,-0.5571432178533836,59.77961216869552,54.56557483673096,49.3515375047664,19.11108733873255
2018-04-03,50.807498931884766,51.25,49.86249923706055,50.93399810791016,50.45389175415039,51322000,0.005974382010575985,54.37537479400635,55.17356979370117,38.521305330683994,-1.2932006094659343,-0.8094776599641205,-0.4837229495018138,59.82268651317115,54.37537479400635,48.928063074841546,20.035950978917185
2018-04-04,49.9114990234375,51.637001037597656,49.82550048828125,51.48550033569336,51.00019836425781,50724000,0.010827838866611872,54.19739990234375,55.03911979675293,41.156616330060096,-1.2716921028157202,-0.9019205485344405,-0.3697715542812797,59.77656655172876,54.19739990234375,48.61823325295873,20.58831847814805
2018-04-05,52.31949996948242,52.33549880981445,51.20000076293945,51.63199996948242,51.14531707763672,35836000,0.0028454539008344604,53.991399955749515,54.89558982849121,41.869445808899236,-1.2286619105474443,-0.9672688209370414,-0.261393089610403,59.629684831771186,53.991399955749515,48.35311507972784,20.885862862021433
2018-04-06,51.15499877929688,51.79999923706055,50.3125,50.497501373291016,50.0215072631836,40134000,-0.021972878039786425,53.69282493591309,54.734249877929685,38.02760717410279,-1.2714482643291873,-1.0281047096154707,-0.2433435547137166,59.406618026687354,53.69282493591309,47.97903184513882,21.283264933793895
2018-04-09,51.00199890136719,52.22949981689453,50.959999084472656,51.00450134277344,50.523738861083984,33220000,0.010040313164854098,53.34095001220703,54.57219993591308,40.64857512559183,-1.2500364554606875,-1.0724910587845142,-0.1775453966761733,58.80121740086681,53.34095001220703,47.88068262354725,20.473078891209106
2018-04-10,51.51300048828125,52.06050109863281,50.77050018310547,51.82500076293945,51.33649826049805,36620000,0.01608668356173637,53.017374992370605,54.42113998413086,44.72297050600293,-1.1535624468415122,-1.0887053363959138,-0.06485711044559839,58.01175581205823,53.017374992370605,48.02299417268298,18.840543578049036
2018-04-11,51.59999847412109,51.79349899291992,50.959999084472656,51.25299835205078,50.76988983154297,34060000,-0.011037146049189483,52.73024997711182,54.259719924926756,42.530965570200436,-1.1104612085145718,-1.0930565108196455,-0.017404697694926252,57.428290854085766,52.73024997711182,48.03220910013787,17.819148890866963
2018-04-12,51.57350158691406,52.23249816894531,51.3025016784668,51.86449813842773,51.3756217956543,32896000,0.011930929259865941,52.45124988555908,54.11963989257813,45.60060984871798,-1.0152569937210671,-1.07749660739993,0.06223961367886277,56.63040034091435,52.45124988555908,48.27209943020381,15.935370327584423
2018-04-13,52.34450149536133,52.64899826049805,51.50749969482422,51.80199813842773,51.31371688842773,25410000,-0.0012049471142713264,52.164824867248534,53.97345985412598,45.334079087648234,-0.9340826716609527,-1.0488138202521344,0.11473114859118172,55.637819774153186,52.164824867248534,48.69182996034388,13.315466564846682
2018-04-16,52.27750015258789,52.57149887084961,51.69599914550781,52.30500030517578,51.81196975708008,29776000,0.009709935254460511,51.944024848937985,53.83796989440918,47.969842071689754,-0.8197142103443653,-1.0029938982705806,0.1832796879262153,54.72230944020626,51.944024848937985,49.16574025766971,10.697224942995835
2018-04-17,53.060001373291016,54.25,52.85449981689453,53.96799850463867,53.45929718017578,54584000,0.03179434078301169,51.89224967956543,53.7981298828125,55.5931919093187,-0.5881069929985117,-0.9200165172161668,0.3319095242176552,54.47204744561298,51.89224967956543,49.31245191351788,9.94290200165842
2018-04-18,53.95050048828125,54.09999847412109,53.5260009765625,53.76950073242188,53.26266860961914,31126000,-0.0036780986830772244,51.841224670410156,53.81112991333008,54.56551289280126,-0.4157808530553879,-0.8191693843840111,0.4033885313286232,54.222477316698054,51.841224670410156,49.45997202412226,9.186714478398752
2018-04-19,53.45100021362305,54.8754997253418,53.45100021362305,54.47249984741211,53.95904541015625,39884000,0.013074388097995993,51.82984962463379,53.81614990234375,57.557892232375096,-0.21994955072973,-0.6993254176531549,0.47937586692342493,54.15794933486215,51.82984962463379,49.50174991440542,8.983625177727166
2018-04-20,54.2135009765625,54.73749923706055,53.60499954223633,53.86600112915039,53.35826110839844,42434000,-0.01113407950772849,51.890274620056154,53.83805992126465,54.238932785914116,-0.11239558425923235,-0.5819394509743704,0.46954386671513804,54.35961151433608,51.890274620056154,49.42093772577623,9.517532571799114
2018-04-23,54.14899826049805,54.400001525878906,53.33399963378906,53.69049835205078,53.18441390991211,69590000,-0.00325811214374383,52.00842456817627,53.90415985107422,53.28149133577331,-0.040849016288760254,-0.4737213640372484,0.43287234774848815,54.58264385983425,52.00842456817627,49.434205276518284,9.899239644467663
2018-04-24,52.959999084472656,53.2244987487793,50.64300155639648,51.13199996948242,50.650028228759766,128220000,-0.04765278950794272,51.92979965209961,53.88052986145019,41.719637954599634,-0.18842523410891943,-0.4166621380515826,0.22823690394266316,54.51022553589196,51.92979965209961,49.34937376830726,9.938131481653118
2018-04-25,51.48749923706055,51.80350112915039,50.85049819946289,51.14950180053711,50.6673698425293,57860000,0.0003423811274341215,51.969924736022946,53.848959884643556,41.812655023619115,-0.30050417340972047,-0.3934305451232102,0.09292637171348972,54.474496501671624,51.969924736022946,49.46535297037427,9.638542977964459
2018-04-26,51.6609992980957,52.60100173950195,51.022499084472656,52.16550064086914,51.673789978027344,50926000,0.01986327963393264,52.065249824523924,53.8381298828125,47.09173606867916,-0.30384241866551065,-0.3755129198316703,0.07167050116615964,54.44405808980743,52.065249824523924,49.68644155924042,9.137796412389553
2018-04-27,52.277000427246094,52.584999084472656,51.37950134277344,51.5724983215332,51.08638381958008,40746000,-0.011367584198818004,52.05102481842041,53.7968798828125,44.55113529037642,-0.35030028964011706,-0.37047039379335966,0.020170104153242607,54.43803266109613,52.05102481842041,49.66401697574469,9.171799598577664
2018-04-30,51.72100067138672,51.91849899291992,50.915000915527344,50.92900085449219,50.44893646240234,34492000,-0.012477832829761226,52.06589984893799,53.7240998840332,41.90889066138745,-0.43404001168171646,-0.38318431737103104,-0.05085569431068543,54.42083061789762,52.06589984893799,49.710969079978355,9.045962043457001
2018-05-01,50.81499862670898,52.08649826049805,50.53049850463867,52.03749847412109,51.546993255615234,35326000,0.021765707469992623,52.12107486724854,53.66934982299804,47.666791919469496,-0.4062745705566613,-0.38780236800815715,-0.018472202548504124,54.418343422154656,52.12107486724854,49.82380631234242,8.815123482227568
2018-05-02,51.70000076293945,52.19900131225586,51.15800094604492,51.3025016784668,50.81892776489258,34698000,-0.01412430570125145,52.111924934387204,53.591809844970705,44.51609270125435,-0.4385233331968479,-0.3979465610458953,-0.04057677215095257,54.420675536838914,52.111924934387204,49.803174331935494,8.860738133771104
2018-05-03,51.26850128173828,51.53450012207031,50.39450073242188,51.31499862670898,50.83130645751953,39282000,0.0002435842937147381,52.09607486724853,53.504359817504884,44.58316388283286,-0.45779513331788024,-0.40991627550029236,-0.04787885781758788,54.42207511647339,52.09607486724853,49.77007461802368,8.929656428634901
2018-05-04,50.980499267578125,52.59400177001953,50.90250015258789,52.54999923706055,52.054664611816406,36892000,0.024067021675298728,52.19869976043701,53.445459823608395,50.89998307452091,-0.36915851625283835,-0.4017647236508016,0.03260620739796327,54.411903706794284,52.19869976043701,49.985495814079734,8.479919831392928
2018-05-07,52.69449996948242,53.25,52.51350021362305,52.97299957275391,52.47368240356445,34400000,0.008049572403794336,52.29712467193603,53.376829833984374,52.88109989905247,-0.26176332207246134,-0.3737644433351336,0.11200112126267225,54.463736756061344,52.29712467193603,50.13051258781072,8.285778989635242
2018-05-08,53.23099899291992,53.26150131225586,52.58200073242188,52.929500579833984,52.43058395385742,26030000,-0.0008213345763609103,52.35234966278076,53.29171981811523,52.64585738016644,-0.17810873550227058,-0.334633301768561,0.1565245662662904,54.52430923545041,52.35234966278076,50.18039009011111,8.297467397967724
2018-05-09,53.20500183105469,54.70000076293945,53.105499267578125,54.4474983215332,53.93427658081055,47160000,0.02867968490063899,52.512074661254886,53.26315979003906,59.42868837424311,0.01055617337633663,-0.2655954067395815,0.2761515801159181,54.80370617708259,52.512074661254886,50.22044314542718,8.728017434506517
2018-05-10,54.75,55.47050094604492,54.69400024414063,55.27349853515625,54.75249099731445,36414000,0.015170582946041122,52.68252468109131,53.26470977783203,62.57037065219831,0.22414201733518269,-0.16764792192462866,0.3917899392598113,55.247009709117975,52.68252468109131,50.11803965306464,9.735619329371684
2018-05-11,55.02050018310547,55.45050048828125,54.86100006103516,55.16899871826172,54.64897537231445,30504000,-0.0018906103286712161,52.850874710083005,53.29667976379395,61.91712868855321,0.38059086105683093,-0.05800016532833674,0.43859102638516767,55.59762947870804,52.850874710083005,50.10411994145797,10.394358782868004
2018-05-14,55.27849960327149,55.907501220703125,55.2400016784668,55.33000183105469,54.80846405029297,39338000,0.0029184202794645397,53.00212478637695,53.3191397857666,62.56558368431484,0.5116710768329753,0.05593408310392567,0.45573699372904963,55.938580796578634,53.00212478637695,50.06566877617527,11.080521854687733
2018-05-15,54.845001220703125,54.95600128173828,53.93899917602539,54.243499755859375,53.732200622558594,35738000,-0.01963681059820943,53.01589984893799,53.309249801635744,55.67591286066956,0.5218657119487489,0.1491204088728903,0.37274530307585857,55.972863637269036,53.01589984893799,50.058936060606946,11.15500744779032
2018-05-16,54.25450134277344,54.71900177001953,54.08150100708008,54.204498291015625,53.69357299804688,25628000,-0.0007188915410900609,53.03764972686768,53.29243980407715,55.43990823407774,0.520794546118033,0.22345523632191883,0.29733930979611417,56.02273146942107,53.03764972686768,50.05256798431429,11.25646312732902
2018-05-17,54.073001861572266,54.54999923706055,53.82099914550781,54.0629997253418,53.55340194702149,25738000,-0.0026105741003767946,53.01717472076416,53.25865982055664,54.536679664777736,0.5027326981784697,0.27931072869322904,0.22342196948524062,55.968029792843225,53.01717472076416,50.066319648685095,11.13169491818795
2018-05-18,53.29999923706055,53.686500549316406,53.23400115966797,53.48199844360352,52.97787857055664,35482000,-0.010746719266017779,52.99797458648682,53.19891975402832,50.87178201509453,0.4365048495609116,0.3107495528667656,0.12575529669414603,55.9314336436645,52.99797458648682,50.06451552930914,11.070079866507346
2018-05-21,53.95000076293945,54.665000915527344,53.900001525878906,54.20050048828125,53.68960571289063,25180000,0.013434421338448077,53.02347469329834,53.12208976745605,54.907434001948495,0.43695892216177157,0.33599142672576676,0.1009674954360048,55.98925905735303,53.02347469329834,50.05769032924365,11.186684317501125
2018-05-22,54.4900016784668,54.59000015258789,53.61299896240234,53.76549911499024,53.25870895385742,22226000,-0.008025701684930664,53.15514965057373,53.0314697265625,52.116160379742034,0.39763412394081143,0.34831996616877575,0.04931415777203568,56.00490550658805,53.15514965057373,50.305393794559414,10.722407423355113
2018-05-23,53.5,54.400001525878906,53.34799957275391,54.29800033569336,53.78618621826172,23740000,0.009904056533951877,53.312574577331546,52.977519760131834,55.12364555866469,0.4047713836933937,0.35961024967369937,0.04516113401969435,56.04729117812467,53.312574577331546,50.577857976538425,10.259180399649727
2018-05-24,54.345001220703125,54.35599899291992,53.6150016784668,54.272499084472656,53.76092147827149,20604000,-0.00046972544005452477,53.41792449951172,52.91407974243164,54.94566460707028,0.40371618672191545,0.3684314370833426,0.035284749638572865,56.130011472855266,53.41792449951172,50.705837526168175,10.154220699339737
2018-05-25,54.32749938964844,54.47850036621094,54.130001068115234,54.20399856567383,53.69307327270508,22224000,-0.0012620357631674128,53.54949951171875,52.847549743652344,54.437214269363466,0.3928242823332795,0.37331000613333,0.0195142761999495,56.14345994847477,53.54949951171875,50.95553907496273,9.688084708199222
2018-05-29,53.79999923706055,54.06700134277344,53.15399932861328,53.40349960327149,52.90011596679688,36076000,-0.014768335235362584,53.673224449157715,52.78119972229004,48.75888618649157,0.3159566419245152,0.36183933329156703,-0.04588269136705181,55.975019370306526,53.673224449157715,51.3714295280089,8.57706964607353
2018-05-30,53.67399978637695,53.949501037597656,53.32749938964844,53.87350082397461,53.36569213867188,28686000,0.008801042556640493,53.76502456665039,52.75859970092773,51.929382042221945,0.2896250365102162,0.3473964739352969,-0.057771437425080674,55.94159366615535,53.76502456665039,51.58845546714543,8.096598549143234
2018-05-31,54.09999847412109,55.5,53.900001525878906,55.0,54.481563568115234,79368000,0.020909902686987225,53.94989948272705,52.762799682617185,58.54935870494996,0.3555574732445095,0.3490286737971394,0.0065287994473700595,55.871608923764434,53.94989948272705,52.02819004168966,7.12405197956913
2018-06-01,55.64350128173828,56.90800094604492,55.60049819946289,56.75,56.2150764465332,63202000,0.031818339358977044,54.2216495513916,52.8037996673584,66.3110458850867,0.5427631433554865,0.38777556770880883,0.15498757564667764,56.11298422660193,54.2216495513916,52.33031487618127,6.976308138385619
2018-06-04,56.92499923706055,57.89300155639648,56.84999847412109,57.652000427246094,57.10856628417969,44754000,0.015894131861517558,54.47674961090088,52.90368965148926,69.4829550159761,0.7552033674865015,0.4612611276643474,0.2939422398221541,56.73759484306981,54.47674961090088,52.215904378731956,8.300220730190286
2018-06-05,57.733001708984375,58.05500030517578,57.37300109863281,57.55099868774414,57.008522033691406,32964000,-0.0017518256366382268,54.70564956665039,53.028159637451175,68.7029180475483,0.9049817135264675,0.5500052448367715,0.354976468689696,57.22354333857593,54.70564956665039,52.18775579472486,9.205242207600042
2018-06-06,57.63850021362305,57.73550033569336,56.81600189208984,57.34749984741211,56.806941986083984,34934000,-0.0035359634036520315,54.9265495300293,53.1210196685791,67.06919745271722,0.9957827128928116,0.6391607384479795,0.3566219744448321,57.55514904458768,54.9265495300293,52.29795001547092,9.571325841690747
2018-06-07,57.229000091552734,57.29349899291992,56.305999755859375,56.72100067138672,56.18635559082031,36108000,-0.010924481649015716,55.040224647521974,53.24849967956543,62.16788967922687,1.0055980036206265,0.7124481914825089,0.2931498121381175,57.770785074661454,55.040224647521974,52.309664220382494,9.922054078180132
2018-06-08,56.56050109863281,56.93899917602539,56.1614990234375,56.635501861572266,56.101654052734375,27284000,-0.0015075108039179774,55.10832481384277,53.37602973937988,61.5072879723447,0.9950078220276453,0.7689601175915363,0.226047704436109,57.925328230995774,55.10832481384277,52.29132139668977,10.223513150395727
2018-06-11,56.64699935913086,57.387001037597656,56.56999969482422,57.04499816894531,56.50729751586914,24796000,0.007230508083655884,55.202124786376956,53.47978973388672,63.507394130188565,1.0080379228261194,0.8167756786384529,0.19126224418766646,58.14316524601014,55.202124786376956,52.26108432674377,10.655533536125732
2018-06-12,57.05099868774414,57.4375,57.05099868774414,57.40950012207031,56.86835861206055,26092000,0.006389636596759951,55.30609970092773,53.61534973144531,65.2388188528142,1.0358361584836047,0.8605877746074833,0.1752483838761214,58.40088669207759,55.30609970092773,52.21131270977787,11.191485235390578
2018-06-13,57.61399841308594,57.78200149536133,57.16899871826172,57.21149826049805,56.67222213745117,34302000,-0.0034489561400454782,55.45449962615967,53.74089973449707,63.47696852037765,1.0300159819817623,0.8944734160823391,0.13554256589942315,58.61518015017118,55.45449962615967,52.293819102148156,11.399185080809984
2018-06-14,57.61050033569336,58.29949951171875,57.52999877929688,58.00550079345703,57.458744049072266,35422000,0.01387843782997411,55.64454975128174,53.871299743652344,67.29165453476705,1.077057174166697,0.9309901676992107,0.14606700646748627,58.9361217006956,55.64454975128174,52.35297780186787,11.83070746057405
2018-06-15,57.99599838256836,58.195499420166016,57.68450164794922,57.9635009765625,57.41713333129883,44438000,-0.0007241842553659117,55.83957481384277,53.99792976379395,66.8936508698259,1.098288240494746,0.9644497822583178,0.13383845823642826,59.19480262402147,55.83957481384277,52.48434700366408,12.01738308847913
2018-06-18,57.634498596191406,59.20650100708008,57.54999923706055,59.17900085449219,58.62117385864258,33038000,0.02097005645329575,56.12442493438721,54.17155975341797,72.04656848686474,1.199369114740513,1.0114336487547568,0.18793546598575617,59.59598298249634,56.12442493438721,52.652866886278076,12.370934943805976
2018-06-19,58.50550079345703,59.14049911499024,58.08050155639648,58.93450164794922,58.37899017333984,47282000,-0.004131334624699501,56.361124992370605,54.330159759521486,69.69660690722036,1.2453912975764752,1.0582251785191006,0.18716611905737457,59.92014406845741,56.361124992370605,52.8021059162838,12.629340087049634
2018-06-20,59.165000915527344,60.074501037597656,59.10150146484375,59.20349884033203,58.645450592041016,51686000,0.0045643204500454004,56.63302497863769,54.47772972106934,70.82413201853673,1.2887145354007004,1.1043230498954206,0.18439148550527973,60.188198877769956,56.63302497863769,53.07785107950543,12.55512627295927
2018-06-21,59.2755012512207,59.51649856567383,58.17399978637695,58.47200012207031,57.92083740234375,44966000,-0.012355829520996231,56.841724967956544,54.622109756469726,63.865096662598496,1.2496178634597612,1.1333820126082887,0.11623585085147248,60.31317086410785,56.841724967956544,53.370279071805236,12.214428390793106
2018-06-22,58.574501037597656,58.75,57.98249816894531,58.464500427246094,57.91341781616211,34220000,-0.0001280987381121479,57.05132503509522,54.75410980224609,63.79588565711595,1.2041476421131065,1.1475351385092525,0.05661250360385406,60.38024431430723,57.05132503509522,53.72240575588321,11.669910478553193
2018-06-25,57.75,57.79949951171875,55.994998931884766,56.9640007019043,56.42706298828125,57682000,-0.025665120172998268,57.189325141906735,54.85734985351562,51.71936607367361,1.0351023607787653,1.1250485829631551,-0.08994622218438986,60.25291763320341,57.189325141906735,54.12573265061006,10.713861314833945
2018-06-26,57.20700073242188,57.34349822998047,56.45000076293945,56.63100051879883,56.097198486328125,34688000,-0.005845856305185193,57.3507001876831,54.94386985778809,49.48075488004697,0.8642993210721812,1.0728987305849604,-0.20859940951277922,59.89575060099307,57.3507001876831,54.80564977437314,8.875394389191964
2018-06-27,56.79999923706055,57.31050109863281,55.834999084472656,55.84700012207031,55.32059097290039,34538000,-0.013843962521889686,57.44937515258789,54.981449890136716,44.587527860529285,0.6580883686163403,0.9899366581912364,-0.3318482895748961,59.56417403332412,57.44937515258789,55.33457627185166,7.362304203028279
2018-06-28,55.61949920654297,56.70000076293945,55.30350112915039,56.3390007019043,55.807952880859375,29726000,0.008809774071244503,57.51632518768311,55.032839889526365,48.05892272661736,0.5282754080338066,0.8976044081597505,-0.36932900012594394,59.38745950506639,57.51632518768311,55.64519087029983,6.506445991733756
2018-06-29,56.615501403808594,57.06800079345703,56.35100173950195,56.45949935913086,55.92731475830078,31562000,0.0021387969147734776,57.50180015563965,55.072579879760745,48.90321218395632,0.43016229296262054,0.8041159851203246,-0.373953692157704,59.40080648400969,57.50180015563965,55.60279382726961,6.605032618909382
2018-07-02,55.76750183105469,57.14950180053711,55.33000183105469,57.105499267578125,56.56722259521485,23216000,0.011441776521535774,57.47447509765625,55.137369842529296,53.287033036965575,0.3999236650996494,0.7232775211161896,-0.3233538560165402,59.37976700559892,57.47447509765625,55.569183189713584,6.630045440886034
2018-07-03,57.47100067138672,57.49549865722656,55.72150039672852,55.81399917602539,55.28789520263672,16448000,-0.022616054561009236,57.38762512207031,55.17983985900879,44.978718255416936,0.268649249469469,0.6323518667868455,-0.3637026173173765,59.42483656586545,57.38762512207031,55.350413678275174,7.099828367045144
2018-07-05,56.22999954223633,57.20700073242188,56.15599822998047,57.06449890136719,56.52660751342773,28594000,0.022404765206759603,57.373475074768066,55.298489837646486,52.673093513539044,0.26249235776973734,0.5583799649834239,-0.29588760721368657,59.4155303322827,57.373475074768066,55.33141981725343,7.118464603559271
2018-07-06,57.0885009765625,57.810001373291016,56.86199951171875,57.75400161743164,57.20960998535156,21820000,0.012082849156684228,57.42512512207031,55.430579833984375,56.30173389223848,0.3096802819899622,0.5086400283847317,-0.19895974639476943,59.45074460403591,57.42512512207031,55.399505640104714,7.054819567775181
2018-07-09,58.0,58.39649963378906,57.86149978637695,58.36399841308594,57.81385803222656,21584000,0.010562002555684513,57.511549949645996,55.55454978942871,59.27652769536779,0.3917824709099662,0.4852685168897786,-0.09348604597981242,59.54252334066943,57.511549949645996,55.48057655862256,7.062836570398981
2018-07-10,58.4995002746582,58.67499923706055,58.12799835205078,58.35699844360352,57.80692672729492,21334000,-0.0001198900258096991,57.57714996337891,55.69023979187012,59.226700839811194,0.45108438807194773,0.4784316911262125,-0.02734730305426475,59.62826234114133,57.57714996337891,55.526037585616486,7.124744378862107
2018-07-11,57.78099822998047,59.02199935913086,57.76850128173828,58.573001861572266,58.02088928222656,33252000,0.0037013307408817475,57.635325050354005,55.84311981201172,60.33470297197729,0.5096364831442628,0.4846726495298226,0.024963833614440212,59.72966206478146,57.635325050354005,55.54098803592655,7.267546465983152
2018-07-12,58.74300003051758,60.0994987487793,58.65499877929688,60.0629997253418,59.496849060058594,44148000,0.025438420473919976,57.77790012359619,56.00362983703613,66.99704947922979,0.6685630369843025,0.5214507270207186,0.14711230996358393,60.11193781821819,57.77790012359619,55.44386242897419,8.079344142411257
2018-07-13,60.13999938964844,60.52199935913086,59.76449966430664,60.22100067138672,59.65336227416992,32612000,0.0026306134960749628,57.888675117492674,56.18199981689453,67.61817104025116,0.7980632553527656,0.576773232687128,0.22129002266563758,60.45422285767682,57.888675117492674,55.32312737730853,8.863729339035753
2018-07-16,60.19049835205078,60.43550109863281,59.66999816894531,59.82550048828125,59.26158905029297,26784000,-0.00656749609647056,57.98177509307861,56.352209854125974,64.35329776529102,0.8588789302899968,0.6331943722077018,0.22568455808229504,60.682979177722444,57.98177509307861,55.28057100843478,9.317424588355804
2018-07-17,59.137001037597656,60.9379997253418,59.09999847412109,60.65399932861328,60.082279205322266,40162000,0.013848601905237734,58.05552501678467,56.51428985595703,67.85476025182615,0.9628298203637158,0.6991214618389047,0.2637083585248111,60.95659962288278,58.05552501678467,55.154450410686565,9.994137871492386
2018-07-18,60.42649841308594,61.079498291015625,60.22800064086914,60.64550018310547,60.073856353759766,38948000,-0.0001401886159098087,58.14107494354248,56.66773986816406,67.781206055498,1.0326224112884859,0.7658216517288209,0.266800759559665,61.235268376261125,58.14107494354248,55.04688151082383,10.643743466123542
2018-07-19,60.33250045776367,60.82400131225586,59.88650131225586,59.95500183105469,59.38986587524414,38338000,-0.011385826048652126,58.178650093078616,56.808249893188474,61.90959644549461,1.0204529497549757,0.8167479113340519,0.2037050384209238,61.34103885396533,58.178650093078616,55.0162613321919,10.871303324595138
2018-07-20,59.96200180053711,60.53850173950195,59.829498291015625,59.89400100708008,59.32944488525391,37938000,-0.0010173619539257661,58.2497501373291,56.91717994689942,61.403539921883436,0.9944232153047636,0.8522829721281944,0.14214024317656926,61.49809690353867,58.2497501373291,55.00140337111953,11.15316978545418
2018-07-23,59.78300094604492,60.755001068115234,59.60049819946289,60.54999923706055,59.979251861572266,65446000,0.010952520752134376,58.35402507781983,57.0227099609375,64.74132726936321,1.0150274335509835,0.8848318644127522,0.13019556913823127,61.75362348166785,58.35402507781983,54.9544266739718,11.651632939850796
2018-07-24,63.54999923706055,63.75,62.20700073242188,62.907501220703125,62.31453704833984,107600000,0.03893488355201957,58.65120010375976,57.17748001098633,73.58291355192156,1.2076659116863127,0.9493986738674643,0.2582672378188483,62.51958642972439,58.65120010375976,54.782813777795134,13.191158302374278
2018-07-25,62.63100051879883,63.9119987487793,62.45249938964844,63.797000885009766,63.19565200805664,51104000,0.014139797893921502,59.009500122070314,57.34681999206543,76.02571566228531,1.415788157957131,1.0426765706853978,0.3731115872717332,63.36042060144847,59.009500122070314,54.65857964269216,14.746508512621185
2018-07-26,63.35900115966797,64.37000274658203,63.150001525878906,64.2750015258789,63.66913986206055,54686000,0.007492411882126682,59.430900192260744,57.54745002746582,77.24351550695788,1.6008436651849962,1.1543099895853175,0.4465336755996787,64.09619940002312,59.430900192260744,54.765600984498356,15.699910964397311
2018-07-27,64.45600128173828,64.5719985961914,62.2244987487793,62.64450073242188,62.05401611328125,48362000,-0.02536745042069788,59.74617519378662,57.716250076293946,65.09660526000738,1.5975185016810869,1.2429516920044714,0.35456680967661547,64.38523766224417,59.74617519378662,55.10711272532908,15.52923665292632
2018-07-30,62.25249862670898,62.64450073242188,61.20849990844727,61.50199890136719,60.92228698730469,43896000,-0.018237806299443382,59.99830017089844,57.86503005981445,58.191306502950155,1.485568230342544,1.291474999672086,0.19409323067045792,64.43933252159296,59.99830017089844,55.55726782020392,14.803860569531926
2018-07-31,61.58549880981445,62.06050109863281,60.80950164794922,61.36100006103516,60.78260803222656,39382000,-0.0022927398491661144,60.21107521057129,58.022610092163085,57.38231214104934,1.36968058057397,1.307116115852463,0.06256446472150712,64.48183699914598,60.21107521057129,55.940313421996585,14.185967527199644
2018-08-01,61.95550155639648,62.29499816894531,61.24700164794922,61.64950180053711,61.068397521972656,36994000,0.0047018299970704724,60.50285034179687,58.171590118408204,58.649060489986965,1.2862909016491884,1.3029510730118081,-0.01666017136261977,64.30361789930043,60.50285034179687,56.70208278429331,12.563928925767973
2018-08-02,60.92499923706055,62.22050094604492,60.90299987792969,62.05649948120117,61.47154998779297,34704000,0.0066016545738776244,60.75245037078857,58.33741012573242,60.43568109418199,1.238765573294998,1.290113973068446,-0.05134839977344807,64.26171615330982,60.75245037078857,57.24318458826733,11.552672397913991
2018-08-03,62.25899887084961,62.32600021362305,61.47100067138672,61.90800094604492,61.32445526123047,21264000,-0.002392891127549368,60.96015033721924,58.48961013793945,59.42679032177853,1.1755676058449893,1.2672046996237547,-0.09163709377876539,64.21765086204603,60.96015033721924,57.70264981239245,10.687311323239703
2018-08-06,62.08050155639648,62.12300109863281,61.5265007019043,61.88349914550781,61.3001823425293,22114000,-0.0003958114034241511,61.13612537384033,58.641830139160156,59.251035524645786,1.1107021873630174,1.2359041971716074,-0.12520200980858998,64.18734717123708,61.13612537384033,58.08490357644358,9.981731026423024
2018-08-07,62.60049819946289,63.30400085449219,62.59000015258789,62.79199981689453,62.20012283325195,42506000,0.014680877875599574,61.357875442504884,58.81359016418457,63.55505429588793,1.1196971160434543,1.2126627809459767,-0.09296566490252234,64.20689927891915,61.357875442504884,58.508851606090616,9.286579158315
2018-08-08,62.83599853515625,63.58599853515625,62.60599899291992,63.06650161743164,62.4720344543457,34344000,0.0043715608379535364,61.58255043029785,59.006850204467774,64.76599861806574,1.1358819232741766,1.1973066094116167,-0.06142468613744012,64.21841801587027,61.58255043029785,58.94668284472543,8.560436575473842
2018-08-09,63.13650131225586,63.59799957275391,63.005001068115234,63.22299957275391,62.62705993652344,27326000,0.002481518066952404,61.740550422668456,59.193840179443356,65.47041012443563,1.1481019718336611,1.1874656818960256,-0.0393637100623645,64.37196634325673,61.740550422668456,59.10913450208018,8.524109042028018
2018-08-10,62.95899963378906,63.060001373291016,62.358001708984375,62.6254997253418,62.03519058227539,26602000,-0.009450696789022883,61.86077537536621,59.34635017395019,60.4974459672509,1.0969284953065426,1.169358244578129,-0.07242974927158641,64.42228944998246,61.86077537536621,59.29926130074997,8.281545321969158
2018-08-13,62.560001373291016,63.29850006103516,62.35150146484375,62.43199920654297,61.84351348876953,27500000,-0.003089812277623949,61.9911003112793,59.459990158081055,58.936164673511406,1.0288987672365977,1.1412663491098227,-0.11236758187322504,64.38488529716155,61.9911003112793,59.59731532539705,7.722995636025836
2018-08-14,62.625,63.02949905395508,61.97700119018555,62.90700149536133,62.31404113769531,28080000,0.007608358943112625,62.1037504196167,59.56509017944336,61.55880790001667,1.0017657011361223,1.1133662195150826,-0.11160051837896034,64.4467513925642,62.1037504196167,59.760749446669216,7.545441159725537
2018-08-15,62.2140007019043,62.5989990234375,61.3120002746582,61.61100006103516,61.03025817871094,37052000,-0.020601824814211578,62.152025413513186,59.64629020690918,51.83196611819126,0.8657067377648744,1.0638343231650411,-0.19812758540016673,64.4111388440008,62.152025413513186,59.89291198302558,7.2696373624420385
2018-08-16,62.0994987487793,62.185001373291016,60.98149871826172,61.20299911499024,60.626102447509766,32176000,-0.006622218933069357,62.214425277709964,59.72340019226074,49.196506961438494,0.71669514697453,0.994406487926939,-0.277711340952409,64.28873629062107,62.214425277709964,60.140114264798854,6.668263842836749
2018-08-17,61.10200119018555,61.34749984741211,60.20000076293945,60.79249954223633,60.2194709777832,33092000,-0.006707201243534078,62.25935020446777,59.804830169677736,46.62765877368483,0.5590343034065768,0.9073320510228666,-0.34829774761628984,64.16255644195292,62.25935020446777,60.35614396698263,6.113800517463699
2018-08-20,61.03300094604492,61.295501708984375,60.435001373291016,61.09749984741211,60.52159881591797,22218000,0.005017112127176038,62.286725234985354,59.89407012939453,48.76816421965813,0.4534705978513287,0.816559760388559,-0.36308916253723034,64.10463599123877,62.286725234985354,60.468814478731936,5.8372333732270985
2018-08-21,61.1510009765625,61.63800048828125,60.75149917602539,60.87049865722656,60.29673385620117,23082000,-0.0037154497587009727,62.184875106811525,59.970580139160155,47.24933708793458,0.34748787778212176,0.7227453838672716,-0.37525750608514985,64.07891119471667,62.184875106811525,60.29083901890638,6.0916294666568405
2018-08-22,60.71099853515625,61.32649993896485,60.6609992980957,61.087501525878906,60.51168823242188,22296000,0.0035649422858183843,62.04940013885498,60.04414016723633,48.88809949485688,0.2778037774747162,0.6337570625887605,-0.35595328511404434,63.84801479597172,62.04940013885498,60.250785481738234,5.797363562231964
2018-08-23,60.99399948120117,61.75849914550781,60.96749877929688,61.05799865722656,60.48246383666992,24666000,-0.00048295455978208945,61.888549995422366,60.1210701751709,48.66673714563503,0.21768861218497193,0.5505433725080028,-0.33285476032303085,63.41741842762848,61.888549995422366,60.35968156321625,4.940714986275171
2018-08-24,61.29999923706055,61.869998931884766,61.07099914550781,61.837501525878906,61.25462341308594,24454000,0.012766668674430992,61.84820003509522,60.19771018981933,54.52550919192994,0.23029161907627582,0.4864930218216574,-0.25620140274538156,63.33721148290121,61.84820003509522,60.359188587289225,4.815051842935013
2018-08-27,62.20700073242188,62.89350128173828,62.03400039672852,62.8134994506836,62.22141647338867,28580000,0.015783185112133058,61.91377506256104,60.29471015930176,60.5904318462997,0.31539874817409697,0.4522741670921453,-0.13687541891804833,63.45076702810181,61.91377506256104,60.376783097020265,4.964943468517988
2018-08-28,62.79499816894531,62.82799911499024,62.14849853515625,62.292999267578125,61.7058219909668,27330000,-0.008286447201702463,61.960375022888186,60.35699012756348,56.279562962424066,0.33696245296683003,0.42921182426708226,-0.09224937130025224,63.483959033042765,61.960375022888186,60.43679101273361,4.917930240389173
2018-08-29,62.75,63.35850143432617,62.63999938964844,63.23249816894531,62.63647079467773,36926000,0.015082025871840266,62.03952484130859,60.442950057983396,61.591449146551476,0.42496284682557217,0.42836202877878027,-0.003399181953208097,63.65215638281045,62.03952484130859,60.42689329980673,5.198723058008023
2018-08-30,63.16999816894531,63.4744987487793,62.36050033569336,62.72200012207031,62.13078308105469,30104000,-0.008073374939668643,62.072799873352054,60.51332008361816,57.50318754874269,0.4483426519861169,0.43235815342024764,0.015984498565869254,63.712692690491934,62.072799873352054,60.43290705621217,5.283772668498201
2018-08-31,62.61050033569336,62.62749862670898,61.28749847412109,61.59000015258789,61.00945663452149,42308000,-0.018047840231956047,62.056899833679196,60.575680084228516,49.6354911588682,0.3712488533128919,0.4201362933987765,-0.04888744008588458,63.708996859718,62.056899833679196,60.404802807640394,5.324458780463233
2018-09-04,61.1259994506836,61.39350128173828,60.32799911499024,60.56549835205078,59.99460983276367,41458000,-0.016634254060600484,61.99099979400635,60.61770004272461,43.79521563350253,0.2248903334740575,0.38108710141383273,-0.15619676793977522,63.76607597228145,61.99099979400635,60.21592361573125,5.726883528814209
2018-09-05,60.46099853515625,60.743499755859375,58.766998291015625,59.95500183105469,59.38986587524414,53988000,-0.010079971504194596,61.84914989471436,60.67752006530762,40.720471633475356,0.05895854749837781,0.3166613906307418,-0.25770284313236397,63.79109407430819,61.84914989471436,59.907205715120526,6.279614781770158
2018-09-06,59.92850112915039,59.949501037597656,58.18050003051758,59.199501037597656,58.64148712158203,46854000,-0.012601118770568909,61.655799865722656,60.728890075683594,37.236404990304706,-0.131984750365163,0.22693216243156084,-0.35891691279672383,63.83050651988486,61.655799865722656,59.481093211560456,7.054345767627359
2018-09-07,58.59999847412109,59.4275016784668,58.4635009765625,58.87950134277344,58.32450485229492,32658000,-0.005405426854709683,61.438624954223634,60.78954010009765,35.837740350387335,-0.3056071417215449,0.1204243016009397,-0.4260314433224846,63.80316147884766,61.438624954223634,59.074088429599605,7.697231265790161
2018-09-10,59.209999084472656,59.33300018310547,58.53049850463867,58.75299835205078,58.19918823242188,27670000,-0.0021486100943403086,61.24499988555908,60.837820053100586,35.273671101996754,-0.4482447850160014,0.006690484277551478,-0.4549352692935529,63.814407212593075,61.24499988555908,58.67559255852509,8.390586437538165
2018-09-11,58.55500030517578,59.547000885009766,58.29750061035156,59.4995002746582,58.93865585327149,29254000,0.012705806443493728,61.098374938964845,60.89862007141113,41.15919628447563,-0.49533971075076977,-0.09371555472811278,-0.401624156022657,63.714367831365095,61.098374938964845,58.482382046564595,8.563215944821891
2018-09-12,59.09999847412109,59.53450012207031,58.30799865722656,58.58000183105469,58.02782440185547,35716000,-0.015453889102655327,60.882024955749515,60.928110122680664,36.72904429920083,-0.5999428507933828,-0.1949610139411668,-0.404981836852216,63.57839365645941,60.882024955749515,58.18565625503962,8.857684029628386
2018-09-13,58.98500061035156,59.39300155639648,58.46099853515625,59.10699844360352,58.54985809326172,40068000,0.00899626509846474,60.75682487487793,60.99397010803223,40.67056201618996,-0.6330203065118383,-0.2825728724553011,-0.35044743405653717,63.5373943870653,60.75682487487793,57.97625536269056,9.153110018219847
2018-09-14,59.400001525878906,59.400001525878906,58.67599868774414,58.89899826049805,58.34381103515625,24176000,-0.00351917263022683,60.64162483215332,61.03066009521484,39.62143077449708,-0.6683143926186261,-0.35972117648796614,-0.30859321613066,63.52762072058465,60.64162483215332,57.75562894372199,9.518201058824936
2018-09-17,58.88850021362305,59.09099960327149,57.92300033569336,57.99150085449219,57.44487762451172,34096000,-0.015407519575690087,60.50157489776611,61.03541007995605,35.33829715784863,-0.7607432914136538,-0.4399255994731037,-0.3208176919405501,63.60811559689134,60.50157489776611,57.395034198640886,10.26928870653226
2018-09-18,58.132999420166016,59.06650161743164,58.07149887084961,58.355499267578125,57.80543899536133,32314000,0.006276649646752119,60.364474868774415,61.0352400970459,38.22297450068035,-0.7954527456488947,-0.511031028708262,-0.2844217169406327,63.593331052703725,60.364474868774415,57.135618684845106,10.697868873864902
2018-09-19,58.448001861572266,58.8134994506836,57.930999755859375,58.7135009765625,58.160064697265625,25962000,0.006134815478743283,60.25662498474121,61.04237014770508,41.01035453550919,-0.785023233057828,-0.5658294695781751,-0.2191937634796528,63.55403560676143,60.25662498474121,56.959214362720985,10.944557956424632
2018-09-20,59.03350067138672,59.70000076293945,58.8125,59.57849884033203,59.01691436767578,29244000,0.014732612057263506,60.18117485046387,61.06248008728027,47.2083217968646,-0.6989031502079044,-0.592444205704121,-0.10645894450378335,63.468125681764135,60.18117485046387,56.8942240191636,10.923518324351662
2018-09-21,59.74599838256836,59.82899856567383,58.60300064086914,58.60599899291992,58.05357360839844,91222000,-0.0163231298958757,60.05857486724854,61.03334007263184,41.880556049729265,-0.701043777965694,-0.6141641201564356,-0.08687965780925833,63.3881986512014,60.05857486724854,56.72895108329568,11.087921387787008
2018-09-24,57.97050094604492,59.259498596191406,57.57500076293945,58.97800064086914,58.42207717895508,31150000,0.006347646624519365,59.91559982299805,61.008480072021484,44.46253454488823,-0.6650564599569933,-0.6243425881165472,-0.04071387184044606,63.17216844809053,59.91559982299805,56.65903119790556,10.870519980482547
2018-09-25,59.212501525878906,59.84299850463867,58.704498291015625,59.69449996948242,59.13182067871094,33152000,0.012148549555706767,59.75964984893799,61.00586006164551,49.14841566001223,-0.5721256351895008,-0.613899197531138,0.041773562341637205,62.73255587014288,59.75964984893799,56.7867438277331,9.94954297329346
2018-09-26,59.68450164794922,60.36199951171875,59.27000045776367,59.70299911499024,59.140228271484375,37650000,0.00014218389822828748,59.630149841308594,60.986840057373044,49.2031658985722,-0.4921186396737198,-0.5895430859596544,0.09742444628593461,62.36659995208326,59.630149841308594,56.893699730533925,9.178075581084661
2018-09-27,60.0,60.84299850463867,59.90250015258789,60.36800003051758,59.798973083496094,36274000,0.011138692414032203,59.486924934387204,60.98129005432129,53.42825346797491,-0.3707784004705843,-0.5457901488618404,0.1750117483912561,61.70494377978186,59.486924934387204,57.26890608899255,7.457164235135973
2018-09-28,60.204498291015625,60.42250061035156,59.89149856567383,60.354000091552734,59.78510665893555,35612000,-0.0002318839914053905,59.36852493286133,60.98927001953125,53.32768995813076,-0.27260267086452217,-0.4911526532623768,0.21854998239785461,61.0775465619587,59.36852493286133,57.659503303763955,5.757332293601937
2018-10-01,60.650001525878906,61.209999084472656,60.15950012207031,60.42649841308594,59.85691452026367,33164000,0.001201099493520541,59.31034984588623,60.999919967651365,53.81250970723045,-0.18679443916066418,-0.43028101044203426,0.24348657128137008,60.77462055594782,59.31034984588623,57.84607913582464,4.937656627777092
2018-10-02,60.33349990844727,61.22600173950195,59.983001708984375,60.38199996948242,59.81283950805664,40180000,-0.000736339528361607,59.30117492675781,60.99655998229981,53.44553680066286,-0.12098678943328878,-0.36842216624028523,0.24743537680699645,60.735873236074276,59.30117492675781,57.86647661744134,4.838684262456675
2018-10-03,60.59999847412109,60.70899963378906,60.10749816894531,60.57649993896485,60.0055046081543,26246000,0.003221132814998695,59.33224983215332,60.94993995666504,54.893473381263675,-0.052533655592064576,-0.30524446411064116,0.2527108085185766,60.84694105249161,59.33224983215332,57.81755861181504,5.1057939809234885
2018-10-04,60.25149917602539,60.29499816894531,58.192501068115234,58.85350036621094,58.29874801635742,46576000,-0.02844333370650365,59.31494979858398,60.851069946289066,42.33274190627053,-0.13575086815162507,-0.27134574491883795,0.13559487676721288,60.84315400289069,59.31494979858398,57.78674559427727,5.152846658375468
2018-10-05,58.79999923706055,59.09999847412109,57.71599960327149,58.39149856567383,57.841102600097656,31852000,-0.007850004191022442,59.290549659729,60.733399887084964,39.70897030605894,-0.23625736500721928,-0.2643280689365142,0.02807070392929495,60.86079040156932,59.290549659729,57.72030891788869,5.296765676324454
2018-10-08,58.0,58.792999267578125,56.77000045776367,57.79600143432617,57.25121307373047,46190000,-0.010198448851253206,59.242699813842776,60.636429901123044,36.563283325332215,-0.3598134244174531,-0.283425140032702,-0.07638828438475109,60.92954306508562,59.242699813842776,57.555856562599935,5.694687300016296
2018-10-09,57.56549835205078,58.07749938964844,57.20849990844727,57.25849914550781,56.7187728881836,33690000,-0.00930006819001672,59.13064975738526,60.551559906005856,33.949075227714644,-0.49539384244326357,-0.32581888051481434,-0.16957496192844923,61.01994604350984,59.13064975738526,57.24135347126067,6.39024361773943
2018-10-10,56.81999969482422,56.85100173950195,54.57550048828125,54.608001708984375,54.09326553344727,58980000,-0.04628991815306549,58.93204975128174,60.41649993896485,24.606344658649775,-0.8074079957480507,-0.4221367035614616,-0.38527129218658906,61.66003418181892,58.93204975128174,56.204065320744554,9.25806735740717
2018-10-11,53.95199966430664,55.803001403808594,53.79449844360352,54.5369987487793,54.02293395996094,67696000,-0.001300190934911294,58.703549766540526,60.27424987792969,24.412527433936518,-1.0483263520488038,-0.5473746332589301,-0.5009517187898737,62.033748459573246,58.703549766540526,55.373351073507806,11.345817097182923
2018-10-12,55.98199844360352,56.291500091552734,54.75149917602539,56.027000427246094,55.4988899230957,49370000,0.02732091456248331,58.55994987487793,60.153659896850584,35.83451615125307,-1.1062727781953612,-0.6591542622462163,-0.44711851594914487,62.0859792096839,58.55994987487793,55.03392054007196,12.042460221840548
2018-10-15,55.900001525878906,56.09000015258789,54.9109992980957,55.12200164794922,54.602420806884766,30074000,-0.016152919769263252,58.41647491455078,60.01793991088867,32.61118853408843,-1.2112589374484557,-0.7695751972866642,-0.44168374016179146,62.24398237468743,58.41647491455078,54.58896745441414,13.104205502763955
2018-10-16,55.67399978637695,56.81850051879883,55.587501525878906,56.65399932861328,56.11998748779297,38378000,0.027793029292152882,58.33139991760254,59.91334991455078,42.104965394734606,-1.1574988889761286,-0.8471599356245572,-0.31033895335157147,62.23542127631448,58.33139991760254,54.427378558890595,13.385659744928684
2018-10-17,57.0,57.34999847412109,55.70000076293945,56.37950134277344,55.84807205200195,35652000,-0.004845251183460464,58.21469993591309,59.78509994506836,40.99066589801738,-1.1240855975736324,-0.9025450680143723,-0.22154052955926007,62.204648380668495,58.21469993591309,54.22475149115768,13.707700801164746
2018-10-18,56.5,56.61750030517578,54.31700134277344,54.89550018310547,54.378055572509766,46152000,-0.02632170503797171,57.98055000305176,59.62167991638184,35.51802240025276,-1.2034788595243953,-0.9627318263163769,-0.24074703320801838,62.16765063917683,57.98055000305176,53.793449366926694,14.443121480926557
2018-10-19,55.18550109863281,56.04750061035156,54.85150146484375,55.25899887084961,54.73813247680664,41286000,0.006621731882574089,57.81319999694824,59.46239990234375,37.71169586421292,-1.2229696525202058,-1.0147793915571428,-0.20819026096306303,62.15173874451294,57.81319999694824,53.474661249383544,15.008817182905338
2018-10-22,55.6254997253418,56.08449935913086,55.0,55.56850051879883,55.044708251953125,27116000,0.005600771551283579,57.64272499084473,59.32125991821289,39.59597110603206,-1.1996136505862651,-1.0517462433629674,-0.14786740722329772,62.05215291232405,57.64272499084473,53.233297069365406,15.299165409614693
2018-10-23,54.56449890136719,55.900001525878906,53.95050048828125,55.74549865722656,55.22004318237305,37686000,0.0031853185526458105,57.445274925231935,59.18752990722656,40.70075520195345,-1.153524468221157,-1.0721018883346054,-0.08142257988655155,61.82306499793774,57.445274925231935,53.06748485252613,15.241601953872557
2018-10-24,55.75,55.83100128173828,52.75299835205078,52.85599899291992,52.35778427124024,49286000,-0.05183369563257556,57.10292491912842,58.98650985717774,30.79771338366072,-1.3347705296949286,-1.1246356166066702,-0.21013491308825838,61.781499363031266,57.10292491912842,52.42435047522557,16.3864616410765
2018-10-25,54.01499938964844,55.89099884033203,53.77750015258789,55.179500579833984,54.65937423706055,72956000,0.04395888783025814,56.843499946594235,58.85787986755371,42.841246314752304,-1.2762108156006704,-1.1549506564054703,-0.12126015919520006,61.34101289297236,56.843499946594235,52.34598700021611,15.824194325133528
2018-10-26,52.416500091552734,55.84999847412109,52.11149978637695,54.1875,53.676734924316406,106438000,-0.01797750754486105,56.5351749420166,58.71756988525391,39.66716358043109,-1.2949209341107206,-1.1829447119465204,-0.11197622216420022,60.87032319308698,56.5351749420166,52.200026690946224,15.33610979542056
2018-10-29,54.82699966430664,55.44150161743164,50.36000061035156,51.73649978637695,51.248836517333984,81290000,-0.045231857161314504,56.10067501068115,58.536449890136716,33.13497266615819,-1.4903443097097693,-1.2444246314991703,-0.245919678210599,60.52959435697863,56.10067501068115,51.671755664383674,15.789183803775064
2018-10-30,51.0004997253418,52.54499816894531,50.69850158691406,52.47549819946289,51.98086166381836,59768000,0.014283741763323254,55.705349922180176,58.364009857177734,36.52879650067795,-1.5675183709191458,-1.3090433793831653,-0.2584749915359805,59.94240450945691,55.705349922180176,51.468295334903445,15.212379396937115
2018-10-31,53.40999984741211,55.400001525878906,53.40999984741211,54.52899932861328,54.01501083374024,70916000,0.039132655843174824,55.402974891662595,58.237179870605466,44.89816105737541,-1.4463068658840825,-1.336496076683349,-0.10981078920073362,59.02485956484499,55.402974891662595,51.7810902184802,13.07469384185519
2018-11-01,54.56999969482422,54.994998931884766,53.89099884033203,54.29899978637695,53.78717041015625,40132000,-0.004218094564218289,55.175249862670896,58.10140983581543,44.19523776266295,-1.3532059993155272,-1.3398380612097847,-0.01336793810574255,58.45749617077044,55.175249862670896,51.89300355457135,11.89753128900705
2018-11-02,54.45000076293945,54.900001525878906,53.382999420166016,53.574501037597656,53.06950759887695,43438000,-0.013342639254058763,54.93439998626709,57.95173988342285,41.966409783340104,-1.3226373459315042,-1.3363979181541286,0.01376057222262439,57.931854638377644,54.93439998626709,51.93694533415653,10.912851156506237
2018-11-05,53.62649917602539,53.66749954223633,51.70000076293945,52.7864990234375,52.28893280029297,45358000,-0.014708536670133054,54.68392486572266,57.770719833374024,39.625675448332814,-1.3464753155387683,-1.3384133976310566,-0.008061917907711713,57.5156604443264,54.68392486572266,51.85218928711892,10.356738604835398
2018-11-06,52.7509994506836,53.99100112915039,52.68050003051758,53.47850036621094,52.97441101074219,28660000,0.01310943202966608,54.49492492675781,57.58401985168457,42.65079143363746,-1.2946049530948613,-1.3296517087238175,0.035046755628956205,57.11041065216212,54.49492492675781,51.8794392013535,9.599006619128565
2018-11-07,54.17449951171875,55.49649810791016,54.02949905395508,55.4119987487793,54.88969039916992,43388000,0.036154802892274684,54.53512477874756,57.44639984130859,50.16443653402782,-1.084973260227713,-1.2807160190245968,0.19574275879688385,57.18086646581102,54.53512477874756,51.889383091684095,9.70289037678892
2018-11-08,55.3650016784668,55.4109992980957,54.21799850463867,54.73149871826172,54.21559524536133,33694000,-0.01228090646725144,54.54484977722168,57.27637985229492,47.79120427808944,-0.962652440498708,-1.217103303319419,0.25445086282071094,57.19197701533387,54.54484977722168,51.89772253910949,9.706240823556728
2018-11-09,54.20100021362305,54.41749954223633,53.2130012512207,53.85100173950195,53.34339904785156,34860000,-0.01608755181166055,54.43604984283447,57.098959884643556,44.83556547213438,-0.9260857174724961,-1.1588997861500343,0.23281406867753818,57.00837638156954,54.43604984283447,51.8637233040994,9.450819984777679
2018-11-12,53.65650177001953,53.70500183105469,52.01750183105469,52.46799850463867,51.97343826293945,34002000,-0.025681917713627267,54.30334968566895,56.91651985168457,40.58940786113746,-0.9972079364869444,-1.1265614162174165,0.12935347973047207,56.991651330425455,54.30334968566895,51.61504804091244,9.90105273548519
2018-11-13,52.740501403808594,53.33349990844727,52.02000045776367,52.39849853515625,51.90459060668945,25750000,-0.0013246700343682027,54.09057464599609,56.75317985534668,40.382435635477265,-1.0471104368531456,-1.1106712203445623,0.0635607834914167,56.67252230145242,54.09057464599609,51.50862699053977,9.546756241190893
2018-11-14,53.0,53.28950119018555,52.05550003051758,52.729000091552734,52.23197937011719,34666000,0.006307510753885914,53.90804958343506,56.60865982055664,41.89966612250483,-1.0479101584320318,-1.0981190079620562,0.05020884953002436,56.32799422546352,53.90804958343506,51.4881049414066,8.978045619265238
2018-11-15,52.573001861572266,53.94350051879883,52.06449890136719,53.5525016784668,53.0477180480957,41584000,0.01561760989753358,53.84089965820313,56.495719833374025,45.61367277786331,-0.9709022905313773,-1.0726756644759203,0.101773373944543,56.22173286232206,53.84089965820313,51.4600664540842,8.843957731884549
2018-11-16,53.26150131225586,53.62200164794922,52.744998931884766,53.41350173950195,52.91002655029297,35366000,-0.002595615850579991,53.74862480163574,56.386399841308595,45.0897387313328,-0.9105923915462242,-1.040259009889981,0.12966661834375692,56.043976816037315,53.74862480163574,51.45327278723417,8.541063228585962
2018-11-19,53.16949844360352,53.400001525878906,51.14350128173828,51.37099838256836,50.88676834106445,45684000,-0.03823959920536668,53.53874969482422,56.23875984191895,38.15451645458215,-1.015898665640357,-1.0353869410400562,0.019488275399699218,55.89685965424642,53.53874969482422,51.18063973540202,8.808984045625436
2018-11-20,50.36449813842773,51.86750030517578,50.11050033569336,51.522499084472656,51.03684997558594,54458000,0.0029493253239343264,53.327599716186526,56.079219818115234,38.905142913218604,-1.0747408623925025,-1.0432577253105455,-0.03148313708195705,55.61264904496417,53.327599716186526,51.04255038740888,8.569856288071652
2018-11-21,52.26549911499024,52.73550033569336,51.97299957275391,52.17150115966797,51.67973327636719,29698000,0.012596453368277638,53.29337482452392,55.9510498046875,42.14462594113537,-1.0568222941640144,-1.0459706390812393,-0.01085165508277508,55.62566905728051,53.29337482452392,50.961080591767335,8.752661059413112
2018-11-23,51.67499923706055,52.150001525878906,51.42599868774414,51.505001068115234,51.01951217651367,14178000,-0.012775242014560262,53.10964984893799,55.79900985717774,39.810077498762844,-1.083908069446025,-1.0535581251541966,-0.030349944291828468,55.39716793347565,53.10964984893799,50.82213176440033,8.61432184563123
2018-11-26,52.20000076293945,52.84999847412109,51.98849868774414,52.797000885009766,52.29933547973633,31558000,0.025084977268987174,53.04012489318848,55.67696990966797,46.04896802135728,-0.989711377285694,-1.040788775580496,0.05107739829480207,55.276327431980334,53.04012489318848,50.80392235439662,8.432116414865515
2018-11-27,52.56700134277344,53.3380012512207,52.275001525878906,52.61399841308594,52.11806106567383,33048000,-0.0034660940220307968,53.08399982452393,55.569419860839844,45.332214714729155,-0.9192302757490367,-1.0164770756142043,0.0972467998651676,55.24948610425129,53.08399982452393,50.91851354479657,8.158715571116185
2018-11-28,52.87300109863281,54.64300155639648,52.147499084472656,54.589500427246094,54.07494354248047,46042000,0.03754710817696716,53.18969993591308,55.494099884033204,53.708578403173206,-0.6959445765408887,-0.9523705757995413,0.2564259992586526,55.431104036229605,53.18969993591308,50.94829583559656,8.427962944017857
2018-11-29,54.17649841308594,55.00749969482422,54.09999847412109,54.729000091552734,54.21312713623047,31004000,0.0025554089324466567,53.19969997406006,55.41440986633301,54.24175827114005,-0.5019464677403462,-0.8622857541877024,0.36033928644735613,55.466556113967705,53.19969997406006,50.932843834152415,8.522063624467634
2018-11-30,54.78150177001953,55.48249816894531,54.15900039672852,55.48249816894531,54.95951843261719,59668000,0.013767722612848754,53.25887489318848,55.332489852905276,57.115000888664994,-0.2841253510505908,-0.7466536735602801,0.46252832250968934,55.693042426260895,53.25887489318848,50.82470736011606,9.140889806456409
2018-12-03,56.608001708984375,56.75,55.58649826049805,55.81800079345703,55.29186248779297,57532000,0.006047070000863464,53.371049880981445,55.276729888916016,58.36849847726011,-0.08346614312976186,-0.6140161674741764,0.5305500243444146,56.04775303404056,53.371049880981445,50.69434672792233,10.030543371465313
2018-12-04,55.64950180053711,55.71200180053711,53.03900146484375,53.12350082397461,52.62276077270508,45630000,-0.048272957267032957,53.3878999710083,55.15963989257813,46.590263622448866,-0.1402491983854901,-0.5192627736564392,0.37901357527094914,56.053893263118184,53.3878999710083,50.72190667889842,9.987256638892404
2018-12-06,52.25,53.97100067138672,52.124000549316406,53.90399932861328,53.395904541015625,47436000,0.014692193206092163,53.40917491912842,55.04382987976074,49.75318778130192,-0.1208770766530094,-0.43958563425575325,0.31870855760274386,56.08449541637108,53.40917491912842,50.73385442188576,10.018205678307517
2018-12-07,53.61149978637695,54.25149917602539,51.96849822998047,52.32899856567383,51.83573532104492,42682000,-0.029218892972817323,53.255024909973145,54.896349868774415,44.08027604895284,-0.22996305836029762,-0.3976611190766622,0.16769806071636456,55.80323730184031,53.255024909973145,50.70681251810598,9.569847713619078
2018-12-10,52.14699935913086,52.97999954223633,51.650001525878906,52.65900039672852,52.162635803222656,33652000,0.006306469468467579,53.15139999389648,54.742169876098636,45.48289015686506,-0.2864836893190841,-0.3754256331251466,0.08894194380606252,55.61827817570909,53.15139999389648,50.68452181208388,9.282457967601538
2018-12-11,53.34700012207031,53.52000045776367,52.505001068115234,53.08250045776367,52.58214569091797,33852000,0.008042344510309274,53.11297492980957,54.59673988342285,47.30942488499388,-0.293717982901434,-0.3590841030804041,0.06536612017897009,55.558919109554424,53.11297492980957,50.66703075006471,9.210345242296244
2018-12-12,53.854000091552734,54.58649826049805,53.5984992980957,53.686500549316406,53.180450439453125,28960000,0.011378477250662877,53.173900032043456,54.46193992614746,49.8881426946102,-0.24785631976771327,-0.336838546417866,0.08898222665015271,55.6132406945053,53.173900032043456,50.73455936958161,9.174954859402295
2018-12-13,53.78350067138672,54.42100143432617,53.2495002746582,53.67699813842773,53.17103576660156,24986000,-0.00017703258949042233,53.23782501220703,54.327839889526366,49.84681037880875,-0.2098582709473149,-0.3114424913237558,0.10158422037644088,55.65947926082278,53.23782501220703,50.81617076359129,9.09749505379109
2018-12-14,53.0009994506836,53.58599853515625,52.46849822998047,52.58549880981445,52.08982467651367,36358000,-0.02033458770361274,53.23064994812012,54.16801986694336,45.213079159030514,-0.26476734414325165,-0.30210746188765497,0.03734011774440332,55.659132747842996,53.23064994812012,50.80216714839724,9.124377786443477
2018-12-17,52.35049819946289,53.11899948120117,50.83150100708008,51.282501220703125,50.79911422729492,49932000,-0.02477855238012938,53.117149925231935,54.016599884033205,40.38654891909881,-0.4087128092356309,-0.3234285313572502,-0.08528427787838072,55.683146549027306,53.117149925231935,50.551153301436564,9.66165024820528
2018-12-18,51.70000076293945,52.984500885009766,51.52399826049805,52.170501708984375,51.67873764038086,43640000,0.017315723442542064,53.054999923706056,53.89217994689941,44.71777391842047,-0.4459952536561076,-0.3479418758170217,-0.09805337783908591,55.64933064126526,53.054999923706056,50.460669206146854,9.779778423484654
2018-12-19,52.36449813842773,53.78549957275391,50.97150039672852,51.77299880981445,51.28498840332031,58264000,-0.007619172894673731,53.07509994506836,53.77171989440918,43.204534686207715,-0.5018322119973178,-0.37871994305308093,-0.12311226894423682,55.622739825767596,53.07509994506836,50.52746006436912,9.600132202618521
2018-12-20,51.29999923706055,52.37200164794922,50.39300155639648,51.17900085449219,50.696590423583984,53674000,-0.011473103495880599,53.05792503356933,53.65012992858887,40.97323938777662,-0.5872446833502067,-0.42042489111250614,-0.1668197922377006,55.65141949417292,53.05792503356933,50.464430572965746,9.77608701796274
2018-12-21,51.60200119018555,51.88349914550781,49.05950164794922,49.5625,49.0953254699707,104656000,-0.031585259289318546,52.92747497558594,53.54921989440918,35.58690179239876,-0.7764226742745066,-0.49162444774490627,-0.28479822652960035,55.91822645688393,52.92747497558594,49.936723494287946,11.301319334344011
2018-12-24,49.21599960327149,50.60599899291992,48.882999420166016,49.23350143432617,48.76942443847656,36360000,-0.006638127527914595,52.813899993896484,53.443149948120116,34.59023602083286,-0.9420358271119724,-0.5817067236183195,-0.3603291034936529,56.163138566802495,52.813899993896484,49.464661420990474,12.683170806522789
2018-12-26,49.89950180053711,52.42250061035156,49.63249969482422,52.39250183105469,51.89864730834961,46318000,0.06416362107821505,52.79367504119873,53.37045997619629,49.27905973893736,-0.8090542391161222,-0.6271762267178801,-0.18187801239824208,56.147959016915166,52.79367504119873,49.4393910654823,12.707143320099778
2018-12-27,51.310001373291016,52.66699981689453,50.34999847412109,52.64500045776367,52.14876937866211,45996000,0.004819433324079414,52.79522514343262,53.32091995239258,50.24091743575021,-0.6755040533520926,-0.6368417920447227,-0.03866226130736994,56.14920419326197,52.79522514343262,49.44124609360326,12.705615103325565
2018-12-28,52.97499847412109,53.21149826049805,52.09999847412109,52.33399963378906,51.840702056884766,34398000,-0.005907470597060649,52.68245010375976,53.234519958496094,49.00815585258733,-0.5879818475765148,-0.6270698031510811,0.039087955574566235,55.93774788794629,52.68245010375976,49.42715231957324,12.358186750142075
2018-12-31,52.89149856567383,53.14950180053711,51.652000427246094,52.24800109863281,51.75550842285156,33110000,-0.001643373462414166,52.55840015411377,53.15188995361328,48.652653678340954,-0.5195699530061049,-0.6055698331220859,0.08599988011598103,55.67857417503072,52.55840015411377,49.43822613319682,11.873169699868543
2019-01-02,51.36000061035156,53.03950119018555,51.26399993896485,52.73400115966797,52.23693084716797,31868000,0.009301858661750595,52.420975303649904,53.10865997314453,50.82365506270224,-0.421280629564869,-0.5687119924106425,0.14743136284577352,55.24162077326619,52.420975303649904,49.600329834033616,10.761514654306309
2019-01-03,52.53350067138672,53.3129997253418,51.118499755859375,51.27349853515625,50.79019546508789,41960000,-0.02769564288363069,52.19375019073486,53.028949966430666,44.7063267935955,-0.4559797378888888,-0.5461655415062918,0.09018580361740303,54.58224344144261,52.19375019073486,49.805256940027114,9.152410938012032
2019-01-04,52.12799835205078,54.0,51.84299850463867,53.90349960327149,53.39541244506836,46022000,0.05129369863857369,52.23275012969971,52.99564994812012,55.17036586357156,-0.26816864367327753,-0.490566161939689,0.22239751826641146,54.704708339389214,52.23275012969971,49.760791920010206,9.465165833892941
2019-01-07,54.04850006103516,54.1349983215332,53.13199996948242,53.79600143432617,53.28892135620117,47446000,-0.0019943864836092784,52.22735023498535,52.95666000366211,54.714584210033095,-0.12654249907636483,-0.41776142936702415,0.2912189302906593,54.68511281634041,52.22735023498535,49.769587653630296,9.411783558985471
2019-01-08,54.29999923706055,54.66749954223633,53.41749954223633,54.26850128173828,53.756961822509766,35414000,0.00878307262367084,52.32432537078857,52.984910049438476,56.41884102854145,0.023552530803968352,-0.3294986373328257,0.35305116813679405,54.93855054107491,52.32432537078857,49.71010020050223,9.992389397325317
2019-01-09,54.39950180053711,54.58200073242188,53.71849822998047,54.08250045776367,53.572715759277344,26998000,-0.0034273898112164858,52.395500373840335,52.96297004699707,55.53285964309331,0.12604227445805094,-0.23839045497465036,0.36443272943270133,55.11758490034119,52.395500373840335,49.67341584733948,10.390527839523873
2019-01-10,53.74700164794922,53.990501403808594,53.23400115966797,53.94150161743164,53.433048248291016,26598000,-0.002607064230492062,52.43845043182373,52.9580500793457,54.82994338196358,0.19365635673082693,-0.15198109263355492,0.34563744936438184,55.228790103882915,52.43845043182373,49.64811075976455,10.642342209127476
2019-01-11,53.494998931884766,53.66849899291992,52.82149887084961,53.2234992980957,52.72181701660156,30864000,-0.01331069918348149,52.415300369262695,52.98779006958008,51.271005737349086,0.18714690447066573,-0.08415549321271079,0.2713023976833765,55.17130949646335,52.415300369262695,49.65929124206204,10.516048206476865
2019-01-14,52.66699981689453,52.92250061035156,52.4275016784668,52.57550048828125,52.07992172241211,28490000,-0.01217513603499909,52.36022548675537,52.98979011535644,48.228447446626205,0.128221965256337,-0.04168000151890123,0.16990196677523822,55.05655816318163,52.36022548675537,49.66389281032911,10.299163731097002
2019-01-15,52.9005012512207,54.41350173950195,52.72200012207031,54.32550048828125,53.81342315673828,37518000,0.03328540783079137,52.44722557067871,52.9857201385498,55.84854624965473,0.2201956229629758,0.010695123377474178,0.2095004995855016,55.276049601236544,52.44722557067871,49.61840154012088,10.787316201295203
2019-01-16,54.5,55.11800003051758,54.4005012512207,54.47549819946289,53.96200942993164,38280000,0.0027611377325056363,52.6068754196167,52.989250106811525,56.44035988000217,0.30171103404720157,0.06889830551141966,0.2328127285357819,55.51406555922705,52.6068754196167,49.69968528000635,11.052510214382666
2019-01-17,54.39950180053711,55.03499984741211,54.16299819946289,54.95600128173828,54.43798065185547,24896000,0.008820487356792528,52.74615039825439,53.016880111694334,58.36561521769624,0.4004688124394633,0.1352124068970284,0.2652564055424349,55.81856939463185,52.74615039825439,49.673731401876935,11.64983216094245
2019-01-18,55.429500579833984,55.900001525878906,54.9640007019043,55.3650016784668,54.8431282043457,44892000,0.0074423692363105864,52.92575054168701,53.068450164794925,59.9867535569373,0.5059062053639991,0.20935116659042255,0.2965550387735766,56.165041397101895,52.92575054168701,49.68645968627212,12.240887742776387
2019-01-22,54.79999923706055,54.94850158691406,53.54449844360352,53.93149948120117,53.42314529418945,39632000,-0.025891719831614757,53.06337547302246,53.07751014709473,52.300216443857494,0.46839508487782666,0.2611599502479034,0.20723513462992327,56.227126735526824,53.06337547302246,49.8996242105181,11.924425215326986
2019-01-23,54.34299850463867,54.647499084472656,53.37850189208984,54.22050094604492,53.70941925048828,25194000,0.005358612914353467,53.296275520324706,53.05368019104004,53.59131963177191,0.4567224425485321,0.30027244870802916,0.15644999384050295,56.0547015895544,53.296275520324706,50.53784945109501,10.351290187914755
2019-01-24,54.1254997253418,54.400001525878906,53.5009994506836,54.20000076293945,53.68911361694336,29114000,-0.0003780646640437757,53.54460048675537,53.04305023193359,53.48073766409223,0.44073705355221904,0.32836536967686714,0.1123716838753519,55.59992781631884,53.54460048675537,51.4892731571919,7.677066635586787
2019-01-25,54.71149826049805,55.167999267578125,54.59000015258789,55.07550048828125,54.55635833740234,23260000,0.01615308322365916,53.6787504196167,53.06754020690918,57.51283131453837,0.49303067782965115,0.36129843130742395,0.1317322465222272,55.76576990063375,53.6787504196167,51.591730938599646,7.775961492033384
2019-01-28,54.50350189208984,54.66849899291992,53.730499267578125,53.99300003051758,53.48405838012695,29334000,-0.019654903478780072,53.74615039825439,53.09804023742676,51.56191813694871,0.4420295699880299,0.3774446590435452,0.06458491094448471,55.78170979373449,53.74615039825439,51.710591002774294,7.574716999810323
2019-01-29,54.05199813842773,54.23649978637695,53.30099868774414,53.50299835205078,52.99867630004883,19704000,-0.00907526643973744,53.80460033416748,53.12013023376465,49.08603044591586,0.35794561006361647,0.3735448492475595,-0.015599239183943014,55.73923908589685,53.80460033416748,51.869961582438115,7.1913507012924125
2019-01-30,53.86800003051758,54.97600173950195,53.83200073242188,54.89950180053711,54.382022857666016,29452000,0.02610153034361562,53.9371753692627,53.163540267944335,55.625788125785355,0.3993906959272877,0.3787140185835052,0.020676677343782535,55.788575960212505,53.9371753692627,52.08577477831289,6.8650261281753
2019-01-31,55.61199951171875,56.38349914550781,55.26250076293945,56.29449844360352,55.76386642456055,40232000,0.02540993317794049,54.115200233459475,53.21838020324707,61.0129596014925,0.538592239615781,0.4106896627899604,0.12790257682582057,56.1456636088291,54.115200233459475,52.08473685808985,7.504225676371759
2019-02-01,56.11449813842773,56.720001220703125,55.712501525878906,55.930999755859375,55.40380096435547,33116000,-0.006456967267364555,54.34807529449463,53.26873016357422,59.00285999567666,0.6125184285019216,0.45105541593235265,0.16146301256956896,56.06569871515199,54.34807529449463,52.630451873837266,6.320825204388989
2019-02-04,55.95050048828125,57.117000579833984,55.8754997253418,57.07099914550781,56.533050537109375,78408000,0.020382167885564684,54.50645027160645,53.38273017883301,63.10788234632047,0.7543976625185564,0.5117238652495935,0.242673797268963,56.578462103698165,54.50645027160645,52.43443843951473,7.602813324906878
2019-02-05,56.48149871826172,57.63850021362305,56.18000030517578,57.59349822998047,57.050628662109375,82296000,0.009155319235077286,54.69632511138916,53.50415016174316,64.84532565420096,0.8986403208368898,0.5891071563670527,0.30953316446983714,57.13641706100495,54.69632511138916,52.256233161773366,8.922325017801617
2019-02-06,57.4635009765625,57.70000076293945,55.917999267578125,56.14450073242188,55.61528396606445,48256000,-0.025159138991192487,54.79012508392334,53.583610153198244,56.84938417135304,0.8858204912715095,0.6484498233479441,0.23737066792356543,57.30044196894353,54.79012508392334,52.279808198903154,9.16339169211633
2019-02-07,55.59099960327149,55.5994987487793,54.679500579833984,55.295501708984375,54.77428436279297,38298000,-0.015121735309032158,54.850775146484374,53.65942016601562,52.74545187531244,0.7979552270213262,0.6783509040826206,0.1196043229387056,57.34835632177877,54.850775146484374,52.353193971189974,9.106821803791703
2019-02-08,54.74399948120117,55.255001068115234,54.71200180053711,55.11899948120117,54.59944534301758,21766000,-0.003191990946287082,54.909650039672854,53.70586013793945,51.906525086258306,0.7059414636172932,0.6838690159895552,0.022072447627737968,57.37401200651393,54.909650039672854,52.44528807283178,8.97606145754178
2019-02-11,55.1875,55.67150115966797,55.0,55.10599899291992,54.58657455444336,18498000,-0.0002357311231525605,55.00377502441406,53.75570014953613,51.84112059344643,0.624768915291213,0.6720489958498868,-0.04728008055867372,57.34401680043352,55.00377502441406,52.6635332483946,8.509386037524578
2019-02-12,55.55049896240234,56.64300155639648,55.55049896240234,56.37900161743164,55.84757614135742,35036000,0.023100947388746018,55.19395008087158,53.791490173339845,57.48964117499628,0.6556023826287927,0.668759673205668,-0.013157290576875313,57.322567367678836,55.19395008087158,53.065332794064325,7.713226843479588
2019-02-13,56.652000427246094,57.14250183105469,56.29999923706055,56.43149948120117,55.89958190917969,28042000,0.000931209041026726,55.29925003051758,53.825540161132814,57.709930654011046,0.6764762691611779,0.67030299239677,0.00617327676440782,57.45380891826933,55.29925003051758,53.14469114276582,7.7923620539617975
2019-02-14,56.25,56.80649948120117,55.85449981689453,56.459999084472656,55.92781066894531,21106000,0.0005049905348395445,55.398475074768065,53.84509017944336,57.837664359931665,0.6873947951194808,0.6737213529413122,0.013673442178168571,57.57482427022876,55.398475074768065,53.22212587930737,7.857072572930587
2019-02-15,56.96500015258789,56.96500015258789,55.83599853515625,55.98149871826172,55.45381927490234,27826000,-0.008475057192005697,55.44974994659424,53.84836013793945,54.842553340807285,0.6499446674959728,0.6689660158522444,-0.01902134835627156,57.63030172835274,55.44974994659424,53.269198164835736,7.864965248206439
2019-02-19,55.83200073242188,56.48199844360352,55.83200073242188,56.32550048828125,55.79457473754883,21980000,0.006144851104975535,55.49777488708496,53.91240013122559,56.583247993617114,0.6406383592170499,0.6633004845252055,-0.02266212530815559,57.71081167886148,55.49777488708496,53.284738095308434,7.975227101551871
2019-02-20,56.44400024414063,56.54650115966797,55.587501525878906,56.02949905395508,55.50136184692383,24090000,-0.005255222250626357,55.602674865722655,53.954910125732425,54.631801876890194,0.602433719972872,0.6511271316147388,-0.0486934116418668,57.70491610026147,55.602674865722655,53.50043363118384,7.561655044889876
2019-02-21,55.93899917602539,55.95750045776367,54.89899826049805,55.21049880981445,54.69008255004883,33272000,-0.014617286312947786,55.65217475891113,54.012540130615236,49.540764408354235,0.5003026159615374,0.6209622284840985,-0.12065961252256119,57.66669621906258,55.65217475891113,53.63765329875968,7.239686387381944
2019-02-22,55.48500061035156,55.86249923706055,55.025001525878906,55.82799911499024,55.30176544189453,29436000,0.011184530418032024,55.73357467651367,54.075920104980476,53.09022187314601,0.46384319851982525,0.5895384224912439,-0.12569522397141863,57.63520921158891,55.73357467651367,53.83194014143843,6.824017824489534
2019-02-25,56.09650039672852,56.27000045776367,55.70550155639648,55.86650085449219,55.33990478515625,26208000,0.0006896586927553905,55.77312469482422,54.131600112915045,53.31075104928754,0.433063529333225,0.5582434438596402,-0.1251799145264152,57.65112326657879,55.77312469482422,53.895126123069645,6.734421218213918
2019-02-26,55.71849822998047,56.321998596191406,55.334999084472656,56.10049819946289,55.57169723510742,35026000,0.004188522745947054,55.878499603271486,54.17988006591798,54.704464017408895,0.4226796618561153,0.5311306874589352,-0.10845102560281994,57.57264513078809,55.878499603271486,54.18435407575488,6.063675794965037
2019-02-27,55.70050048828125,56.2864990234375,55.428001403808594,56.14450073242188,55.61528396606445,22092000,0.0007843332690133931,56.01057472229004,54.22923011779786,54.976637499905934,0.41323746447498166,0.5075520428621445,-0.09431457838716284,57.30899830547896,56.01057472229004,54.71215113910112,4.636351580488956
2019-02-28,55.95000076293945,56.699501037597656,55.920501708984375,56.32749938964844,55.79656600952149,27422000,0.003259572378838449,56.08197460174561,54.30407012939454,56.15655062336198,0.4157286561121012,0.4891873655121359,-0.07345870940003468,57.28143434333832,56.08197460174561,54.882514860152895,4.277523215294838
2019-03-01,56.54999923706055,57.5,56.54999923706055,57.42599868774414,56.88470077514648,34086000,0.019501823202512147,56.138549613952634,54.42694007873536,62.50818054710393,0.5005723695663491,0.4914643663229786,0.009108003243370522,57.47202162931479,56.138549613952634,54.80507759859048,4.75064647922694
2019-03-04,57.72800064086914,58.2760009765625,56.91249847412109,57.67100143432617,57.12739181518555,35490000,0.004266367524694781,56.22554969787598,54.536950073242195,63.768898287354055,0.580885214654522,0.5093485359892873,0.07153667866523472,57.71179930173722,56.22554969787598,54.73930009401473,5.286741034449654
2019-03-05,57.79999923706055,58.824501037597656,57.6510009765625,58.45949935913086,57.90845489501953,40094000,0.013672304213726783,56.29497470855713,54.67068008422852,67.55071724012478,0.7000887287148103,0.5474965745343919,0.15259215418041838,58.03991247840722,56.29497470855713,54.55003693870704,6.199266555793834
2019-03-06,58.5880012512207,58.73699951171875,58.15250015258789,58.24700164794922,57.69796752929688,23602000,-0.0036348295962003174,56.327649879455564,54.81204010009767,65.56450184002298,0.7685521917878475,0.591707697985083,0.17684449380276446,58.189204692175565,56.327649879455564,54.46609506673556,6.609737195511749
2019-03-07,58.025001525878906,58.17900085449219,57.08549880981445,57.54249954223633,57.00009536743164,30086000,-0.01209526421378515,56.39754981994629,54.971640090942394,59.33543185748573,0.757233629445885,0.6248128842772435,0.13242074516864155,58.32998495020513,56.39754981994629,54.465114689687454,6.852904554996778
2019-03-08,56.69499969482422,57.67250061035156,56.5099983215332,57.49850082397461,56.95651626586914,23694000,-0.0007645443622783521,56.5076997756958,55.136940078735364,58.95868930351404,0.7362264976135435,0.6470956069445035,0.08913089066904001,58.427410716575,56.5076997756958,54.5879888348166,6.794511008232101
2019-03-11,57.59999847412109,58.99549865722656,57.57849884033203,58.9630012512207,58.40721893310547,30032000,0.02547035462043623,56.69989986419678,55.268350067138684,66.56773984134136,0.8282041178943018,0.6833173091344632,0.14488680875983861,58.787369616315196,56.69989986419678,54.612430112078364,7.363222006099349
2019-03-12,59.1150016784668,60.28549957275391,59.1150016784668,59.86249923706055,59.2982292175293,42220000,0.015255139701897402,56.937724876403806,55.412700042724616,70.21975737693718,0.9625829575214908,0.7391704388118687,0.2234125187096221,59.30913584488662,56.937724876403806,54.56631390792099,8.329840974961666
2019-03-13,60.29650115966797,60.35599899291992,59.89550018310547,59.95299911499024,59.387882232666016,25888000,0.0015119003774604067,57.11642475128174,55.56508003234864,70.56810894144606,1.0641152813090216,0.8041594073112993,0.25995587399772224,59.80934079361734,57.11642475128174,54.423508708946144,9.429567953744042
2019-03-14,59.95100021362305,60.23500061035156,59.561500549316406,59.62649917602539,59.06445693969727,27302000,-0.005445981247515275,57.27617473602295,55.71264999389649,67.50038971425849,1.105491149187415,0.8644257556865226,0.2410653935008925,60.15992000546002,57.27617473602295,54.39242946658588,10.069615447357677
2019-03-15,59.900001525878906,60.08599853515625,59.35049819946289,59.51499938964844,58.95401763916016,51886000,-0.001869809802024669,57.42892475128174,55.848269958496104,66.43820358897474,1.11641538010268,0.914823680569754,0.20159169953292588,60.44420170994641,57.42892475128174,54.41364779261707,10.500899927078555
2019-03-18,59.484500885009766,59.747501373291016,59.07400131225586,59.4275016784668,58.86733627319336,24442000,-0.001470321607211833,57.60122489929199,56.01135002136231,65.56627246804041,1.1052716936872926,0.9529132831932617,0.15235841049403087,60.65949226759046,57.60122489929199,54.542957530993526,10.61875810330574
2019-03-19,59.58599853515625,60.170501708984375,59.47299957275391,60.12300109863281,59.5562858581543,29788000,0.011703427207299555,57.79109992980957,56.13574005126954,69.04398808647181,1.1394266316521637,0.9902159528850423,0.14921067876712146,60.97781699796697,57.79109992980957,54.60438286165217,11.028400816138957
2019-03-20,60.06999969482422,61.4995002746582,59.97949981689453,61.32149887084961,60.74348449707031,41508000,0.019934061061893216,58.0556999206543,56.28625000000001,73.93020540512677,1.248807939446472,1.0419343501973284,0.20687358924914356,61.48312006695716,58.0556999206543,54.628279774351434,11.807351047312073
2019-03-21,61.0,61.821998596191406,60.82899856567383,61.80649948120117,61.22390365600586,28150000,0.007908982550362653,58.38549995422363,56.43700996398927,75.60809445781703,1.3589636231373348,1.1053402047853296,0.2536234183520052,61.921995706683745,58.38549995422363,54.84900420176352,12.114294662999733
2019-03-22,61.442501068115234,61.68149948120117,60.29999923706055,60.38249969482422,59.81332778930664,34422000,-0.023039626395349067,58.61322498321533,56.563009948730475,62.82317895234567,1.3161857442310065,1.1475093126744649,0.16867643155654166,62.046708190704095,58.61322498321533,55.17974177572657,11.71572868912088
2019-03-25,59.97800064086914,60.47200012207031,59.5,59.86899948120117,59.30467224121094,27576000,-0.0085040502994157,58.813349914550784,56.681559906005866,58.95199788439977,1.2267080642947974,1.1633490629985315,0.06335900129626593,62.04369079650669,58.813349914550784,55.58300903259488,10.98505997923678
2019-03-26,60.259498596191406,60.38249969482422,59.0880012512207,59.492000579833984,58.93122863769531,30752000,-0.006297035113805416,58.98292503356934,56.80692993164063,56.213283939361645,1.1125509033890566,1.1531894310766366,-0.04063852768758003,61.972955098495426,58.98292503356934,55.99289496864325,10.138629317635072
2019-03-27,59.59600067138672,59.59600067138672,58.21149826049805,58.9005012512207,58.34530258178711,29428000,-0.00994253928609623,59.120725059509276,56.93342994689942,52.121926182007535,0.9632477579081211,1.1152010964429335,-0.1519533385348124,61.81411560561955,59.120725059509276,56.427334513399,9.111493620550764
2019-03-28,58.775001525878906,58.86249923706055,58.17150115966797,58.61349868774414,58.06100845336914,22402000,-0.004872613832440975,59.235025024414064,57.019189910888684,50.21227264698719,0.8124003852122996,1.054640954196807,-0.2422405689845073,61.62105278951995,59.235025024414064,56.84899725930818,8.056138286841175
2019-03-29,59.00899887084961,59.19850158691406,58.31900024414063,58.84450149536133,58.28983688354492,30890000,0.003941172161340711,59.30595016479492,57.10656997680665,51.74475271872927,0.7033845720529825,0.9843896777680421,-0.28100510571505954,61.55294670722655,59.30595016479492,57.05895362236329,7.5776428374820615
2019-04-01,59.37699890136719,60.0099983215332,59.31800079345703,59.94900131225586,59.3839225769043,27706000,0.018769750472028335,59.4198501586914,57.206429977417,58.34647652040853,0.6980657913294053,0.9271249004803148,-0.22905910915090955,61.551795775413176,59.4198501586914,57.28790454196963,7.175870053620223
2019-04-02,60.00249862670898,60.29050064086914,59.5620002746582,60.277000427246094,59.70883560180664,18288000,0.005471397152681634,59.51072521209717,57.30466995239259,60.09253449353646,0.7121086612878855,0.8841216526418291,-0.17201299135394355,61.626061023798606,59.51072521209717,57.395389400395736,7.109091022374016
2019-04-03,60.6349983215332,61.02999877929688,60.25400161743164,60.54050064086914,59.969844818115234,22180000,0.004371366711105162,59.625400161743165,57.43684997558594,61.48916906246619,0.7360156714727211,0.8545004564080075,-0.11848478493528647,61.70259352235871,59.625400161743165,57.54820680112762,6.9674781384471585
2019-04-04,60.56449890136719,61.02750015258789,60.45199966430664,60.97249984741211,60.39776992797852,21022000,0.00713567145556504,59.79690017700195,57.571889953613294,63.730261283969774,0.7808200671939147,0.839764378565189,-0.058944311371274316,61.71844220124388,59.79690017700195,57.87535815276002,6.4268951017663625
2019-04-05,60.96500015258789,61.01950073242188,60.50149917602539,60.5724983215332,60.00154495239258,20012000,-0.00656025836812224,59.95060005187988,57.69933990478516,60.234927816358805,0.7751160382193945,0.8268347104960302,-0.051718672276635735,61.58204472576208,59.95060005187988,58.31915537799768,5.44263000694033
2019-04-08,60.55550003051758,60.6974983215332,60.23500061035156,60.41400146484375,59.84454345703125,21750000,-0.0026166242133581763,60.02315006256104,57.80610992431642,58.857439356410325,0.7491702145493804,0.8113018113067003,-0.06213159675731994,61.600627670463595,60.02315006256104,58.44567245465848,5.256230658532191
2019-04-09,60.09450149536133,60.35749816894531,59.91899871826172,60.134498596191406,59.56767654418945,19668000,-0.004626435374857296,60.03675003051758,57.928939895629895,56.407654661487804,0.6980082125843836,0.7886430915622371,-0.0906348789778535,61.613142661990416,60.03675003051758,58.460357399044746,5.251425604055953
2019-04-10,60.25450134277344,60.446998596191406,60.03300094604492,60.3224983215332,59.75389099121094,15510000,0.0031260988815526858,60.05522499084473,58.06532989501954,57.68348257753131,0.6649666425526348,0.7639078017603167,-0.09894115920768187,61.63591345032016,60.05522499084473,58.474536531369296,5.264116351962396
2019-04-11,60.44499969482422,60.637001037597656,60.22700119018555,60.47949981689453,59.90942001342773,16998000,0.0026028266885527174,60.09787502288818,58.176929855346685,58.7687569576179,0.6440257409605437,0.7399313896003622,-0.09590564863981854,61.676019682205265,60.09787502288818,58.5197303635711,5.251915009361142
2019-04-12,60.78099822998047,61.15250015258789,60.66450119018555,61.13650131225586,60.56022262573242,24312000,0.01086310987752559,60.17895011901855,58.273769912719736,63.040481053272316,0.6726901026940197,0.7264831322190937,-0.05379302952507392,61.795133275071436,60.17895011901855,58.56276696296567,5.3712574009898395
2019-04-15,61.204498291015625,61.46500015258789,60.72800064086914,61.32649993896485,60.74843215942383,23796000,0.0031078078238675477,60.27390003204346,58.38167991638184,64.19574235859346,0.7026385374911186,0.7217142132734987,-0.01907567578238012,61.925089063034626,60.27390003204346,58.62271100105229,5.478952017750125
2019-04-16,61.5,61.79899978637695,61.25199890136719,61.59550094604492,61.0149040222168,22622000,0.004386481318458646,60.34752502441406,58.47216995239259,65.82450163067622,0.7395539039226833,0.7252821514033356,0.014271752519347647,62.0938108989536,60.34752502441406,58.60123914987452,5.787431626510166
2019-04-17,61.84999847412109,62.255001068115234,61.64500045776367,62.00699996948242,61.42252349853516,30366000,0.006680654224580085,60.3818000793457,58.560439987182626,68.20710570411045,0.7928743677666716,0.7388005946760029,0.05407377309066874,62.22729774827078,60.3818000793457,58.536302410420625,6.112761350274322
2019-04-18,62.25,62.297000885009766,61.97050094604492,62.07350158691406,61.48838806152344,24750000,0.001072319390945431,60.39515018463135,58.67902000427246,68.58823943362457,0.8309190269521807,0.7572242811312384,0.07369474582094226,62.28500887399828,60.39515018463135,58.505291495264416,6.258312740640691
2019-04-22,61.83349990844727,62.71699905395508,61.66849899291992,62.6879997253418,62.09709930419922,19084000,0.009899612949142877,60.51042518615723,58.82686996459961,71.93610707603551,0.9002767279327628,0.7858347704915434,0.11444195744121943,62.648137130774025,60.51042518615723,58.37271324154043,7.06559882215415
2019-04-23,62.83200073242188,63.72150039672852,62.5984992980957,63.52949905395508,62.9306755065918,31868000,0.013423754277298583,60.693450164794925,58.99507995605469,75.74800571779922,1.01148539476781,0.8309648953467967,0.18052049942101323,63.1787058465678,60.693450164794925,58.20819448302205,8.189535032280775
2019-04-24,63.52949905395508,63.70000076293945,62.990501403808594,63.00249862670898,62.40863037109375,23396000,-0.008295559062342583,60.86897506713867,59.15300994873047,69.39118972871091,1.045047872937836,0.8737814908650047,0.1712663820728314,63.48257499391902,60.86897506713867,58.25537514035832,8.587625876392838
2019-04-25,63.51499938964844,63.63999938964844,62.900001525878906,63.367000579833984,62.76970672607422,31344000,0.005785679846416203,61.09230003356934,59.29276992797852,71.19194989911074,1.088510963229865,0.9167273853379768,0.17178357789188825,63.7577187388323,61.09230003356934,58.42688132830637,8.725874467971762
2019-04-26,63.66899871826172,63.945499420166016,63.25,63.87099838256836,63.268951416015625,27228000,0.007953592839299084,61.35517501831055,59.44155990600586,73.51236693376009,1.1503635115317223,0.963454610576726,0.18690890095499635,64.02788628675837,61.35517501831055,58.68246374986271,8.712260270303847
2019-04-29,64.02549743652344,64.84850311279297,63.58549880981445,64.80999755859375,64.1990966796875,72368000,0.014701449018110768,61.653449821472165,59.60855987548828,77.1975198901068,1.2606198467613368,1.0228876578136483,0.23773218894768844,64.4666290800488,61.653449821472165,58.840270562895526,9.125780525575351
2019-04-30,59.53150177001953,60.04899978637695,59.150001525878906,59.948001861572266,59.382930755615234,133178000,-0.07501921636221542,61.65339984893799,59.687889938354495,43.47211469626249,0.9447854686544872,1.0072672199818162,-0.06248175132732903,64.46670024803656,61.65339984893799,58.840099449839414,9.12618089510609
2019-05-01,59.875,59.962501525878906,58.58399963378906,58.66600036621094,58.11301040649414,74340000,-0.02138527575116378,61.57284984588623,59.734699935913085,38.67438388750982,0.5843021702951745,0.9226742100444879,-0.3383720397493134,64.62157449463272,61.57284984588623,58.52412519713974,9.90282131289131
2019-05-02,58.630001068115234,58.96900177001953,57.916500091552734,58.32550048828125,57.77571868896485,45098000,-0.005804065478108411,61.46209983825683,59.78061996459961,37.49089540694206,0.26805113806719305,0.7917495956490289,-0.5236984575818359,64.7999983269713,61.46209983825683,58.12420134954235,10.86164806441193
2019-05-03,58.87049865722656,59.56999969482422,58.6775016784668,59.477500915527344,58.9168701171875,41588000,0.019751401698108406,61.387349891662595,59.86596000671387,43.76130913340134,0.10911886897297052,0.6552234503138172,-0.5461045813408467,64.83103992555237,61.387349891662595,57.943659857772815,11.219542918752026
2019-05-06,58.59999847412109,59.77149963378906,58.55799865722656,59.67300033569336,59.11051940917969,31774000,0.003286822460307537,61.34237499237061,59.94286003112793,44.77376447612352,-0.0010488396086643093,0.5239689923293209,-0.5250178319379852,64.85035337699449,61.34237499237061,57.834396607746726,11.43737387103184
2019-05-07,59.29050064086914,59.73849868774414,58.25,58.94300079345703,58.38740539550781,36604000,-0.012233254265053506,61.26882495880127,60.00439002990723,41.75122686816667,-0.14558420053212728,0.3900583537570313,-0.5356425542891585,64.91070603115881,61.26882495880127,57.62694388644373,11.888202768068206
2019-05-08,58.86449813842773,59.2135009765625,58.38150024414063,58.53900146484375,57.98720932006836,25520000,-0.006854150697887418,61.189050102233885,60.05316009521484,40.136388235364485,-0.28939294313325803,0.2541680943789734,-0.5435610375122315,64.99311235678293,61.189050102233885,57.38498784768483,12.433800649604038
2019-05-09,58.130001068115234,58.70349884033203,57.73199844360352,58.39849853515625,57.84803771972656,29556000,-0.002400039628974393,61.09285011291504,60.09824005126953,39.56327356181427,-0.4099738960507153,0.12133969629303566,-0.531313592343751,65.07294120442059,61.09285011291504,57.112759021409495,13.02964613420173
2019-05-10,58.44200134277344,58.81399917602539,57.31850051879883,58.38199996948242,57.83169174194336,31650000,-0.00028256754122579775,60.987975120544434,60.13933006286621,39.49196241066152,-0.5010902103155672,-0.0031462850286849142,-0.4979439252868823,65.13425441932387,60.987975120544434,56.841695821765,13.597038729632182
2019-05-13,57.262001037597656,57.5984992980957,56.275001525878906,56.829498291015625,56.29381942749024,45626000,-0.026592206939326846,60.77262496948242,60.12740005493164,33.39258104287535,-0.690613494015409,-0.1406397268260297,-0.5499737671893792,65.29593163337974,60.77262496948242,56.24931830558511,14.886000616786704
2019-05-14,57.11600112915039,57.243499755859375,56.17649841308594,56.24300003051758,55.712852478027344,40392000,-0.010320261715608403,60.51844997406006,60.09884002685547,31.41842782389334,-0.8780163439736413,-0.28811505025555206,-0.5899012937180892,65.44227251184923,60.51844997406006,55.5946274362709,16.272136976078055
2019-05-15,56.12749862670898,58.915000915527344,56.06999969482422,58.540000915527344,57.98820495605469,59302000,0.04084071047923321,60.36567497253418,60.1004500579834,45.10621293646615,-0.831599516572922,-0.39681194351902604,-0.4347875730538959,65.33573653708915,60.36567497253418,55.395613407979205,16.466515339441838
2019-05-16,58.59199905395508,59.70800018310547,58.42250061035156,59.22499847412109,58.66674041748047,35308000,0.01170126686866757,60.22657489776611,60.12000999450684,48.412802005059476,-0.7311124589030769,-0.4636720465958363,-0.2674404123072406,65.16069646679435,60.22657489776611,55.292453328737885,16.385197323287414
2019-05-17,58.791500091552734,59.31449890136719,58.32099914550781,58.43899917602539,57.88815307617188,25362000,-0.013271358452302873,60.04484977722168,60.13793998718262,45.05886358405588,-0.7067523154610811,-0.5122881003688853,-0.1944642150921958,64.9611814720299,60.04484977722168,55.12851808241345,16.375531666908305
2019-05-20,57.650001525878906,57.650001525878906,56.90700149536133,57.233001708984375,56.69352340698242,30602000,-0.02063685928306458,59.77209987640381,60.13263000488281,40.43063931838971,-0.7758175016968423,-0.5649939806344767,-0.21082352106236557,64.67687274391885,59.77209987640381,54.867327008888765,16.411579575277045
2019-05-21,57.7239990234375,57.900001525878906,57.16550064086914,57.72200012207031,57.17790985107422,20562000,0.008543946732937346,59.48172492980957,60.107809982299806,42.98774184377744,-0.7820787570861327,-0.6084109359248079,-0.17366782116132484,64.1439667219225,59.48172492980957,54.81948313769666,15.676215838106646
2019-05-22,57.5625,58.18899917602539,57.54999923706055,57.79249954223633,57.24774169921875,18826000,0.0012213081647514112,59.22122497558594,60.06640998840332,43.36520219102291,-0.7724478352601025,-0.6412183157918668,-0.1312295194682357,63.64350771423696,59.22122497558594,54.79894223693492,14.934789817245807
2019-05-23,57.30350112915039,57.50249862670898,56.65800094604492,57.266998291015625,56.72720336914063,25214000,-0.009092731252405395,58.91622486114502,60.01268997192383,41.176793124971596,-0.7980197446361288,-0.6725786015607192,-0.12544114307540954,62.97957245347778,58.91622486114502,54.85287726881226,13.79364547511095
2019-05-24,57.59999847412109,57.71799850463867,56.83549880981445,56.93050003051758,56.39387130737305,18554000,-0.005876053145058013,58.56919994354248,59.958769989013675,39.79202541710002,-0.8358036403449702,-0.7052236093175694,-0.1305800310274008,62.019961160034086,58.56919994354248,55.11843872705087,11.783535441214674
2019-05-28,57.07400131225586,57.824501037597656,56.93349838256836,56.97800064086914,56.44093322753906,20948000,0.0008345218917407138,58.17760009765625,59.90803001403808,40.09826747918926,-0.8520923573498393,-0.7345973589240234,-0.1174949984258159,60.180403953706495,58.17760009765625,56.17479624160601,6.885137416078899
2019-05-29,56.6349983215332,56.75,55.59749984741211,55.99700164794922,55.46917724609375,36230000,-0.017217220302288783,57.9800500869751,59.839420013427734,36.023095789426975,-0.9334000483717659,-0.7743578968135719,-0.159042151558194,60.02437312836721,57.9800500869751,55.935727045582986,7.051815368649905
2019-05-30,56.00749969482422,56.34000015258789,55.79499816894531,56.070499420166016,55.5419807434082,18088000,0.0013125036448882188,57.85027503967285,59.7583699798584,36.54343571894243,-0.9806025475611477,-0.8156068269630872,-0.16499572059806056,60.02905030083746,57.85027503967285,55.67149977850824,7.53246293010859
2019-05-31,55.28200149536133,55.66999816894531,55.16749954223633,55.32500076293945,54.80350875854492,31582000,-0.013295744497749507,57.70025005340576,59.6384400177002,33.5617245325589,-1.065879583142852,-0.8656613781990402,-0.20021820494381182,60.126618912790164,57.70025005340576,55.27388119402136,8.410254226415393
2019-06-03,53.34650039672852,53.34999847412109,51.35150146484375,51.9370002746582,51.44744110107422,96890000,-0.06123818955200433,57.323225021362305,59.44105003356933,23.98405115641465,-1.3908131447504601,-0.9706917315093242,-0.42012141324113594,60.68922558875755,57.323225021362305,53.95722445396706,11.74393299100272
2019-06-04,52.2244987487793,52.922000885009766,51.80149841308594,52.7244987487793,52.227516174316406,60512000,0.015162563123589434,56.9757999420166,59.28789001464844,29.05215933154679,-1.5667206079632976,-1.0898975068001189,-0.4768231011631787,60.713782143302836,56.9757999420166,53.237817740730364,13.121297832028066
2019-06-05,52.75,52.84049987792969,51.650001525878906,52.23199844360352,51.73966598510742,46988000,-0.009340865217114969,56.64024982452393,59.13514999389648,27.803670244321196,-1.7259732532527465,-1.2171126560906445,-0.5088605971621021,60.79342813817997,56.64024982452393,52.487071510867885,14.665112977159966
2019-06-06,52.31050109863281,52.5,51.7755012512207,52.38800048828125,51.894187927246094,29020000,0.002986527632071523,56.3326997756958,58.99306999206543,28.846731130890703,-1.8186300258755708,-1.3374161300476297,-0.48121389582794105,60.778575988556184,56.3326997756958,51.88682356283542,15.784353423723227
2019-06-07,52.7140007019043,53.67150115966797,52.557498931884766,53.41849899291992,52.91497421264648,43828000,0.019670532022420195,56.083699798583986,58.88342994689941,35.47810360831045,-1.7882942259835204,-1.427591749234808,-0.36070247674871236,60.59621790749165,56.083699798583986,51.57118168967632,16.092084242350918
2019-06-10,53.84999847412109,54.742000579833984,53.76399993896485,54.13800048828125,53.62769317626953,28510000,0.013469135612896421,55.87149982452392,58.793919982910154,39.70352027933,-1.6867513093329052,-1.4794236612544276,-0.2073276480784776,60.3305823303055,55.87149982452392,51.41241731874234,15.961921622960752
2019-06-11,54.8494987487793,55.20050048828125,53.97850036621094,54.05199813842773,53.5425033569336,33508000,-0.0015885415592260532,55.73262481689453,58.698069915771484,39.371618950328966,-1.5948332423233538,-1.5025055774682128,-0.09232766485514099,60.236493907706596,55.73262481689453,51.22875572608246,16.162415122593636
2019-06-12,53.997501373291016,54.1259994506836,53.47999954223633,53.95500183105469,53.4464225769043,23670000,-0.001794476798904876,55.618224906921384,58.57818992614746,38.97588299902331,-1.5123805221225695,-1.5044805663990841,-0.007899955723485341,60.180283603802195,55.618224906921384,51.05616621004057,16.40490578228824
2019-06-13,54.23550033569336,54.829498291015625,54.12850189208984,54.55049896240234,54.03631210327149,20814000,0.011037025453263904,55.41874980926514,58.46365989685059,42.778566024818524,-1.3830416622324293,-1.4801927855657533,0.09715112333332399,59.79754770652789,55.41874980926514,51.03995191200239,15.802586353294762
2019-06-14,54.48699951171875,54.73799896240234,54.07400131225586,54.31499862670898,53.80302047729492,24582000,-0.004317312135045714,55.17324981689453,58.33914985656738,41.67261494885457,-1.2847329906674645,-1.4411008265860956,0.15636783591863113,59.20796636145029,55.17324981689453,51.138533272338776,14.625625852912115
2019-06-17,54.45500183105469,55.06399917602539,54.400001525878906,54.69449996948242,54.17894744873047,19770000,0.006987097900835959,54.98602485656738,58.21358985900879,44.17715581704919,-1.1627960839988276,-1.385439878068642,0.2226437940698145,58.734563419765124,54.98602485656738,51.23748629336964,13.634513762272906
2019-06-18,55.57500076293945,55.93899917602539,55.03950119018555,55.262001037597656,54.7411003112793,34526000,0.010375854257427042,54.887474822998044,58.10737991333008,47.78765199855275,-1.0087394926110917,-1.310099800977132,0.30136030836604033,58.495541410348416,54.887474822998044,51.27940823564767,13.147140031439667
2019-06-19,55.36199951171875,55.47150039672852,54.80149841308594,55.22549819946289,54.70493698120117,26714000,-0.0006606248298350881,54.76264972686768,58.003609848022464,47.57450762891955,-0.8794561845361599,-1.2239710776889379,0.34451489315277795,58.134854422115204,54.76264972686768,51.39044503162015,12.31571047809636
2019-06-20,56.084999084472656,56.13600158691406,55.34999847412109,55.65999984741211,55.135353088378906,24018000,0.007867957280083271,54.65602474212646,57.91411987304687,50.40983496373017,-0.7334824506292463,-1.1258733522769995,0.39239090164775314,57.762685075055614,54.65602474212646,51.54936440919731,11.368043495979594
2019-06-21,55.49300003051758,56.32849884033203,55.48600006103516,56.26850128173828,55.73811340332031,50774000,0.010932374260399058,54.606099891662595,57.833039932250976,54.14971433509279,-0.5622153657630022,-1.0131417549742001,0.4509263892111979,57.57223340264622,54.606099891662595,51.63996638067897,10.863744222232953
2019-06-24,56.0,56.17850112915039,55.66550064086914,55.834999084472656,55.30870056152344,24236000,-0.007704115112215026,54.55132484436035,57.74014991760254,51.18799087896394,-0.4562061114102036,-0.9017546262614009,0.4455485148511973,57.38106303470026,54.55132484436035,51.72158665402044,10.374590162249579
2019-06-25,55.75400161743164,55.78499984741211,54.22999954223633,54.37900161743164,53.86642837524414,31644000,-0.02607676860306929,54.42137489318848,57.60499992370605,42.73377076807012,-0.48409944384464154,-0.8182235897780491,0.33412414593340756,57.022924093427704,54.42137489318848,51.81982569294925,9.56076249578488
2019-06-26,54.54999923706055,54.75600051879883,53.68450164794922,54.01599884033203,53.50683975219727,34698000,-0.006675560899302657,54.32232475280762,57.4587899017334,40.91922919591907,-0.5293938780408922,-0.7604576474306178,0.23106376938972562,56.825355023261764,54.32232475280762,51.81929448235347,9.215475522611095
2019-06-27,54.337501525878906,54.42300033569336,53.79249954223633,53.83150100708008,53.3240852355957,24078000,-0.003415535610922782,54.21037483215332,57.303509902954104,39.98981122306457,-0.573565767564709,-0.7230792714574361,0.1495135038927271,56.58776585010283,54.21037483215332,51.832983814203814,8.77098166286585
2019-06-28,53.86149978637695,54.13999938964844,53.68999862670898,54.13999938964844,53.62967300415039,33672000,0.0057307643854469514,54.15112476348877,57.146169891357424,42.34782127024346,-0.577027453709654,-0.6938689079078798,0.11684145419822578,56.47286077715297,54.15112476348877,51.82938874982457,8.575024152516306
2019-07-01,55.05199813842773,55.429500579833984,54.76649856567383,55.0,54.481563568115234,29196000,0.015884686895236477,54.30427474975586,57.00469985961914,48.43111705947227,-0.5045597522429262,-0.6560070767748891,0.15144732453196297,56.41621386511774,54.30427474975586,52.192335634393984,7.7781689382432
2019-07-02,55.24150085449219,55.64450073242188,54.98350143432617,55.630001068115234,55.10563659667969,20630000,0.011454756209120287,54.44954986572266,56.86353988647461,52.39400730712417,-0.391776598910873,-0.6031609812020859,0.21138438229121292,56.50581808784368,54.44954986572266,52.39328164360164,7.552930105728904
2019-07-03,55.92499923706055,56.39950180053711,55.74250030517578,56.14950180053711,55.620235443115234,20154000,0.0093384067078639,54.64542503356934,56.71593994140625,55.435212494000375,-0.257507385036881,-0.534030261969045,0.27652287693216404,56.56094875568199,54.64542503356934,52.729901311456686,7.010737755030448
2019-07-05,55.96849822998047,56.73249816894531,55.875,56.63349914550781,56.09967422485352,29794000,0.008619862500018227,54.857699966430665,56.58855995178223,58.119548927570115,-0.11076667559336784,-0.4493775446939096,0.3386108691005418,56.66332538740519,54.857699966430665,53.05207454545614,6.582942493321619
2019-07-08,56.29349899291992,56.36050033569336,55.5880012512207,55.839500427246094,55.31315612792969,29888000,-0.014020011841269997,54.97875003814697,56.43800994873047,52.52956666876047,-0.05787551408906211,-0.37107713857294017,0.31320162448387806,56.705074811172025,54.97875003814697,53.252425265121914,6.279970977249377
2019-07-09,55.51599884033203,56.39300155639648,55.35749816894531,56.214500427246094,55.68462371826172,29472000,0.006715718580095009,55.08257503509522,56.284879989624024,54.74350373955345,0.014137510042104395,-0.2940342088499313,0.3081717188920357,56.843575473967014,55.08257503509522,53.32157459622342,6.394038179042269
2019-07-10,56.61600112915039,57.117000579833984,56.53300094604492,57.045501708984375,56.50778579711914,30710000,0.014782574145103977,55.23225021362305,56.129590072631835,59.27609541318501,0.13668755985570868,-0.20788985510880334,0.344577414964512,57.121617935074205,55.23225021362305,53.34288249217189,6.841538101900999
2019-07-11,57.30799865722656,57.6619987487793,56.97650146484375,57.20399856567383,56.66479110717773,26004000,0.002778472167044077,55.394700050354004,56.074710006713865,60.096966992429394,0.24378848705406853,-0.11755418667622897,0.3613426737302975,57.37344617243592,55.394700050354004,53.41595392827209,7.144171266504655
2019-07-12,57.14649963378906,57.375,56.928001403808594,57.266998291015625,56.72720336914063,21878000,0.001101429313395963,55.530525016784665,56.04672996520996,60.438319599533926,0.32994687264069,-0.028053974812845175,0.35800084745353516,57.628192191206736,55.530525016784665,53.432857842362594,7.5550057334701215
2019-07-15,57.266998291015625,57.53400039672852,57.0,57.5255012512207,56.98326110839844,21164000,0.004513843871194689,55.691050148010255,56.03072998046875,61.87933727199924,0.41431112173328444,0.060419044496380754,0.3538920772369037,57.88139702871815,55.691050148010255,53.50070326730236,7.8660642056007255
2019-07-16,57.33649826049805,57.92900085449219,57.33649826049805,57.67300033569336,57.12937927246094,25352000,0.002564229586378808,55.8399751663208,55.99463996887207,62.71388315747967,0.4874532823565403,0.14582589206841268,0.3416273902881276,58.14125908429752,55.8399751663208,53.53869124834407,8.242424575305746
2019-07-17,57.54600143432617,57.922000885009766,57.33100128173828,57.33700180053711,56.79654693603516,19538000,-0.0058259400095778124,55.943725204467775,55.94791999816894,59.51744155184084,0.512400068845416,0.21914072742381335,0.29325934142160265,58.31738447224239,55.943725204467775,53.57006593669316,8.485882050575524
2019-07-18,57.09999847412109,57.40850067138672,56.64300155639648,57.36199951171875,56.8213005065918,25450000,0.0004358287940375849,56.050550270080564,55.916299972534176,59.682086600743396,0.5281000743216069,0.28093259680337207,0.2471674775182348,58.47701731846544,56.050550270080564,53.624083221695685,8.65813818666509
2019-07-19,57.46599960327149,57.57899856567383,56.5625,56.57749938964844,56.04420471191406,23184000,-0.013676135318085203,56.096425247192386,55.87706993103027,52.46987870570462,0.47180120762843814,0.3191063189683853,0.15269488866005282,58.526312781871916,56.096425247192386,53.666537712512856,8.663252690245695
2019-07-22,56.77349853515625,57.0009994506836,56.260501861572266,56.96049880981445,56.42359161376953,28914000,0.006769422526479607,56.13102512359619,55.848309936523435,55.309308268040894,0.4528684172965711,0.3458587386340225,0.10700967866254862,58.589269907460036,56.13102512359619,53.67278033973234,8.75895203570924
2019-07-23,57.17250061035156,57.44300079345703,56.64250183105469,57.40250015258789,56.861419677734375,20648000,0.007759663138104722,56.20940017700195,55.82871994018555,58.39807929245911,0.4681335072886128,0.37031369236494055,0.09781981492367225,58.72419644869286,56.20940017700195,53.69460390531105,8.947956262731417
2019-07-24,56.63100051879883,57.27299880981445,56.42549896240234,56.98649978637695,56.44934844970703,27192000,-0.007246938791939828,56.33977508544922,55.83185997009277,54.57496804641851,0.441573266447449,0.3845656071814422,0.05700765926600676,58.72869007018659,56.33977508544922,53.95086010071185,8.480385238010472
2019-07-25,56.9474983215332,57.179500579833984,56.18550109863281,56.797000885009766,56.26163482666016,54762000,-0.003325346141313079,56.47882518768311,55.84293998718262,52.87679795880005,0.4006150654919196,0.38777549884353774,0.012839566648381873,58.621580180551014,56.47882518768311,54.3360701948152,7.587817153587673
2019-07-26,61.400001525878906,63.41949844360352,61.400001525878906,62.26100158691406,61.67412567138672,121216000,0.09620216087574107,56.90030021667481,55.91736000061035,76.03361763770927,0.7998345929237729,0.4701873176595848,0.3296472752641881,59.92782096443689,56.90030021667481,53.872779468912725,10.641493054459696
2019-07-29,62.125,62.449501037597656,61.5099983215332,62.09199905395508,61.50672149658203,41382000,-0.002714333976887695,57.29790019989014,55.97470001220703,74.80909817974354,1.0900168172805067,0.5941532175837693,0.49586359969673743,60.819325213117835,57.29790019989014,53.77647518666244,12.291637218616437
2019-07-30,61.34999847412109,61.84550094604492,61.26599884033203,61.400001525878906,60.82124328613281,28616000,-0.011144769120677522,57.61790027618408,56.0339200592041,69.84872306744555,1.249743636775797,0.7252713014221749,0.5244723353536221,61.39946237675548,57.61790027618408,53.83633817561268,13.126344703451402
2019-07-31,61.243499755859375,61.74549865722656,60.40900039672852,60.90999984741211,60.33586883544922,39960000,-0.007980344111023108,57.881900215148924,56.107460021972656,66.48690707546385,1.3215551861120645,0.8445280783601529,0.4770271077519116,61.80601327601658,57.881900215148924,53.95778715428127,13.559033294627845
2019-08-01,60.88150024414063,61.81499862670898,60.34999847412109,60.5890007019043,60.01789474487305,35426000,-0.005270067320044203,58.103875160217285,56.164800033569335,64.30346908283238,1.3371505685872975,0.9430525764055818,0.3940979921817157,62.11224260410365,58.103875160217285,54.09550771633092,13.797246510094471
2019-08-02,60.150001525878906,60.47499847412109,59.5,59.81600189208984,59.25217819213867,34910000,-0.012758137485316956,58.263000297546384,56.20527008056641,59.25682429310014,1.2724672672526438,1.0089355145749943,0.2635317526776495,62.27792256231815,58.263000297546384,54.248078032774615,13.78206492720166
2019-08-05,58.64849853515625,58.84400177001953,57.13750076293945,57.73749923706055,57.193267822265625,47840000,-0.03474826466626357,58.35790023803711,56.2146800994873,48.28380251069149,1.0414819359795402,1.0154447988559037,0.026037137123636533,62.22625088734293,58.35790023803711,54.48954958873129,13.257333226614154
2019-08-06,58.2760009765625,59.06999969482422,58.07649993896485,58.55400085449219,58.00206756591797,36014000,0.014141520050327872,58.47487525939941,56.2471501159668,52.040880567465656,0.913775814737555,0.995111002032234,-0.08133518729467903,62.21630047769109,58.47487525939941,54.73345004110773,12.796693286456474
2019-08-07,57.88999938964844,58.993499755859375,57.54199981689453,58.795501708984375,58.24129104614258,30686000,0.004124395737319819,58.56237525939942,56.2835001373291,53.12557129157198,0.8225727871742663,0.9606033590606404,-0.13803057188637413,62.24742290885776,58.56237525939942,54.87732760994108,12.585034787730473
2019-08-08,59.32149887084961,60.31399917602539,58.70000076293945,60.30950164794922,59.74102783203125,30116000,0.025750404205505673,58.717650413513184,56.3697501373291,59.33494699192101,0.8625182987480997,0.9409863469981323,-0.07846804825003262,62.422321432637595,58.717650413513184,55.01297939438877,12.618594214975007
2019-08-09,59.9995002746582,60.22299957275391,59.24449920654297,59.44499969482422,58.88467788696289,20418000,-0.014334369128634394,58.82655048370361,56.43724014282227,54.865668383639516,0.8150222525951349,0.9157935281175329,-0.10077127552239795,62.48196831728897,58.82655048370361,55.17113265011826,12.427782365372565
2019-08-12,59.0,59.28049850463867,58.43600082397461,58.72499847412109,58.17146301269531,22064000,-0.012112062082375474,58.886525344848636,56.50524009704589,51.39360316573982,0.7110862529309401,0.8748520730802144,-0.16376582014927432,62.493630602985355,58.886525344848636,55.279420086711916,12.251037863120471
2019-08-13,58.71749877929688,60.27149963378906,58.64950180053711,59.83649826049805,59.2724838256836,28434000,0.018927163869817187,58.994700241088864,56.663230056762686,56.02058199182866,0.7102180167462606,0.8419252618134238,-0.13170724506716314,62.57944043099045,58.994700241088864,55.40996005118728,12.152753299032355
2019-08-14,58.80350112915039,59.13949966430664,58.05350112915039,58.212501525878906,57.663795471191406,35430000,-0.027140559171153322,59.03847522735596,56.772990112304676,48.722713944760216,0.5718945250450957,0.7879191144597582,-0.2160245894146624,62.56203470229868,59.03847522735596,55.51491575241324,11.936485355943109
2019-08-15,58.42150115966797,58.82099914550781,58.150001525878906,58.46599960327149,57.91489791870117,28506000,0.004354594515638688,59.093675231933595,56.897670135498046,49.82156716489747,0.47722617133851486,0.7257805258355096,-0.2485543544969947,62.54428600604984,59.093675231933595,55.64306445781735,11.678443625559336
2019-08-16,59.03950119018555,59.19200134277344,58.650001525878906,58.96049880981445,58.40473937988281,24916000,0.00845795259570803,59.21282520294189,57.02912010192871,51.98320739070797,0.43706456401241667,0.668037333470891,-0.23097276945847434,62.466630186358046,59.21282520294189,55.95902021952574,10.990203464415991
2019-08-19,59.59149932861328,60.46950149536133,59.52000045776367,60.02199935913086,59.45623016357422,24450000,0.01800351811951728,59.36590023040772,57.16119010925293,56.33200211573013,0.48529623099285857,0.6314891129752845,-0.14619288198242597,62.46588034981854,59.36590023040772,56.265920110996895,10.44363888151059
2019-08-20,59.76750183105469,59.900001525878906,59.15250015258789,59.17649841308594,58.61870574951172,20206000,-0.0140864029178831,59.454600143432614,57.26196006774902,52.2711569395774,0.450106763774599,0.5952126431351475,-0.14510587936054853,62.42353811500161,59.454600143432614,56.485662171863616,9.987243928666631
2019-08-21,59.79100036621094,60.02799987792969,59.39599990844727,59.57899856567383,59.01741027832031,14152000,0.006801660386572372,59.58422508239746,57.372500076293946,53.972210536907596,0.449515520846802,0.5660732186774785,-0.11655769783067649,62.32870559768797,59.58422508239746,56.83974456710695,9.212104416882964
2019-08-22,59.68999862670898,59.93899917602539,58.945499420166016,59.57600021362305,59.01443862915039,17352000,-5.0352076716109195e-05,59.723175048828125,57.484920043945316,53.95678343315161,0.4436904275534914,0.5415966604526812,-0.09790623289918976,62.152420756968326,59.723175048828125,57.293929340687924,8.135018629381683
2019-08-23,59.25849914550781,59.78350067138672,57.5,57.67900085449219,57.13531875610352,36254000,-0.03184169699309258,59.494075012207034,57.54749008178711,45.161466829954215,0.2827427226488055,0.48982587289190604,-0.20708315024310053,61.78294030384687,59.494075012207034,57.2052097205672,7.694431054420818
2019-08-26,57.97249984741211,58.59299850463867,57.74250030517578,58.55899810791016,58.00701522827149,21166000,0.015256700953905966,59.31742496490479,57.63237007141113,49.29089737960427,0.22362116525941644,0.43658493136540816,-0.21296376610599171,61.30214541486173,59.31742496490479,57.33270451494785,6.691863145209694
2019-08-27,59.150001525878906,59.25,58.22800064086914,58.54100036621094,57.98919677734375,23460000,-0.0003071775173678626,59.17447490692139,57.7093000793457,49.209281860890385,0.1733167501292172,0.38393129511817,-0.21061454498895277,60.93814108655829,59.17447490692139,57.41080872728449,5.960901832795516
2019-08-28,58.243499755859375,58.92499923706055,58.01250076293945,58.6875,58.134307861328125,16810000,0.0025023813408133755,59.063349914550784,57.77781005859375,49.935948497102586,0.14361591988640043,0.3358682200718161,-0.19225230018541567,60.646430103820634,59.063349914550784,57.480269725280934,5.3606176810497645
2019-08-29,59.32099914550781,59.95949935913086,59.26399993896485,59.71200180053711,59.14916229248047,19636000,0.017457065689560514,59.019499969482425,57.86754013061523,54.80558462075688,0.20043602934143934,0.3087817819257408,-0.10834575258430146,60.4745186648183,59.019499969482425,57.56448127414655,4.930637149037958
2019-08-30,60.01750183105469,60.01750183105469,59.2859992980957,59.5265007019043,58.96540451049805,18064000,-0.003106684437452878,59.005024909973145,57.944870147705075,53.78545857273012,0.22787122940141558,0.2925996714208758,-0.06472844201946021,60.433579487291595,59.005024909973145,57.576470332654694,4.842145493534039
2019-09-03,59.09249877929688,59.45399856567383,58.18550109863281,58.477500915527344,57.92629623413086,25908000,-0.01762233779269995,59.04202499389648,57.98905014038086,48.30933003037014,0.1630883264963856,0.2666974024359777,-0.10360907593959212,60.372297222495156,59.04202499389648,57.71175276529781,4.506187681524105
2019-09-04,58.97249984741211,59.24399948120117,58.57649993896485,59.11349868774414,58.55629348754883,21312000,0.010875842136904401,59.069999885559085,58.05462013244629,51.53139404769233,0.16120879947986566,0.24559968184475534,-0.08439088236488967,60.38144260622246,59.069999885559085,57.75855716489571,4.44030040021714
2019-09-05,59.68299865722656,60.70000076293945,59.634498596191406,60.609500885009766,60.03820037841797,26394000,0.02530738888355777,59.16069984436035,58.17923011779785,58.14095536853173,0.27723830488150014,0.2519274064521043,0.025310898429395823,60.6255953679893,59.16069984436035,57.695804320731405,4.952258940420873
2019-09-06,60.45700073242188,60.647499084472656,60.16299819946289,60.31600189208984,59.74745559692383,18972000,-0.004842663165477767,59.16102485656738,58.30523017883301,56.512719266795486,0.34157217657428873,0.2698563604765412,0.07171581609774752,60.62694228948377,59.16102485656738,57.69510742365099,4.95568640492766
2019-09-09,60.354000091552734,61.02750015258789,59.65850067138672,60.26350021362305,59.69545364379883,31854000,-0.0008703626389686692,59.20194988250732,58.43387016296387,56.2094726371979,0.3838954786032005,0.2926641841018731,0.09123129450132739,60.74116284047183,59.20194988250732,57.66273692454281,5.199872507642884
2019-09-10,59.804500579833984,60.5,59.80049896240234,60.28499984741211,59.71675109863281,27922000,0.00035676845612164776,59.27994995117187,58.556770172119144,56.31285489213362,0.41439495407223603,0.3170103380959457,0.09738461597629033,60.87178643876189,59.27994995117187,57.68811346358186,5.370572980919149
2019-09-11,60.19449996948242,61.12350082397461,60.11399841308594,61.0,60.42501068115234,23522000,0.011860316736751253,59.33812503814697,58.67677017211914,59.718730121237954,0.4906051541011749,0.35172930129699154,0.13887585280418335,61.084598991636305,59.33812503814697,57.591651084657634,5.8865154649445754
2019-09-12,61.17350006103516,62.12099838256836,61.12799835205078,61.74850082397461,61.16646194458008,31644000,0.01227060210779607,59.51492500305176,58.79914016723633,62.97307480412781,0.6044325257901804,0.4022699461956293,0.20216257959455108,61.47291248701637,59.51492500305176,57.55693751908714,6.579820049724384
2019-09-13,61.605499267578125,62.0525016784668,61.354000091552734,62.00149917602539,61.41707611083984,23676000,0.004097248039077739,59.69169998168945,58.91618011474609,64.0308672364006,0.7069075997751852,0.4631974769115405,0.24371012286364474,61.86547060890655,59.69169998168945,57.51792935447236,7.283326250999397
2019-09-16,61.52199935913086,61.95100021362305,61.259498596191406,61.58150100708008,61.00103378295898,28218000,-0.0067740497305671665,59.822750091552734,59.01514015197754,60.91948465679367,0.7456342841521391,0.5196848383596602,0.2259494457924789,62.11707368837476,59.822750091552734,57.52842649473071,7.6704049657054965
2019-09-17,61.58150100708008,61.75,61.16749954223633,61.49399948120117,60.91435623168945,20806000,-0.0014209193827422473,59.89635009765625,59.12823013305664,60.26248673840486,0.7604982680337358,0.5678475242944754,0.1926507437392604,62.30320027448376,59.89635009765625,57.48949992082875,8.036717338880669
2019-09-18,61.512001037597656,61.8120002746582,60.82350158691406,61.63249969482422,61.051551818847656,17440000,0.002252270164957215,60.01915016174316,59.2365901184082,60.979812819140356,0.7745256426113798,0.6091831479578563,0.16534249465352346,62.515510341270385,60.01915016174316,57.52278998221594,8.31854557353739
2019-09-19,61.61600112915039,62.21699905395508,61.615501403808594,61.9375,61.35367965698242,16554000,0.004948733146558526,60.13707523345947,59.334430084228515,62.58170911193578,0.8010197565239849,0.6475504696710821,0.15346928685290284,62.7588027918941,60.13707523345947,57.51534767502484,8.719172152143289
2019-09-20,61.68199920654297,62.13999938964844,61.17900085449219,61.492000579833984,60.91237258911133,37692000,-0.0071928378271419735,60.23287525177002,59.42019012451172,58.78552718028606,0.7771104076214854,0.6734624572611627,0.1036479503603227,62.90513053895632,60.23287525177002,57.560619964583715,8.873078949050422
2019-09-23,61.32849884033203,61.98400115966797,61.18899917602539,61.734500885009766,61.152591705322266,20798000,0.003943683458717873,60.4356502532959,59.5095401763916,60.2007484053408,0.7688668063857307,0.6925433270860764,0.07632347929965433,62.91011959761727,60.4356502532959,57.96118090897453,8.188773791464001
2019-09-24,62.0,62.355499267578125,60.53200149536133,60.916500091552734,60.3423080444336,35804000,-0.013250193299953694,60.553525352478026,59.57736015319824,53.5242152275881,0.6883925050120183,0.6917131626712647,-0.0033206576592463843,62.87931533405238,60.553525352478026,58.22773537090367,7.681765737126235
2019-09-25,60.80049896240234,62.4010009765625,60.459999084472656,62.297000885009766,61.70978546142578,26798000,0.022662000531786575,60.74132537841797,59.66984016418457,61.32064787226974,0.7276233292826078,0.6988951959935333,0.02872813328907442,62.992128271133595,60.74132537841797,58.49052248570234,7.411108923597378
2019-09-26,62.10699844360352,62.23350143432617,61.59099960327149,62.11449813842773,61.52900695800781,23166000,-0.002929494926391718,60.912675285339354,59.765390090942375,59.8902953639645,0.7355091026529408,0.7062179773254149,0.02929112532752587,63.02978450505596,60.912675285339354,58.79556606562275,6.951292846026598
2019-09-27,62.14149856567383,62.2495002746582,60.7599983215332,61.29750061035156,60.71971130371094,34122000,-0.013153075180446172,60.99195022583008,59.84410011291503,53.83623122024812,0.6681319530235896,0.6986007724650499,-0.030468819441460293,63.04092756249893,60.99195022583008,58.94297288916123,6.718845123273683
2019-09-30,61.02999877929688,61.37049865722656,60.67100143432617,61.05699920654297,60.481475830078125,24470000,-0.003923527772409785,61.06847515106201,59.93369010925292,52.16457192524905,0.5885442514087487,0.6765894682537896,-0.08804521684504096,63.0039910207978,61.06847515106201,59.13295928132622,6.338838050067568
2019-10-01,61.1245002746582,61.64300155639648,60.27750015258789,60.29999923706055,59.73160934448242,24504000,-0.012398283529033605,61.15960006713867,60.00048011779784,47.19693503069727,0.4590946955818964,0.633090513719411,-0.17399581813751464,62.73709435521657,61.15960006713867,59.58210577906077,5.158615446622241
2019-10-02,59.82500076293945,59.9379997253418,58.63150024414063,58.89599990844727,58.340850830078125,33030000,-0.023283459623254954,61.14872512817383,60.03035011291504,39.65434214631782,0.24044230858508797,0.5545608726925465,-0.31411856410745853,62.7844164610548,61.14872512817383,59.513033795292856,5.349878773277453
2019-10-03,59.16699981689453,59.54999923706055,58.15700149536133,59.47150039672852,58.910926818847656,28368000,0.009771471973041956,61.09182510375977,60.08005012512207,43.63093545995773,0.11230224594523008,0.46610914734308323,-0.35380690139785315,62.87143171433971,61.09182510375977,59.31221849317983,5.826005713718374
2019-10-04,59.714500427246094,60.62300109863281,59.54850006103516,60.54800033569336,59.97727584838867,24282000,0.018101039775185734,61.10342502593994,60.15507011413574,50.23675681847688,0.09650245130497836,0.3921878081354623,-0.2956853568304839,62.86559136319667,61.10342502593994,59.34125868868321,5.767815262429711
2019-10-07,60.34999847412109,60.945499420166016,60.21799850463867,60.41249847412109,59.84304428100586,17040000,-0.0022380404158756084,61.11087493896484,60.118100051879885,49.451197925607225,0.0722146864750357,0.328193183803377,-0.25597849732834127,62.85998595810486,61.11087493896484,59.361763919824824,5.724385458028413
2019-10-08,59.9384994506836,60.34349822998047,59.4739990234375,59.50650024414063,58.94559097290039,20086000,-0.01499678565634599,61.07194995880127,60.06639007568359,44.44666961258056,-0.019910511569378286,0.25857244472882596,-0.27848295629820424,62.924439753608006,61.07194995880127,59.21946016399453,6.066581453699819
2019-10-09,60.06650161743164,60.42300033569336,59.90599822998047,60.119998931884766,59.55330276489258,15948000,0.010309707341327412,61.02794990539551,60.04079002380371,48.26474009676683,-0.04292140660954402,0.19827367446115196,-0.24119508107069598,62.92641802819331,61.02794990539551,59.12948178259771,6.22163492544244
2019-10-10,59.93000030517578,60.78099822998047,59.89300155639648,60.4734992980957,59.90347671508789,12842000,0.005880008898544897,60.96419982910156,60.03206001281738,50.38087736526909,-0.03226129337792827,0.15216668089333593,-0.1844279742712642,62.84716804293403,60.96419982910156,59.08123161526909,6.177291653498012
2019-10-11,61.20149993896485,61.4375,60.68199920654297,60.78549957275391,60.21253967285156,22330000,0.005159349251690815,60.90339984893799,60.03598999023438,52.23778973192587,0.001347208054077953,0.12200278632548434,-0.12065557827140638,62.726027488706976,60.90339984893799,59.080772209169,5.985306712892059
2019-10-14,60.69449996948242,61.29399871826172,60.59400177001953,60.88850021362305,60.3145637512207,13296000,0.0016943991886650966,60.86874980926514,60.057439956665036,52.86491778822248,0.035879877586623365,0.10477820457771214,-0.06889832699108878,62.66464768385164,60.86874980926514,59.07285193467864,5.900886350431132
2019-10-15,61.07500076293945,62.35649871826172,61.04600143432617,62.11199951171875,61.52653121948242,27584000,0.020094109828278306,60.89964981079102,60.1449299621582,59.643432138228874,0.16012758401905813,0.11584808046598136,0.04427950355307678,62.75770698688817,60.89964981079102,59.04159263469387,6.102029098262278
2019-10-16,62.09049987792969,62.70949935913086,61.92649841308594,62.150001525878906,61.56417465209961,22986000,0.0006118243930071099,60.92552490234375,60.21684997558594,59.83663250396798,0.2586793370940583,0.14441433179159677,0.11426500530246156,62.83731999595965,60.92552490234375,59.01372980872785,6.275842831654802
2019-10-17,62.56999969482422,63.1875,62.493499755859375,62.63999938964844,62.04955291748047,20958000,0.007884102534042592,60.96064987182617,60.29373992919922,62.340117187287554,0.37203248505074527,0.18993796244342648,0.1820945226073188,62.96890564734824,60.96064987182617,58.952394096304104,6.588695428098479
2019-10-18,62.734500885009766,62.90549850463867,62.00699996948242,62.22050094604492,61.63400650024414,31624000,-0.0066970090467688426,60.997074890136716,60.331959915161136,58.95217859920511,0.4231379817088339,0.23657796629650799,0.1865600154123259,63.068007617905536,60.997074890136716,58.926142162367896,6.790268980926796
2019-10-21,62.435001373291016,62.67549896240234,61.9995002746582,62.2140007019043,61.627567291259766,18094000,-0.00010447493761989168,61.021049880981444,60.387339935302734,58.8987642309904,0.4578372774871724,0.2808298285346409,0.1770074489525315,63.136206004979464,61.021049880981444,58.905893756983424,6.9325458284428985
2019-10-22,62.2239990234375,62.436500549316406,61.99250030517578,62.060001373291016,61.47502899169922,22862000,-0.0024751634092521346,61.07822494506836,60.454039993286145,57.56796375578736,0.46752096987442116,0.31816805680259697,0.1493529130718242,63.24028585680362,61.07822494506836,58.9161640333331,7.079645532199873
2019-10-23,62.010501861572266,62.902000427246094,62.010501861572266,62.88150024414063,62.28878402709961,21282000,0.013237163914314953,61.1074499130249,60.514940032959,62.44292683978173,0.5353127075119914,0.3615969869444759,0.17371572056751555,63.34896020600553,61.1074499130249,58.86593962004427,7.336291388925578
2019-10-24,62.95550155639648,63.14500045776367,62.61750030517578,62.95550155639648,62.36207962036133,20224000,0.001176706118228843,61.14950008392334,60.60980003356934,62.85690052266624,0.5882287011400464,0.40692332978359,0.1813053713564564,63.494180291479175,61.14950008392334,58.80481987636751,7.668681524257518
2019-10-25,62.59999847412109,63.400001525878906,62.45750045776367,63.21500015258789,62.619140625,27104000,0.00412207235877271,61.245375061035155,60.70478004455566,64.34122118828562,0.6436843824406537,0.4542755403150028,0.18940884212565096,63.757273647030495,61.245375061035155,58.733476475039815,8.20273721400861
2019-10-28,63.75,64.96199798583984,63.615501403808594,64.4489974975586,63.84148788452149,65428000,0.019520345493746483,61.414974975585935,60.81455001831055,70.39907479446816,0.7782356658796417,0.5190675654279306,0.259168100451711,64.28553593695064,61.414974975585935,58.544414014221225,9.348081514340207
2019-10-29,63.79999923706055,64.04000091552734,62.78049850463867,63.03300094604492,62.4388427734375,52654000,-0.021970745945350423,61.55162506103515,60.87477005004883,58.18417653547694,0.7618275657081881,0.5676195654839822,0.19420800022420592,64.45686079642978,61.55162506103515,58.646389325640534,9.439996856342182
2019-10-30,62.75749969482422,63.4010009765625,62.532501220703125,63.03499984741211,62.44083786010742,29204000,3.195265288891136e-05,61.7585750579834,60.951940078735355,58.19520367493415,0.7404498774697146,0.6021856278811286,0.13826424958858596,64.46018432551763,61.7585750579834,59.056965790449176,8.748936532288063
2019-10-31,63.0,63.32600021362305,62.4739990234375,62.93999862670898,62.34672546386719,31904000,-0.0015072250704112333,61.93199996948242,61.01916007995605,57.42019004035935,0.7076843562299899,0.6232853735509009,0.08439898267908907,64.46407383555156,61.93199996948242,59.39992610341327,8.176948483229502
2019-11-01,63.290000915527344,63.650001525878906,62.98550033569336,63.61249923706055,63.01289367675781,28812000,0.010684894963356228,62.08522491455078,61.099890060424805,61.344650315193334,0.7275953571530636,0.6441473702713334,0.08344798688173016,64.63457994837131,62.08522491455078,59.535869880730246,8.212437137271433
2019-11-04,63.80550003051758,64.625,63.80550003051758,64.48049926757812,63.87271118164063,30632000,0.013645104274904396,62.288624954223636,61.23592002868652,65.7344586343238,0.804145626895874,0.6761470215962415,0.12799860529963247,64.91951641535655,62.288624954223636,59.65773349309072,8.447421862551566
2019-11-05,64.55999755859375,64.86199951171875,64.46900177001953,64.5719985961914,63.963340759277344,25148000,0.0014189092017555804,62.541899871826175,61.35618003845215,66.17058593842017,0.862255948470974,0.7133688069711881,0.14888714149978588,65.02377670237028,62.541899871826175,60.060023041282065,7.936685120312897
2019-11-06,64.50450134277344,64.64949798583984,64.1135025024414,64.55049896240234,63.94205474853516,24626000,-0.00033278453704110866,62.76342487335205,61.47637001037597,65.9581529283179,0.8962426290783156,0.7499435713926137,0.14629905768570195,65.12926352498121,62.76342487335205,60.39758622172289,7.538908708067152
2019-11-07,64.71399688720703,66.13249969482422,64.6875,65.34700012207031,64.73103332519531,45140000,0.01233896188921313,63.00709991455078,61.60956001281738,69.82332191304417,0.9761953331279116,0.7951939237396733,0.18100140938823828,65.38321077220138,63.00709991455078,60.63098905690018,7.542359070241435
2019-11-08,65.07599639892578,65.85549926757812,65.07599639892578,65.44999694824219,64.83306121826172,30392000,0.0015761820540363125,63.24032478332519,61.72431991577148,70.29303830787087,1.0359278784667794,0.8433407146850946,0.19258716378168472,65.61409288865795,63.24032478332519,60.866556677992435,7.507134454055358
2019-11-11,65.19999694824219,65.24500274658203,64.79350280761719,64.91400146484375,64.30213165283203,17234000,-0.008189179339261887,63.44159984588623,61.832069931030276,64.6530849496682,1.0281639608575546,0.8803053639195866,0.147858596937968,65.66122850405863,63.44159984588623,61.22197118771383,6.997391817244118
2019-11-12,64.92849731445312,65.46749877929688,64.71199798583984,64.8604965209961,64.24913024902344,28852000,-0.0008242557819816421,63.579024696350096,61.95972984313965,64.1001933363128,1.0060959505621057,0.9054634812480905,0.10063246931401515,65.79268572895742,63.579024696350096,61.36536366374277,6.963494778913798
2019-11-13,64.65899658203125,65.1259994506836,64.60749816894531,64.80899810791016,64.19811248779297,20538000,-0.0007940615076457158,63.71197452545166,62.07363983154297,63.53699413231618,0.973232582471212,0.9190173014927148,0.05421528097849726,65.88539073348267,63.71197452545166,61.53855831742065,6.822630201682952
2019-11-14,64.75,65.78600311279297,64.6969985961914,65.4574966430664,64.84048461914062,28948000,0.010006090622521002,63.85284938812256,62.1705997467041,67.41908587327738,0.9881260366862961,0.9328390485314311,0.05528698815486499,66.09425485341932,63.85284938812256,61.611443922825806,7.020533889326118
2019-11-15,65.75250244140625,66.677001953125,65.59449768066406,66.677001953125,66.04850769042969,39286000,0.018630691586972725,64.07567443847657,62.297819747924805,73.19793069410865,1.085816476697829,0.9634345341647107,0.1223819425331184,66.5021017921001,64.07567443847657,61.64924708485304,7.573630320359134
2019-11-18,66.61699676513672,66.69599914550781,65.80799865722656,65.99199676513672,65.36996459960938,27984000,-0.010273405328106056,64.26457424163819,62.41238967895508,66.10527715354716,1.0953363052810374,0.989814888387976,0.10552141689306138,66.67000758960633,64.26457424163819,61.859140893670045,7.486032161120637
2019-11-19,66.33149719238281,66.33149719238281,65.5885009765625,65.62950134277344,65.01087188720703,21864000,-0.005493237063868506,64.4430492401123,62.51927970886231,62.645914858423474,1.061395381671602,1.0041309870447013,0.057264394626900694,66.69233205539102,64.4430492401123,62.19376642483358,6.980684004873754
2019-11-20,65.56800079345703,65.6604995727539,64.46050262451172,65.09300231933594,64.47943878173828,28892000,-0.00817452666056806,64.55362434387207,62.60113975524902,57.82297914338308,0.9799101731943125,0.9992868242746236,-0.019376651080311058,66.70005545539108,64.55362434387207,62.40719323235307,6.650071574866607
2019-11-21,64.9625015258789,65.55599975585938,64.5374984741211,65.00700378417969,64.3942642211914,25546000,-0.0013209569151988454,64.65619945526123,62.66630981445312,57.064589805713645,0.8980411361333154,0.9790376866463619,-0.08099655051304655,66.67990674565668,64.65619945526123,62.63249216486577,6.259901780325813
2019-11-22,65.1500015258789,65.34500122070312,64.46800231933594,64.68350219726562,64.07379913330078,27776000,-0.004976609202177462,64.72962455749511,62.719949874877926,54.1855650039657,0.7978582467603701,0.9428017986691636,-0.1449435519087935,66.64236191965085,64.72962455749511,62.81688719533938,5.909928800704767
2019-11-25,64.81300354003906,65.52050018310547,64.78050231933594,65.28199768066406,64.6666488647461,23590000,0.0092526077658035,64.77127456665039,62.79395980834961,58.370152663012014,0.7580182067904531,0.9058450802934215,-0.14782687350296841,66.69400653643248,64.77127456665039,62.848542596868306,5.936989761730178
2019-11-26,65.49549865722656,65.70050048828125,65.2020034790039,65.6500015258789,65.03118133544922,21910000,0.00563710161424269,64.90212459564209,62.87707984924317,60.74441112305319,0.7475225482352386,0.8741805738817849,-0.12665802564654638,66.68496628379896,64.90212459564209,63.11928290748522,5.493939371829372
2019-11-27,65.77100372314453,65.88200378417969,65.47350311279297,65.60649871826172,64.98809051513672,18808000,-0.0006626178308252184,65.03069953918457,62.956559829711914,60.306549112216786,0.727310369007597,0.8448065329069474,-0.11749616389935036,66.61638426082217,65.03069953918457,63.44501481754696,4.87672663180301
2019-11-29,65.33000183105469,65.49749755859375,65.1614990234375,65.20449829101562,64.58988189697266,12802000,-0.006127409114617954,65.1439245223999,63.02189979553223,56.27007348397514,0.6711177686471359,0.8100687800549852,-0.13895101140784927,66.40683845029874,65.1439245223999,63.88101059450107,3.8773037920507125
2019-12-02,65.12799835205078,65.27200317382812,64.01899719238281,64.44300079345703,63.83556365966797,26538000,-0.011678582080516864,65.18544960021973,63.08091979980469,49.50991761364797,0.5586979221931188,0.7597946084826119,-0.20109668628949318,66.28874484392051,65.18544960021973,64.08215435651894,3.3850966756147556
2019-12-03,63.93299865722656,64.86150360107422,63.852500915527344,64.73699951171875,64.12678527832031,25270000,0.004562059171357102,65.19827461242676,63.14096977233887,51.91194565491114,0.48770565623216555,0.7053768180325227,-0.21767116180035717,66.27411520149995,65.19827461242676,64.12243402335356,3.3002118398640574
2019-12-04,65.30500030517578,66.2135009765625,65.15249633789062,65.9469985961914,65.32539367675781,35506000,0.018691228528536996,65.26702461242675,63.24157974243164,60.2860658980517,0.5230511793120627,0.6689116902884308,-0.1458605109763681,66.3497064281824,65.26702461242675,64.1843427966711,3.3176993196331725
2019-12-05,66.3499984741211,66.39900207519531,65.71600341796875,66.3479995727539,65.72261047363281,24408000,0.006080587877365096,65.35689964294434,63.322599716186524,62.609892769851626,0.5767715253903276,0.6504836573088102,-0.07371213191848258,66.48424581926646,65.35689964294434,64.22955346662222,3.4498153446109017
2019-12-06,66.63749694824219,67.12349700927734,66.5615005493164,66.96949768066406,66.33824157714844,32968000,0.00936711276498392,65.43802452087402,63.41969970703125,65.93669305807876,0.6618654173887393,0.652760009324796,0.009105408063943221,66.76642931766621,65.43802452087402,64.10961972408184,4.060039423618108
2019-12-09,66.94300079345703,67.87750244140625,66.80349731445312,67.14949798583984,66.51655578613281,30842000,0.0026879550127509866,65.5229995727539,63.536739654541016,66.85647902068314,0.7353507939555044,0.6692781662509377,0.06607262770456668,67.0466714149908,65.5229995727539,63.999327730517,4.650800031048878
2019-12-10,66.99700164794922,67.4000015258789,66.69999694824219,67.14450073242188,66.51158905029297,17606000,-7.46691674147204e-05,65.63452453613282,63.65848968505859,66.80254835077002,0.7841460996088756,0.6922517529225253,0.09189434668635033,67.28482816761165,65.63452453613282,63.984220904653974,5.0287669275956155
2019-12-11,67.41500091552734,67.49449920654297,67.05500030517578,67.2125015258789,66.5789566040039,20480000,0.001012869406262329,65.75212478637695,63.79673973083496,67.19039549620999,0.818864466768531,0.7175742956917264,0.1012901710768046,67.49750761058277,65.75212478637695,64.00674196217113,5.308977709469981
2019-12-12,67.1604995727539,67.72899627685547,66.91000366210938,67.42449951171875,66.7889633178711,29114000,0.0031542506007755655,65.88289985656738,63.96730972290039,68.42876393723651,0.8536451981227913,0.7447884761779393,0.10885672194485196,67.71577262497351,65.88289985656738,64.05002708816124,5.564031857724696
2019-12-13,67.3949966430664,67.56749725341797,67.08300018310547,67.34349822998047,66.7087173461914,33170000,-0.001201485510379463,65.97719993591309,64.12474967956543,67.38226373329144,0.8647052677560083,0.7687718344935531,0.09593343326245518,67.90445926153026,65.97719993591309,64.04994061029592,5.84219799412286
2019-12-16,67.75,68.17649841308594,67.53050231933594,68.03500366210938,67.39371490478516,28128000,0.010268486426427526,66.0451000213623,64.27448974609375,71.4030316446929,0.918679199886256,0.7987533075720937,0.11992589231416229,68.1533821382084,66.0451000213623,63.936817904516204,6.38437103180758
2019-12-17,68.12049865722656,68.21649932861328,67.53849792480469,67.74449920654297,67.10594177246094,32948000,-0.004270029226475902,66.13272514343262,64.42112976074219,67.63126690377561,0.9273230454144965,0.8244672551405743,0.10285579027392222,68.36681743407237,66.13272514343262,63.89863285279287,6.756389626449893
2019-12-18,67.8499984741211,67.97149658203125,67.52300262451172,67.59549713134766,66.95833587646484,23330000,-0.002199595029849788,66.23102493286133,64.58290969848633,65.71388214003484,0.9116412996399674,0.841902064040453,0.06973923559951445,68.53966316950753,66.23102493286133,63.92238669621513,6.971470663443544
2019-12-19,67.59549713134766,67.87650299072266,67.4375,67.8219985961914,67.18270874023438,28922000,0.0033509324990317335,66.3674747467041,64.73694969177247,67.23457309000577,0.9070344498652503,0.8549285412054125,0.052105908659837774,68.71322764217648,66.3674747467041,64.02172185123173,7.068983427273963
2019-12-20,68.15499877929688,68.19999694824219,67.5364990234375,67.56099700927734,66.9241714477539,50090000,-0.0038482713383902745,66.49517440795898,64.8786996459961,63.72702902413176,0.8722678802894421,0.8583964090222185,0.013871471267223656,68.80862435618691,66.49517440795898,64.18172445973106,6.958249132589758
2019-12-23,67.9365005493164,68.09249877929688,67.4000015258789,67.53150177001953,66.89493560791016,19936000,-0.00043685023230466413,66.63757438659668,65.01361968994141,63.32498000729614,0.8327358436691554,0.8532642959516059,-0.020528452282450482,68.83514197094152,66.63757438659668,64.44000680225184,6.595580960362363
2019-12-24,67.510498046875,67.60050201416016,67.20850372314453,67.22149658203125,66.58786010742188,13468000,-0.004590414770531126,66.73454933166504,65.14027961730957,59.10435709748277,0.7675438245554034,0.8361202016723654,-0.06857637711696207,68.85406864339824,66.73454933166504,64.61503001993184,6.352089983254008
2019-12-26,67.32749938964844,68.16000366210938,67.27549743652344,68.12349700927734,67.48136138916016,23662000,0.013418381072718866,66.85822410583496,65.26050956726074,66.16965370611032,0.7796749681690471,0.8248311549717019,-0.04515618680265476,68.99873027386344,66.85822410583496,64.71771793780648,6.403120024965396
2019-12-27,68.19999694824219,68.35250091552734,67.6500015258789,67.73200225830078,67.09355163574219,23212000,-0.005746916562360038,66.96449928283691,65.37214958190918,61.22552507947894,0.7490638900885074,0.809677701995063,-0.06061381190655557,69.05637006401511,66.96449928283691,64.87262850165871,6.247700807386909
2019-12-30,67.84049987792969,67.8499984741211,66.89199829101562,66.9854965209961,66.35409545898438,19994000,-0.01102127043106016,67.05354919433594,65.45905952453613,53.08106308788474,0.6569941958519507,0.7791410007664406,-0.12214680491448981,68.98351585123831,67.05354919433594,65.12358253743358,5.756493668392996
2019-12-31,66.78949737548828,67.03299713134766,66.60649871826172,66.96949768066406,66.33824157714844,19514000,-0.00023892845989792466,67.17987403869628,65.55403945922852,52.91859121225013,0.5760964459153115,0.7385320897962149,-0.16243564388090337,68.69623803598326,67.17987403869628,65.66351004140931,4.514340102553726
2020-01-02,67.42050170898438,68.43399810791016,67.32450103759766,68.43399810791016,67.78894805908203,27278000,0.021868328846891272,67.36472396850586,65.67843940734863,63.83177481610774,0.6229760611479378,0.7154208840665595,-0.09244482291862166,68.49773766275274,67.36472396850586,66.23171027425897,3.363819006447906
2020-01-03,67.4000015258789,68.6875,67.36599731445312,68.07599639892578,67.43431091308594,23408000,-0.005231489146092172,67.47117385864257,65.79875930786133,60.16068455846598,0.6240471212414462,0.6971461315015368,-0.07309901026009058,68.43946429167639,67.47117385864257,66.50288342560876,2.8702344354122533
2020-01-06,67.58149719238281,69.91600036621094,67.55000305175781,69.8905029296875,69.2317123413086,46768000,0.026654108329797754,67.64829902648925,65.93893936157227,69.67899480290468,0.7625215825009235,0.7102212217014142,0.05230036079950928,68.96375316779194,67.64829902648925,66.33284488518657,3.8890974650747214
2020-01-07,70.02300262451172,70.17500305175781,69.5780029296875,69.75550079345703,69.09797668457031,34330000,-0.0019317109488635742,67.7875991821289,66.07493934631347,68.3701702347399,0.8515538637029181,0.738487750101715,0.11306611360120311,69.35243370000903,67.7875991821289,66.22276466424877,4.6168754661919715
2020-01-08,69.74099731445312,70.59249877929688,69.63150024414062,70.25199890136719,69.58979797363281,35314000,0.0071177379231759375,67.94272422790527,66.21567932128906,70.5603222239829,0.9512108691081238,0.7810323739029967,0.17017849520512707,69.80971927796192,67.94272422790527,66.07572917784863,5.495790965914306
2020-01-09,71.09649658203125,71.43399810791016,70.510498046875,70.989501953125,70.32035827636719,33200000,0.010498094893323096,68.13497428894043,66.3464894104004,73.49606904204668,1.0772818618694089,0.8402822714962792,0.23699959037312968,70.38596716425005,68.13497428894043,65.8839814136308,6.6074520429517465
2020-01-10,71.47350311279297,71.74700164794922,70.9800033569336,71.447998046875,70.7745361328125,26258000,0.006458696564945576,68.34674911499023,66.514789352417,75.15483077339115,1.2003539022878584,0.9122965976545951,0.2880573046332633,70.97593315216048,68.34674911499023,65.71756507781998,7.693662306444941
2020-01-13,71.76249694824219,72.0739974975586,71.26850128173828,72.00150299072266,71.32281494140625,30730000,0.007746837189647859,68.57559928894042,66.6941194152832,77.02427888168751,1.32725285936381,0.9952878499964382,0.33196500936737183,71.60948382944822,68.57559928894042,65.54171474843263,8.848291730487555
2020-01-14,72.0,72.13150024414062,71.38849639892578,71.52950286865234,70.85525512695312,26076000,-0.0065555434798422185,68.78489952087402,66.86590950012207,72.0459206863228,1.3738972990802125,1.071009739813193,0.3028875592670195,72.02074928940955,68.78489952087402,65.54904975233849,9.40860506034047
2020-01-15,71.6510009765625,72.03900146484375,71.58300018310547,71.95999908447266,71.28170776367188,21550000,0.006018645137254364,68.98114929199218,67.03285949707032,73.714643785185,1.4291267172245483,1.1426331352954642,0.28649358192908414,72.47692538920295,68.98114929199218,65.48537319478142,10.135453332078882
2020-01-16,72.27249908447266,72.53500366210938,72.0,72.50800323486328,71.82454681396484,26080000,0.007615404671458048,69.21932449340821,67.19340957641602,75.70298620358442,1.4998267153206513,1.2140718513005018,0.2857548640201495,72.98435037322004,69.21932449340821,65.45429861359638,10.878539793234692
2020-01-17,73.12699890136719,74.02749633789062,72.82749938964844,73.97599792480469,73.27871704101562,52424000,0.020246145524833947,69.53834953308106,67.38148956298828,80.05538176623021,1.6552313988918854,1.3023037608187784,0.352927638073107,73.75333913427053,69.53834953308106,65.32335993189159,12.122777228655107
2020-01-21,73.94999694824219,74.49400329589844,73.510498046875,74.11250305175781,73.4139175415039,48930000,0.0018450172976227641,69.85287475585938,67.5727296447754,80.40685222997595,1.7690134671004643,1.3956457020751156,0.37336776502534863,74.43172142831443,69.85287475585938,65.27402808340432,13.109973464824298
2020-01-22,74.48650360107422,75.02899932861328,74.13300323486328,74.19349670410156,73.49415588378906,28458000,0.0010929581879319805,70.18449974060059,67.74965957641602,80.62502023878835,1.844460296600701,1.4854086209802326,0.35905167562046847,75.00566094785047,70.18449974060059,65.3633385333507,13.73853550304904
2020-01-23,74.37750244140625,74.67500305175781,74.01599884033203,74.2344970703125,73.53475952148438,26650000,0.0005524743730578319,70.51964950561523,67.92534957885742,80.74192204730474,1.8858222543786667,1.5654913476599197,0.320330906718747,75.48624894125399,70.51964950561523,65.55305006997648,14.085717868587203
2020-01-24,74.64099884033203,74.70999908447266,73.15899658203125,73.30850219726562,72.61749267578125,29786000,-0.012473921879558647,70.82399978637696,68.09323959350586,70.40919657678994,1.8228689578718615,1.616966869702308,0.20590208816955347,75.68985746063794,70.82399978637696,65.95814211211598,13.740702837844893
2020-01-27,71.5770034790039,71.8290023803711,70.9749984741211,71.58650207519531,70.91172790527344,34132000,-0.023489722760377085,70.99715003967285,68.22775970458984,56.04551021297457,1.6154056080461459,1.6166546173710756,-0.001249009324929773,75.71036399233455,70.99715003967285,66.28393608701114,13.277191971869248
2020-01-28,72.08699798583984,72.73999786376953,71.51799774169922,72.5250015258789,71.84136962890625,29724000,0.013109844465708953,71.23680000305175,68.38207977294923,60.74564100186497,1.50931996982645,1.5951876878621507,-0.08586771803570081,75.74449180370934,71.23680000305175,66.72910820239417,12.6555145668095
2020-01-29,72.9229965209961,73.20700073242188,72.26950073242188,72.83499908447266,72.14844512939453,21566000,0.004274354763480481,71.52927513122559,68.52962982177735,62.18407634857254,1.4337333637036664,1.5628968230304539,-0.1291634593267874,75.63698134866347,71.52927513122559,67.42156891378771,11.485384718080807
2020-01-30,71.90499877929688,72.76249694824219,71.75,72.7125015258789,72.02711486816406,27110000,-0.0016816753432852272,71.81642532348633,68.65033981323242,61.22926982000239,1.3484023614836929,1.5199979307211018,-0.17159556923740893,75.37523415476507,71.81642532348633,68.25761649220759,9.910849266720302
2020-01-31,73.39299774169922,73.4834976196289,71.35299682617188,71.63899993896484,70.96373748779297,43822000,-0.014763570390365688,71.97667541503907,68.76327987670898,53.479583109372385,1.1805457247600089,1.4521074895288835,-0.2715617647688746,75.18300245854186,71.97667541503907,68.77034837153627,8.90935021661991
2020-02-03,73.0824966430664,74.31500244140625,72.83049774169922,74.12999725341797,73.43125915527344,71636000,0.03477158552852333,72.27937545776368,68.93328979492188,64.65782670797952,1.2342926387390207,1.408544519370911,-0.17425188063189023,75.0719233046258,72.27937545776368,69.48682761090156,7.727094566537701
2020-02-04,72.72450256347656,73.36699676513672,71.10150146484375,72.27050018310547,71.58927917480469,95880000,-0.025084412301494163,72.39837532043457,69.07683975219726,54.19000968132655,1.1140000826721206,1.3496356320311529,-0.2356355493590323,74.96749053209251,72.39837532043457,69.82926010877662,7.0971626097604075
2020-02-05,73.18049621582031,73.22899627685547,71.48400115966797,72.30249786376953,71.62097930908203,36376000,0.0004428056078054077,72.52572517395019,69.22274963378906,54.32703534284286,1.009611141958473,1.2816307340166169,-0.27201959205814386,74.79296190051416,72.52572517395019,70.25848844738623,6.252227664393797
2020-02-06,72.5989990234375,74.0780029296875,72.52400207519531,73.79850006103516,73.10287475585938,37822000,0.02069080122993272,72.70305023193359,69.40504959106445,60.30527019924063,1.035658601386828,1.2324363074906592,-0.19677770610383116,74.77780578853232,72.70305023193359,70.62829467533486,5.707478709572573
2020-02-07,73.36949920654297,74.26249694824219,73.27050018310547,73.95549774169922,73.25840759277344,28360000,0.0021275885173257514,72.85135002136231,69.57851959228516,60.88391865539945,1.0567878093522012,1.1973066078629677,-0.14051879851076654,74.8370777775366,72.85135002136231,70.86562226518801,5.451450812076979
2020-02-10,73.86150360107422,75.44400024414062,73.76000213623047,75.43299865722656,74.72196960449219,38302000,0.01997807568865473,73.05060005187988,69.77417953491211,65.919070630878,1.1791621870953009,1.1936777237094345,-0.014515536614133628,75.22394194995955,73.05060005187988,70.87725815380021,5.950236949556012
2020-02-11,75.66349792480469,76.49400329589844,75.27249908447266,75.50299835205078,74.79129791259766,34852000,0.0009278169254962609,73.22567481994629,69.97210952758789,66.14144195021461,1.267185824092607,1.208379343786069,0.05880648030653801,75.58862654693631,73.22567481994629,70.86272309295627,6.4538885651795
2020-02-12,75.79299926757812,76.01499938964844,75.43350219726562,75.93150329589844,75.21576690673828,31042000,0.005675379435675421,73.44577484130859,70.18664962768554,67.53777803115194,1.355892078524576,1.2378818907337705,0.11801018779080552,75.95150157761762,73.44577484130859,70.94004810499956,6.823338011541316
2020-02-13,75.5,76.29750061035156,75.19999694824219,75.66950225830078,74.95625305175781,22914000,-0.0034502587110790683,73.63125,70.41117965698243,65.75226078576162,1.3890391514646296,1.2681133428799425,0.12092580858468716,76.2174729494349,73.63125,71.04502705056508,7.024797078509226
2020-02-14,75.72650146484375,76.00250244140625,75.27749633789062,75.9365005493164,75.22073364257812,23198000,0.0035284660058672035,73.80267486572265,70.63516967773438,66.7179070476923,1.4204785833765783,1.2985863909792699,0.12189219239730842,76.51956694414211,73.80267486572265,71.08578278730319,7.362584305684323
2020-02-18,75.71700286865234,76.52799987792969,75.55049896240234,75.97200012207031,75.25589752197266,25642000,0.00046747588984730193,73.90247497558593,70.83566970825196,66.85173483214389,1.4317547015514833,1.3252200530937126,0.10653464845777072,76.77942623604677,73.90247497558593,71.02552371512509,7.7858049041287405
2020-02-19,76.36000061035156,76.53700256347656,76.04900360107422,76.24349975585938,75.52482604980469,22746000,0.0035735209689513603,74.00902481079102,71.03357971191406,67.91435306757492,1.4459310646226555,1.3493622553995013,0.09656880922315425,77.06167843204469,74.00902481079102,70.95637118953735,8.249409120193057
2020-02-20,75.95050048828125,76.35350036621094,75.21299743652344,75.84950256347656,75.1345443725586,25962000,-0.005167594520359753,74.09182510375976,71.21117980957031,64.6742670634791,1.4091300794356698,1.361315820206735,0.047814259228934786,77.24807862225794,74.09182510375976,70.93557158526158,8.519842814178464
2020-02-21,75.22899627685547,75.54750061035156,73.92449951171875,74.1729965209961,73.4738540649414,42520000,-0.02210288651492409,74.08875007629395,71.35164978027343,53.07168769365907,1.2305005625307643,1.335152768671541,-0.10465220614077664,77.24456140646622,74.08875007629395,70.93293874612168,8.519002755269938
2020-02-24,71.15249633789062,71.81900024414062,70.3395004272461,70.99299621582031,70.32379913330078,49560000,-0.04287314136068565,73.97297477722168,71.4286196899414,38.83873920555659,0.8228506253686731,1.2326923400109675,-0.40984171464229435,77.393575676848,73.97297477722168,70.55237387759536,9.248244808128549
2020-02-25,71.55000305175781,71.84249877929688,69.02100372314453,69.31600189208984,68.66262817382812,51580000,-0.023621746548758815,73.85944976806641,71.47068969726563,33.70518852415745,0.36031223139289636,1.0582163182873532,-0.6979040868944568,77.71268058165346,73.85944976806641,70.00621895447937,10.433954830930828
2020-02-26,69.7490005493164,70.68350219726562,68.82749938964844,69.52349853515625,68.86817169189453,49776000,0.002993528263235845,73.70937461853028,71.51266967773438,34.852586486943665,0.010370917253140988,0.8486472380805108,-0.8382763208273698,77.97097545593435,73.70937461853028,69.4477737811262,11.563253275337717
2020-02-27,67.95700073242188,68.47000122070312,65.71199798583984,65.74749755859375,65.12776947021484,62290000,-0.05431249486938128,73.35499954223633,71.48074966430664,26.02516698914883,-0.5651372662260457,0.5658903372191996,-1.1310276034452453,78.84902408415152,73.35499954223633,67.86097500032113,14.97927769395417
2020-02-28,63.71549987792969,67.12249755859375,63.41049957275391,66.9625015258789,66.3313217163086,80198000,0.018479862827855298,73.06749954223633,71.45929962158203,31.99383367494586,-0.9126702870462253,0.2701782123661146,-1.1828484994123398,79.2273636726201,73.06749954223633,66.90763541185257,16.860749769664928
2020-03-02,67.56950378417969,69.37349700927734,66.26000213623047,69.31600189208984,68.66262817382812,55430000,0.03514638932554748,72.95134963989258,71.49072967529297,41.79108202984167,-0.9868095728680544,0.01878065531928083,-1.0055902281873352,79.29930896600929,72.95134963989258,66.60339031377588,17.403267677573993
2020-03-03,69.88400268554688,70.40950012207031,66.46199798583984,66.88600158691406,66.25553894042969,56602000,-0.03505675936704,72.58914985656739,71.4765397644043,36.02092735731091,-1.2274963929662022,-0.23047475433781578,-0.9970216386283863,79.43397857869397,72.58914985656739,65.74432113444081,18.859095982393033
2020-03-04,67.947998046875,69.13899993896484,66.8499984741211,69.08000183105469,68.4288558959961,47598000,0.03280204176620516,72.42962493896485,71.50169982910157,43.59357026075671,-1.2270601625365458,-0.42979183597756176,-0.797268326558984,79.44335460926274,72.42962493896485,65.41589526866696,19.367019161588193
2020-03-05,67.27749633789062,67.68150329589844,65.08200073242188,65.73799896240234,65.11835479736328,54380000,-0.04837872934284315,72.10139999389648,71.46523986816406,36.50557306073792,-1.479333314399696,-0.6397001316619887,-0.8396331827377074,79.69836101875029,72.10139999389648,64.50443896904267,21.072991718598832
2020-03-06,63.497501373291016,65.13749694824219,62.86050033569336,64.78700256347656,64.17632293701172,64640000,-0.014466456704611108,71.65082511901855,71.41034988403321,34.77296793004453,-1.735987680994242,-0.8589576415284393,-0.8770300394658027,79.8377536131556,71.65082511901855,63.46389662488151,22.85229369107142
2020-03-09,60.24800109863281,62.63650131225586,59.902000427246094,60.78950119018555,60.21649932861328,69252000,-0.06170225134719787,70.99252529144287,71.28170997619628,28.62326625146207,-2.236175824987626,-1.1344012782202768,-1.1017745467673492,80.3639569768381,70.99252529144287,61.62109360604766,26.401178566118173
2020-03-10,62.71950149536133,63.79249954223633,60.72549819946289,63.75849914550781,63.15751647949219,54872000,0.048840719465095495,70.40880031585694,71.1944100189209,37.46863884242159,-2.3657344960679723,-1.380667921789816,-0.9850665742781564,80.05159340495231,70.40880031585694,60.76600722676156,27.390874566353606
2020-03-11,62.41350173950195,62.84650039672852,59.55699920654297,60.54499816894531,59.974308013916016,54732000,-0.05040110256092456,69.66090030670166,71.05066993713379,32.73947469174645,-2.6966282963715997,-1.6438599967061727,-1.052768299665427,79.9085726617596,69.66090030670166,59.41322795164372,29.421590332423758
2020-03-12,56.13100051879883,59.4375,55.42350006103516,55.57749938964844,55.05363082885742,94326000,-0.08204641867509055,68.64320011138916,70.82250999450683,27.054808660033387,-3.321412477905284,-1.979370492945995,-1.3420419849592888,80.16171902029964,68.64320011138916,57.124681202478676,33.560553383930454
2020-03-13,58.7495002746582,60.720001220703125,55.61449813842773,60.7135009765625,60.141212463378906,79400000,0.09241137338129435,67.89540004730225,70.69739006042481,38.8727121540017,-3.3633553712857633,-2.256167468613949,-1.1071879026718143,79.434104455223,67.89540004730225,56.3566956393815,33.989649961210375
2020-03-16,54.480499267578125,57.27349853515625,53.354000091552734,53.650001525878906,53.1442985534668,96520000,-0.11634141752916372,66.78107509613037,70.40171012878417,31.350191075136223,-3.921357818048243,-2.589205538500808,-1.3321522795474348,79.26423316515633,66.78107509613037,54.29791702710441,37.38531627727358
2020-03-17,54.53200149536133,56.29999923706055,52.45500183105469,55.90299987792969,55.37605285644531,83194000,0.04199423764589194,65.77762508392334,70.15825019836426,35.62910693870246,-4.134125019558411,-2.8981894347123287,-1.2359355848460822,78.37022097168098,65.77762508392334,53.1850291961657,38.28838718847387
2020-03-18,52.99700164794922,55.2495002746582,51.84999847412109,54.55950164794922,54.045223236083984,93044000,-0.02403258361175209,64.69342517852783,69.85163017272949,34.25786036023037,-4.360884081599757,-3.1907283640898143,-1.1701557175099424,77.22872994579008,64.69342517852783,52.158120411265585,38.75294817879823
2020-03-19,54.4109992980957,57.63050079345703,52.77750015258789,55.58349990844727,55.05957794189453,74064000,0.01876862829078485,63.680125045776364,69.5681901550293,36.271092690570455,-4.407161159779328,-3.434014923227717,-0.973146236551611,75.71064008601915,63.680125045776364,51.649610005533575,37.78420671000464
2020-03-20,56.54499816894531,56.92399978637695,53.10499954223633,53.41049957275391,52.90705108642578,82878000,-0.03909450337124554,62.64200019836426,69.23136016845703,33.898741936370655,-4.566538827185816,-3.660519704019337,-0.9060191231664794,74.45281941001863,62.64200019836426,50.83118098670988,37.708946630866954
2020-03-23,52.81850051879883,53.34550094604492,50.44350051879883,52.70650100708008,52.20969009399414,83672000,-0.013180870566618319,61.727675437927246,68.86570014953614,33.14243286310571,-4.695526471251085,-3.867521057465687,-0.8280054137853985,73.64180542376671,61.727675437927246,49.81354545208778,38.602231175286036
2020-03-24,55.19900131225586,56.666500091552734,54.32149887084961,56.5004997253418,55.96792984008789,72468000,0.0719835674053555,61.086900329589845,68.56675018310547,40.8071333962323,-4.440419725158819,-3.9821007910043136,-0.4583189341545051,72.67362790352888,61.086900329589845,49.5001727556508,37.93522837604694
2020-03-25,56.229000091552734,57.30849838256836,54.1505012512207,55.08100128173828,54.561805725097656,90324000,-0.025123747099594862,60.36477546691894,68.22834014892578,39.005395028246525,-4.303183036682725,-4.046317240139996,-0.256865796542729,71.55161261696688,60.36477546691894,49.17793831687101,37.064122457238454
2020-03-26,55.73600006103516,58.57400131225586,54.60150146484375,58.14599990844727,57.59791564941406,76562000,0.05564533438672181,59.98470058441162,67.96067008972167,44.684531217468,-3.9021209767809992,-4.0174779874681965,0.11535701068719728,70.92807078417066,59.98470058441162,49.04133038465258,36.48720454763066
2020-03-27,56.37350082397461,57.5525016784668,55.20000076293945,55.51300048828125,54.9897346496582,62794000,-0.04528255875839826,59.412225532531735,67.63173011779786,41.14074004009106,-3.7534697898423914,-3.9646763479430356,0.21120655810064415,70.02861473710936,59.412225532531735,48.795836327954106,35.738062694737884
2020-03-30,56.63199996948242,57.54999923706055,54.92449951171875,57.31549835205078,56.775238037109375,58736000,0.03246975819808351,58.81220035552978,67.3278800201416,44.3920366012293,-3.4504415968138034,-3.861829397717189,0.4113878009033858,68.43144640856181,58.81220035552978,49.19295430249775,32.711736663080266
2020-03-31,57.436500549316406,58.66999816894531,56.83599853515625,58.09749984741211,57.54986953735352,65228000,0.013643826552304894,58.37277526855469,67.01031005859375,45.79107643193627,-3.111323188437062,-3.711728155861164,0.6004049674241019,67.2509745848012,58.37277526855469,49.494575952308175,30.41897280162104
2020-04-01,56.20000076293945,56.47100067138672,54.67449951171875,55.10499954223633,54.58557891845703,51970000,-0.0515082074508002,57.67402515411377,66.63015998840332,41.48936583521542,-3.0488934262933896,-3.5791612099476096,0.53026778365422,65.16242603258154,57.67402515411377,50.185624275646,25.968018907844986
2020-04-02,55.0,56.13850021362305,54.65650177001953,55.85150146484375,55.325042724609375,56410000,0.013546871184731746,57.17970027923584,66.26332008361817,42.92966325346049,-2.9056859843341556,-3.4444661648249193,0.5387801804907637,63.7186224528346,57.17970027923584,50.640778105637075,22.87148110838664
2020-04-03,55.73550033569336,55.93949890136719,53.75400161743164,54.6349983215332,54.119998931884766,51374000,-0.021781163346279553,56.67210006713867,65.87133010864258,41.1518986982868,-2.857416176746028,-3.3270561672091414,0.4696399904631132,62.279930600690946,56.67210006713867,51.0642695335864,19.790445481670005
2020-04-06,56.650001525878906,59.53749847412109,56.25,59.15950012207031,58.60186767578125,63320000,0.08281354087861947,56.59060001373291,65.58835006713868,49.524155951995354,-2.4261058855529924,-3.1468661108779115,0.720760225324919,62.00059332826314,56.59060001373291,51.18060669920268,19.119759512065198
2020-04-07,60.85049819946289,61.03900146484375,58.86249923706055,59.12799835205078,58.57065963745117,61620000,-0.0005325434080486469,56.35907497406006,65.33917999267578,49.47138280007502,-2.0630497486306325,-2.9301028384284558,0.8670530897978233,60.838531945622506,56.35907497406006,51.87961800249761,15.896133758846018
2020-04-08,60.15499877929688,60.744998931884766,59.1974983215332,60.34999847412109,59.7811393737793,40334000,0.020666998524874414,56.349324989318845,65.09567993164063,51.62485470207055,-1.6576120276444684,-2.6756046762716585,1.0179926486271902,60.7930011689298,56.349324989318845,51.90564880970789,15.771887881365974
2020-04-09,60.90900039672852,61.0994987487793,59.62099838256836,60.32849884033203,59.75984573364258,54028000,-0.0003561932803518575,56.58687496185303,64.84554992675781,51.583200906529136,-1.3227862964886938,-2.4050410003150655,1.0822547038263717,61.3374707126504,56.58687496185303,51.836279211055654,16.790450980019298
2020-04-13,60.07500076293945,60.72600173950195,59.11650085449219,60.52050018310547,59.95003128051758,38702000,0.0031824972862661838,56.57722492218018,64.60170989990235,51.95601527818679,-1.0300676103022255,-2.1300463223124977,1.0999787120102722,61.29492144883708,56.57722492218018,51.85952839552328,16.67701635471133
2020-04-14,61.99850082397461,63.78749847412109,61.42699813842773,63.26150131225586,62.66520309448242,63358000,0.045290582105954824,57.057799911499025,64.43415992736817,57.04153097015548,-0.5703355853486656,-1.8181041749197313,1.2477685895710657,62.40149096222506,57.057799911499025,51.71410886077299,18.73079950160892
2020-04-15,62.32550048828125,63.75550079345703,61.70000076293945,62.8650016784668,62.272438049316406,42236000,-0.00626767369721648,57.40590000152588,64.20886001586913,56.11618869268304,-0.2352767264953073,-1.5015386852348465,1.2662619587395392,63.283684040077425,57.40590000152588,51.52811596297433,20.477978878112918
2020-04-16,63.35699844360352,63.667999267578125,61.90999984741211,62.87149810791016,62.27887344360352,57896000,0.00010334257801214441,57.821499824523926,64.02087997436523,56.12874632883311,0.030433225399477237,-1.1951443031079818,1.225577528507459,64.00305368799556,57.821499824523926,51.6399459610523,21.381506471576646
2020-04-17,64.08499908447266,64.5,63.29999923706055,63.95000076293945,63.347206115722656,51050000,0.01715401408290651,58.23982486724854,63.85383003234863,58.26398165991372,0.3242981205854747,-0.8912558183692906,1.2155539389547654,64.87470247177744,58.23982486724854,51.604947262719634,22.784675673913505
2020-04-20,63.49449920654297,63.84099960327149,62.821998596191406,63.057498931884766,62.46311569213867,35292000,-0.013956265442376825,58.72217483520508,63.63901000976563,55.84184821565513,0.47964171723584315,-0.6170763112482639,1.0967180284841072,65.28483245078533,58.72217483520508,52.15951721962483,22.35154823198343
2020-04-21,62.135501861572266,62.5,60.25,60.608001708984375,60.03670883178711,49648000,-0.03884543435698229,59.11724987030029,63.37206008911133,49.73129922458455,0.4004821729871111,-0.4135646144011889,0.8140467873882999,65.11039096026369,59.11724987030029,53.12410878033689,20.27543941273314
2020-04-22,62.05550003051758,63.99399948120117,61.86000061035156,62.920501708984375,62.32740783691406,46296000,0.03815497301068094,59.43824996948242,63.12181015014649,54.763927062384525,0.5183716221029329,-0.2271773671003646,0.7455489892032975,65.52339947586029,59.43824996948242,53.353100463104546,20.475533884332698
2020-04-23,63.2869987487793,64.40750122070312,63.0265007019043,63.55849838256836,62.95939636230469,34202000,0.010139817254140926,59.862124824523924,62.88292015075684,56.07062012025539,0.6557221032390856,-0.050597473032474555,0.7063195762715602,65.85449756958603,59.862124824523924,53.86975207946182,20.020581503338786
2020-04-24,62.75,63.885501861572266,62.20000076293945,63.83000183105469,63.22834014892578,37402000,0.004271702115335341,60.146324920654294,62.64089012145996,56.64456978606553,0.7775186572479242,0.11502575302360521,0.6624929042243191,66.3225086112092,60.146324920654294,53.97014123009938,20.53719391401753
2020-04-27,64.5999984741211,64.70500183105469,63.25299835205078,63.542999267578125,62.94404602050781,44186000,-0.004496308581695363,60.54782485961914,62.398360061645505,55.814412843676614,0.841187904957593,0.2602581834104028,0.5809297215471902,66.50721882546893,60.54782485961914,54.58843089376936,19.684915121779216
2020-04-28,64.16000366210938,64.23799896240234,61.51900100708008,61.62950134277344,61.04858016967773,80700000,-0.030113505099632842,60.76352500915527,62.11222007751465,50.50038845413954,0.7288413226379333,0.3539748112559089,0.3748665113820244,66.54908359020025,60.76352500915527,54.97796642811029,19.04286685202436
2020-04-29,67.25,68.00749969482422,66.33650207519531,67.10900115966797,66.47643280029297,108358000,0.08891038277268914,61.21410007476807,61.9349600982666,61.73536884735621,1.0696257085199434,0.49710499070871583,0.5725207178112276,67.48244052646908,61.21410007476807,54.94575962306706,20.480054249085544
2020-04-30,66.56800079345703,67.5,66.07499694824219,67.33499908447266,66.70030212402344,55842000,0.0033676494706478266,61.82560005187988,61.75679008483887,62.11727787496894,1.3424608799672555,0.6661761685604237,0.6762847114068318,67.97582136533562,61.82560005187988,55.67537873842414,19.895387374469106
2020-05-01,66.20449829101562,67.57150268554688,65.48300170898438,65.86599731445312,65.24514770507812,48872000,-0.021816309261082134,62.32632484436035,61.5571199798584,58.06081005620947,1.423736603806553,0.8176882556096496,0.6060483481969035,68.06647398489874,62.32632484436035,56.586175703821965,18.419661851946294
2020-05-04,65.40650177001953,66.22350311279297,64.80049896240234,66.1449966430664,65.52152252197266,30806000,0.00423594438231345,62.90182476043701,61.396559982299806,58.613598315326016,1.4934456033557097,0.9528397251588617,0.540605878196848,67.66729028513706,62.90182476043701,58.13635923573696,15.152074022810716
2020-05-05,66.875,68.55049896240234,66.75150299072266,67.45099639892578,66.81520080566406,39666000,0.019744325740562063,63.316399574279785,61.32571998596191,61.19218972700171,1.6352239099843615,1.0893165621239618,0.5459073478603997,68.14963517183912,63.316399574279785,58.48316397672045,15.26693125337683
2020-05-06,67.9000015258789,68.43450164794922,67.25650024414062,67.27149963378906,66.63739776611328,31732000,-0.0026611165933322356,63.7235746383667,61.2848299407959,60.633034510270946,1.7133499192695822,1.214123233553086,0.4992266857164962,68.44766423814468,63.7235746383667,58.999485038588716,14.826819200232697
2020-05-07,68.06549835205078,68.80000305175781,67.62699890136719,68.46399688720703,67.81865692138672,30652000,0.017726669931191985,64.129274559021,61.26363990783691,63.04877705382208,1.8501623864264545,1.3413310641277598,0.5088313222986947,69.01566077344593,64.129274559021,59.24288834459607,15.239175081975315
2020-05-08,69.09100341796875,69.83200073242188,68.60050201416016,69.21700286865234,68.56456756591797,33326000,0.010998605374858528,64.57369976043701,61.33303001403809,64.52896967114276,1.996336022901957,1.4723320558825992,0.5240039670193579,69.6110137128999,64.57369976043701,59.53638580797411,15.601751087984447
2020-05-11,68.8395004272461,70.77649688720703,68.7750015258789,70.17949676513672,69.51799774169922,32718000,0.013905581404923595,65.05664958953858,61.397369918823244,66.38265927698077,2.1648893990863343,1.6108435245233461,0.5540458745629881,70.29505357880903,65.05664958953858,59.81824560026812,16.10413085309827
2020-05-12,70.41100311279297,70.71649932861328,68.72550201416016,68.75900268554688,68.11087799072266,33918000,-0.020241085714304496,65.33152465820312,61.38622993469238,61.291793270674965,2.1589600162539853,1.7204668228694742,0.4384931933845111,70.73852228750995,65.33152465820312,59.92452702889629,16.552491795024775
2020-05-13,68.80799865722656,69.2665023803711,66.40049743652344,67.41649627685547,66.78102111816406,40368000,-0.01952488224773341,65.55909938812256,61.39683982849121,56.854070130866575,2.0226164271164606,1.7808967437188714,0.2417196833975892,70.91457663489916,65.55909938812256,60.20362214134596,16.33786094305884
2020-05-14,66.6760025024414,67.86849975585938,66.16500091552734,67.84300231933594,67.2035140991211,36660000,0.0063265426895684485,65.80767459869385,61.37209983825684,57.897021832444416,1.926768040985877,1.8100710031722727,0.1166970378136043,71.10225488338696,65.80767459869385,60.513094314000746,16.091072407527964
2020-05-15,67.41300201416016,68.72899627685547,66.94999694824219,68.65299987792969,68.00587463378906,41544000,0.01193926456709593,66.04282455444336,61.430399856567384,59.880481095274426,1.8943308708741284,1.8269229767126438,0.06740789416148463,71.4038303516075,66.04282455444336,60.681818757279224,16.23493796133663
2020-05-18,68.0790023803711,69.63800048828125,67.70999908447266,69.25900268554688,68.60616302490234,47094000,0.008827007877566961,66.35289974212647,61.51983985900879,61.34759098474331,1.8956714217261208,1.8406726657153392,0.054998756010781635,71.70473337265139,66.35289974212647,61.00106611160155,16.13142349866925
2020-05-19,69.27400207519531,69.62449645996094,68.68800354003906,68.72000122070312,68.0722427368164,31586000,-0.007782395408006404,66.7584997177124,61.67844985961914,59.27147018081547,1.8321213498793156,1.8389624025481346,-0.006841052668818959,71.50233161268638,66.7584997177124,62.01466782273841,14.211918826915602
2020-05-20,69.45800018310547,70.60150146484375,69.37100219726562,70.45800018310547,69.79386138916016,38262000,0.025291052316286144,67.13537464141845,61.812439880371095,63.554430922298344,1.9000963236396444,1.8511891867664367,0.04890713687320769,71.7965995030817,67.13537464141845,62.47414977975521,13.886047069997431
2020-05-21,70.54949951171875,70.822998046875,69.71949768066406,70.3375015258789,69.67449951171875,30894000,-0.0017102059560204497,67.47432479858398,62.008289947509766,63.05930923807043,1.9220871216088398,1.8653687737349174,0.05671834787392238,72.03057138293708,67.47432479858398,62.918078214230874,13.505126869972687
2020-05-22,70.19499969482422,70.8499984741211,69.79750061035156,70.66200256347656,69.99595642089844,28544000,0.004613695274920726,67.81592483520508,62.30998001098633,63.87549053212125,1.9432983751923842,1.880954694026411,0.06234368116597322,72.25086119614389,67.81592483520508,63.380988474266275,13.079336075459702
2020-05-26,72.0979995727539,72.25550079345703,70.97000122070312,71.06849670410156,70.39860534667969,44590000,0.005752459804392762,68.19219970703125,62.51707992553711,64.9210555047004,1.970197911295557,1.8988033374802402,0.07139457381531678,72.38345197575445,68.19219970703125,64.00094743830805,12.292468307899581
2020-05-27,71.0,71.26750183105469,69.7300033569336,71.01399993896484,70.34461975097656,31684000,-0.0007668560397933177,68.66142463684082,62.86435989379883,64.65089322406291,1.9644733282737832,1.911937335638949,0.052535992634834106,71.77022131510721,68.66142463684082,65.55262795857443,9.055438900981784
2020-05-28,70.0,72.2229995727539,69.9540023803711,70.91200256347656,70.24358367919922,35170000,-0.0014363013423772664,68.85157470703125,63.164539947509766,64.11313248160845,1.9294645528955527,1.9154427790902697,0.014021773805283022,72.02190671808357,68.85157470703125,65.68124269597892,9.209177929603877
2020-05-29,71.02149963378906,71.83650207519531,70.79900360107422,71.6760025024414,71.00037384033203,37044000,0.010773797712102073,69.0686248779297,63.50686996459961,66.36963175606826,1.9409936892215427,1.9205529611165244,0.02044072810501829,72.38495418969357,69.0686248779297,65.75229556616581,9.60299793900656
2020-06-01,71.28500366210938,72.0790023803711,71.11399841308594,71.74349975585938,71.06724548339844,25162000,0.0009418491685240227,69.3625,63.83006996154785,66.56962638735303,1.9332912984194621,1.923100628577112,0.010190669842350175,72.52986739501829,69.3625,66.19513260498171,9.132794795511376
2020-06-02,71.75,72.1500015258789,71.08049774169922,72.1155014038086,71.43576049804688,23442000,0.0051854410867031575,69.66102523803711,64.20416999816895,67.709368763544,1.9349001972181128,1.9254605423053124,0.00943965491280041,72.68113860007226,69.66102523803711,66.64091187600197,8.67088404661053
2020-06-03,72.13500213623047,72.45050048828125,71.58100128173828,71.9625015258789,71.2841796875,27732000,-0.0021219177830551494,69.88660049438477,64.58929000854492,66.70212168169894,1.9019054672999403,1.920749527304238,-0.018844060004297836,72.88661067123367,69.88660049438477,66.88659031753586,8.585365880230352
2020-06-04,71.83899688720703,72.06600189208984,70.30049896240234,70.71499633789062,70.04844665527344,26982000,-0.017335305500376763,70.05877532958985,64.87357994079589,58.99584436279823,1.7548646756749662,1.8875725569783839,-0.1327078813034177,72.82481614602321,70.05877532958985,67.29273451315649,7.896343615544482
2020-06-05,70.78199768066406,72.31500244140625,70.38099670410156,72.0009994506836,71.32231903076172,42642000,0.018185590634969273,70.23562545776367,65.21197990417481,63.65715693947491,1.7222504613121004,1.8545081378451274,-0.132257676533027,73.0233953869524,70.23562545776367,67.44785552857495,7.938335883020383
2020-06-08,71.31400299072266,72.44999694824219,71.2239990234375,72.4020004272461,71.71954345703125,33878000,0.005569426676917288,70.39487533569336,65.49709991455079,64.9934975578214,1.7090599101688326,1.8254184923098686,-0.116358582141036,73.29338129385127,70.39487533569336,67.49636937753544,8.234991380653074
2020-06-09,72.26200103759766,73.38999938964844,72.11799621582031,72.60399627685547,71.91963195800781,33624000,0.0027898741588676668,70.5161003112793,65.83891983032227,65.67811985597419,1.6953625955933092,1.7994073129665569,-0.10404471737324772,73.56721818698631,70.5161003112793,67.4649824355723,8.65367728004939
2020-06-10,73.07550048828125,73.63849639892578,72.71800231933594,73.23500061035156,72.54468536376953,31762000,0.008690998392854254,70.73990020751953,66.15730987548828,67.79684819950478,1.715647237893151,1.7826552979518757,-0.06700806005872462,73.89742773253313,70.73990020751953,67.58237268250592,8.927147241516652
2020-06-11,72.05149841308594,72.58000183105469,69.92050170898438,70.09500122070312,69.43429565429688,47144000,-0.042875500718982495,70.87382545471192,66.3972599029541,50.94382959217189,1.4615039466416704,1.7184250276898347,-0.25692108104816436,73.66173011363503,70.87382545471192,68.08592079578881,7.867233470287477
2020-06-12,71.29299926757812,71.72550201416016,69.29000091552734,70.64600372314453,69.98008728027344,36676000,0.007860548174838167,71.01397552490235,66.70807998657227,53.144899133076244,1.2896881323614338,1.6326776486241548,-0.342989516262721,73.43617431757741,71.01397552490235,68.59177673222729,6.821752407948694
2020-06-15,69.47450256347656,71.25,69.36000061035156,71.03700256347656,70.36740112304688,30468000,0.005534629318512119,71.13317565917968,67.01179000854492,54.69822274485722,1.1715680926827616,1.5404557374358763,-0.36888764475311464,73.30008062963205,71.13317565917968,68.96627068872732,6.092529822750088
2020-06-16,72.44999694824219,72.8584976196289,71.44950103759766,72.32350158691406,71.64177703857422,30648000,0.018110316640782553,71.28640060424804,67.36556007385254,59.46037688657231,1.1682994014402652,1.466024470236754,-0.29772506879648875,73.3315010691726,71.28640060424804,69.24130013932349,5.7377015744646505
2020-06-17,72.64700317382812,73.11000061035156,71.75650024414062,72.62699890136719,71.94241333007812,30610000,0.004196382389314968,71.48175048828125,67.63491004943847,60.51488917380244,1.1766351196945095,1.4081466001283052,-0.23151148043379566,73.23444818113742,71.48175048828125,69.72905279542508,4.903902551025277
2020-06-18,72.49250030517578,72.64849853515625,71.31199645996094,71.70600128173828,71.03009796142578,34862000,-0.012681189390555514,71.5441505432129,67.88647010803223,55.77367536323411,1.096287110268662,1.3457747021563766,-0.24948759188771463,73.23436321661386,71.5441505432129,69.85393786981193,4.724950007981632
2020-06-19,72.0,72.2249984741211,70.94999694824219,71.23200225830078,70.56057739257812,52784000,-0.006610163611243225,71.58887557983398,68.10411018371582,53.45254614660879,0.9830312023215697,1.2732260021894155,-0.2901947998678458,73.19421183927321,71.58887557983398,69.98353932039475,4.484876306372487
2020-06-22,71.25050354003906,72.54750061035156,70.95950317382812,72.53299713134766,71.84930419921875,29442000,0.018264119346282248,71.68242530822754,68.34820014953613,58.551297308664076,0.9868783731209163,1.2159564763757158,-0.2290781032547995,73.27884401341004,71.68242530822754,70.08600660304504,4.4541425553559435
2020-06-23,72.5999984741211,73.76000213623047,72.25,73.1989974975586,72.50902557373047,37752000,0.009182014799788307,71.7889503479004,68.6017700958252,60.911762199792605,1.0317742954321574,1.1791200401870041,-0.14734574475484674,73.48829696376342,71.7889503479004,70.08960373203738,4.734284615188615
2020-06-24,73.16400146484375,73.78949737548828,71.5,71.63500213623047,70.95977783203125,31592000,-0.021366274466395496,71.82000045776367,68.76924011230469,53.24347034498649,0.9304278889839424,1.1293816099463918,-0.19895372096244945,73.48389734960175,71.82000045776367,70.15610356592559,4.633519580152586
2020-06-25,71.56099700927734,72.11599731445312,70.97699737548828,72.05500030517578,71.37580871582031,23958000,0.005862911306935725,71.87715034484863,68.95304008483886,54.8859715563661,0.8739263944006836,1.0782905668372502,-0.20436417243656657,73.49011078414773,71.87715034484863,70.26418990554953,4.488103469768959
2020-06-26,71.63150024414062,71.85099792480469,67.75,68.12699890136719,67.4848403930664,97640000,-0.05451382468037069,71.69970016479492,69.058150100708,40.54180230130321,0.5063547251851759,0.9639033985068354,-0.4575486733216595,73.99759533038616,71.69970016479492,69.40180499920368,6.409776220290321
2020-06-29,68.01699829101562,69.9000015258789,67.5824966430664,69.8584976196289,69.20001220703125,45074000,0.025415660820634622,71.6054500579834,69.17632003784179,47.10430635808228,0.3507260533228447,0.8412679294700373,-0.4905418761471926,74.03905058870765,71.6054500579834,69.17184952725916,6.797249451692883
2020-06-30,69.84400177001953,71.19999694824219,69.34649658203125,70.90249633789062,70.23418426513672,40286000,0.01494468028432494,71.5447998046875,69.33321998596192,50.64167811870074,0.308079828638796,0.734630309303789,-0.426550480664993,73.98498341287863,71.5447998046875,69.10461619649637,6.821414316212141
2020-07-01,70.95850372314453,72.42400360107422,70.70899963378906,72.0999984741211,71.4203872680664,42182000,0.016889254361547534,71.5516746520996,69.56305992126465,54.407940828050975,0.3666838990427266,0.6610410272515767,-0.29435712820885007,73.99729546377665,71.5516746520996,69.10605384042256,6.8359568761128395
2020-07-02,72.59200286865234,74.4260025024414,72.55349731445312,73.49649810791016,72.80371856689453,57218000,0.01936885743332617,71.69074974060058,69.77457984924317,58.39493534439711,0.5198217153133982,0.632797164863941,-0.11297544955054284,74.24420919163997,71.69074974060058,69.1372902895612,7.1235395369098455
2020-07-06,74.40750122070312,75.5,73.8489990234375,74.98249816894531,74.27571105957031,44712000,0.020218644344701442,71.83982467651367,70.0030598449707,62.1844971534325,0.752418907114432,0.6567215133140393,0.09569739380039277,74.76884027712306,71.83982467651367,68.91080907590428,8.154294957701817
2020-07-07,74.80650329589844,76.06600189208984,74.48500061035156,74.49600219726562,73.79380798339844,42364000,-0.006488030465105599,71.94452476501465,70.21637985229492,60.24966828542707,0.8872698042933536,0.7028311715099022,0.1844386327834514,75.0882695771602,71.94452476501465,68.80077995286909,8.739358060710419
2020-07-08,75.04000091552734,75.55850219726562,74.61499786376953,75.18000030517578,74.47135925292969,31766000,0.009181681878833059,72.07332496643066,70.44911987304687,62.038085626024646,1.0373748314401183,0.7697399034959453,0.267634927944173,75.51184984427627,72.07332496643066,68.63480008858505,9.54174066326802
2020-07-09,75.49649810791016,76.45700073242188,74.77950286865234,75.93299865722656,75.21725463867188,41836000,0.010015869096854813,72.20822486877441,70.73518981933594,63.96043140088509,1.2032247943945862,0.8564368816756736,0.3467879127189126,76.0108791444748,72.20822486877441,68.40557059307402,10.532468517571338
2020-07-10,75.6624984741211,77.06700134277344,75.03600311279297,76.95050048828125,76.22516632080078,35918000,0.013400006248176721,72.55099983215332,70.9320198059082,66.43391984968608,1.4006204978260257,0.965273604905744,0.4353468929202817,76.74562658686527,72.55099983215332,68.35637307744138,11.563250029403353
2020-07-13,77.49700164794922,78.81800079345703,75.3280029296875,75.61150360107422,74.8987808227539,42954000,-0.01740088689953989,72.79927482604981,71.09754989624024,60.544975355959856,1.4324991975711612,1.0587187234388276,0.3737804741323336,77.09995690565256,72.79927482604981,68.49859274644706,11.815178351375103
2020-07-14,74.6395034790039,76.13999938964844,74.29650115966797,76.04299926757812,75.32622528076172,38108000,0.005706961492728979,73.04957466125488,71.30108993530274,61.72250709480518,1.475571916379522,1.1420893620269665,0.33348255435255547,77.49125173920959,73.04957466125488,68.60789758330017,12.160719890708824
2020-07-15,76.1614990234375,76.81649780273438,74.8915023803711,75.84400177001953,75.12908935546875,31026000,-0.0026170955010448305,73.22559967041016,71.4950700378418,60.820978378488626,1.4766282698699627,1.2089971435955658,0.2676311262743969,77.81481356832548,73.22559967041016,68.63638577249485,12.534452209531787
2020-07-16,75.07499694824219,75.79550170898438,74.41349792480469,75.74600219726562,75.03202056884766,26484000,-0.0012920266630921384,73.38154983520508,71.66097015380859,60.353459207416634,1.4528105949220418,1.257759833860861,0.1950507610611807,78.08924816757059,73.38154983520508,68.67385150283957,12.830741086656564
2020-07-17,75.84549713134766,76.17150115966797,74.90499877929688,75.84249877929688,75.12761688232422,34264000,0.0012740735588860908,73.588374710083,71.83239013671874,60.674010924911535,1.4252915103252235,1.2912661691537337,0.1340253411714898,78.3466389758804,73.588374710083,68.83011044428561,12.932108596075356
2020-07-20,75.75,78.45050048828125,75.13500213623047,78.19200134277344,77.45497131347656,30166000,0.030978680380582047,73.93637466430664,72.02695022583008,67.55288777322629,1.5749130415842245,1.347995543639832,0.22691749794439242,78.9647780251107,73.93637466430664,68.90797130350258,13.601974356017656
2020-07-21,79.25150299072266,79.35250091552734,77.63099670410156,77.7959976196289,77.06269073486328,27486000,-0.005064627511456199,74.1995246887207,72.19853012084961,65.47407544400173,1.6426001204498704,1.40691645900184,0.23568366144803043,79.45245651666178,74.1995246887207,68.94659286077962,14.158936596906793
2020-07-22,77.7854995727539,78.3489990234375,77.1614990234375,78.24250030517578,77.50498962402344,24482000,0.005739468541033688,74.45169982910156,72.35979019165039,66.71771351648364,1.7125306657534765,1.4680393003521672,0.24449136540130922,79.96603052450706,74.45169982910156,68.93736913369605,14.81317608076981
2020-07-23,78.29650115966797,78.51750183105469,75.42949676513672,75.8375015258789,75.12265014648438,33910000,-0.030737885252237085,74.66182479858398,72.50136016845703,55.18689537069333,1.5559517810673213,1.485621796495198,0.07032998457212325,80.04964115561069,74.66182479858398,69.27400844155727,14.432586858308055
2020-07-24,74.95950317382812,75.77149963378906,74.37950134277344,75.4104995727539,74.6996841430664,29902000,-0.005630339219838687,74.8295997619629,72.661240234375,53.4215285355075,1.381481538615887,1.464793744919336,-0.08331220630344904,80.08972973557633,74.8295997619629,69.56946978834947,14.058955253926777
2020-07-27,75.66300201416016,76.87799835205078,75.61650085449219,76.47149658203125,75.75069427490234,27124000,0.014069806906050975,75.2468246459961,72.83381011962891,57.094214844739426,1.313682887422587,1.4345715734199862,-0.12088868599739921,79.55110789621779,75.2468246459961,70.94254139577441,11.440438239012703
2020-07-28,76.25,76.30049896240234,75.0260009765625,75.18250274658203,74.47383117675781,30910000,-0.016856124031163877,75.51302490234374,72.96440017700195,51.75505701704989,1.1427678218373387,1.3762108231034569,-0.23344300126611817,79.03969724677181,75.51302490234374,71.98635255791568,9.340567005463992
2020-07-29,75.25,76.66649627685547,75.15049743652344,76.17549896240234,75.45747375488281,22676000,0.013207895479291354,75.77667503356933,73.10273010253906,55.228526431719565,1.0750503851412532,1.3159787355110162,-0.240928350369763,78.60435109448848,75.77667503356933,72.94899897265019,7.4631832543892305
2020-07-30,74.89849853515625,77.04450225830078,74.75849914550781,76.91850280761719,76.1934814453125,36042000,0.009753940250114113,76.01760025024414,73.26670013427734,57.68351470478797,1.069015088941896,1.266586006197192,-0.19757091725529619,78.32427233225629,76.01760025024414,73.710928168232,6.068784266850711
2020-07-31,74.85250091552734,75.2509994506836,72.69999694824219,74.39749908447266,73.69622039794922,91468000,-0.03277525846034057,76.06265029907226,73.34549011230469,48.05510294977744,0.850998362279114,1.1834684774135764,-0.33247011513446245,78.19955750842581,76.06265029907226,73.92574308971871,5.618808182337596
2020-08-03,74.55000305175781,74.8864974975586,73.58599853515625,74.13800048828125,73.43917083740234,45482000,-0.0034879612435867458,76.02042541503906,73.42150009155273,47.1820788725254,0.6497888067955273,1.0767325432899666,-0.4269437364944393,78.27136973066588,76.02042541503906,73.76948109941223,5.921946117343149
2020-08-04,74.33550262451172,74.65550231933594,73.20149993896484,73.66500091552734,72.97063446044922,37212000,-0.0063799246588783776,75.97887535095215,73.48156005859374,45.55744144509677,0.4470088323730721,0.9507878011065877,-0.5037789687335156,78.36732178450534,75.97887535095215,73.59042891739897,6.2871328971922
2020-08-05,73.84100341796875,74.5,73.56099700927734,73.95449829101562,73.25740814208984,29134000,0.003929987504714072,75.91760025024413,73.53928009033203,46.76564455050399,0.3061353230226729,0.8218573054898047,-0.5157219824671319,78.44379067111355,75.91760025024413,73.39140982937472,6.655085019922737
2020-08-06,73.80750274658203,75.3134994506836,73.59500122070312,75.24749755859375,74.53822326660156,33306000,0.017483762488941013,75.8833251953125,73.62395004272462,51.89998821854648,0.2954208590019789,0.7165700161922397,-0.4211491571902608,78.42629570757056,75.8833251953125,73.34035468305443,6.702317026073473
2020-08-07,75.4520034790039,76.00450134277344,74.3134994506836,74.91850280761719,74.21231842041016,27718000,-0.004372318414751275,75.7817253112793,73.70408004760742,50.56367897179851,0.25741512091353513,0.6247390371364988,-0.3673239162229637,78.30834611924531,75.7817253112793,73.25510450331329,6.668153298404651
2020-08-10,74.54000091552734,75.35749816894531,73.87449645996094,74.84100341796875,74.13555908203125,20546000,-0.001034320716731485,75.74320030212402,73.76738006591796,50.23554977875308,0.21852275234336105,0.5434957801778713,-0.3249730278345102,78.30231586260794,75.74320030212402,73.1840847416401,6.7573473269577535
2020-08-11,74.69999694824219,75.52200317382812,73.90950012207031,74.0270004272461,73.3292236328125,31098000,-0.010876500551193491,75.64240036010742,73.8130500793457,46.80023424147697,0.12062652411998442,0.4589219289662939,-0.3382954048463095,78.30313756186888,75.64240036010742,72.98166315834595,7.0350416937976865
2020-08-12,74.35600280761719,75.58350372314453,74.25,75.36199951171875,74.65164184570312,22512000,0.018033986279637704,75.61830024719238,73.8779800415039,52.53326750575439,0.14904819223202992,0.39694718161944115,-0.24789898938741123,78.28002816276285,75.61830024719238,72.95657233162191,7.039904115457272
2020-08-13,75.4104995727539,76.84850311279297,75.4104995727539,75.8324966430664,75.11770629882812,22388000,0.006243190927914366,75.62262496948242,73.95537994384766,54.39842405118614,0.20714986072096053,0.358987717439745,-0.15183785671878447,78.28544962484861,75.62262496948242,72.95980031411622,7.042402075941637
2020-08-14,75.68049621582031,75.989501953125,74.94999694824219,75.23149871826172,74.52236938476562,21942000,-0.00792538728078529,75.59207496643066,74.04570999145508,51.60877129696444,0.20236757438775044,0.3276636888293461,-0.12529611444159566,78.25812616340917,75.59207496643066,72.92602376945214,7.053784932249761
2020-08-17,75.79850006103516,76.18900299072266,75.25,75.81199645996094,75.0973892211914,19990000,0.007716070237339112,75.47307472229004,74.12192993164062,54.05937440231159,0.24262209783046274,0.31065537062956944,-0.0680332727991067,77.86241237374728,75.47307472229004,73.0837370708328,6.331629286998104
2020-08-18,76.30599975585938,77.86849975585938,76.08350372314453,77.78900146484375,77.0557632446289,28378000,0.02607779103570862,75.47272491455078,74.22966995239258,61.255633784762644,0.42910541889069975,0.3343453802817955,0.09476003860890425,77.86070378824047,75.47272491455078,73.08474604086109,6.328057921304227
2020-08-19,77.62449645996094,78.44300079345703,77.0,77.23049926757812,76.50251007080078,30472000,-0.007179906479827025,75.4221248626709,74.32220001220703,58.46926045111109,0.5257676128866109,0.3726298268027586,0.1531377860838523,77.60749088064524,75.4221248626709,73.23675884469655,5.795026385038805
2020-08-20,76.99849700927734,79.00849914550781,76.7229995727539,78.8125,78.06961822509766,26382000,0.020484401790824336,75.57087478637695,74.43375,63.529810914921,0.7217079359781735,0.4424454486378415,0.279262487340332,78.20748997126896,75.57087478637695,72.93425960148494,6.977860696584942
2020-08-21,78.58999633789062,79.59400177001953,78.1155014038086,78.77850341796875,78.03593444824219,34838000,-0.00043145819873680047,75.7392749786377,74.60742004394531,63.351163822608726,0.8642858642100748,0.5268135317522882,0.33747233245778663,78.7210424712504,75.7392749786377,72.75750748602499,7.873768248913693
2020-08-24,79.62349700927734,80.43900299072266,78.75199890136719,79.25749969482422,78.51041412353516,25638000,0.006080271590874098,75.87857513427734,74.7796499633789,64.85089766798096,1.0043533358877994,0.6223214925793904,0.382031843308409,79.22247563847583,75.87857513427734,72.53467463007885,8.813819970343422
2020-08-25,79.00499725341797,80.44400024414062,78.89399719238281,80.2925033569336,79.53565979003906,25150000,0.013058721928159711,76.13407516479492,74.96475997924804,67.90694127999485,1.185211580636775,0.7348995101908673,0.4503120704459076,79.97076627000145,76.13407516479492,72.2973840595884,10.078775100116134
2020-08-26,80.31500244140625,82.6395034790039,80.04900360107422,82.20649719238281,81.43161010742188,52188000,0.023837739227760224,76.43562507629395,75.16241989135742,72.64374402696157,1.4660862198846303,0.8811368521296199,0.5849493677550104,81.09727584724365,76.43562507629395,71.77397430534424,12.197586573791202
2020-08-27,82.33049774169922,82.39949798583984,80.94049835205078,81.4260025024414,80.65848541259766,31350000,-0.009494159501504895,76.66100006103515,75.3383999633789,68.22181698704215,1.6071754779907934,1.0263445773018547,0.5808309006889387,81.80511821342108,76.66100006103515,71.51688190864922,13.420430592583813
2020-08-28,81.47350311279297,82.06749725341797,81.28050231933594,81.97149658203125,81.1988296508789,22418000,0.006699161725107983,77.03969993591309,75.54370986938477,69.61398568091316,1.7429153021952004,1.169658722280524,0.5732565799146765,82.56273212036564,77.03969993591309,71.51666775146055,14.338145628934129
2020-08-31,82.17849731445312,82.2249984741211,81.2665023803711,81.47650146484375,80.70850372314453,26422000,-0.006038583682087206,77.40662498474121,75.74859985351563,66.75607183964013,1.7899150946914375,1.2937099967627068,0.4962050979287307,83.08275202430045,77.40662498474121,71.73049794518198,14.665739633211345
2020-09-01,81.60800170898438,82.96099853515625,81.47650146484375,82.75399780273438,81.97395324707031,22652000,0.015679258882888902,77.86107482910157,75.95301986694336,70.16080560901108,1.908248940898389,1.4166177855898434,0.4916311553085455,83.71865526823488,77.86107482910157,72.00349438996825,15.046235752563666
2020-09-02,83.40049743652344,86.30500030517578,83.0094985961914,85.86949920654297,85.0600814819336,49522000,0.03764766871205616,78.45682487487792,76.20642990112304,76.48572949818617,2.227744243604832,1.5788430771928412,0.6489011664119906,84.98876794604763,78.45682487487792,71.92488180370822,16.65105127969881
2020-09-03,84.97599792480469,85.0,80.385498046875,81.47550201416016,80.70750427246094,63726000,-0.05117062120845872,78.76822509765626,76.40323989868165,57.85838247866812,2.1021553828730077,1.6835055383288746,0.4186498445441331,85.25212252587424,78.76822509765626,72.28432766943827,16.463231005089423
2020-09-04,80.44999694824219,81.74949645996094,76.89849853515625,79.06050109863281,78.31527709960938,55850000,-0.02964070310953526,78.97532501220704,76.54334991455079,50.56890571395007,1.7871537194328084,1.7042351745496616,0.08291854488314687,85.21410510700832,78.97532501220704,72.73654491740575,15.79931477037156
2020-09-08,76.25,77.77749633789062,75.82499694824219,76.18000030517578,75.46192169189453,54032000,-0.03643421198760055,79.04227485656739,76.70440994262695,43.525129876864995,1.2902075811405496,1.6214296558678394,-0.3312220747272898,85.1290386091111,79.04227485656739,72.95551110402367,15.40128687740567
2020-09-09,77.44499969482422,77.93599700927734,76.25849914550781,77.36150360107422,76.6323013305664,39242000,0.015509539280624818,79.2090000152588,76.85447006225586,46.7985167237186,0.980410070970251,1.4932257388883219,-0.5128156679180709,84.90741266682195,79.2090000152588,73.51058736369563,14.388295901893521
2020-09-10,77.50900268554688,78.68299865722656,76.0,76.30249786376953,75.5832748413086,33024000,-0.013689090253634184,79.25602493286132,76.96247009277344,44.31892937684674,0.6420393694738209,1.3229884650054218,-0.6809490955316009,84.84107012090303,79.25602493286132,73.67097974481962,14.093679799795305
2020-09-11,76.40750122070312,76.93499755859375,74.6510009765625,75.78800201416016,75.07362365722656,30706000,-0.006742909527961971,79.25380020141601,77.03623016357422,43.123484875152236,0.32857502708499453,1.1241057774213363,-0.7955307503363418,84.84433124573282,79.25380020141601,73.66326915709921,14.107919191531511
2020-09-14,76.5824966430664,77.8499984741211,75.25550079345703,75.44149780273438,74.73038482666016,42660000,-0.004572029613670647,79.26430015563965,77.07513015747071,42.29601734890964,0.05159749949186221,0.9096041218354416,-0.8580066223435794,84.82528428013028,79.26430015563965,73.70331603114901,14.031497442281946
2020-09-15,76.39450073242188,77.54949951171875,76.1050033569336,76.75599670410156,76.0324935913086,23042000,0.017424087506958896,79.31150016784667,77.11060012817383,46.49073280446824,-0.06113538041638833,0.7154562213850757,-0.776591601801464,84.76954653516417,79.31150016784667,73.85345380052918,13.763568601694956
2020-09-16,77.1240005493164,77.71849822998047,75.57949829101562,75.60449981689453,74.891845703125,22128000,-0.015002110733271845,79.20227508544922,77.1327700805664,43.50710833005283,-0.24061946387762134,0.5242410843325362,-0.7648605482101576,84.86154354820582,79.20227508544922,73.54300662269262,14.290671465310728
2020-09-17,74.29049682617188,74.93299865722656,73.12300109863281,74.35199737548828,73.65115356445312,40008000,-0.01656645162131587,79.05834999084473,77.11621002197266,40.4651098736922,-0.47841351930698295,0.3237101636046324,-0.8021236829116154,85.04766719731195,79.05834999084473,73.06903278437751,15.151637258204367
2020-09-18,74.41500091552734,74.76000213623047,71.58100128173828,72.55449676513672,71.87060546875,63056000,-0.02417542712545495,78.74544982910156,77.04863998413086,36.51880628849104,-0.802657759351689,0.09843657901336808,-0.9010943383650571,85.37328714360466,78.74544982910156,72.11761251459846,16.833575346606708
2020-09-21,71.58100128173828,72.00299835205078,70.13400268554688,71.50700378417969,70.83297729492188,56908000,-0.014437448621179239,78.3818748474121,76.93977005004882,34.412631497309036,-1.131108866023169,-0.14747250999393932,-0.9836363560292296,85.72205755081801,78.3818748474121,71.0416921440062,18.729285865374393
2020-09-22,72.51599884033203,73.19850158691406,71.4749984741211,72.99099731445312,72.30298614501953,33950000,0.02075317043327285,78.06854972839355,76.8873599243164,39.717051371985676,-1.2571709743505437,-0.3694122028652602,-0.8877587714852835,85.75909976977151,78.06854972839355,70.37799968701559,19.70204408339587
2020-09-23,72.60449981689453,72.65399932861328,70.13400268554688,70.46949768066406,69.80525207519531,37726000,-0.03454537914678191,77.57739944458008,76.77588989257812,34.59706782553103,-1.5427561186203889,-0.6040809860162859,-0.938675132604103,85.86833244335767,77.57739944458008,69.28646644580249,21.374609249954265
2020-09-24,70.13400268554688,71.89949798583984,70.10749816894531,71.14299774169922,70.47241973876953,34552000,0.009557556827608504,77.0242244720459,76.68186981201171,36.93557870591598,-1.695197396371782,-0.8223042680873851,-0.8728931282843968,85.48059222967868,77.0242244720459,68.56785671441313,21.957683613424276
2020-09-25,71.25250244140625,72.2969970703125,70.38400268554688,71.9530029296875,71.2747802734375,30326000,0.011385454588365151,76.5505744934082,76.60600982666016,39.7268429975855,-1.7306971585725677,-1.0039828461844218,-0.7267143123881459,85.02884708066551,76.5505744934082,68.0723019061509,22.150774552286016
2020-09-28,73.59950256347656,73.64949798583984,72.31400299072266,72.93299865722656,72.24552917480469,30784000,0.013619809105591463,76.09864959716796,76.54781982421875,43.01317954446723,-1.6606110206803493,-1.1353084810836074,-0.5253025395967419,84.33298341019695,76.09864959716796,67.86431578413898,21.641208764197113
2020-09-29,73.19550323486328,73.5999984741211,72.69999694824219,73.3010025024414,72.61006164550781,31816000,0.005045744350783421,75.68987464904785,76.44999984741212,44.242608403294646,-1.5574194546715177,-1.2197306758011894,-0.3376887788703282,83.62189666255384,75.68987464904785,67.75785263554187,20.959268463013018
2020-09-30,73.0469970703125,74.30999755859375,72.78800201416016,73.27999877929688,72.58924865722656,40924000,-0.00028664055379623576,75.21617469787597,76.35967987060548,44.184018497362786,-1.4604985024690649,-1.2678842411347646,-0.19261426133430026,82.51004471338997,75.21617469787597,67.92230468236197,19.39441893930821
2020-10-01,74.18299865722656,74.75350189208984,73.83999633789062,74.3949966430664,73.69375610351562,32884000,0.015215854506287263,74.64244956970215,76.28272979736329,48.11235321860246,-1.2789737273946997,-1.2701021383867517,-0.008871589007948044,80.05725333111116,74.64244956970215,69.22764580829315,14.508644324038658
2020-10-02,72.98149871826172,73.95149993896484,72.36750030517578,72.77999877929688,72.0939712524414,31222000,-0.02170855355543344,74.20767440795899,76.22157974243164,43.352963087110055,-1.2510100012708278,-1.266283710963567,0.015273709692739112,78.67081292889776,74.20767440795899,69.74453588702022,12.028778846787539
2020-10-05,73.13249969482422,74.23500061035156,73.00450134277344,74.1415023803711,73.4426498413086,21602000,0.018707231207235164,73.9617244720459,76.19619979858399,48.0211959834759,-1.1062346009311455,-1.2342738889570826,0.12803928802593711,77.8306429698549,73.9617244720459,70.0928059742369,10.461947785631411
2020-10-06,73.7750015258789,74.22599792480469,72.25050354003906,72.5510025024414,71.86712646484375,26096000,-0.021452430976675818,73.78027458190918,76.1177899169922,43.51026131148932,-1.1070774017428278,-1.2088345915142316,0.1017571897714038,77.55528608558721,73.78027458190918,70.00526307823115,10.233118608110079
2020-10-07,72.96549987792969,73.44850158691406,71.6614990234375,72.95700073242188,72.2693099975586,36108000,0.005596210012815517,73.56004943847657,76.07327987670898,44.93228172510973,-1.0627341258932148,-1.1796144983900283,0.11688037249681349,76.96992203234424,73.56004943847657,70.1501768446089,9.270990489802731
2020-10-08,73.27249908447266,74.40149688720703,73.27249908447266,74.17150115966797,73.47235870361328,26076000,0.01664674404799671,73.45349960327148,76.0331999206543,49.06301994680121,-0.9189980879299497,-1.1274912162980126,0.20849312836806289,76.639781073147,73.45349960327148,70.26721813339596,8.675642378062035
2020-10-09,74.64299774169922,75.59249877929688,74.3499984741211,75.52249908447266,74.81061553955078,32966000,0.018214425935827228,73.4402244567871,76.0052798461914,53.26287478789062,-0.6881395560605625,-1.0396208842505228,0.35148132818996025,76.58948725251702,73.4402244567871,70.2909616610572,8.57639752335715
2020-10-12,76.9000015258789,79.4209976196289,76.46499633789062,78.22949981689453,77.49210357666016,55344000,0.035843683650640834,73.57962455749512,76.08191986083985,60.32225321541841,-0.2834823623393845,-0.8883931798682951,0.6049108175289106,77.27103882552377,73.57962455749512,69.88821028946647,10.033794790959229
2020-10-13,78.85050201416016,79.25800323486328,77.93150329589844,78.35350036621094,77.61494445800781,39072000,0.0015852051457880822,73.65949974060058,76.16622985839844,60.615712181882515,0.0466790994940709,-0.701378723995822,0.7480578234898929,77.677102155395,73.65949974060058,69.64189732580616,10.908579148494955
2020-10-14,78.7300033569336,79.19249725341797,77.29499816894531,78.1719970703125,77.43515014648438,33174000,-0.0023164908868898992,73.78787460327149,76.25636978149414,59.91716264109399,0.2903417585284416,-0.5030346274909693,0.7933763860194109,78.19141069517237,73.78787460327149,69.38433851137061,11.935663184708774
2020-10-15,77.2249984741211,78.56999969482422,77.05650329589844,77.77349853515625,77.0404052734375,31210000,-0.005097747887104709,73.95894966125488,76.33274978637695,58.32783031025832,0.4461477562947209,-0.3131981507338313,0.7593459070285522,78.69048811462005,73.95894966125488,69.2274112078897,12.79503961328943
2020-10-16,78.09149932861328,78.885498046875,77.88300323486328,78.38500213623047,77.64614868164062,34194000,0.007862671620861406,74.25047492980957,76.3954998779297,60.07781695107684,0.6119145915956636,-0.1281756022679323,0.740090193863596,79.30725243347871,74.25047492980957,69.19369742614043,13.620862380878801
2020-10-19,78.79650115966797,79.19650268554688,76.14600372314453,76.49749755859375,75.77642822265625,29734000,-0.024080015438376345,74.49999961853027,76.42707977294921,52.7186808765333,0.5842453413607558,0.014308586457805333,0.5699367549029505,79.48261377115765,74.49999961853027,69.51738546590289,13.376145444672083
2020-10-20,76.15550231933594,78.69200134277344,76.0250015258789,77.55400085449219,76.82298278808594,41670000,0.013811083340515395,74.72814979553223,76.48133972167969,55.96978599882734,0.6401885524864355,0.13948457966353137,0.5007039728229041,79.82993388543724,74.72814979553223,69.62636570562722,13.654249714101793
2020-10-21,78.49250030517578,80.75700378417969,78.35700225830078,79.29949951171875,78.55201721191406,60322000,0.022506733806439305,75.16964988708496,76.58678970336913,60.76933513654871,0.8159651657398683,0.2747806968787988,0.5411844688610695,80.2490923422256,75.16964988708496,70.09020743194432,13.51460985323372
2020-10-22,79.25,80.6709976196289,78.8740005493164,80.33300018310547,79.57579040527344,30512000,0.01303306050814057,75.62915000915527,76.68620971679688,63.31891020440717,1.0268276352001635,0.4251900845430718,0.6016375506570917,80.82967171012429,75.62915000915527,70.42862830818625,13.752691125946734
2020-10-23,80.75250244140625,81.70600128173828,80.59549713134766,81.64900207519531,80.87937927246094,30548000,0.0163817269115194,76.11394996643067,76.80253982543945,66.32041664354819,1.2853117421497302,0.5972144160644035,0.6880973260853267,81.65021353289663,76.11394996643067,70.5776863999647,14.547303270708401
2020-10-26,80.75,81.47899627685547,78.38899993896484,79.2145004272461,78.46782684326172,35826000,-0.029816653526424153,76.42802505493164,76.88219985961913,57.024416128843214,1.2789750934316544,0.7335665515378538,0.5454085418938006,81.91934857647159,76.42802505493164,70.93670153339168,14.369921288933313
2020-10-27,79.44650268554688,80.0999984741211,78.84950256347656,79.94400024414062,79.19046020507812,25902000,0.009209294954221958,76.7601749420166,76.96483993530273,58.884179346176595,1.31762898545972,0.850379038322227,0.467249947137493,82.25836574679283,76.7601749420166,71.26198413724038,14.325633856174699
2020-10-28,77.50050354003906,77.69049835205078,75.42400360107422,75.54000091552734,74.8279800415039,45174000,-0.05508845575940313,76.87317504882813,76.91985992431641,45.95489732826944,0.9815814731084487,0.8766195252794714,0.10496194782897728,82.16982169887375,76.87317504882813,71.57652839878251,13.780220855145645
2020-10-29,75.85099792480469,79.43699645996094,75.82749938964844,77.84400177001953,77.11023712158203,55406000,0.030500049297231602,77.04562530517578,76.93212997436524,51.9046504107685,0.8909052113897928,0.8794766625015358,0.011428548888257062,82.23173527644914,77.04562530517578,71.85951533390241,13.462438524527037
2020-10-30,83.37200164794922,84.06600189208984,80.07849884033203,80.80549621582031,80.04383087158203,99878000,0.038044154181169354,77.44690017700195,76.97198989868164,58.2646822628949,1.0459543614303328,0.9127722022872953,0.13318215914303755,82.49069462804677,77.44690017700195,72.40310572595713,13.025168055835461
2020-11-02,81.177001953125,82.91200256347656,80.71199798583984,81.21600341796875,80.4504623413086,44228000,0.005080110050941222,77.80062522888184,77.02073989868164,59.072595913642594,1.1882589211898278,0.9678695460678017,0.22038937512202605,82.85982217548312,77.80062522888184,72.74142828228057,13.005543160399064
2020-11-03,81.53800201416016,82.94999694824219,80.60549926757812,82.28299713134766,81.50739288330078,31432000,0.0131376565308996,78.28722496032715,77.08124984741211,61.17629658508619,1.3713259930522526,1.0485608354646918,0.32276515758756075,83.09918717654831,78.28722496032715,73.47526274410599,12.293096909897297
2020-11-04,85.27899932861328,88.50150299072266,85.1500015258789,87.2925033569336,86.46968078613281,71342000,0.06088144556331043,79.00400009155274,77.22124984741211,69.18481632342366,1.8987456942100067,1.2185978072137549,0.6801478869962518,84.62864796955309,79.00400009155274,73.3793522135524,14.238893907858582
2020-11-05,88.52249908447266,89.59100341796875,87.05149841308594,88.125,87.29434204101562,39758000,0.009536998950215425,79.70167503356933,77.33961990356445,70.28192151133742,2.356738118846465,1.446225869540297,0.9105122493061681,86.15594347648893,79.70167503356933,73.24740659064973,16.196067247523075
2020-11-06,87.56700134277344,88.42500305175781,86.83399963378906,87.98650360107422,87.15714263916016,28622000,-0.0015716872210458366,80.32487525939942,77.4708299255371,69.83646386020973,2.677658532321445,1.6925124020965265,0.9851461302249183,87.41984824054998,80.32487525939942,73.22990227824886,17.66569311994126
2020-11-09,89.79900360107422,90.84449768066406,87.87750244140625,88.07099914550781,87.2408447265625,53440000,0.0009603583236876823,80.81695022583008,77.59281997680664,69.96155319402786,2.9053176628640927,1.9350734542500398,0.9702442086140528,88.59463998022905,80.81695022583008,73.03926047143112,19.247669536317442
2020-11-10,86.4885025024414,87.96900177001953,85.80599975585938,86.88600158691406,86.0670166015625,43022000,-0.013455029334930368,81.24357528686524,77.70100997924804,65.8378982742453,2.956044325562516,2.139267628512535,0.8167766970499808,89.3625273120587,81.24357528686524,73.12462326167177,19.98669309302558
2020-11-11,87.41999816894531,88.1449966430664,87.15299987792969,87.36150360107422,86.53804016113281,31838000,0.005472753421335241,81.70305061340332,77.79316009521484,66.68642152546767,3.000032107147419,2.3114205242395123,0.6886115829079067,90.1097028905041,81.70305061340332,73.29639833630254,20.5785517529297
2020-11-12,87.0999984741211,88.2490005493164,86.89849853515625,87.14099884033203,86.3196029663086,26474000,-0.002524175431030007,82.1714256286621,77.81859008789063,65.86936345287658,2.982716945342517,2.4456798084601132,0.5370371368824038,90.6931790964074,82.1714256286621,73.64967216091681,20.741403480707866
2020-11-13,87.4000015258789,88.85649871826172,86.79900360107422,88.61299896240234,87.7777328491211,29744000,0.01689222184422734,82.68282546997071,77.96134002685547,68.6323107320166,3.0525843702435367,2.567060720816798,0.48552364942673876,91.4581052834154,82.68282546997071,73.90754565652601,21.226366572660876
2020-11-16,88.20700073242188,89.71700286865234,88.06649780273438,88.70149993896484,87.86540222167969,25468000,0.0009987655150456298,83.29302558898925,78.15416000366211,68.79586626506665,3.0795964263989646,2.6695678619332313,0.4100285644657333,91.95959303300891,83.29302558898925,74.62645814496959,20.80982743209492
2020-11-17,88.39299774169922,88.85700225830078,87.97450256347656,88.08300018310547,87.25273132324219,21314000,-0.006972834391536287,83.81947555541993,78.3922200012207,66.19807514356881,3.016325590424856,2.738919407631556,0.27740618279329965,92.30489147539366,83.81947555541993,75.3340596354462,20.246883826810222
2020-11-18,87.83200073242188,88.25,86.92849731445312,87.03199768066406,86.21162414550781,20108000,-0.011932086961007782,84.20610046386719,78.5856298828125,61.91932433529328,2.8485396863708843,2.7608434633794223,0.08769622299146196,92.53570976139888,84.20610046386719,75.8764911663355,19.783861861899002
2020-11-19,86.6614990234375,88.17449951171875,86.5009994506836,87.92849731445312,87.09967803955078,20106000,0.010300860270815893,84.58587532043457,78.81814987182617,64.05363512889838,2.756137143310383,2.759902199365615,-0.00376505605523203,92.86697076659905,84.58587532043457,76.30477987427008,19.580326892151717
2020-11-20,88.0999984741211,88.41799926757812,86.75,86.81900024414062,86.00064086914062,27694000,-0.012618154224532274,84.84437522888183,79.03876983642579,59.60147525234198,2.563826129396915,2.7206869853718754,-0.15686085597496024,93.06517673914055,84.84437522888183,76.6235737186231,19.37854215575692
2020-11-23,87.01100158691406,87.29949951171875,85.50900268554688,86.37799835205078,85.56378936767578,22530000,-0.005079630768444643,85.20255012512207,79.2574998474121,57.87940831354246,2.3487580771966066,2.646301203736822,-0.2975431265402153,93.02557526673131,85.20255012512207,77.37952498351284,18.36335914857226
2020-11-24,86.375,88.3239974975586,86.0364990234375,88.19499969482422,87.36366271972656,27984000,0.021035456299352884,85.61510009765625,79.48627990722656,62.66571318139286,2.298436968745847,2.576728356738627,-0.2782913879927804,93.15031170465086,85.61510009765625,78.07988849066165,17.602529456601985
2020-11-25,88.3905029296875,88.51899719238281,87.41799926757812,88.20649719238281,87.37505340576172,19600000,0.00013038242308693881,86.24842491149903,79.73831985473633,62.69460070733766,2.2337357642805955,2.508129838247021,-0.27439407396642546,92.26644416682171,86.24842491149903,80.23040565617634,13.955082104972643
2020-11-27,88.22699737548828,89.85050201416016,88.22699737548828,89.35099792480469,88.5087661743164,14790000,0.012975245500449928,86.82377471923829,80.03829986572265,65.55195747706907,2.2488874629209192,2.456281363181801,-0.20739390026088156,91.58725793477954,86.82377471923829,82.06029150369703,10.972762312960741
2020-11-30,88.78250122070312,89.01699829101562,87.39199829101562,87.72000122070312,86.8931655883789,32418000,-0.018253565785287362,87.16949996948242,80.34160995483398,58.65696130047106,2.1050221055407548,2.3860295116535917,-0.2810074061128369,91.05915004494713,87.16949996948242,83.2798498940177,8.924337243706711
2020-12-01,88.33300018310547,91.08599853515624,88.15149688720703,89.76799774169922,88.92183685302734,37350000,0.02334672987123576,87.59709968566895,80.70682983398437,63.80516560317492,2.1316911678945445,2.3351618429017824,-0.20347067500723792,90.53982385505647,87.59709968566895,84.65437551628143,6.718770781103732
2020-12-02,89.76799774169922,91.63700103759766,89.25849914550781,91.24849700927734,90.38839721679688,29424000,0.016492690835812507,88.04537467956543,81.07197982788085,67.0039099081647,2.246395461250387,2.3174085665715034,-0.07101310532111649,90.25318512158435,88.04537467956543,85.8375642375465,5.015165078356668
2020-12-03,91.0270004272461,92.19149780273438,90.8499984741211,91.09200286865234,90.2333755493164,24728000,-0.0017150615815063608,88.23534965515137,81.48442993164062,66.33654959189778,2.2981796860092487,2.3135627904590526,-0.015383104449803842,90.77957657138973,88.23534965515137,85.69112273891301,5.766910713635554
2020-12-04,91.01100158691406,91.4749984741211,90.67949676513672,91.18800354003906,90.32846069335938,20544000,0.0010537691121950132,88.38849983215331,81.88533004760743,66.55660470626327,2.320219463398061,2.3148941250468544,0.005325338351206632,91.23814336739748,88.38849983215331,85.53885629690915,6.447996154829064
2020-12-07,90.77749633789062,91.4645004272461,90.1520004272461,90.85150146484376,89.9951400756836,22288000,-0.0036900951828163775,88.5317497253418,82.26330001831055,64.95381817641014,2.2842023774232985,2.3087557755221435,-0.024553398098845047,91.56808655858866,88.5317497253418,85.49541289209493,6.859317346978237
2020-12-08,90.4260025024414,90.79850006103516,89.56400299072266,90.56649780273438,89.71282196044922,19936000,-0.0031370373444271626,88.65652465820312,82.6159700012207,63.55776953659732,2.2072177315776855,2.288448166733252,-0.08123043515556638,91.80972112492962,88.65652465820312,85.50332819147663,7.113286876251905
2020-12-09,90.51799774169922,91.4185028076172,88.0999984741211,88.89299774169922,88.05508422851562,31728000,-0.01847826983599321,88.75687446594239,82.92780990600586,55.95310544744689,1.9882500670681793,2.2284085468002375,-0.24015847973205817,91.80426698033456,88.75687446594239,85.70948195155022,6.866831516383582
2020-12-10,88.12999725341797,88.74949645996094,86.67649841308594,88.38249969482422,87.54940795898438,28688000,-0.005742726543977228,88.80792427062988,83.2298599243164,53.83696263788003,1.7533125932194906,2.133389356084088,-0.3800767628645976,91.7936898559169,88.80792427062988,85.82215868534287,6.724097224000651
2020-12-11,88.0,88.8655014038086,87.63700103759766,88.73999786376953,87.90352630615234,18628000,0.0040447828880108005,88.88787422180175,83.51675994873047,55.117127326529555,1.5777823739864516,2.022267959664561,-0.44448558567810936,91.77481427535842,88.88787422180175,86.00093416824508,6.495689268826241
2020-12-14,88.53600311279297,89.48999786376953,87.45649719238281,87.61299896240234,86.78716278076172,33050000,-0.012699871919842343,88.83787422180175,83.81341995239258,50.37452424226258,1.3323752257718695,1.8842894128860226,-0.5519141871141531,91.77630458112449,88.83787422180175,85.89944386247902,6.615264908267279
2020-12-15,87.99299621582031,88.19999694824219,87.08350372314453,88.05400085449219,87.2239990234375,21352000,0.005033420020646329,88.80549926757813,84.091669921875,52.110995725811065,1.160100542912673,1.7394516388913528,-0.5793510959786798,91.76342968057591,88.80549926757813,85.84756885458035,6.661592890965682
2020-12-16,88.45549774169922,88.45549774169922,87.4530029296875,87.8594970703125,87.03133392333984,24676000,-0.0022088542402863842,88.79432411193848,84.39783981323242,51.259061803902895,0.996391010391406,1.5908395131913635,-0.5944485027999575,91.7647509899741,88.79432411193848,85.82389723390285,6.690578272302537
2020-12-17,88.19650268554688,88.33550262451172,86.55750274658203,87.02549743652344,86.20519256591797,34880000,-0.009492458867165765,88.79399909973145,84.67920974731446,47.66104961734225,0.7902437875110593,1.4307203680553027,-0.6404765805442434,91.76519853542793,88.79399909973145,85.82279966403497,6.692342874115381
2020-12-18,87.30850219726562,87.41799926757812,85.75,86.31099700927734,85.49742126464844,85256000,-0.00821030938163414,88.71312408447265,84.92199966430664,44.7622060784257,0.562729618265962,1.2571222180974346,-0.6943925998314726,91.85718264348304,88.71312408447265,85.56906552546226,7.088147535006469
2020-12-21,85.45649719238281,86.8499984741211,84.69999694824219,86.72799682617188,85.9104995727539,33974000,0.004831470961291551,88.70857391357421,85.14610961914063,46.79607473118901,0.4113298457804291,1.0879637436340337,-0.6766338978536046,91.86382769545811,88.70857391357421,85.55332013169031,7.11375156353648
2020-12-22,86.46649932861328,86.63050079345703,85.28900146484375,86.01100158691406,85.20026397705078,20370000,-0.008267157090637745,88.69022407531739,85.30173965454101,43.80920011442252,0.23082806938195688,0.9165366087836184,-0.6857085394016615,91.90321993024078,88.69022407531739,85.477228220394,7.245434067670989
2020-12-23,86.19650268554688,87.20549774169922,86.05999755859375,86.4114990234375,85.59698486328125,22974000,0.00465633400311205,88.60104904174804,85.46289962768554,45.886878423080546,0.11872729284505112,0.756974745595905,-0.6382474527508539,91.95976929689175,88.60104904174804,85.24232878660433,7.58167152978315
2020-12-24,86.44999694824219,87.12049865722656,86.21749877929688,86.70800018310547,85.89068603515625,9312000,0.003431209315890138,88.52612419128418,85.63361968994141,47.43644125653197,0.053198545698833755,0.6162195056164909,-0.5630209599176571,91.98215361582885,88.52612419128418,85.07009476673952,7.807931175382757
2020-12-28,87.24549865722656,89.3499984741211,87.09100341796875,88.697998046875,87.8619384765625,27650000,0.02295071249750391,88.4934741973877,85.85210968017579,56.450161070089784,0.15999837629013314,0.5249752797512194,-0.36497690346108624,91.92999861663885,88.4934741973877,85.05694977813654,7.766729581857917
2020-12-29,89.36150360107422,89.42350006103516,87.75550079345703,87.88800048828125,87.05956268310547,19726000,-0.009132234131973616,88.5018741607666,86.0421696472168,52.50355493943715,0.1772349240588369,0.45542720861274294,-0.27819228455390604,91.93160963743561,88.5018741607666,85.0721386840976,7.75065050134143
2020-12-30,88.25,88.38800048828125,86.4000015258789,86.8125,85.99420166015625,21026000,-0.01223715109650969,88.35409927368164,86.24846969604492,47.73180133225784,0.10292465986591992,0.3849266988633784,-0.28200203899745846,91.80749166341737,88.35409927368164,84.90070688394592,7.817163930421958
2020-12-31,86.8635025024414,87.875,86.80449676513672,87.63200378417969,86.80599212646484,21070000,0.009440060499854797,88.17327461242675,86.45002975463868,51.35935355726162,0.10890495805541889,0.3297223507017865,-0.22081739264636763,91.37075885692904,88.17327461242675,84.97579036792446,7.252728808263297
2021-01-04,88.0,88.12449645996094,85.35700225830078,86.30650329589844,85.49298095703125,37324000,-0.015125812599672939,87.93399963378906,86.59016983032227,45.8201621296336,0.006611364032679035,0.265100153367965,-0.25848878933528596,90.93201023002398,87.93399963378906,84.93598903755414,6.818774555281164
2021-01-05,86.25450134277344,87.34149932861328,85.84500122070312,87.00250244140625,86.18241882324219,20360000,0.00806426280255046,87.72472457885742,86.72355987548828,48.93451476686732,-0.018087233511963063,0.2084626759919794,-0.22654990950394246,90.34554743822349,87.72472457885742,85.10390171949135,5.975106498077779
2021-01-06,85.01300048828125,87.19850158691406,84.80500030517578,86.14399719238281,85.33201599121094,46588000,-0.009867474638596607,87.48934936523438,86.81345977783204,45.46308844556539,-0.10571661346463657,0.14562681810065622,-0.2513434315652928,89.7678356106495,87.48934936523438,85.21086311981925,5.208602560074644
2021-01-07,86.33799743652344,88.89099884033203,86.33799743652344,88.71700286865234,87.8807601928711,41936000,0.02986855721213333,87.39687461853028,87.00350982666015,55.62382144036942,0.03208665121464094,0.12291878472345318,-0.09083213350881224,89.2849825018471,87.39687461853028,85.50876673521346,4.320767513845387
2021-01-08,88.85800170898438,89.96800231933594,88.06099700927734,89.8915023803711,89.04418182373047,35484000,0.013238638677066872,87.44679985046386,87.20245986938477,59.34707864448028,0.23337878087296815,0.14501078395335618,0.08836799691961197,89.53292974047595,87.44679985046386,85.36066996045177,4.771197787865127
2021-01-11,88.85099792480469,89.21900177001953,87.60700225830078,87.81449890136719,86.98675537109375,34796000,-0.023105680915902482,87.41839981079102,87.44794982910156,51.17065831843934,0.22273981540412535,0.16055659024351002,0.062183225160615335,89.46794740663942,87.41839981079102,85.3688522149426,4.689053106175506
2021-01-12,87.26799774169922,88.3949966430664,85.81900024414062,86.87149810791016,86.05265045166016,29528000,-0.010738472948538136,87.32497482299804,87.62849975585938,47.94118190075473,0.1366409636025736,0.15577346491532276,-0.019132501312749156,89.29378879238851,87.32497482299804,85.35616085360758,4.509165844894025
2021-01-13,86.36599731445312,87.81950378417969,86.36599731445312,87.36250305175781,86.53901672363281,23432000,0.005651961554000939,87.31245002746581,87.75963989257812,49.72052753027889,0.10679592180169095,0.1459779562925964,-0.03918203449090546,89.27695786829247,87.31245002746581,85.34794218663916,4.499948953920504
2021-01-14,87.44349670410156,88.37750244140625,86.30349731445312,86.5459976196289,85.7302017211914,29212000,-0.00934624673428408,87.23704986572265,87.86623977661132,46.85266576094653,0.017061670285855257,0.12019469909124818,-0.10313302880539292,89.19767748258134,87.23704986572265,85.27642224886397,4.4949425040771835
2021-01-15,86.45099639892578,87.38099670410156,85.58550262451172,86.38099670410156,85.56676483154297,31444000,-0.0019064097175457428,87.1631248474121,87.9481997680664,46.271832939968434,-0.06659984391004059,0.08283579049099044,-0.14943563440103103,89.13575717941524,87.1631248474121,85.19049251540898,4.5263001652508965
2021-01-19,87.1500015258789,90.19200134277344,86.6415023803711,89.22350311279297,88.38248443603516,41660000,0.032906697010639085,87.27302513122558,87.98681976318359,56.31835251522406,0.09536500627548605,0.08534163364788956,0.010023372627596491,89.43825248330205,87.27302513122558,85.10779777914911,4.9619624135196165
2021-01-20,91.31849670410156,94.98600006103516,90.97550201416016,94.00350189208984,93.11742401123048,64152000,0.05357327988015692,87.65765037536622,88.10438980102539,67.368378159673,0.602484207404359,0.18877014839918346,0.41371405900517555,91.25920934846133,87.65765037536622,84.05609140227111,8.217329480479044
2021-01-21,94.68250274658205,96.60399627685548,93.97049713134766,94.2074966430664,93.31949615478516,58634000,0.0021700787548666334,88.03162536621093,88.22880966186523,67.74340187329017,1.009206989478912,0.3528575166151292,0.6563494728637828,92.59441441934146,88.03162536621093,83.4688363130804,10.366249706623863
2021-01-22,94.572998046875,95.21949768066406,93.8249969482422,94.62799835205078,93.7360382080078,32744000,0.004463612325250166,88.46247520446778,88.3599496459961,68.54587614818847,1.3499078013425958,0.5522675735606226,0.7976402277819732,93.75042006358227,88.46247520446778,83.17453034535329,11.955226997418274
2021-01-25,95.63700103759766,96.09100341796876,92.95800018310548,94.71399688720705,93.82121276855467,50586000,0.0009086639693247633,88.87760009765626,88.51650955200195,68.71728174977531,1.6083153541674307,0.7634771296819842,0.8448382244854464,94.72978346253618,88.87760009765626,83.02541673277634,13.16908503031068
2021-01-26,94.29949951171876,95.7874984741211,93.80650329589844,95.39749908447266,94.49828338623048,31462000,0.007216604834836771,89.31207504272462,88.67722946166992,70.11135989363162,1.8469674257731015,0.9801751889002077,0.8667922368728938,95.71936464336096,89.31207504272462,82.90478544208827,14.348092567709939
2021-01-27,93.74549865722656,94.02349853515624,89.86399841308594,90.9469985961914,90.08972930908205,82512000,-0.046652213343706284,89.42452507019043,88.7533494567871,53.418582082810836,1.6578718027434576,1.1157145116688578,0.5421572910745998,95.86362103821918,89.42452507019043,82.98542910216167,14.401185721645431
2021-01-28,91.5500030517578,94.39949798583984,91.5500030517578,92.66000366210938,91.78658294677734,55278000,0.01883515080696596,89.66312522888184,88.83428955078125,57.60277878369949,1.6274768121496663,1.2180669717650194,0.4094098403846469,96.20955322651265,89.66312522888184,83.11669723125102,14.602274861421208
2021-01-29,91.70099639892578,92.3769989013672,90.0780029296875,91.36799621582033,90.50675201416016,44530000,-0.013943551350629302,89.89090003967286,88.88761947631836,53.68581133753894,1.4820502077109694,1.2708636189542095,0.21118658875675989,96.34103943721725,89.89090003967286,83.44076064212847,14.351039748623402
2021-02-01,92.22949981689452,95.7770004272461,92.22949981689452,94.65350341796876,93.76130676269533,40252000,0.035959248079369566,90.24197502136231,89.01902954101563,60.95652557637667,1.613314266425121,1.339353748448392,0.27396051797672905,96.92233724251889,90.24197502136231,83.56161280020572,14.805443297479234
2021-02-02,95.65650177001952,97.46849822998048,95.31849670410156,95.95600128173828,95.051513671875,66332000,0.013760547433976367,90.7244499206543,89.19750961303711,63.4089581201091,1.801674093394439,1.4318178174376013,0.3698562759568378,97.5894730795764,90.7244499206543,83.8594267617322,15.133788443856325
2021-02-03,103.28050231933594,105.33100128173828,100.67749786376952,102.94400024414062,101.9736328125,97882000,0.07282492275210561,91.52152481079102,89.49781967163086,73.15243585049676,2.486164768580366,1.6426872076661545,0.8434775609142116,99.98793685277063,91.52152481079102,83.05511276881141,18.50146631512713
2021-02-04,103.03099822998048,103.46499633789062,101.75499725341795,102.68150329589844,101.71363830566406,48596000,-0.002549624836000408,92.3484001159668,89.81506973266602,72.372837464139,2.9731743470733107,1.908784635547586,1.0643897115257248,101.73299947255109,92.3484001159668,82.96380075938251,20.32433554842217
2021-02-05,102.97799682617188,104.7969970703125,102.5,104.44149780273438,103.45703887939452,29866000,0.017140283277364388,93.1346248626709,90.17633972167968,74.34686971358775,3.4612506515994568,2.21927783875796,1.2419728128414969,103.72751402536218,93.1346248626709,82.54173569997963,22.747478026159943
2021-02-08,105.0,105.75,103.1675033569336,104.22599792480467,103.24356842041016,28828000,-0.0020633729835745074,93.85134963989258,90.4969596862793,73.65291947978017,3.7870112913608693,2.532824529278542,1.2541867620823273,105.36893036596408,93.85134963989258,82.33376891382107,24.54430494662982
2021-02-09,103.73999786376952,104.92549896240234,103.5,103.76950073242188,102.79136657714844,21892000,-0.004379951702369933,94.64909973144532,90.80821975708008,72.11730951922061,3.962664309543868,2.8187924853316075,1.1438718242122605,106.5861963549248,94.64909973144532,82.71200310796584,25.223898922122785
2021-02-10,104.15699768066406,104.94400024414062,102.61199951171876,104.3239974975586,103.34063720703124,25102000,0.005343548278157639,95.52172470092773,91.10767974853516,72.8575711700548,4.099358988136373,3.074905785892561,1.0244532022438122,107.60770378426614,95.52172470092773,83.43574561758933,25.305194438602967
2021-02-11,104.5500030517578,104.6999969482422,103.44300079345705,104.4375,103.4530792236328,20480000,0.0010880716399714885,96.37547454833984,91.4420297241211,73.01549806019486,4.168793947477553,3.2936834182095596,0.8751105292679937,108.44771400287854,96.37547454833984,84.30323509380113,25.052513642324076
2021-02-12,103.9885025024414,104.9749984741211,103.67849731445312,104.75150299072266,103.76410675048828,18990000,0.0030064598288384037,97.28574981689454,91.74169982910156,73.47530009197297,4.200735604939524,3.475093855555553,0.7256417493839713,108.99610456577642,97.28574981689454,85.57539506801265,24.07414193943598
2021-02-16,104.5875015258789,107.25700378417967,104.5875015258789,105.53500366210938,104.5402374267578,31004000,0.007479760589428119,98.24345016479492,92.02742996215821,74.63662513599449,4.240390967278856,3.6281532779002137,0.6122376893786421,109.34709633303852,98.24345016479492,87.13980399655132,22.60434899144562
2021-02-17,104.6989974975586,106.12200164794922,104.4175033569336,105.93099975585938,104.93248748779295,20294000,0.0037521443483421457,99.07882499694824,92.32420989990234,75.22698707986187,4.254725871550093,3.75346779663019,0.5012580749199032,109.85135248902739,99.07882499694824,88.3062975048691,21.74536787736624
2021-02-18,105.25,106.09950256347656,104.66649627685548,105.29049682617188,104.29803466796876,22546000,-0.006046295432556081,99.64317474365234,92.606259765625,72.29582759449337,4.166375766584679,3.8360493906210875,0.33032637596359127,110.47546805948501,99.64317474365234,88.81088142781967,21.74216817900562
2021-02-19,105.3895034790039,105.9290008544922,104.17150115966795,104.44049835205078,103.45604705810548,37938000,-0.008072900055535404,100.15482482910156,92.87803970336914,68.48230886315508,3.981869387076955,3.8652133899122614,0.11665599716469366,110.87792973013529,100.15482482910156,89.43171992806782,21.413057073048705
2021-02-22,102.68000030517578,104.0165023803711,102.4000015258789,102.71299743652344,101.74483489990234,29466000,-0.016540474982985276,100.5590747833252,93.12096969604492,61.39428136104414,3.6541293370835035,3.82299657934651,-0.16886724226300664,111.02478039035434,100.5590747833252,90.09336917629606,20.815039576646083
2021-02-23,100.69950103759766,103.625,99.5114974975586,103.00599670410156,102.03507232666016,34658000,0.0028526010882357067,100.97367477416992,93.40322967529296,62.110586091578746,3.379083606016991,3.7342139846806064,-0.3551303786636155,111.13280463347897,100.97367477416992,90.81454491486087,20.122333632068333
2021-02-24,101.5019989013672,104.41600036621094,101.37650299072266,104.19049835205078,103.2083969116211,22608000,0.011499228237959125,101.41332473754883,93.7193896484375,64.9425053833812,3.219574021046114,3.631285991953708,-0.41171197090759426,111.32723389886739,101.41332473754883,91.49941557623028,19.551492246162162
2021-02-25,102.79650115966795,104.1500015258789,100.32450103759766,100.79750061035156,99.84738159179688,41548000,-0.03256532821357849,101.90584983825684,93.96053970336914,52.774493090892285,2.787245335237685,3.4624778606105036,-0.6752325253728184,110.59390613706393,101.90584983825684,93.21779353944976,17.051143408541535
2021-02-26,101.49749755859376,102.82599639892578,100.05049896240234,101.09549713134766,100.14256286621094,40042000,0.0029563246397470433,102.32762451171875,94.23018966674805,53.59683144055574,2.4405346020457444,3.258089208897552,-0.8175546068518078,109.93058095969796,102.32762451171875,94.72466806373954,14.860027259029168
2021-03-01,102.4000015258789,103.8115005493164,101.72100067138672,103.48300170898438,102.507568359375,26060000,0.023616386733817496,102.93337478637696,94.53876968383788,59.65791120194433,2.331538984204883,3.0727791639590185,-0.7412401797541355,108.64139563301156,102.93337478637696,97.22535393974236,11.090709613826908
2021-03-02,103.24199676513672,104.73699951171876,102.83350372314452,103.2239990234375,102.25101470947266,25564000,-0.0025027776388462097,103.3618995666504,94.84605972290039,58.76123017718141,2.1989121293947136,2.8980057570461577,-0.6990936276514441,107.62248714940674,103.3618995666504,99.10131198389405,8.24401950935317
2021-03-03,102.59750366210938,103.79949951171876,99.6999969482422,100.57050323486328,99.62252044677734,33892000,-0.025706290252118236,103.59262466430664,95.11695983886719,50.402821472522035,1.8582684950059587,2.690058304638118,-0.8317898096321592,106.51299845588086,103.59262466430664,100.67225087273242,5.638188627882985
2021-03-04,100.74349975585938,103.72949981689452,100.27149963378906,101.69650268554688,100.7379150390625,49216000,0.011196209323784956,103.53024978637696,95.42466995239258,53.43003525788056,1.6600289257245038,2.4840524288553953,-0.8240235031308916,106.55480488835587,103.53024978637696,100.50569468439804,5.8428432428584856
2021-03-05,103.05750274658205,105.30999755859376,101.38899993896484,104.85350036621094,103.86515808105467,53100000,0.031043356821307544,103.63884963989258,95.78718002319336,60.676963136463826,1.737635586132754,2.334769060310867,-0.5971334741781131,106.68956794064708,103.63884963989258,100.58813133913809,5.887209885780547
2021-03-08,104.2030029296875,105.68699645996094,100.2594985961914,100.375,99.4288558959961,36868000,-0.04271213048745914,103.43552474975586,96.07445999145507,49.02262472189537,1.421377121784687,2.152090672605631,-0.7307135508209441,106.77366977154038,103.43552474975586,100.09737972797133,6.454542633897946
2021-03-09,102.4875030517578,103.1959991455078,101.77999877929688,102.01799774169922,101.0563735961914,33920000,0.01636866567083617,103.32512474060059,96.3865899658203,52.61816917173693,1.28846359068703,1.9793652562219108,-0.6909016655348807,106.69727042754808,103.32512474060059,99.9529790536531,6.5272520994546435
2021-03-10,103.06999969482422,103.06999969482422,100.96649932861328,101.80950164794922,100.84984588623048,27100000,-0.0020436881179427546,103.22712478637695,96.6886199951172,52.11582376256372,1.1530135449901593,1.8140949139755607,-0.6610813689854014,106.65537204077116,103.22712478637695,99.79887753198274,6.642144226120379
2021-03-11,102.91100311279295,105.5634994506836,102.82250213623048,105.0270004272461,104.0370101928711,27702000,0.03160306571252547,103.26227493286133,97.01520004272462,58.67285509891142,1.2904185281061302,1.7093596368016746,-0.41894110869554435,106.74870887339165,103.26227493286133,99.77584099233101,6.752580151458244
2021-03-12,103.82050323486328,103.88050079345705,101.62100219726562,102.5,101.53384399414062,33818000,-0.02406034346902053,103.16539993286133,97.30744003295898,52.58268270849993,1.181782300988118,1.6038441696389634,-0.4220618686508453,106.62338552886219,103.16539993286133,99.70741433686048,6.703770059053256
2021-03-15,102.2490005493164,102.74949645996094,101.3895034790039,102.72200012207033,101.75373077392578,26168000,0.0021656501038003206,103.06392478942871,97.62563003540039,53.04380681423815,1.1009102547105272,1.5032573866532764,-0.4023471319427492,106.44810144847315,103.06392478942871,99.67974813038427,6.567141055337644
2021-03-16,103.29949951171876,105.68399810791016,102.9645004272461,104.19450378417967,103.21236419677734,31900000,0.014334938009224585,102.99689979553223,97.95688003540039,56.09377164846898,1.1424676586816958,1.4310994410589604,-0.2886317823772646,106.23249523904283,102.99689979553223,99.76130435202163,6.2828987084734695
2021-03-17,103.42350006103516,104.9499969482422,102.20600128173828,104.11100006103516,103.12965393066406,26382000,-0.0008013600575565993,102.90589981079101,98.31296997070312,55.87214019318467,1.1553460381953755,1.3759487604862435,-0.22060272229086797,105.89962813013722,102.90589981079101,99.91217149144481,5.818380335531107
2021-03-18,102.40899658203124,103.4375,100.95899963378906,101.06700134277344,100.11434936523438,31700000,-0.029237997515796255,102.6947250366211,98.59425994873047,48.369536736095256,0.9094434914778589,1.2826477066845667,-0.3732042152067079,105.579699739986,102.6947250366211,99.80975033325619,5.618545066138728
2021-03-19,101.48650360107422,101.85199737548828,100.14649963378906,101.3479995727539,100.3927001953125,46072000,0.0027803290122043745,102.54010009765625,98.8983399963379,49.04969082236967,0.7288365858545802,1.1718854825185694,-0.44304889666398917,105.36510143452112,102.54010009765625,99.71509876079138,5.5100420892400575
2021-03-22,101.38150024414062,102.41699981689452,100.6999969482422,101.53450012207033,100.57744598388672,33536000,0.0018402312938570198,102.48117523193359,99.15468994140625,49.52495948587532,0.5939071556296227,1.05628981714078,-0.46238266151115726,105.33827368286397,102.48117523193359,99.62407678100321,5.575850285604639
2021-03-23,101.99749755859376,103.20549774169922,101.4000015258789,102.06649780273438,101.10440826416016,28510000,0.005239368281014567,102.43420028686523,99.39818984985351,50.93105047226602,0.5238636032769364,0.9498045743680112,-0.42594097109107487,105.28612751857712,102.43420028686523,99.58227305515335,5.568310630092507
2021-03-24,102.58799743652344,103.37999725341795,101.4499969482422,101.62650299072266,100.6685791015625,25218000,-0.004310684074812499,102.30600051879883,99.67442993164063,49.69795205310295,0.4279169193839891,0.8454270433712069,-0.41751012398721776,105.05941778077258,102.30600051879883,99.55258325682507,5.382709221377115
2021-03-25,101.45249938964844,102.28199768066406,99.80449676513672,101.6230010986328,100.66511535644533,35616000,-3.44074104162706e-05,102.34727554321289,99.96945999145508,49.687640991715725,0.3475891167440608,0.7458594580457777,-0.3982703413017169,105.03291799052523,102.34727554321289,99.66163309590054,5.248097583561801
2021-03-26,101.5895004272461,101.96949768066406,100.19249725341795,101.23650360107422,100.28224182128906,27978000,-0.003803438100682066,102.35432586669921,100.2469400024414,48.49183128160719,0.24986138989336837,0.6466598444152958,-0.3967984545219274,105.02749805523607,102.35432586669921,99.68115367816236,5.223369243852476
2021-03-29,101.10800170898438,102.46050262451172,100.27249908447266,102.28949737548828,101.32530212402344,26492000,0.010401246360179917,102.29465065002441,100.5618099975586,51.88903481760423,0.2544461626571177,0.5682171080636602,-0.3137709454065425,104.9171806763328,102.29465065002441,99.67212062371601,5.127404042427845
2021-03-30,102.64900207519533,103.1334991455078,101.80750274658205,102.32350158691406,101.35899353027344,27312000,0.0003325073357172137,102.24962577819824,100.88066009521485,51.99913451201984,0.2578511363873872,0.5061439137284056,-0.2482927773410184,104.83747886097478,102.24962577819824,99.66177269542169,5.061833846492829
2021-03-31,102.72000122070312,104.31300354003906,102.3499984741211,103.1259994506836,102.1539306640625,42570000,0.007842788351599461,102.37740058898926,101.15871002197265,54.63749958850779,0.3215972999652337,0.46923459097577125,-0.14763729101053757,104.8716727530891,102.37740058898926,99.88312842488942,4.87270071275496
2021-04-01,104.6125030517578,106.7874984741211,104.57150268554688,106.48899841308594,105.48522186279295,39880000,0.03261050433473334,102.61702537536621,101.40841995239258,63.65353371859384,0.6361493704248176,0.5026175468655806,0.13353182355923698,105.66334059511273,102.61702537536621,99.5707101556197,5.937251072330932
2021-04-05,107.35749816894533,111.44950103759766,107.260498046875,110.947998046875,109.9021987915039,48510000,0.04187294533499886,102.92175025939942,101.74322998046875,71.68839580476751,1.2310474092874273,0.64830351934995,0.5827438899374773,107.5896474789206,102.92175025939942,98.25385303987824,9.070769215945937
2021-04-06,110.5459976196289,111.4000015258789,110.0895004272461,110.46299743652344,109.42176818847656,35240000,-0.004371437590059202,103.42615013122558,102.05992996215821,69.87892337628375,1.64441707868977,0.8475262312179141,0.7968908474718559,108.98029110438844,103.42615013122558,97.87200915806272,10.740303039639096
2021-04-07,110.65499877929688,112.2249984741211,110.65499877929688,111.95149993896484,110.89624786376952,24134000,0.013475195107002902,103.92282524108887,102.40468002319336,72.19827610352098,2.068283348887064,1.0916776547517442,0.9766056941353201,110.5561861184401,103.92282524108887,97.28946436373765,12.765936380121683
2021-04-08,113.1999969482422,113.5895004272461,112.15049743652344,112.52149963378906,111.46087646484376,28664000,0.00509150320187457,104.45842514038085,102.74716003417969,73.05393639516322,2.4222721875303392,1.3577965613074632,1.064475626222876,111.99156661397332,104.45842514038085,96.92528366678839,14.423233862598897
2021-04-09,112.27200317382812,113.69850158691406,111.86299896240234,113.53350067138672,112.4633331298828,26146000,0.008993798513285745,104.8837501525879,103.1988900756836,74.55149212684417,2.7527390562753737,1.6367850603010454,1.1159539959743283,113.39441161950388,104.8837501525879,96.3730886856719,16.228751268970523
2021-04-12,112.70600128173828,112.84449768066406,111.39099884033205,112.2310028076172,111.17311096191406,25024000,-0.011472380660091819,105.37030029296875,103.59031005859374,69.21941602334206,2.876378636031035,1.8847037754470435,0.9916748605839913,114.37831926527362,105.37030029296875,96.36228132066388,17.09783297050348
2021-04-13,112.54949951171876,113.17350006103516,112.15249633789062,112.72149658203124,111.65897369384766,25682000,0.004370325951389864,105.87027511596679,104.01738006591796,70.08705748780372,2.97959571743354,2.103682163844343,0.8759135535891969,115.33335205361797,105.87027511596679,96.40719817831561,17.876740052456917
2021-04-14,113.37149810791016,113.37149810791016,111.8010025024414,112.09549713134766,111.03888702392578,21002000,-0.005553397540819738,106.2653247833252,104.36621994018554,67.47297991799286,2.976571016284865,2.2782599343324477,0.6983110819524172,116.06913037534171,106.2653247833252,96.46151919130868,18.45156096216044
2021-04-15,113.09750366210938,114.8000030517578,112.55850219726562,114.2624969482422,113.18547058105467,29174000,0.019331818020351443,106.77289962768555,104.73234985351563,71.44356284740083,3.113146281219386,2.4452372037098353,0.6679090775095506,117.11440844994138,106.77289962768555,96.43139080542971,19.371036767412736
2021-04-16,114.46199798583984,114.71199798583984,113.5459976196289,114.1374969482422,113.06163024902344,26282000,-0.0010941363003174054,107.42642440795899,104.95621978759766,70.90587768491864,3.1747007334476365,2.5911299096573956,0.5835708237902408,117.89420496824523,107.42642440795899,96.95864384767275,19.488278825206265
2021-04-19,113.50900268554688,115.20449829101562,113.50900268554688,114.48799896240234,113.40884399414062,30290000,0.0030710130780216005,108.0834243774414,105.19234970092774,71.55238871850648,3.21470850503016,2.7158456287319486,0.49886287629821124,118.5920661241588,108.0834243774414,97.574782630724,19.445427099015397
2021-04-20,114.87449645996094,114.9499969482422,112.8560028076172,113.95050048828124,112.87641143798828,22288000,-0.004694806307873556,108.70422439575195,105.38252975463867,69.01951248347049,3.1665413993027727,2.8059847828461137,0.36055661645665893,119.05781388671952,108.70422439575195,98.35063490478439,19.04910236657219
2021-04-21,113.60250091552734,114.0,112.24099731445312,113.9175033569336,112.84371948242188,23204000,-0.00028962610655258736,109.29677467346191,105.57635986328125,68.85836254040689,3.090085446738726,2.8628049156246362,0.22728053111408997,119.4168598836618,109.29677467346191,99.17668946326202,18.518543187454412
2021-04-22,113.7699966430664,114.44400024414062,112.01599884033205,112.6259994506836,111.56439208984376,24146000,-0.011337160795886314,109.84674949645996,105.75348983764648,62.68882487595713,2.8919434578012044,2.8686326240599502,0.0233108337412542,119.420482802962,109.84674949645996,100.27301618995793,17.431072563163223
2021-04-23,113.3499984741211,115.30599975585938,113.0625,114.99649810791016,113.91254425048828,29066000,0.021047505540598754,110.51542434692382,105.96693984985352,68.30252566323298,2.8928469951610936,2.873475498280179,0.019371496880914663,119.55123309941125,110.51542434692382,101.4796155944364,16.352122440615567
2021-04-26,115.22599792480467,116.22650146484376,114.86599731445312,115.49649810791016,114.4078369140625,32038000,0.004348008086669575,111.22842407226562,106.18811981201172,69.35002890741674,2.900474017364303,2.878875202097004,0.02159881526729901,119.4354278190117,111.22842407226562,103.02142032551956,14.757026030349833
2021-04-27,115.88150024414062,115.92250061035156,114.30799865722656,114.54900360107422,113.4692611694336,44386000,-0.00820377143686335,111.84139938354492,106.38406982421876,64.96850703062908,2.797812162221902,2.8626625941219834,-0.06485043190008133,119.05779205256653,111.84139938354492,104.62500671452332,12.904689513538651
2021-04-28,119.625,121.56900024414062,117.66100311279295,117.9520034790039,116.84017944335938,81106000,0.029707766131413127,112.62282447814941,106.63240982055665,71.8480137072402,2.956959563273159,2.881521987952219,0.0754375753209402,118.86651274939294,112.62282447814941,106.37913620690588,11.087784914246935
2021-04-29,119.46150207519533,120.20800018310548,118.69249725341795,119.63800048828124,118.51029205322266,41234000,0.014293992167933034,113.4484245300293,106.90654983520508,74.51801491033714,3.1824456410388535,2.941706718569546,0.2407389224693075,118.7457619004422,113.4484245300293,108.1510871596164,9.33875881019524
2021-04-30,118.4010009765625,119.09249877929688,117.3280029296875,117.6750030517578,116.56580352783205,44856000,-0.016407760808802574,114.00772476196289,107.15423995971679,66.59824090966575,3.1662489475880164,2.9866151643732404,0.17963378321477608,118.55707494004743,114.00772476196289,109.45837458387835,7.980775316029052
2021-05-03,118.24549865722656,119.07749938964844,116.7750015258789,117.15399932861328,116.0497055053711,28242000,-0.004427525113209763,114.31802482604981,107.40850997924805,64.63477427482036,3.075915070843351,3.0044751456672625,0.07143992517608844,118.83674873212043,114.31802482604981,109.79930091997919,7.90553180558615
2021-05-04,115.67749786376952,116.24949645996094,112.83399963378906,115.34149932861328,114.25428771972656,44818000,-0.015471110226655704,114.5619499206543,107.66108001708984,58.20570382880228,2.825500608199036,2.9686802381736173,-0.14317962997458134,118.73545213209047,114.5619499206543,110.38844770921813,7.286018113914339
2021-05-05,116.43150329589844,116.75,115.41400146484376,115.7385025024414,114.64754486083984,26636000,0.0034419464596195937,114.75130004882813,107.91573013305664,59.163840551612395,2.6287772726070244,2.900699645060299,-0.27192237245327444,118.77481495483585,114.75130004882813,110.72778514282041,7.012582697181928
2021-05-06,115.31649780273438,116.86750030517578,114.6520004272461,116.86750030517578,115.7659149169922,25190000,0.009754853952693487,114.96860008239746,108.16927017211914,61.842826686066886,2.5347542301521315,2.8275105620786656,-0.29275633192653405,118.95621261464288,114.96860008239746,110.98098755015204,6.936872379741109
2021-05-07,118.19450378417967,118.5625,117.30799865722656,117.59649658203124,116.488037109375,28898000,0.006237778994798049,115.17174987792968,108.50525009155274,63.507562580918375,2.4903569143579602,2.7600798325345246,-0.26972291817656435,119.25895433676,115.17174987792968,111.08454541909937,7.097581591253643
2021-05-10,116.40699768066406,116.5500030517578,114.22699737548828,114.5875015258789,113.50739288330078,30914000,-0.025587556456768024,115.28957481384278,108.77509017944335,53.19193239326908,2.187158763152553,2.6454956186581304,-0.45833685550557757,119.16105773221594,115.28957481384278,111.41809189546962,6.716102344248238
2021-05-11,112.15350341796876,114.01399993896484,111.6959991455078,113.50299835205078,112.43312072753906,34186000,-0.009464336449575561,115.32864990234376,108.97549011230468,50.03723532645236,1.838172394203042,2.484030973767113,-0.645858579564071,119.11040061688256,115.32864990234376,111.54689918780495,6.558215530557335
2021-05-12,111.30950164794922,112.39900207519533,109.68099975585938,110.0124969482422,108.97552490234376,46376000,-0.03075246691385669,115.22449989318848,109.11126007080078,41.50514405529893,1.2653576353866072,2.240296306091012,-0.9749386707044048,119.44586112476381,115.22449989318848,111.00313866161315,7.327193844171115
2021-05-13,111.30599975585938,111.97200012207033,110.33599853515624,111.4520034790039,110.40145874023438,33204000,0.013084899927469307,115.08397521972657,109.32889007568359,45.62314796466598,0.9169835432078628,1.9756337535143822,-1.0586502103065194,119.60085000411354,115.08397521972657,110.5671004353396,7.8497024034198155
2021-05-14,112.927001953125,114.23600006103516,112.5,113.91899871826172,112.84519958496094,31996000,0.022135041263145583,115.07305030822754,109.5733399963379,51.87589806777792,0.8303882645105176,1.7465846557136093,-0.9161963912030917,119.60007474257517,115.07305030822754,110.5460258738799,7.868088005352828
2021-05-17,113.17849731445312,114.48899841308594,112.77549743652344,114.4459991455078,113.3672332763672,21598000,0.004626104551423316,115.07095031738281,109.76518997192383,53.11614361446903,0.7951197666845218,1.556291677907792,-0.7611719112232702,119.5990972017073,115.07095031738281,110.54280343305832,7.870182477567418
2021-05-18,115.11750030517578,115.38400268554688,113.1094970703125,113.12349700927734,112.05718994140624,22204000,-0.01155574937396009,115.02960014343262,110.02015991210938,49.65754337499978,0.6529278128858493,1.3756189049034035,-0.7226910920175542,119.6126895132811,115.02960014343262,110.44651077358414,7.968539165803825
2021-05-19,111.42150115966795,113.74949645996094,111.27200317382812,113.5749969482422,112.50444793701172,23684000,0.0039913368864537,115.01247482299804,110.25129989624024,50.8345524853082,0.5701001768312466,1.2145151592889722,-0.6444149824577257,119.61457839682183,115.01247482299804,110.41037124917426,8.00279027280533
2021-05-20,114.5500030517578,115.5999984741211,114.1760025024414,115.34750366210938,114.26023864746094,32352000,0.015606411503234385,115.14855003356934,110.52205993652343,55.25721044824621,0.6401064086430353,1.099633409159785,-0.4595270005167498,119.61942101991507,115.14855003356934,110.6776790472236,7.765396932991921
2021-05-21,115.87049865722656,115.94450378417967,114.46499633789062,114.7064971923828,113.62527465820312,40632000,-0.005557173665783566,115.13404998779296,110.71564987182617,53.38688515490216,0.6365255167949755,1.0070118306868232,-0.3704863138918477,119.60867897313899,115.13404998779296,110.65942100244693,7.77290295237673
2021-05-24,115.74449920654295,118.27749633789062,115.5979995727539,118.052001953125,116.93923950195312,31832000,0.02916573670531286,115.2618251800537,111.02668991088868,60.837361741332735,0.8933439953573128,0.9842782636209212,-0.0909342682636084,119.91302003341252,115.2618251800537,110.61063032669489,8.07065972813298
2021-05-25,118.5999984741211,119.1999969482422,117.75,118.14350128173828,117.02987670898438,22440000,0.0007750794978425013,115.44155006408691,111.33511993408203,61.02086722232769,1.091673587449577,1.0057573283866525,0.08591625906292455,120.24400755358754,115.44155006408691,110.63909257458629,8.320154202424622
2021-05-26,118.32599639892578,119.44950103759766,118.322998046875,119.0155029296875,117.89366912841795,21572000,0.0073809564166384956,115.49472503662109,111.63153991699218,62.80939002833583,1.304180680378792,1.0654419987850805,0.2387386815937116,120.42893623751814,115.49472503662109,110.56051383572404,8.54447889171131
2021-05-27,119.45249938964844,119.45249938964844,117.81300354003906,118.13400268554688,117.02047729492188,35224000,-0.007406604951322171,115.41952514648438,111.91199996948242,59.821206337763485,1.3854932758149232,1.129452254191049,0.2560410216238742,120.14007925475488,115.41952514648438,110.69897103821387,8.179818973054044
2021-05-28,118.72100067138672,118.80349731445312,117.64250183105467,117.84249877929688,116.73171997070312,21482000,-0.0024675794433055565,115.42789993286132,112.24750991821288,58.82454431024767,1.4101567552071543,1.1855931543942702,0.22456360081288418,120.16499552718362,115.42789993286132,110.69080433853902,8.207886649722695
2021-06-01,118.72200012207033,119.2854995727539,117.71399688720705,119.05899810791016,117.9367446899414,23354000,0.01032302719038758,115.52314987182618,112.60172988891601,61.69284589208082,1.5104525130795423,1.2505650261313246,0.2598874869482177,120.46732578221022,115.52314987182618,110.57897396144213,8.559627946207575
2021-06-02,119.4574966430664,119.68199920654295,117.61799621582033,118.52950286865234,117.41224670410156,21158000,-0.004447282203852265,115.68255004882812,112.94162994384766,59.74209542802247,1.5295797400407025,1.3063679689132004,0.22321177112750212,120.79569722561114,115.68255004882812,110.5694028720451,8.839962768152713
2021-06-03,117.2864990234375,117.85099792480467,116.47599792480467,117.37899780273438,116.2725830078125,18696000,-0.00970651468037409,115.76457481384277,113.24787994384765,55.62626058756751,1.4353561691246313,1.3321656089554867,0.10319056016914452,120.93103614284495,115.76457481384277,110.5981134848406,8.925807117263968
2021-06-04,118.4635009765625,119.95149993896484,118.12049865722656,119.67849731445312,118.5504150390625,24458000,0.019590448344103173,115.90512466430664,113.60891983032226,61.35662231184505,1.528612806303272,1.3714550484250438,0.15715775787822817,121.33041493879736,115.90512466430664,110.47983438981592,9.361605520383787
2021-06-07,119.47200012207033,120.22550201416016,119.0500030517578,120.11499786376952,118.9828109741211,24120000,0.003647359099637981,116.03104972839355,113.978759765625,62.35054110809992,1.619077590861039,1.420979556912243,0.1980980339487961,121.7181232072331,116.03104972839355,110.343976249554,9.802675218662419
2021-06-08,120.60050201416016,120.97599792480467,119.73899841308594,119.9219970703125,118.7916030883789,24240000,-0.0016070210829342013,116.29777450561524,114.35246963500977,61.5961640464927,1.656107457451185,1.4680051370200313,0.1881023204311536,122.18584416276985,116.29777450561524,110.40970484846062,10.125850958343698
2021-06-09,120.57150268554688,120.6439971923828,119.84500122070312,120.39700317382812,119.26215362548828,17942000,0.003961143084829866,116.6424747467041,114.71461975097657,62.78943558986674,1.704138666513657,1.5152318429187566,0.18890682359490052,122.64186401960771,116.6424747467041,110.64308547380048,10.286800388849148
2021-06-10,120.34600067138672,121.8000030517578,120.18900299072266,121.75650024414062,120.60882568359376,25904000,0.011291696629379677,117.22967491149902,115.1032797241211,66.04162169183755,1.8307994807440764,1.5783453704838206,0.25245411026025577,122.80217755840344,117.22967491149902,111.65717226459459,9.506983024752584
2021-06-11,122.0,122.08599853515624,120.947998046875,121.51000213623048,120.3646469116211,21958000,-0.002024551442141198,117.73257484436036,115.47095977783204,64.93347369413686,1.8895076829346777,1.6405778329739922,0.24892984996068557,122.93152619762867,117.73257484436036,112.53362349109204,8.831797588970092
2021-06-14,121.61299896240234,122.4459991455078,120.9000015258789,122.44550323486328,121.29133605957033,22098000,0.0076990143844284376,118.15890007019043,115.79008987426758,67.18398536218236,1.9885981548218439,1.7101818973435625,0.27841625747828136,123.43485956679632,118.15890007019043,112.88294057358453,8.93027862221431
2021-06-15,122.4499969482422,122.77549743652344,121.05599975585938,121.41950225830078,120.2750015258789,21562000,-0.008379283852494313,118.50757522583008,115.9995199584961,62.45018025280645,1.9617248209356148,1.7604904820619731,0.20123433887364173,123.67658188317776,118.50757522583008,113.3385685684824,8.723504210591654
2021-06-16,121.5719985961914,121.88600158691406,119.47000122070312,120.77249908447266,119.63408660888672,26472000,-0.005328745864570106,118.89002532958985,116.20570999145508,59.59835942366787,1.8667015874038668,1.781732703130352,0.08496888427351479,123.51191605362686,118.89002532958985,114.26813460555283,7.775068953386286
2021-06-17,120.69750213623048,122.52249908447266,120.5,121.74349975585938,120.59595489501952,25842000,0.008040085509052108,119.2984504699707,116.40154998779298,62.3752571406801,1.8484389755177801,1.7950739576078376,0.053365017909942525,123.38173192060908,119.2984504699707,115.21516901933232,6.84548950058024
2021-06-18,121.36699676513672,121.60299682617188,120.01499938964844,120.11100006103516,118.97882843017578,46116000,-0.013409458602914759,119.536625289917,116.5533399963379,55.4720152930304,1.6828379338487736,1.772626752856025,-0.08978881900725133,123.20491230943708,119.536625289917,115.86833827039692,6.137511429025597
2021-06-21,120.50050354003906,122.0,119.89849853515624,121.8125,120.66429901123048,27414000,0.014166138659230887,119.89192543029785,116.71891998291015,60.39223593313162,1.6696480765742479,1.7520310175996696,-0.08238294102542176,122.94500101895302,119.89192543029785,116.83884984164267,5.093046220915282
2021-06-22,121.75,122.4000015258789,121.06400299072266,122.33049774169922,121.17740631103516,22390000,0.004252353877735704,120.10585021972656,116.9209098815918,61.77694195381853,1.6816085714767723,1.7379465283750903,-0.056337956898318,123.21237216414124,120.10585021972656,116.99932827531188,5.17297357078191
2021-06-23,122.09349822998048,123.09549713134766,121.83450317382812,122.1269989013672,120.97582244873048,19148000,-0.0016635432993775678,120.30502510070801,117.10901992797852,60.87652050541211,1.6555821734226157,1.7214736573845957,-0.06589148396197997,123.39349426617636,120.30502510070801,117.21655593523965,5.134397607885421
2021-06-24,122.6999969482422,123.05549621582033,122.3000030517578,122.5,121.34532165527344,21362000,0.003054322748659466,120.47924995422363,117.31710998535156,61.97065601897892,1.6460791608959227,1.706394758086861,-0.060315597190938375,123.64914491518249,120.47924995422363,117.30935499326478,5.262142588310046
2021-06-25,122.0,122.63300323486328,121.56500244140624,122.5084991455078,121.3537368774414,34594000,6.93493746044549e-05,120.69797477722167,117.48203002929688,61.99673582638196,1.6205530383483335,1.6892264141391555,-0.068673375790822,123.79319777024634,120.69797477722167,117.60275178419701,5.128873121090344
2021-06-28,122.67849731445312,122.78500366210938,121.40550231933594,122.53600311279295,121.3809814453125,28526000,0.00022450538872664794,120.93264999389649,117.6500001525879,62.087345486424454,1.58428014726573,1.6682371607644704,-0.08395701349874041,123.83179409945431,120.93264999389649,118.03350588833867,4.79464248191724
2021-06-29,122.67050170898438,123.02100372314452,121.69100189208984,122.27249908447266,121.11995697021484,23108000,-0.0021504561257420507,121.09332504272462,117.8056901550293,60.59668390594238,1.5167864765257093,1.6379470239167184,-0.12116054739100912,123.91444104506456,121.09332504272462,118.27220904038467,4.659407942336362
2021-06-30,121.99449920654295,122.25700378417967,121.35449981689452,122.0895004272461,120.9386749267578,24474000,-0.0014967148931668284,121.2713249206543,117.9684701538086,59.52777440001363,1.4320233205087476,1.5967622832351243,-0.16473896272637667,123.86281019434946,121.2713249206543,118.67983964695912,4.27386321604177
2021-07-01,121.7249984741211,122.58699798583984,121.53150177001952,122.44450378417967,121.29034423828124,18110000,0.0029078316902051426,121.52460021972657,118.13901016235351,60.966247117294074,1.377613442467279,1.5529325150815554,-0.17531907261427637,123.44928982220377,121.52460021972657,119.59991061724936,3.167571996117992
2021-07-02,123.1500015258789,125.40399932861328,123.05950164794922,125.25749969482422,124.07682037353516,25982000,0.022973602332100995,121.80355033874511,118.39164016723633,70.04995798689971,1.54368385633272,1.5510827833317884,-0.0073989269990684114,124.14843112487199,121.80355033874511,119.45866955261823,3.8502667280314635
2021-07-06,125.64849853515624,126.4280014038086,124.5824966430664,126.19000244140624,125.00054931640624,26404000,0.007444814753393647,122.10730056762695,118.61551025390625,72.3473028494125,1.7305918486175216,1.5869845963889353,0.14360725222858628,125.0068452926834,122.10730056762695,119.2077558425705,4.749175047810647
2021-07-07,127.16200256347656,127.28399658203124,126.15299987792967,126.4739990234375,125.28184509277344,24060000,0.002250356321676472,122.43490066528321,118.8350602722168,73.02591732419108,1.8799628878788468,1.6455802546869176,0.2343826331919292,125.72679573080181,122.43490066528321,119.1430055997646,5.377380220233281
2021-07-08,124.0260009765625,125.59549713134766,124.02200317382812,125.04399871826172,123.8653335571289,23790000,-0.011306598610481666,122.66725044250488,119.04496017456054,64.44937854150436,1.861493302979781,1.6887628643454904,0.17273043863429072,126.0066367243479,122.66725044250488,119.32786416066186,5.444625635280244
2021-07-09,125.0250015258789,125.7344970703125,124.55149841308594,125.51850128173828,124.33536529541016,18632000,0.003794699653107303,122.85535049438477,119.19629013061524,65.881285535194,1.8636612879318477,1.723742549062762,0.13991873886908568,126.38664024547774,122.85535049438477,119.3240607432918,5.748695090417526
2021-07-12,126.1780014038086,127.06950378417967,125.61100006103516,126.97550201416016,125.77863311767578,17668000,0.011607862484149578,123.12862548828124,119.34304016113282,69.89145945397503,1.9603495250198932,1.7710639442541884,0.1892855807657048,127.02791102350966,123.12862548828124,119.22933995305283,6.333678329901489
2021-07-13,127.03849792480467,128.0574951171875,126.67449951171876,127.34149932861328,126.14118194580078,19240000,0.0028824357455514704,123.37342529296875,119.53637008666992,70.81929113696421,2.0429586187629667,1.8254428791559443,0.21751573960702242,127.66540035161356,123.37342529296875,119.08145023432394,6.9576978161267204
2021-07-14,127.95800018310548,129.32650756835938,127.91449737548828,128.23699951171875,127.02823638916016,23742000,0.007032235069277526,123.71430015563965,119.75803009033203,73.01079410943035,2.155835175547139,1.8915213384341834,0.26431383711295586,128.39656189620928,123.71430015563965,119.03203841507002,7.569475371366248
2021-07-15,128.6490020751953,128.6999969482422,126.52999877929688,127.00499725341795,125.80784606933594,24218000,-0.009607236583884071,124.02592506408692,119.99130004882812,65.70034005272254,2.1214239196526705,1.9375018546778808,0.1839220649747897,128.7131452895878,124.02592506408692,119.33870483858604,7.558452352730109
2021-07-16,127.66300201416016,127.8115005493164,126.15350341796876,126.97000122070312,125.77317810058594,20424000,-0.00027556285107122047,124.2872501373291,120.21593002319337,65.4997133790045,2.0674960565028044,1.9635006950428657,0.1039953614599387,129.0188982743304,124.2872501373291,119.55560200032778,7.614052337264137
2021-07-19,126.0895004272461,126.20500183105467,123.50499725341795,124.5780029296875,123.40373992919922,27968000,-0.018838978287499253,124.51060028076172,120.3701400756836,53.478981336731046,1.8108689945635916,1.9329743549470109,-0.12210536038341924,128.836989935359,124.51060028076172,120.18421062616444,6.949431847315167
2021-07-20,125.52749633789062,127.04299926757812,124.35050201416016,126.20950317382812,125.01986694335938,26312000,0.013096256362144176,124.73045043945312,120.54240020751953,59.0052357126084,1.719319390074702,1.8902433619725492,-0.17092397189784725,128.93111898830392,124.73045043945312,120.52978189060231,6.735594290008441
2021-07-21,126.1334991455078,127.59600067138672,126.02349853515624,127.54900360107422,126.34671783447266,20746000,0.010613120326823156,124.99137573242187,120.80163024902343,62.90174353076815,1.7348538435452099,1.8591654582870814,-0.12431161474187147,129.21158686670728,124.99137573242187,120.77116459813645,6.752803718746046
2021-07-22,127.84400177001952,128.48300170898438,127.4990005493164,128.42149353027344,127.21099853515624,14302000,0.006840547308999856,125.30610046386718,121.1000001525879,65.22058811476593,1.7968546337098275,1.8467032933716307,-0.049848659661803296,129.56358635192183,125.30610046386718,121.04861457581255,6.795336974487228
2021-07-23,130.4304962158203,133.3990020751953,129.80050659179688,133.01499938964844,131.7611846923828,41506000,0.03576881094891404,125.83185043334962,121.56005020141602,74.32105780500206,2.1913872913250145,1.9156400929623076,0.2757471983627069,131.05976766033976,125.83185043334962,120.60393320635946,8.30937033666093
2021-07-26,133.32850646972656,134.23699951171875,132.30149841308594,134.03500366210938,132.7715606689453,30572000,0.007668236885706392,126.40817565917969,122.01171020507813,75.83323437084525,2.5568888620024666,2.0438898467703392,0.5129990152321273,132.5116113548326,126.40817565917969,120.30473996352676,9.656710357261925
2021-07-27,134.25050354003906,134.3990020751953,130.10400390625,131.89999389648438,130.6566925048828,54710000,-0.015928623218760984,126.87637519836426,122.37133010864258,66.94661543309462,2.643797987503305,2.1638714749169323,0.47992651258637276,133.15398250700662,126.87637519836426,120.5987678897219,9.895628400208729
2021-07-28,136.31199645996094,138.2969970703125,135.27749633789062,136.093994140625,134.8111572265625,95130000,0.03179680001102447,127.56744995117188,122.80429000854492,73.51296007485298,3.0163245527416223,2.3343620904818705,0.6819624622597518,134.65629901178673,127.56744995117188,120.47860089055703,11.113883774157433
2021-07-29,136.14999389648438,136.66099548339844,135.54299926757812,135.77749633789062,134.49765014648438,31716000,-0.002325527697616625,128.2518497467041,123.25736999511719,72.34495979256583,3.2485683383627304,2.5172033400580425,0.7313649983046879,135.72564094132284,128.2518497467041,120.77805855208534,11.654866903486225
2021-07-30,135.03500366210938,135.30450439453125,134.2550048828125,134.72650146484375,133.45657348632812,25576000,-0.007740482149854566,128.8659496307373,123.68040008544922,68.45539254891406,3.3096649516021728,2.6756956623668686,0.6339692892353042,136.34847926308987,128.8659496307373,121.38341999838472,11.612888670426294
2021-08-02,135.11700439453125,135.3365020751953,133.79400634765625,134.85450744628906,133.5833740234375,21634000,0.0009501258259292378,129.34580001831054,124.07054016113281,68.6762848705664,3.3300269923853705,2.806561928370569,0.5234650640148013,137.06820941404064,129.34580001831054,121.62339062258044,11.940719211040314
2021-08-03,135.13499450683594,135.73199462890625,133.3195037841797,135.6300048828125,134.3515625,20762000,0.005750629389161155,129.81780014038085,124.48901031494141,70.0448388714959,3.369894176056306,2.919228377907717,0.45066579814858887,137.85837878254648,129.81780014038085,121.77722149821524,12.387482507746693
2021-08-04,135.34950256347656,135.64950561523438,134.48699951171875,135.12550354003906,133.85182189941406,19676000,-0.0037196485942315727,130.25037536621093,124.83048034667969,67.96448438998826,3.3224806752233462,2.999878837370843,0.32260183785250307,138.45406730890699,130.25037536621093,122.04668342351486,12.596803532628027
2021-08-05,135.6804962158203,136.35000610351562,134.8459930419922,136.25149536132812,134.96717834472656,17870000,0.008332769995097022,130.81075019836425,125.19264022827149,70.0990237301561,3.3372930272635983,3.0673616753493946,0.2699313519142037,139.0463982214229,130.81075019836425,122.5751021753056,12.591699092880257
2021-08-06,136.04200744628906,136.47250366210938,135.2100067138672,135.73849487304688,134.45901489257812,20488000,-0.003765089100777552,131.32174987792968,125.52710006713868,67.87990323010882,3.2699432011386307,3.107877980507242,0.16206522063138884,139.4480263602008,131.32174987792968,123.19547339565857,12.37613188953834
2021-08-09,135.9425048828125,137.1840057373047,135.33949279785156,136.91299438476562,135.6224365234375,17760000,0.008652611591635218,131.81862449645996,125.90267990112305,70.20545205424507,3.273604202105048,3.141023224826803,0.13258097727824492,140.0358783472628,131.81862449645996,123.6013706456571,12.467515697713159
2021-08-10,137.3419952392578,137.7725067138672,136.364501953125,136.8070068359375,135.5174560546875,19414000,-0.0007740641699196527,132.29189987182616,126.28197006225587,69.71492712290774,3.2307116297123457,3.158960905803912,0.07175072390843384,140.5135277060249,132.29189987182616,124.07027203762742,12.429525680959204
2021-08-11,137.18150329589844,137.6824951171875,136.27149963378906,136.2790069580078,134.99444580078125,15352000,-0.0038593570830844914,132.69400024414062,126.62637023925781,67.19610218443415,3.1181694630203936,3.1508026172472086,-0.03263315422681501,140.86953610447821,132.69400024414062,124.51846438380304,12.32238962620105
2021-08-12,135.97549438476562,137.3000030517578,135.42550659179688,137.19400024414062,135.9008026123047,16506000,0.006714030389524339,133.20345039367675,126.99966018676758,69.26828367962406,3.067451623474369,3.1341324184926407,-0.06668079501827151,141.16449792390327,133.20345039367675,125.24240286345021,11.953215185789881
2021-08-13,137.25,137.85650634765625,137.0330047607422,137.7274932861328,136.42926025390625,15948000,0.003888554235467856,133.74132499694824,127.40663009643555,70.44072639771062,3.0353165602456613,3.1143692468432453,-0.07905268659758402,141.39268151218758,133.74132499694824,126.08996848170891,11.442022898178895
2021-08-16,137.52499389648438,138.3625030517578,135.2989959716797,138.3094940185547,137.0057830810547,22384000,0.004225800433686144,134.4278995513916,127.77925003051757,71.70877535200307,3.021976423148601,3.095890682104317,-0.0739142589557158,141.06401719865963,134.4278995513916,127.79178190412355,9.873125548214132
2021-08-17,137.75,138.2655029296875,136.08200073242188,136.6614990234375,135.3733367919922,21716000,-0.01191516337742271,134.95049934387208,128.11018005371093,63.413327355928025,2.845622282813679,3.0458370022461896,-0.2002147194325108,140.4672919602874,134.95049934387208,129.43370672745675,8.176024013601904
2021-08-18,136.5,137.10450744628906,135.32150268554688,135.44900512695312,134.17225646972656,19258000,-0.008872355153002887,135.34549942016602,128.42072021484375,58.088943328122255,2.5783011807483547,2.952329837946623,-0.3740286571982683,139.69339250630188,135.34549942016602,130.99760633403017,6.424880184066222
2021-08-19,134.4355010986328,136.3524932861328,134.25,135.67999267578125,134.4010772705078,21782000,0.0017054255984201294,135.70842437744142,128.7263800048828,58.798674228176736,2.357905578401443,2.8334449860375868,-0.4755394076361439,138.67681145209517,135.70842437744142,132.74003730278767,4.374654098698943
2021-08-20,136.0,137.5540008544922,135.25,137.42950439453125,136.13412475585938,31194000,0.012894595196312864,135.92914962768555,129.03984008789064,63.799003440848495,2.297922430726203,2.72634047497531,-0.42841804424910723,138.71446090879252,135.92914962768555,133.14383834657858,4.098180984337842
2021-08-23,137.96949768066406,140.87449645996094,137.6074981689453,140.04150390625,138.72146606445312,28454000,0.019005824683809847,136.22947463989257,129.41047012329102,69.7096229830192,2.4331045703117695,2.667693294042602,-0.23458872373083262,139.40152637899408,136.22947463989257,133.05742290079107,4.656924277930999
2021-08-24,140.6114959716797,142.0800018310547,140.3385009765625,141.26150512695312,139.92996215820312,19268000,0.008711673312250756,136.69755020141602,129.7867901611328,72.00847441619587,2.60861085032451,2.655876805298984,-0.047265954974474056,139.9380623173304,136.69755020141602,133.45703808550164,4.741141463237162
2021-08-25,141.625,142.1894989013672,141.37600708007812,142.07899475097656,140.73974609375,15848000,0.0057870660654602,136.9968002319336,130.19998001098634,73.46186801541673,2.7816008590847616,2.6810216160561398,0.10057924302862187,140.97949398800176,136.9968002319336,133.01410647586545,5.814287267039107
2021-08-26,141.75,142.41749572753906,141.35699462890625,141.4405059814453,140.10728454589844,20610000,-0.004493837493711683,137.27995071411132,130.61334014892577,70.3878251579821,2.8345016095858,2.711717614762072,0.12278399482372793,141.66094563910696,137.27995071411132,132.8989557891157,6.38257065537437
2021-08-27,141.65249633789062,144.5124969482422,141.4969940185547,144.00399780273438,142.64662170410156,28780000,0.01812423362877502,137.74382553100585,131.0585501098633,74.92470571632391,3.048141127949151,2.7790023173994878,0.26913881054966327,142.84979638737872,137.74382553100585,132.637854674633,7.413720123844708
2021-08-30,144.39999389648438,145.9705047607422,144.16299438476562,144.5904998779297,143.22756958007812,24434000,0.004072636765150017,138.2306251525879,131.54814010620117,75.83684868502412,3.227572356278472,2.8687163251752845,0.3588560311031874,143.96026746458872,138.2306251525879,132.50098284058706,8.289975257908418
2021-08-31,145.14700317382812,145.17149353027344,144.281005859375,144.69749450683594,143.3335723876953,22448000,0.0007401005820875106,138.68399963378906,132.0058399963379,76.00830556033908,3.339906111192505,2.9629542823787287,0.3769518288137763,144.93044198396902,138.68399963378906,132.4375572836091,9.008165854279378
2021-09-01,145.0,146.25399780273438,144.8834991455078,145.2154998779297,143.84671020507812,21936000,0.003580025313224322,139.1884994506836,132.4635400390625,76.86424298379052,3.4311776455150493,3.0565989550059927,0.3745786905090567,145.8217099833842,139.1884994506836,132.55528891798298,9.53126236561068
2021-09-02,145.21600341796875,145.51950073242188,143.18499755859375,143.28700256347656,141.9363555908203,32342000,-0.01328048873369625,139.540274810791,132.8867401123047,67.24558798495053,3.3097447012186194,3.1072281042485184,0.20251659697010105,146.2588196907596,139.540274810791,132.8217299308224,9.62954227957279
2021-09-03,143.08050537109375,144.15499877929688,142.40049743652344,143.739501953125,142.38458251953125,19850000,0.0031579430572608036,139.94032516479493,133.31153015136718,68.24956398201437,3.2129838591210387,3.1283792552230225,0.08460460389801616,146.65856003273262,139.94032516479493,133.22209029685723,9.601571041122343
2021-09-07,143.83450317382812,144.56500244140625,143.61900329589844,144.28050231933594,142.92054748535156,20124000,0.0037642064634828554,140.30870056152344,133.74697021484374,69.45503666957946,3.143715606245223,3.131446525427463,0.012269080817760347,147.1297238883661,140.30870056152344,133.48767723468077,9.722880048841645
2021-09-08,144.10000610351562,144.39999389648438,143.0,143.6909942626953,142.33656311035156,18344000,-0.004086077091608242,140.65289993286132,134.1700700378418,66.49254259336207,3.006593504958147,3.1064759213336,-0.09988241637545325,147.42697379893704,140.65289993286132,133.8788260667856,9.632327338162574
2021-09-09,143.8404998779297,144.3105010986328,143.17750549316406,143.54100036621094,142.18797302246094,15314000,-0.0010439347743378402,141.0159996032715,134.59544006347656,65.72438766721766,2.8529331602990737,3.055767369126695,-0.20283420882762115,147.58887934749097,141.0159996032715,134.44311985905202,9.322175870413771
2021-09-10,144.21249389648438,144.718505859375,140.73800659179688,140.87600708007812,139.54811096191406,36840000,-0.018566001078937022,141.20009994506836,134.9711701965332,53.82628971699108,2.487439885557876,2.9421018724129313,-0.4546619868550552,147.53646800174266,141.20009994506836,134.86373188839406,8.975019223271605
2021-09-13,141.94949340820312,142.9499969482422,141.25,142.33250427246094,140.9908905029297,22094000,0.010338939961784144,141.43035049438475,135.36893020629884,58.272329528828735,2.288925672710718,2.811466632472489,-0.5225409597617707,147.57707054644533,141.43035049438475,135.28363044232418,8.692222045090126
2021-09-14,142.99549865722656,143.36300659179688,141.75,142.54449462890625,141.2008819580078,19674000,0.0014893973243879088,141.64210052490233,135.71467010498046,58.89275283622632,2.124220882843673,2.6740174825467258,-0.5497965997030527,147.63402254531098,141.64210052490233,135.65017850449368,8.460651173914497
2021-09-15,142.77149963378906,144.45050048828125,141.34750366210938,144.42950439453125,143.06809997558594,27408000,0.013223841038991768,142.03050079345704,136.07946014404297,64.01610612679744,2.1213421725664148,2.563482420550664,-0.44214024798424933,147.67783257292695,142.03050079345704,136.38316901398713,7.95228031714448
2021-09-16,143.95050048828125,144.3000030517578,142.40150451660156,143.61000061035156,142.25633239746094,26190000,-0.0056739942605201765,142.43855056762695,136.42218017578125,60.4865755388655,2.0295384119580433,2.4566936188321398,-0.42715520687409647,147.24085050070926,142.43855056762695,137.63625063454464,6.742977815970227
2021-09-17,143.03050231933594,143.4499969482422,140.47000122070312,140.8000030517578,139.47283935546875,53384000,-0.01956674261933855,142.69455108642578,136.73730026245119,50.25491933668698,1.7103243964145634,2.3074197743486247,-0.5970953779340613,146.46301048273716,142.69455108642578,138.9260916901144,5.281854657546024
2021-09-20,138.1614990234375,139.0,136.32200622558594,138.71949768066406,137.41195678710938,46518000,-0.014776228675655534,142.75905075073243,137.00132019042968,44.28230172987016,1.2747708287486432,2.1008899852286285,-0.8261191564799852,146.19426718889622,142.75905075073243,139.32383431256864,4.812607565123036
2021-09-21,139.74949645996094,140.01150512695312,138.2779998779297,139.0330047607422,137.72247314453125,25332000,0.00225974772998061,142.70862579345703,137.24247024536132,45.33655825487417,0.9440069649852774,1.8695133811799585,-0.9255064161946811,146.3266657110476,142.70862579345703,139.09058587586645,5.070527303411901
2021-09-22,139.3040008544922,140.88699340820312,138.55149841308594,140.2834930419922,138.961181640625,25056000,0.008994236509199283,142.65972518920898,137.5013101196289,49.44549931942445,0.7738576244728677,1.6503822298385404,-0.8765246053656728,146.3796808202154,142.65972518920898,138.93976955820256,5.215144815500895
2021-09-23,140.9875030517578,141.69650268554688,140.40150451660156,141.21600341796875,139.88491821289062,20952000,0.006647443274155229,142.6165756225586,137.7608901977539,52.32353214276133,0.7061191384003109,1.4615296115508947,-0.7554104731505837,146.3822149173425,142.6165756225586,138.8509363277747,5.280787704158385
2021-09-24,140.5384979248047,142.33050537109375,140.24099731445312,142.21499633789062,140.87448120117188,22984000,0.007074122077801448,142.65530014038086,138.06509017944336,55.26190450441701,0.7246924761047637,1.3141621844616684,-0.5894697083569047,146.38754693949846,142.65530014038086,138.92305334126326,5.232538567364637
2021-09-27,140.80450439453125,141.93850708007812,140.0675048828125,141.07200622558594,139.74224853515625,21882000,-0.008037173634015127,142.50870056152343,138.347130279541,51.36153711645713,0.639806934280756,1.179291134425486,-0.53948420014473,146.2478538441098,142.50870056152343,138.76954727893704,5.247614030375823
2021-09-28,138.65499877929688,139.09649658203125,135.36000061035156,135.8300018310547,134.5496826171875,45772000,-0.037158167786762175,142.0706756591797,138.57217025756836,38.08526283348729,0.14784432805396364,0.9730017731511815,-0.8251574450972179,146.6824030663557,142.0706756591797,137.4589482520037,6.492159463279112
2021-09-29,136.97999572753906,137.1510009765625,133.86500549316406,134.35350036621094,133.08709716796875,30848000,-0.010870225932676503,141.55347595214843,138.73505020141602,35.316196774396374,-0.35706488858480157,0.7069884408039849,-1.0640533293887864,147.09684775810607,141.55347595214843,136.0101041461908,7.832194538029638
2021-09-30,134.26150512695312,135.54249572753906,133.55599975585938,133.67599487304688,132.4159698486328,37996000,-0.005042767733440812,140.97650070190429,138.85759002685546,34.0913434171821,-0.8026259393822954,0.40506556476672884,-1.2076915041490244,147.23159678471788,140.97650070190429,134.7214046190907,8.873955661646098
2021-10-01,134.44749450683594,136.91050720214844,134.072998046875,136.54299926757812,135.2559356689453,35360000,0.021447305967391417,140.63930053710936,139.02002014160155,43.08680327908174,-0.9138585951227753,0.14128073278882802,-1.0551393279116033,147.0840592155897,140.63930053710936,134.19454185862904,9.164947001111969
2021-10-04,135.9604949951172,135.9604949951172,131.0500030517578,133.6595001220703,132.3996124267578,51202000,-0.021117914182921194,140.13530044555665,139.03291015625,37.53767869878575,-1.2206150681209351,-0.1310984273931246,-1.0895166407278105,147.0880066134807,140.13530044555665,133.1825942776326,9.922847627711356
2021-10-05,134.04100036621094,137.22450256347656,134.04100036621094,136.0229949951172,134.74085998535156,32404000,0.017683190423906314,139.7224250793457,139.07266998291016,43.913789028594174,-1.2585002913593826,-0.3565788001863762,-0.9019214911730064,146.62198523156263,139.7224250793457,132.82286492712876,9.876095620726318
2021-10-06,134.75,137.75,134.5500030517578,137.56500244140625,136.26828002929688,24364000,0.011335982597345584,139.41612548828124,139.1859701538086,47.66721649671754,-1.1508314216415556,-0.5154293244774121,-0.6354020971641435,146.12504781241398,139.41612548828124,132.7072031641485,9.624313257359413
2021-10-07,138.89199829101562,140.04200744628906,138.6510009765625,139.22500610351562,137.91268920898438,25110000,0.012067439167309901,139.2003257751465,139.2485903930664,51.435133955191795,-0.9209386370317816,-0.596531186988286,-0.3244074500434956,145.63676481071747,139.2003257751465,132.76388673957553,9.247735592182305
2021-10-08,139.57699584960938,140.33099365234375,139.21749877929688,139.78550720214844,138.4678955078125,26526000,0.004025781108414117,139.14580078125,139.32875061035156,52.67415317913359,-0.6856158419390965,-0.6143481179784481,-0.0712677239606484,145.54289085816356,139.14580078125,132.74871070433642,9.194801483043511
2021-10-11,139.29200744628906,140.71200561523438,138.85899353027344,138.91400146484375,137.60459899902344,17954000,-0.006234632985668176,138.97487564086913,139.41250061035157,50.51609053054207,-0.5629546699342427,-0.6040694283696071,0.041114758435364385,145.20268666835923,138.97487564086913,132.74706461337902,8.962499155003607
2021-10-12,139.47999572753906,139.5070037841797,135.75999450683594,136.44900512695312,135.16282653808594,36332000,-0.017744846311094853,138.67010116577148,139.44439056396484,44.91137529983458,-0.6570750587657415,-0.614670554448834,-0.042404504316907454,144.76449602482893,138.67010116577148,132.57570630671404,8.789774879837976
2021-10-13,137.40249633789062,138.0,136.5189971923828,137.58200073242188,136.28515625,19654000,0.008303538337131489,138.327725982666,139.48343048095703,47.77927116508838,-0.6329466534679682,-0.6183257742526609,-0.014620879215307303,143.83003577350848,138.327725982666,132.82541619182354,7.955469161015449
2021-10-14,139.4739990234375,141.33749389648438,138.8249969482422,141.1510009765625,139.82054138183594,31894000,0.025941087269626628,138.20477600097655,139.6039404296875,55.617474023901366,-0.3221229927651166,-0.5590852179551521,0.2369622251900355,143.32616619624437,138.20477600097655,133.08338580570873,7.411307110300782
2021-10-15,141.614501953125,141.71800231933594,140.7550048828125,141.3679962158203,140.03546142578125,30274000,0.0015371135158057658,138.2331756591797,139.70627044677735,56.049417104242536,-0.0576191028404196,-0.4587919949322056,0.401172892091786,143.4177260838876,138.2331756591797,133.04862523447179,7.501166633819739
2021-10-18,141.07650756835938,142.79600524902344,141.0695037841797,142.7779998779297,141.4321746826172,20396000,0.009973996890610515,138.43610076904298,139.847060546875,58.851755245065974,0.2627488421160251,-0.3144838275225595,0.5772326696385846,143.98575231843222,138.43610076904298,132.88644921965374,8.017636322548388
2021-10-19,143.3874969482422,143.66250610351562,142.60000610351562,143.23699951171875,141.88682556152344,20164000,0.0032146212834986976,138.64630050659179,139.97354064941408,59.751425138598435,0.5473704353942423,-0.1421129749391991,0.6894834103334415,144.57591798779578,138.64630050659179,132.7166830253878,8.553589182745016
2021-10-20,143.33799743652344,143.54600524902344,141.37649536132812,141.7689971923828,140.4326629638672,23288000,-0.010248749958999603,138.72057571411133,140.07278045654297,55.56689151680968,0.6470211233387602,0.01571384471639274,0.6313072786223675,144.76643903429047,138.72057571411133,132.6747123939322,8.716606442924563
2021-10-21,141.7689971923828,142.156005859375,140.5,141.88600158691406,140.54856872558594,26292000,0.0008253476027053619,138.7540756225586,140.1849203491211,55.832390464139216,0.7270552479492096,0.15798212536295614,0.5690731225862535,144.86198251584287,138.7540756225586,132.6461687292743,8.803931511026923
2021-10-22,139.14999389648438,140.58299255371094,136.05599975585938,137.56649780273438,136.26976013183594,50588000,-0.030443629789671967,138.5216506958008,140.19237030029296,45.11491259451745,0.4368987160946176,0.21376544350928844,0.22313327258532917,144.43577911905817,138.5216506958008,132.6075222725434,8.538922823328244
2021-10-25,137.5500030517578,138.0,135.4239959716797,137.44700622558594,136.15142822265625,34412000,-0.0008683651388627922,138.34040069580078,140.18676055908202,44.858382629590984,0.19505710559732847,0.21002377592689647,-0.014966670329568,144.15208016378523,138.34040069580078,132.52872122781633,8.401998893676554
2021-10-26,139.2635040283203,140.08299255371094,138.30450439453125,139.30850219726562,137.99539184570312,49236000,0.013543476165606805,138.51432571411132,140.20674072265626,49.66053633166929,0.1518525924859091,0.198389539238699,-0.04653694675278991,144.22235884313386,138.51432571411132,132.80629258508878,8.241794629681435
2021-10-27,139.40499877929688,148.64999389648438,139.40499877929688,146.21749877929688,144.83924865722656,85782000,0.04959482139212135,139.10752563476564,140.39786071777343,62.65873438436554,0.6674174153385763,0.2921951144586745,0.3752223008799018,145.3987400769744,139.10752563476564,132.81631119255687,9.045110123986671
2021-10-28,147.13450622558594,147.1580047607422,144.6269989013672,145.8489990234375,144.4742431640625,36206000,-0.002520073091706543,139.71617584228517,140.60586059570312,61.74300066137291,1.0343480804641558,0.4406257076597708,0.593722372804385,146.14165218761065,139.71617584228517,133.2906994969597,9.197898964224018
2021-10-29,145.0780029296875,148.24200439453125,144.64950561523438,148.04600524902344,146.65052795410156,43320000,0.01506347942980879,140.29132614135742,140.85318084716798,65.0249004446973,1.4853016841794613,0.6495609029637089,0.8357407812157523,147.49042028384955,140.29132614135742,133.0922319988653,10.263063783769963
2021-11-01,148.04600524902344,148.04600524902344,143.22549438476562,143.4969940185547,142.14437866210938,46924000,-0.030727126283531137,140.78320083618163,140.97453063964844,54.583753384966585,1.458802310481076,0.8114091844671824,0.6473931260138935,147.4253564839056,140.78320083618163,134.14104518845767,9.436006012468665
2021-11-02,144.57949829101562,146.60899353027344,144.3354949951172,145.4324951171875,144.0616455078125,33482000,0.01348816508784112,141.25367584228516,141.0823504638672,57.69624727923346,1.575815113195432,0.9642903702128324,0.6115247429825997,147.81295326099047,141.25367584228516,134.69439842357986,9.287230763508028
2021-11-03,145.90049743652344,146.66900634765625,144.59100341796875,146.59800720214844,145.21617126464844,27494000,0.008014109187537644,141.70532608032227,141.1890805053711,59.496358667704776,1.7425091265076276,1.1199341214717915,0.6225750050358361,148.4283671891208,141.70532608032227,134.98228497152374,9.488762765328568
2021-11-04,147.12449645996094,149.73350524902344,146.30799865722656,148.2675018310547,146.86993408203125,38412000,0.011388282744136724,142.1574508666992,141.31285064697266,61.99127892792059,1.986431254040923,1.2932335479856178,0.6931977060553052,149.35214663094112,142.1574508666992,134.9627551024573,10.122150784749746
2021-11-05,149.16949462890625,150.32749938964844,148.19700622558594,148.8520050048828,147.4489288330078,38354000,0.003942227894329742,142.61077575683595,141.46108062744142,62.853982101542975,2.201527974618358,1.474892433312166,0.726635541306192,150.27757567519723,142.61077575683595,134.94397583847467,10.752062567044518
2021-11-08,149.8249969482422,150.61500549316406,148.4304962158203,149.031005859375,147.62625122070312,23052000,0.00120260207448597,143.1166259765625,141.56162078857423,63.1299791490063,2.359241678852271,1.651762282420187,0.7074793964320842,151.07067689981653,143.1166259765625,135.16257505330844,11.115481334162586
2021-11-09,149.23300170898438,149.83450317382812,147.2449951171875,148.9185028076172,147.51480102539062,19530000,-0.0007549483536358759,143.7401008605957,141.64818084716796,62.8140839065366,2.4469459993642317,1.810799025808996,0.6361469735552356,151.4571575378111,143.7401008605957,136.0230441833803,10.737513931063223
2021-11-10,147.5,148.07000732421875,144.53750610351562,145.89349365234375,144.51829528808594,29970000,-0.020313254781728074,144.1556755065918,141.67210083007814,54.864475363414286,2.246463514451648,1.8979319235375265,0.34853159091412134,151.38098762989577,144.1556755065918,136.9303633832878,10.024318637352003
2021-11-11,146.489501953125,147.53550720214844,145.60049438476562,145.76649475097656,144.39248657226562,16518000,-0.0008705383326693683,144.3864501953125,141.68312072753906,54.55232779639022,2.0536586522093216,1.9290772692718856,0.12458138293743604,151.5072255303924,144.3864501953125,137.26567486023262,9.863495259350948
2021-11-12,146.61549377441406,148.85000610351562,145.41099548339844,148.67799377441406,147.27655029296875,22360000,0.019973779724748342,144.7519500732422,141.7909405517578,60.149897773593494,2.111453526655964,1.9655525207487015,0.14590100590726274,151.9652944503407,144.7519500732422,137.5386056961437,9.966490086591124
2021-11-15,148.90049743652344,149.54949951171875,147.5749969482422,148.45199584960938,147.0526580810547,23508000,-0.0015202162969507604,145.03564987182617,141.8851904296875,59.53691719208453,2.1146439382561937,1.9953708042502,0.1192731340059936,152.3615741598925,145.03564987182617,137.70972558375982,10.102239407401642
2021-11-16,148.14950561523438,148.7624969482422,147.3125,147.87600708007812,146.4821319580078,18904000,-0.003879740295020029,145.26760025024413,141.95710052490233,57.91692991558975,2.0470972199945265,2.0057160873990654,0.04138113259546117,152.6446226816048,145.26760025024413,137.89057781888346,10.156459415110735
2021-11-17,148.02749633789062,148.5594940185547,147.24000549316406,148.0469970703125,146.65147399902344,19594000,0.0011560593688257903,145.5815002441406,142.04422058105467,58.27985122069727,1.984487485876656,2.0014703670945835,-0.01698288121792757,152.8700729297569,145.5815002441406,138.29292755852433,10.013047912534669
2021-11-18,148.2415008544922,150.58050537109375,147.88450622558594,149.8385009765625,148.42613220214844,35608000,0.012101195812984633,145.97912521362304,142.17017059326173,61.979454436467485,2.0557310259025314,2.012322498856173,0.04340852704635845,153.28555651146908,145.97912521362304,138.672693915777,10.010241241210284
2021-11-19,149.97549438476562,150.9665069580078,148.8990020751953,148.92649841308594,147.522705078125,33682000,-0.00608671202718547,146.54712524414063,142.33118041992188,59.10600292040821,2.015369138797581,2.0129318268444547,0.002437311953126464,152.84604451144102,146.54712524414063,140.24820597684024,8.596441938805265
2021-11-22,149.33250427246094,149.82949829101562,146.1475067138672,146.302001953125,144.9229736328125,30594000,-0.01762258524161242,146.98987503051757,142.41057037353517,51.680625971526794,1.75141786703702,1.960629034882968,-0.20921116784594807,151.71659252766173,146.98987503051757,142.2631575333734,6.431351133760497
2021-11-23,146.1529998779297,146.66000366210938,144.11500549316406,145.78199768066406,144.4078826904297,27218000,-0.0035542393967700203,147.3135498046875,142.4753204345703,50.33143982583354,1.4831774373184885,1.865138715370072,-0.38196127805158353,150.5406061534126,147.3135498046875,144.08649345596243,4.381207774849779
2021-11-24,145.47349548339844,146.24949645996094,144.3730010986328,146.1199951171875,144.74264526367188,18040000,0.0023181738212991743,147.30867462158204,142.50913024902343,51.22279783539621,1.2830780079759734,1.7487265738912523,-0.4656485659152789,150.54262678519922,147.30867462158204,144.07472245796487,4.390715172646557
2021-11-26,144.34849548339844,144.5574951171875,141.84249877929688,142.18299865722656,140.84278869628906,30470000,-0.02694338327366197,147.1253746032715,142.48059020996095,41.8105601122373,0.7976205835315113,1.5585053758193044,-0.760884792287793,151.0179869982659,147.1253746032715,143.23276220827708,5.291558176814809
2021-11-29,144.0,146.29750061035156,143.89349365234375,145.53050231933594,144.15870666503906,32596000,0.023543398987223796,146.9995994567871,142.5752001953125,50.19118695484968,0.6752240834822487,1.3818491173518934,-0.7066250338696447,150.92749521291466,146.9995994567871,143.07170370065955,5.34409042016774
2021-11-30,145.0084991455078,146.0,141.60150146484375,141.8975067138672,140.5599822998047,42068000,-0.02496362827114018,146.91962509155275,142.63876037597657,42.95977903181217,0.28182291311017593,1.16184387650355,-0.880020963393374,151.18054078831446,146.91962509155275,142.65870939479103,5.8003356516959945
2021-12-01,144.0,145.95050048828125,140.91200256347656,141.05149841308594,139.721923828125,34020000,-0.005962283560139947,146.70057525634766,142.67913024902344,41.46169264558311,-0.09709687585461779,0.9100557260319164,-1.0071526018865342,151.64103498034828,146.70057525634766,141.76011553234704,6.7354333346921855
2021-12-02,141.25,143.864501953125,140.21449279785156,142.96600341796875,141.61839294433594,29194000,0.01357316779107487,146.51897506713868,142.73278045654297,46.04688838641052,-0.24014079131097787,0.6800164225633376,-0.9201572138743155,151.72123698784617,146.51897506713868,141.3167131464312,7.101144296598687
2021-12-03,143.68099975585938,144.39999389648438,140.30099487304688,142.00149536132812,140.66299438476562,41230000,-0.0067462886684912515,146.20567474365234,142.74849029541016,44.16983123181327,-0.4264164014852838,0.4587298577536133,-0.8851462592388971,151.69575271491215,146.20567474365234,140.71559677239253,7.51007507866676
2021-12-06,143.04049682617188,143.8524932861328,140.14999389648438,143.15499877929688,141.8056182861328,30618000,0.008123130794739808,145.92082443237305,142.7672903442383,46.95480414289506,-0.47548201826268155,0.2718874825503544,-0.7473695008130359,151.4232883649006,145.92082443237305,140.4183604998455,7.541711683622871
2021-12-07,145.59649658203125,147.531005859375,145.2274932861328,147.26950073242188,145.88136291503906,32240000,0.02874177115241161,145.8327491760254,142.891240234375,55.484711220160484,-0.18028276428330514,0.18145343318362248,-0.36173619746692764,151.18767402856372,145.8327491760254,140.47782432348708,7.343926357823413
2021-12-08,147.59649658203125,148.39300537109375,146.406005859375,148.18649291992188,146.78968811035156,24270000,0.0062264649655179305,145.79614868164063,143.13837005615235,57.138934953971344,0.12620358087752948,0.17040346272240386,-0.04419988184487439,151.07568546236163,145.79614868164063,140.51661190091963,7.24235424386876
2021-12-09,147.59100341796875,149.10000610351562,147.11500549316406,147.6385040283203,146.24685668945312,23270000,-0.003698021488337533,145.88339920043944,143.40407012939454,55.80435694879425,0.32117577925609453,0.20055792602914202,0.12061785322695251,151.22381280266978,145.88339920043944,140.5429855982091,7.321482268030747
2021-12-10,148.6999969482422,148.9774932861328,146.70399475097656,148.00149536132812,146.60643005371094,24458000,0.0024586741376695365,145.99514923095703,143.69058013916015,56.52866610074669,0.49922822586950133,0.2602919859972139,0.2389362398722874,151.4140603858753,145.99514923095703,140.57623807603875,7.4234126044089725
2021-12-13,147.781494140625,147.97000122070312,145.5175018310547,145.82650756835938,144.4519500732422,27070000,-0.01469567180429554,145.8525749206543,143.87625030517577,51.12235966513357,0.45953549570450036,0.3001406879386712,0.15939480776582915,151.12983229568022,145.8525749206543,140.57531754562837,7.2364267520087635
2021-12-14,143.96800231933594,144.47999572753906,141.21499633789062,143.90699768066406,142.55055236816406,38446000,-0.01316283860559897,145.62532501220704,144.08120025634764,46.86267716988488,0.2700770352097379,0.29412795739288455,-0.02405092218314664,150.82614529797772,145.62532501220704,140.42450472643637,7.14274153253868
2021-12-15,143.40899658203125,146.7209930419922,141.67799377441406,146.4409942626953,145.06063842773438,36370000,0.01760839237639389,145.5535743713379,144.2895602416992,52.49057803565936,0.320705295950404,0.2994434251043884,0.02126187084601555,150.66707496663798,145.5535743713379,140.44007377603782,7.026279660098847
2021-12-16,147.17050170898438,147.677001953125,143.60699462890625,144.44500732421875,143.08348083496094,33650000,-0.013629869647639903,145.37347488403321,144.42716033935548,48.1634411771321,0.19749252171263265,0.2790532444260373,-0.08156072271340464,150.37552425056927,145.37347488403321,140.37142551749716,6.881653438533092
2021-12-17,142.5,143.83450317382812,141.3000030517578,141.72500610351562,140.38909912109375,50416000,-0.018830837062001615,144.96780014038086,144.47716033935546,42.96545864835058,-0.11827248450367733,0.19958809864009436,-0.3178605831437717,149.7675067107664,144.96780014038086,140.1680935699953,6.621755404631531
2021-12-20,140.0,141.77450561523438,139.3209991455078,141.60699462890625,140.27220153808594,27192000,-0.0008326685172826975,144.60182495117186,144.51359008789063,42.74988677441394,-0.3737329063285699,0.08492389764636152,-0.45865680397493147,149.25222021820707,144.60182495117186,139.95142968413666,6.4320007975079445
2021-12-21,142.05349731445312,143.86900329589844,140.50250244140625,143.47250366210938,142.12010192871094,28756000,0.013173674971681981,144.4603500366211,144.60476013183595,47.255057664571765,-0.4208053605930786,-0.016221954001526512,-0.4045834065915521,149.0672002057786,144.4603500366211,139.8534998674636,6.378013299828843
2021-12-22,143.0675048828125,146.5,143.0675048828125,146.4149932861328,145.03488159179688,26322000,0.020509270845781025,144.49199981689452,144.80407989501953,53.47420681421401,-0.21816146887715604,-0.05660985697665242,-0.16155161190050363,149.14321871028932,144.49199981689452,139.84078092349972,6.438029647716123
2021-12-23,146.5,148.24349975585938,146.45199584960938,146.91650390625,145.53167724609375,26384000,0.0034253529140328975,144.53182525634764,144.9907699584961,54.45979393427035,-0.016902171268384336,-0.0486683198349988,0.031766148566614465,149.25125988435843,144.53182525634764,139.81239062833686,6.530651113884714
2021-12-27,147.25599670410156,148.343994140625,147.16949462890625,147.906494140625,146.51231384277344,15976000,0.00673830340745285,144.81800003051757,145.12587982177735,56.42225671751149,0.21994581189395035,0.005054506510791028,0.21489130538315931,149.62630117954484,144.81800003051757,140.0096988814903,6.6404744548523205
2021-12-28,148.23599243164062,148.2989959716797,146.05450439453125,146.68699645996094,145.3043212890625,18200000,-0.008244989939939606,144.87582473754884,145.23225982666017,53.37121411469522,0.3057220998240666,0.06518802517344614,0.2405340746506205,149.74444700479285,144.87582473754884,140.00720247030483,6.721096878742613
2021-12-29,146.64450073242188,147.41700744628906,145.6475067138672,146.65499877929688,145.2726287841797,17788000,-0.0002181112344192826,145.11369934082032,145.3097998046875,53.28978794314359,0.3668892101457004,0.125528262167897,0.24136094797780341,149.83981422280394,145.11369934082032,140.3875844588367,6.513671560234519
2021-12-30,146.69400024414062,147.3000030517578,145.9945068359375,146.20050048828125,144.82240295410156,15688000,-0.0030991786535851107,145.37114944458008,145.36906982421874,52.07449647006239,0.3743748122808199,0.1752975721904816,0.19907724009033834,149.73084802652025,145.37114944458008,141.01145086263992,5.998024502932359
2021-12-31,146.0500030517578,146.69850158691406,144.8520050048828,144.8520050048828,143.48663330078125,18136000,-0.009223501516845145,145.46544952392577,145.43072998046875,48.537643006338115,0.2684009313773572,0.1939182440278567,0.0744826873495005,149.6925476317891,145.46544952392577,141.23835141606244,5.811824212137831
2022-01-03,145.05499267578125,145.8509979248047,143.71299743652344,144.9915008544922,143.6248321533203,28646000,0.0009631479208893623,145.61494979858398,145.4928399658203,48.92410293036459,0.1934421359787848,0.19382302241804233,-0.00038088643925754395,149.54230092436157,145.61494979858398,141.6875986728064,5.3941592277577834
2022-01-04,145.39599609375,146.48500061035156,143.7165069580078,144.39950561523438,143.0384063720703,28400000,-0.0040830389317634275,145.67717514038085,145.6295001220703,47.30070851252921,0.08528457478860219,0.1721153328921543,-0.08683075810355212,149.48424593058283,145.67717514038085,141.87010435017888,5.226722424474963
2022-01-05,144.4199981689453,144.49949645996094,137.68800354003906,137.77499389648438,136.47633361816406,54618000,-0.045876299382398344,145.20244979858398,145.6360598754883,33.78929802690929,-0.5288772364690999,0.03191681901990345,-0.5607940554890034,150.25953640305258,145.20244979858398,140.1453631941154,6.965566505914297
2022-01-06,136.99850463867188,139.94000244140625,136.55850219726562,137.74749755859375,136.44908142089844,37348000,-0.00019968441811946125,144.68050003051758,145.60483978271483,33.746209295833566,-1.0062244917708938,-0.175711443138256,-0.8305130486326378,150.49588983633993,144.68050003051758,138.86511022469523,8.038940706723716
2022-01-07,138.14549255371094,138.44850158691406,135.76649475097656,137.01699829101562,135.7255096435547,29760000,-0.005302870270791904,144.14942474365233,145.42082977294922,32.558319562139815,-1.4270210066800075,-0.42597335584660634,-1.0010476508334012,150.68291454654113,144.14942474365233,137.61593494076354,9.064885017068372
2022-01-10,135.0780029296875,138.8195037841797,133.1645050048828,138.66949462890625,137.36239624023438,44408000,0.012060272243431092,143.68282470703124,145.2772396850586,37.884959152610335,-1.6086194685385067,-0.6625025783849865,-0.9461168901535202,150.38012743511064,143.68282470703124,136.98552197895185,9.322342794603557
2022-01-11,138.0070037841797,140.21600341796875,136.6925048828125,139.73599243164062,138.41883850097656,28730000,0.007690913158609813,143.3782989501953,145.11103942871094,41.117297444003526,-1.647488872129344,-0.859499837133858,-0.7879890349954859,150.21052712592655,143.3782989501953,136.54607077446406,9.530351839513072
2022-01-12,141.14999389648438,142.60800170898438,140.6945037841797,141.4304962158203,140.09738159179688,26108000,0.012126550901584654,143.2544738769531,145.06970947265626,45.931573852376744,-1.523993215553645,-0.9923985128178154,-0.5315947027358296,150.13349225744096,143.2544738769531,136.37545549646526,9.60391420151598
2022-01-13,141.5399932861328,142.85000610351562,138.40899658203125,138.58700561523438,137.2806854248047,31436000,-0.020105273453284278,142.86177444458008,144.9327996826172,40.0186811765536,-1.636701074231354,-1.1212590251005232,-0.5154420491308307,149.8639392572237,142.86177444458008,135.85960963193645,9.80271292284691
2022-01-14,137.07899475097656,140.74200439453125,136.99850463867188,139.48049926757812,138.16575622558594,29662000,0.006447161871624196,142.61354904174806,144.7904495239258,42.52254418222283,-1.6350772411083199,-1.2240226683020827,-0.41105457280623714,149.72474639207294,142.61354904174806,135.50235169142317,9.972681274824998
2022-01-18,136.1750030517578,137.13150024414062,135.43850708007812,135.9980010986328,134.71609497070312,34872000,-0.02496755599303846,142.32719879150392,144.54505950927734,36.182686970435796,-1.8929777700462296,-1.357813688650912,-0.5351640813953176,149.9976834632129,142.32719879150392,134.65671411979494,10.77866316043432
2022-01-19,136.52349853515625,137.95950317382812,135.0155029296875,135.1165008544922,133.84286499023438,28648000,-0.006482001877048615,142.0026741027832,144.27034942626952,34.7695772949006,-2.143783300569538,-1.5150076110346373,-0.6287756895349008,150.29183353816416,142.0026741027832,133.71351466740225,11.674652590529615
2022-01-20,136.25,137.62600708007812,132.96449279785156,133.3074951171875,132.0509490966797,29908000,-0.013388206339467024,141.49442367553712,143.95587921142578,32.00695445737546,-2.460160931156878,-1.7040382750590857,-0.7561226560977923,150.56999737032885,141.49442367553712,132.4188499807454,12.82817154067224
2022-01-21,132.593505859375,134.86549377441406,130.0865020751953,130.35150146484375,129.122802734375,55652000,-0.0221743681687655,140.69124908447264,143.5845391845703,28.08070071113677,-2.91580488258856,-1.9463915965649807,-0.9694132860235793,150.68005392863878,140.69124908447264,130.7024442403065,14.199610720875391
2022-01-24,125.97799682617188,131.2030029296875,124.5,130.8040008544922,129.571044921875,76622000,0.0034714409694320825,139.88562393188477,143.28274932861328,29.506255058061782,-3.2034655213441,-2.1978063815208047,-1.0056591398232952,150.32501427145652,139.88562393188477,129.446233592313,14.92560857383753
2022-01-25,128.74000549316406,129.3990020751953,126.50050354003906,126.93499755859376,125.73849487304688,46960000,-0.029578753888563347,138.8370491027832,142.90611938476562,24.952069798984482,-3.7009723756391395,-2.498439580344472,-1.2025327952946676,150.02899740877822,138.8370491027832,127.64510079678817,16.12242319801749
2022-01-26,131.11900329589844,133.0,127.14199829101562,129.23300170898438,128.01483154296875,49130000,0.018103737222401106,137.96434936523437,142.51721954345703,31.69552039807992,-3.8652640543218695,-2.7718044751399518,-1.0934595791819177,149.29291935984384,137.96434936523437,126.63577937062489,16.42245992784591
2022-01-27,131.3040008544922,132.65249633789062,128.9324951171875,129.0050048828125,127.78900146484376,31950000,-0.0017640930773649144,137.08184967041015,142.1282797241211,31.394112693002597,-3.9681217937898907,-3.0110679388699397,-0.957053854919951,148.31438137704762,137.08184967041015,125.84931796377266,16.388065573442702
2022-01-28,129.65899658203125,133.35650634765625,128.48500061035156,133.3509979248047,132.09400939941406,34362000,0.03368840733726719,136.43937454223632,141.83777954101564,42.59928791477552,-3.656798676988643,-3.140214086493681,-0.5165845904949622,146.95947738304602,136.43937454223632,125.91927170142662,15.42091918275847
2022-01-31,134.16200256347656,135.47300720214844,132.20950317382812,135.30349731445312,134.0281219482422,39986000,0.014641939915533309,135.96194915771486,141.58290954589845,46.80298213204148,-3.2154566976768137,-3.1552626087303075,-0.06019408894650624,145.75298571903863,135.96194915771486,126.17091259639108,14.402612822159897
2022-02-01,137.59449768066406,137.79299926757812,134.36849975585938,137.6439971923828,136.34657287597656,68644000,0.01729824229447674,135.59457397460938,141.33901947021485,51.39783734630809,-2.646326020515886,-3.053475291087423,0.40714927057153716,144.51555123014379,135.59457397460938,126.67359671907498,13.158310091677993
2022-02-02,151.25,151.54649353027344,145.5225067138672,148.0,146.60494995117188,123200000,0.07523751319020344,135.77459869384765,141.32048950195312,65.56892874635274,-1.3441484737506357,-2.711609927620066,1.36746145386943,145.50741711045686,135.77459869384765,126.04178027723846,14.336729418078143
2022-02-03,145.70550537109375,149.6750030517578,142.66549682617188,143.08999633789062,141.74124145507812,71518000,-0.033175608993513905,136.04034881591798,141.25624938964845,57.07228677046492,-0.7002871725643729,-2.3093453766089276,1.6090582040445547,146.25543345413385,136.04034881591798,125.82526417770212,15.017727794918157
2022-02-04,143.4445037841797,144.875,140.51499938964844,143.29299926757812,141.9423370361328,57998000,0.0014187513739141178,136.3176239013672,141.2064694213867,57.31854661609026,-0.17166298866769125,-1.8818088990206805,1.7101459103529892,146.99365989899948,136.3176239013672,125.64158790373493,15.663471372354518
2022-02-07,144.25,144.25,138.89999389648438,139.2010040283203,137.88888549804688,54974000,-0.02855702972576879,136.42682418823242,141.06808959960938,50.971122154079744,-0.08196943930292377,-1.521841007077129,1.4398715677742053,147.17368405965797,136.42682418823242,125.67996431680686,15.754760744995094
2022-02-08,139.02650451660156,140.0,137.01400756835938,139.3990020751953,138.08505249023438,54284000,0.0014226454255465981,136.4632995605469,141.01240966796874,51.252419675077434,0.005032125212835581,-1.2164663806191363,1.2214985058319718,147.24525343830814,136.4632995605469,125.68134568278563,15.801983262140674
2022-02-09,140.9635009765625,142.52450561523438,140.18699645996094,141.5919952392578,140.25735473632812,40144000,0.015731624871181404,136.55609970092775,140.9336395263672,54.37475953217279,0.24807802360237474,-0.923557499774834,1.1716355233772089,147.48014117399148,136.55609970092775,125.63205822786402,15.999346051898867
2022-02-10,139.70350646972656,141.4844970703125,137.95700073242188,138.6199951171875,137.3133544921875,39330000,-0.02098998836585142,136.4155746459961,140.8680892944336,49.72629580085293,0.19858886845918278,-0.6991282261280307,0.8977170945872135,147.15595068792004,136.4155746459961,125.67519860407214,15.746553969069382
2022-02-11,138.60000610351562,139.156494140625,133.39999389648438,134.28250122070312,133.0167694091797,39958000,-0.031290365739715886,136.20034942626953,140.73270935058594,43.836231375008204,-0.18845871626947996,-0.5969943241563206,0.4085356078868406,146.93055762079274,136.20034942626953,125.47014123174631,15.756506117235606
2022-02-14,133.25650024414062,136.3000030517578,133.25650024414062,135.5260009765625,134.24855041503906,34302000,0.00926034372455864,136.00262451171875,140.5839093017578,45.817681001615796,-0.390356886557953,-0.5556668366366471,0.1653099500786941,146.62900959322758,136.00262451171875,125.37623943020992,15.626735321704324
2022-02-15,137.57049560546875,138.10850524902344,135.82150268554688,136.60850524902344,135.32083129882812,26680000,0.007987280908985817,136.03314971923828,140.47604949951173,47.55236859467519,-0.4577370850029183,-0.5360808863099014,0.07834380130698304,146.66281324945948,136.03314971923828,125.40348618901709,15.628048828039317
2022-02-16,136.64649963378906,138.08599853515625,134.9239959716797,137.73800659179688,136.43968200683594,25022000,0.00826813357018974,136.16422500610352,140.36770965576173,49.37367049487813,-0.4152087905148676,-0.5119064671508946,0.09669767663602702,146.81008251996033,136.16422500610352,125.51836749224671,15.636790814003623
2022-02-17,136.2429962158203,137.11349487304688,132.47850036621094,132.53900146484375,131.2896728515625,38950000,-0.03774568424320579,136.12580032348632,140.07309967041016,42.122781168214,-0.7918926292853143,-0.5679036995777786,-0.2239889297075357,146.8180706340228,136.12580032348632,125.43353001294982,15.709395698872102
2022-02-18,133.4669952392578,134.07000732421875,130.19650268554688,130.4029998779297,129.17381286621094,45620000,-0.016115966620952604,136.1283752441406,139.71742980957032,39.55274908525682,-1.2483841665454918,-0.7039997929713213,-0.5443843735741705,146.8151053988167,136.1283752441406,125.44164508946453,15.70095894483407
2022-02-22,129.83799743652344,132.1804962158203,128.22349548339844,129.81350708007812,128.58990478515625,44990000,-0.0045203286029766865,136.07885055541993,139.36092987060547,38.84829118633767,-1.6388326976571932,-0.8909663739084958,-0.7478663237486974,146.87246487488497,136.07885055541993,125.2852362359549,15.863764685562495
2022-02-23,131.64849853515625,132.05099487304688,127.52749633789062,127.58799743652344,126.38536071777344,32786000,-0.01714399019943358,136.11150054931642,138.95265991210937,36.22513560760098,-2.103597043197425,-1.1334925077662816,-0.9701045354311433,146.7976950918454,136.11150054931642,125.42530600678742,15.702118482864178
2022-02-24,124.95349884033205,133.0,124.95349884033205,132.6909942626953,131.44024658203125,54456000,0.039995817834833636,136.28440017700194,138.68994964599608,45.339137424528424,-2.036679367180227,-1.3141298796490708,-0.7225494875311562,146.62617952428232,136.28440017700194,125.94262082972156,15.176761733329416
2022-02-25,133.552001953125,135.27149963378906,131.75149536132812,134.45950317382812,133.1920928955078,36406000,0.013328081459305974,136.55712509155273,138.50099975585937,48.106942276126055,-1.819963333319322,-1.415296570383121,-0.40466676293620085,146.39191106768834,136.55712509155273,126.72233911541713,14.403914800552542
2022-02-28,133.0500030517578,135.75149536132812,132.59249877929688,135.0570068359375,133.7839813232422,38864000,0.0044438706147422735,136.64242553710938,138.27332000732423,49.0457091355719,-1.5817671362136707,-1.448590683549231,-0.13317645266443967,146.39373986937449,136.64242553710938,126.89111120484425,14.272747712044753
2022-03-01,134.8784942626953,136.2554931640625,133.218505859375,134.06149291992188,132.79782104492188,26496000,-0.007371288165939682,136.5803253173828,138.06564971923828,47.50376731265494,-1.4565345632778701,-1.4501794594949589,-0.006355103782911264,146.3806519616986,136.5803253173828,126.77999867306701,14.351007909143535
2022-03-02,134.6280059814453,135.2624969482422,133.07150268554688,134.57150268554688,133.30300903320312,23520000,0.0038041888361282084,136.42670059204102,137.9225796508789,48.398807525775844,-1.301134650890532,-1.4203704977740734,0.1192358468835415,146.2518109838912,136.42670059204102,126.60159020019084,14.40350070655211
2022-03-03,136.00999450683594,136.4394989013672,133.02549743652344,133.89950561523438,132.63735961914062,24604000,-0.004993506289844518,135.72167587280273,137.76842987060547,47.25555839341877,-1.218161441371052,-1.3799286864934692,0.16176724512241725,144.0303247308301,135.72167587280273,127.41302701477538,12.243657919187735
2022-03-04,132.92750549316406,133.85150146484375,130.33749389648438,131.906494140625,130.6631622314453,30430000,-0.01488417285570287,135.16250076293946,137.53710968017577,43.940449367374875,-1.2982584297064363,-1.3635946351360628,0.06533620542962648,142.89785024868976,135.16250076293946,127.42715127718915,11.445999359418895
2022-03-07,131.48800659179688,131.73500061035156,126.29499816894533,126.37850189208984,125.187255859375,45112000,-0.041908570698532266,134.31677589416503,137.1363798522949,36.3279377143539,-1.7871969511662655,-1.4483150983421034,-0.33888185282416217,142.00997779570594,134.31677589416503,126.62357399262412,11.455310552723171
2022-03-08,126.25,131.25,125.67449951171876,127.10449981689452,125.90641784667967,40428000,0.005744690083410164,133.71195068359376,136.74013977050782,37.85076928223037,-2.091987161144175,-1.5770495109025178,-0.5149376502416572,141.67149525009754,133.71195068359376,125.75240611708998,11.905509606001738
2022-03-09,131.25,133.73550415039062,129.90049743652344,133.4199981689453,132.16236877441406,37026000,0.049687307722092955,133.41300048828126,136.45040985107423,49.22687841854492,-1.803142161833449,-1.622268041088704,-0.18087412074474507,140.93266812568837,133.41300048828126,125.89333285087413,11.272765937181108
2022-03-10,131.26600646972656,133.27200317382812,130.91250610351562,132.42950439453125,131.18121337890625,27102000,-0.007423863574831491,132.95487594604492,136.16526000976563,47.750608698442534,-1.6353042194568275,-1.624875276762329,-0.010428942694498566,139.4756236699071,132.95487594604492,126.43412822218275,9.808963646445564
2022-03-11,133.48849487304688,133.79550170898438,129.63150024414062,129.87049865722656,128.64633178710938,31526000,-0.0193235107871359,132.51740112304688,135.8295700073242,44.073197710976,-1.6893085203489306,-1.6377619254796494,-0.05154659486928126,138.61974293603393,132.51740112304688,126.41505931005982,9.209872456404161
2022-03-14,130.25,130.40899658203125,125.2750015258789,125.95099639892578,124.76377868652344,38812000,-0.030180052914458466,132.100825881958,135.4245799255371,39.10559862551286,-2.0250350499681815,-1.7152165503773558,-0.30981849959082575,138.77501904711428,132.100825881958,125.42663271680172,10.104695592320027
2022-03-15,126.97599792480467,129.85450744628906,125.72049713134766,129.197998046875,127.9801788330078,30920000,0.025779919303067667,131.78442573547363,135.11149978637695,44.66942342561569,-2.005971258808188,-1.7733674920635223,-0.23260376674466565,138.3786152381588,131.78442573547363,125.19023623278845,10.007539913588069
2022-03-16,130.73300170898438,133.33299255371094,128.7344970703125,133.28050231933594,132.0242156982422,35576000,0.031598931194737334,131.61802558898927,134.87727981567383,50.761055159775644,-1.6425053122750342,-1.7471950561058247,0.10468974383079055,137.8762904891568,131.61802558898927,125.35976068882174,9.509738308505778
2022-03-17,133.1490020751953,134.08050537109375,132.18499755859375,133.83900451660156,132.57745361328125,28264000,0.0041904275826456505,131.4230754852295,134.66606979370118,51.54696433257122,-1.2944676539583497,-1.6566495756763298,0.36218192171798,137.1247921892827,131.4230754852295,125.72135878117633,8.676888260302484
2022-03-18,133.42449951171875,136.24400329589844,132.2584991455078,136.12550354003906,134.8424072265625,44566000,0.017084002985062297,131.60240058898927,134.63307998657226,54.732489554419544,-0.8246380262968955,-1.490247265800443,0.6656092395035476,137.64842830689315,131.60240058898927,125.55637287108539,9.18832436314955
2022-03-21,136.1634979248047,137.0500030517578,134.09249877929688,136.10150146484375,134.81861877441406,26832000,-0.0001764166973707848,131.88732566833497,134.60016006469726,54.69184100479523,-0.44905500177662816,-1.2820088129956801,0.832953811219052,138.21112130761577,131.88732566833497,125.56353002905415,9.589694244287948
2022-03-22,136.10150146484375,141.0500030517578,136.10150146484375,139.8679962158203,138.54959106445312,35496000,0.027674013604025438,132.39005012512206,134.65718002319335,59.74427617077473,0.15078375827332025,-0.9954502987418802,1.1462340570152003,139.52149735129439,132.39005012512206,125.25860289894973,10.773388512856343
2022-03-23,138.70249938964844,139.5885009765625,137.8350067138672,138.27549743652344,136.9721221923828,25154000,-0.011385590242099508,132.92442512512207,134.6493000793457,56.85733927652679,0.49198762767596804,-0.6979627134583105,1.1899503411342787,140.13768160076629,132.92442512512207,125.71116864947786,10.853169338674002
2022-03-24,139.1999969482422,141.61900329589844,137.75050354003906,141.57200622558594,140.237548828125,26396000,0.02384008208002908,133.3684757232666,134.6860203552246,61.05277716124995,1.0166752620599198,-0.35503511835466445,1.3717103804145843,141.50405062814502,133.3684757232666,125.23290081838819,12.20014678994961
2022-03-25,141.91600036621094,142.03500366210938,139.7375030517578,141.67300415039062,140.3376007080078,24126000,0.0007134457263326954,133.72915077209473,134.69087051391602,61.177342875346156,1.4242260891307978,0.000817123142427989,1.42340896598837,142.62983632823625,133.72915077209473,124.8284652159532,13.311511371683416
2022-03-28,140.90049743652344,142.00250244140625,139.81149291992188,141.45550537109375,140.1221466064453,35050000,-0.001535255701077487,134.04907569885253,134.7482405090332,60.726907749309625,1.7099514659617228,0.34264399170628695,1.3673074742554359,143.55693909011458,134.04907569885253,124.54121230759048,14.185645580461747
2022-03-29,142.6475067138672,143.7935028076172,142.0384979248047,142.5054931640625,141.16224670410156,34318000,0.007422810189866125,134.47127571105958,134.80874038696288,62.1747959513326,1.9980834630209472,0.6737318859692191,1.3243515770517282,144.66875693425277,134.47127571105958,124.2737944878664,15.166779922731848
2022-03-30,142.4600067138672,142.7205047607422,141.60000610351562,141.93850708007812,140.60060119628906,19884000,-0.003978723213365898,134.83962593078613,134.92755050659179,60.869783893029194,2.155828064125302,0.9701511216004357,1.1856769425248663,145.54456850579774,134.83962593078613,124.13468335577453,15.878036595127472
2022-03-31,142.05299377441406,142.10800170898438,139.02450561523438,139.0675048828125,137.7566680908203,37524000,-0.020227033748585477,135.09802589416503,135.0065705871582,54.6182867428265,2.0258234815719334,1.1812855935947353,0.8445378879771981,145.94823051044094,135.09802589416503,124.24782127788913,16.062713787951107
2022-04-01,139.5,140.4709930419922,138.3074951171875,140.15049743652344,138.82943725585938,25942000,0.007787420964129321,135.51022605895997,135.1434306335449,56.43584444303303,1.987274300305387,1.3424833349368657,0.6447909653685213,146.46995338504456,135.51022605895997,124.55049873287537,16.175498550664454
2022-04-04,140.35850524902344,143.71200561523438,140.3105010986328,142.97149658203125,141.6238555908203,25942000,0.020128428020715017,136.33987579345703,135.39583053588868,60.835895241527176,2.1594619186093666,1.5058790516713658,0.6535828669380008,146.91431585646055,136.33987579345703,125.7654357304535,15.511881614184354
2022-04-05,142.86900329589844,142.99049377441406,140.38250732421875,140.59100341796875,139.2657928466797,21418000,-0.01665018039724564,137.01420097351075,135.5915705871582,55.72143992722523,2.079860604550703,1.6206753622472334,0.45918524230346947,146.84048756522594,137.01420097351075,127.18791438179557,14.343457133490748
2022-04-06,138.75,139.36050415039062,135.51699829101562,136.54800415039062,135.2609100341797,32468000,-0.028757117815062072,137.170601272583,135.78383071899415,48.29526098600289,1.6712743274096056,1.630795155279708,0.0404791721298976,146.8617246906306,137.170601272583,127.4794778545354,14.130029799591783
2022-04-07,136.00999450683594,137.1645050048828,134.2274932861328,135.8885040283203,134.60760498046875,26234000,-0.004829961986399844,137.34355125427246,135.91694076538087,47.19043728637089,1.2795013161805286,1.5605363874598723,-0.2810350712793437,146.8109363772354,137.34355125427246,127.87616613130949,13.786428320082411
2022-04-08,135.58349609375,135.6699981689453,132.9654998779297,133.28750610351562,132.03114318847656,25142000,-0.019140536616530923,137.5144016265869,136.0025907897949,43.01135083230952,0.7504884237382328,1.3985267947155444,-0.6480383709773117,146.54964479414878,137.5144016265869,128.47915845902503,13.140795524961232
2022-04-11,131.82350158691406,132.09249877929688,128.6685028076172,128.82350158691406,127.60922241210938,36884000,-0.033491498063110914,137.65802688598632,135.9120408630371,36.961481109116704,-0.028635865667581584,1.1130942626389193,-1.141730128306501,146.01966469472455,137.65802688598632,129.29638907724808,12.148420252548975
2022-04-12,131.60000610351562,131.60000610351562,126.78900146484376,127.7145004272461,126.51066589355467,32710000,-0.008608754898662085,137.58385200500487,135.76026092529298,35.62099878628793,-0.7272018730596699,0.7450350354992015,-1.4722369085588713,146.26459536534335,137.58385200500487,128.9031086446664,12.618840414531645
2022-04-13,128.0,130.33399963378906,127.74099731445312,129.8939971923828,128.6696319580078,27928000,0.017065486527987117,137.41452674865724,135.60526092529298,40.21030440181185,-1.0923612323666987,0.37755578192602146,-1.46991701429272,146.5448953514423,137.41452674865724,128.28415814587217,13.288796779812492
2022-04-14,130.47950744628906,130.47950744628906,126.60099792480467,126.7300033569336,125.5354461669922,31598000,-0.02435839555396002,137.05907669067383,135.17986099243163,36.17835023212619,-1.618404555080474,-0.021636285475277628,-1.5967682696051964,147.21452783885596,137.05907669067383,126.90362554249171,14.819085891118
2022-04-18,127.0,128.21249389648438,126.18199920654295,127.67649841308594,126.4730224609375,20808000,0.007468618008479533,136.63662643432616,134.87159103393554,38.175480440370265,-1.9365995236095443,-0.404628933102131,-1.5319705905074135,147.584300817877,136.63662643432616,125.68895205077531,16.024509195289298
2022-04-19,127.69149780273438,130.33299255371094,126.99949645996094,130.00900268554688,128.78353881835938,26490000,0.018268847478010608,136.33200149536134,134.60591110229493,42.91615713092762,-1.9777593487438878,-0.7192550162304825,-1.2585043325134053,147.65490733083402,136.33200149536134,125.00909565988867,16.610782077981792
2022-04-20,130.89199829101562,131.3990020751953,127.5,128.0399932861328,126.83307647705078,31696000,-0.015145276789292117,135.74060134887696,134.38269088745116,40.11946448781112,-2.1445404817939107,-1.0043121093431682,-1.1402283724507425,147.4904953195344,135.74060134887696,123.99070737821951,17.31227628859279
2022-04-21,129.25,130.09849548339844,124.52649688720705,124.8144989013672,123.6379852294922,36446000,-0.025191309209760426,135.06755142211915,134.0910008239746,35.9827850125521,-2.5080746482754535,-1.3050646171296254,-1.203010031145828,147.67067908193908,135.06755142211915,122.46442376229922,18.661962147269666
2022-04-22,125.0,125.4020004272461,118.9250030517578,119.635498046875,118.50782012939452,56884000,-0.041493438206512856,133.9707260131836,133.65187088012695,30.53809603195164,-3.1774524862102282,-1.679542190945746,-1.4979102952644823,147.87017890587606,133.9707260131836,120.07127312049113,20.749985174111348
2022-04-25,119.10099792480467,123.27749633789062,118.51100158691406,123.0739974975586,121.91388702392578,46128000,0.028741283830993503,133.040775680542,133.34095092773438,37.3194830699628,-3.391387275008185,-2.021911207758234,-1.369476067249951,147.24001090640965,133.040775680542,118.84154045467433,21.34568917421666
2022-04-26,122.29450225830078,122.51000213623048,118.51100158691406,118.6500015258789,117.5316162109375,73054000,-0.03594562457128658,131.90050048828124,133.0283009338379,32.87277460246332,-3.873263072804278,-2.392181580767443,-1.481081492036835,146.85625897604342,131.90050048828124,116.94474200051907,22.677333948540895
2022-04-27,114.46949768066406,117.24199676513672,112.73650360107422,114.29450225830078,113.21715545654295,91820000,-0.03670893750538795,130.48995094299318,132.60367095947265,29.18570653852713,-4.554108575923635,-2.824566979798681,-1.729541596124954,146.46546885852746,130.48995094299318,114.51443302745889,24.485437844196092
2022-04-28,116.41500091552734,119.64949798583984,114.11499786376952,118.52249908447266,117.40530395507812,48884000,0.03699217209306016,129.31915054321288,132.24195083618164,36.61752936719514,-4.6983597665826835,-3.199325537155482,-1.4990342294272017,145.19882848822976,129.31915054321288,113.439472598196,24.558896154689133
2022-04-29,116.7344970703125,117.91999816894533,113.8144989013672,114.1094970703125,113.03392028808594,42676000,-0.03723327243090124,128.07125015258788,131.76938064575197,32.75369199754529,-5.109868868466975,-3.5814342034177806,-1.5284346650491947,144.59988528634372,128.07125015258788,111.54261501883204,25.811624566892473
2022-05-02,113.40499877929688,116.74549865722656,112.5999984741211,116.58300018310548,115.48409271240234,35534000,0.021676434985814286,126.89287528991699,131.45026062011718,36.780351403188256,-5.176727672985805,-3.900492897331386,-1.2762347756544195,143.16726758578767,126.89287528991699,110.61848299404629,25.650600569477156
2022-05-03,116.43049621582033,118.44200134277344,116.03450012207033,117.33399963378906,116.22801208496094,24968000,0.006441747560949507,125.61100044250489,131.18888061523438,37.994353762210245,-5.110207091594347,-4.1424357361839785,-0.9677713554103686,140.6061009867826,125.61100044250489,110.61589989822718,23.87545754982075
2022-05-04,117.03150177001952,122.85449981689452,115.11599731445312,122.26100158691406,121.10856628417967,49916000,0.04199120428602976,124.69450035095215,131.0378305053711,45.40187612338562,-4.606816655877736,-4.23531192012273,-0.3715047357550061,138.0682638937714,124.69450035095215,111.32073680813292,21.450446499530983
2022-05-05,120.2040023803711,121.03900146484376,115.00550079345705,116.50550079345705,115.40731048583984,45840000,-0.04707557832830678,123.69237518310547,130.81618057250978,39.46997799184615,-4.619051373174642,-4.312059810733113,-0.3069915624415289,136.34746760382615,123.69237518310547,111.03728276238479,20.46220294822049
2022-05-06,115.18450164794922,117.57150268554688,114.0155029296875,115.74649810791016,114.65547943115234,39710000,-0.0065145877806392916,122.68527488708496,130.47729064941407,38.75094785641496,-4.636545438585657,-4.376956936303622,-0.25958850228203456,134.47394066778327,122.68527488708496,110.89660910638665,19.21773544795521
2022-05-09,113.25,115.0770034790039,112.00050354003906,112.51100158691406,111.45046997070312,40802000,-0.027953391118771154,121.64644966125488,130.0383206176758,35.76031022326248,-4.855515777108664,-4.47266870446463,-0.38284707264403384,133.17370933446878,121.64644966125488,110.11918998804097,18.95206922242862
2022-05-10,115.50749969482422,116.25,112.90049743652344,114.3949966430664,113.31671905517578,39900000,0.016745098382835222,120.9250244140625,129.62508041381835,38.72571004085793,-4.821450017601904,-4.542424967092085,-0.2790250505098193,132.3710104935068,120.9250244140625,109.47903833461822,18.9307153501194
2022-05-11,113.23650360107422,116.364501953125,113.23650360107422,113.60250091552734,112.53168487548828,37534000,-0.006927787763650772,120.21942443847657,129.21590057373047,37.932491163926656,-4.803034053033031,-4.594546784280274,-0.2084872687527568,131.64411634676205,120.21942443847657,108.79473253019108,19.006399276403418
2022-05-12,111.37750244140624,114.29499816894533,109.82450103759766,112.84400177001952,111.78033447265624,53836000,-0.006676789774039071,119.3669246673584,128.78135055541992,37.148205386657274,-4.794377214302671,-4.634512870284754,-0.15986434401791705,130.31116799770192,119.3669246673584,108.42268133701491,18.33714550465632
2022-05-13,114.53299713134766,117.875,113.6050033569336,116.05049896240234,114.95660400390624,35038000,0.028415280256895104,118.83294944763183,128.42437042236327,42.55540721880666,-4.477169063605302,-4.603044108948864,0.12587504534356153,129.32068963635513,118.83294944763183,108.34520925890854,17.65123265470257
2022-05-16,114.95549774169922,116.16999816894533,113.8895034790039,114.44499969482422,113.36624145507812,25990000,-0.013834460078292365,118.17137451171875,128.07514053344727,40.66880541661182,-4.305696305189315,-4.543574548196954,0.23787824300763916,127.99232750155646,118.17137451171875,108.35042152188105,16.621543128219752
2022-05-17,116.84049987792967,116.9000015258789,114.87000274658205,116.4729995727539,115.37512969970705,23054000,0.017720339131336083,117.4945743560791,127.87703048706055,44.04338317114454,-3.9605060192429136,-4.426960842406146,0.4664548231632324,125.69029831166739,117.4945743560791,109.2988504004908,13.950812623483921
2022-05-18,115.0,115.4000015258789,111.55549621582033,111.89949798583984,110.84473419189452,35126000,-0.039266655817454144,116.68754959106445,127.57293045043946,38.69787435791479,-4.0097615512126055,-4.343520984167438,0.33375943295483257,123.65781064116211,116.68754959106445,109.71728854096679,11.946880493292014
2022-05-19,111.43150329589844,113.01000213623048,110.0,110.38400268554688,109.3435287475586,34144000,-0.013543317644093333,115.96602478027344,127.11221054077149,37.09140620659525,-4.12355099136937,-4.299526985607825,0.17597599423845445,122.3878334504009,115.96602478027344,109.54421611014598,11.075327764826257
2022-05-20,111.95099639892578,112.18350219726562,105.79650115966795,108.90799713134766,107.88143157958984,48962000,-0.013371593039989582,115.42964973449708,126.64178039550781,35.54377785590326,-4.283454260871395,-4.296312440660539,0.012858179789144053,122.31143568616221,115.42964973449708,108.54786378283194,11.923775160877856
2022-05-23,109.5875015258789,112.14749908447266,108.74099731445312,111.48799896240234,110.4371109008789,37184000,0.02368970529839154,114.85034980773926,126.27413040161133,40.237715087080865,-4.154108194774636,-4.267871591483359,0.11376339670872238,120.96890649059132,114.85034980773926,108.7317931248872,10.654833342858058
2022-05-24,105.77200317382812,106.45850372314452,101.8844985961914,105.97000122070312,104.97113037109376,76780000,-0.04949405580422184,114.21634979248047,125.87451049804687,34.45797430766861,-4.445610576005052,-4.303419388387697,-0.14219118761735494,121.19585975905417,114.21634979248047,107.23683982590677,12.22156018688176
2022-05-25,104.9854965209961,106.5,103.85649871826172,105.80500030517578,104.80769348144533,40258000,-0.001556969893252158,113.79187469482422,125.40665054321289,34.29932065077902,-4.636495869934137,-4.370034684696985,-0.26646118523715234,121.67488055663306,113.79187469482422,105.90886883301538,13.855129609122073
2022-05-26,105.677001953125,108.64949798583984,105.2249984741211,107.7925033569336,106.77645874023438,37948000,0.01878454904780047,113.25537490844727,124.89689056396485,38.00222570329532,-4.574665063385808,-4.41096076043475,-0.1637043029510581,121.23742872942431,113.25537490844727,105.27332108747022,14.095673300149384
2022-05-27,109.48300170898438,112.31800079345705,109.13849639892578,112.31649780273438,111.25779724121094,37914000,0.041969349366406394,113.16572494506836,124.4664404296875,45.52790545370244,-4.113200742768285,-4.351408756901457,0.23820801413317216,121.1476688090458,113.16572494506836,105.18378108109093,14.106645572856872
2022-05-31,112.74649810791016,115.73500061035156,112.07849884033205,113.76200103759766,112.68968200683594,50012000,0.012869972272780306,113.02467498779296,124.01917037963867,47.71191271657752,-3.589469740725363,-4.199020953666238,0.6095512129408753,120.85840988955606,113.02467498779296,105.19094008602987,13.861990583222935
2022-06-01,114.8550033569336,117.10150146484376,113.25,113.89199829101562,112.81845092773438,36606000,0.0011426859904584141,112.85257492065429,123.57498031616211,47.91416778006281,-3.1278633942284557,-3.984789441778682,0.8569260475502265,120.44766036719199,112.85257492065429,105.2574894741166,13.460189901520167
2022-06-02,114.0,117.89949798583984,112.94650268554688,117.62249755859376,116.5137939453125,37992000,0.032754775368659894,112.62064971923829,123.13007034301758,53.475694318304676,-2.4329711482006786,-3.6744257830630813,1.2414546348624027,119.2777436551467,112.62064971923829,105.96355578332988,11.822155088794904
2022-06-03,116.0625,116.32150268554688,113.51850128173828,114.54100036621094,113.46134185791016,26136000,-0.0261982035263143,112.52242469787598,122.65538040161132,48.83693044419966,-2.1066311742299746,-3.3608668612964605,1.254235687066486,119.00296810101091,112.52242469787598,106.04188129474105,11.518670026059722
2022-06-06,116.70449829101562,119.34700012207033,116.16400146484376,116.82050323486328,115.71936798095705,33542000,0.019901281670673843,112.57612495422363,122.16035034179687,52.14401389402071,-1.6451038298962715,-3.017714255016423,1.3726104251201514,119.17928131169033,112.57612495422363,105.97296859675693,11.731006659097062
2022-06-07,115.48049926757812,117.69100189208984,115.052001953125,117.14949798583984,116.04525756835938,31590000,0.0028162060775855924,112.80804977416992,121.66988021850585,52.62002479657401,-1.2385161146863055,-2.6618746269503997,1.4233585122640942,119.70506487922762,112.80804977416992,105.91103466911221,12.227877565235492
2022-06-08,116.7614974975586,118.57050323486328,116.5999984741211,117.19400024414062,116.08932495117188,26108000,0.0003797430738308183,112.94799995422363,121.1846501159668,52.688577470801754,-0.902300304504223,-2.309959762461164,1.407659457956941,120.07780397536429,112.94799995422363,105.81819593308298,12.624931869586492
2022-06-09,116.32749938964844,118.29900360107422,114.7760009765625,114.83550262451172,113.75305938720705,25798000,-0.020124723482951468,113.00965003967285,120.63125030517578,48.669515775410204,-0.8167429949074148,-2.0113164089504143,1.1945734140429995,120.18222010988683,113.00965003967285,105.83707996945887,12.69373025701079
2022-06-10,112.44499969482422,113.27899932861328,110.36599731445312,111.1614990234375,110.11368560791016,41452000,-0.031993634271485605,112.92552490234375,120.01571014404297,43.14800708779668,-1.0334862106091975,-1.815750369282171,0.7822641586729735,120.14321828895427,112.92552490234375,105.70783151573323,12.783103541652377
2022-06-13,106.7864990234375,108.79149627685548,106.11900329589844,106.39250183105467,105.3896484375,47252000,-0.042901453568917725,112.44262504577637,119.36221008300781,37.24185986387896,-1.5719544751740955,-1.766991190460556,0.1950367152864605,120.04165881672513,112.44262504577637,104.8435912748276,13.516286671278143
2022-06-14,106.53500366210938,107.92449951171876,105.8000030517578,106.71549987792967,105.7095947265625,33706000,0.0030358416960869494,112.05615005493163,118.69351013183594,37.86223823144476,-1.9501510835562783,-1.8036231690797007,-0.14652791447657765,119.98747745130304,112.05615005493163,104.12482265856023,14.15598767668413
2022-06-15,108.54499816894533,111.42350006103516,107.66950225830078,109.7645034790039,108.72987365722656,39698000,0.02857147393740922,111.72072525024414,118.02937026977538,43.53635437146465,-1.9810096651539908,-1.8391004682945589,-0.14190919685943193,119.44112238661005,111.72072525024414,104.00032811387824,13.820886176800096
2022-06-16,107.22100067138672,108.64849853515624,105.13800048828124,106.03350067138672,105.03404998779295,51684000,-0.03399087615133978,111.42742538452148,117.33822021484374,38.86009304424263,-2.2802408614276004,-1.9273285469211672,-0.35291231450643323,119.53439432748331,111.42742538452148,103.32045644155966,14.551119556044192
2022-06-17,106.03350067138672,108.69950103759766,105.0459976196289,107.14350128173828,106.13356018066406,51376000,0.010468130982275614,111.26540031433106,116.7501301574707,40.894133684998685,-2.400148549289952,-2.0218925473949243,-0.3782560018950276,119.57627222446182,111.26540031433106,102.9545284042003,14.9388253431023
2022-06-21,108.92949676513672,112.489501953125,108.5999984741211,111.54399871826172,110.4925765991211,47416000,0.041071046811554934,111.39720039367675,116.26324005126953,48.24517605924337,-2.1157043662196884,-2.0406549111598773,-0.07504945505981109,119.63765913840967,111.39720039367675,103.15674164894384,14.794732211601744
2022-06-22,110.55650329589844,113.34649658203124,110.38249969482422,111.4875030517578,110.43661499023438,30774000,-0.0005064739243954008,111.39717559814453,115.82723999023438,48.162358175298216,-1.8732454227806699,-2.007173013484036,0.13392759070336613,119.63763325286133,111.39717559814453,103.15671794342772,14.794733547722124
2022-06-23,112.23149871826172,112.74250030517578,110.50050354003906,112.24199676513672,111.18401336669922,28362000,0.0067676682822173095,111.71077537536621,115.49560989379883,49.411318849241155,-1.601749653232332,-1.9260883414336951,0.324338688201363,119.56976152462849,111.71077537536621,103.85178922610393,14.070238296806764
2022-06-24,112.99500274658205,118.0790023803711,112.95249938964844,117.9749984741211,116.86296081542967,41164000,0.05107701437256584,112.31927528381348,115.30081985473633,57.74269034986466,-0.9134522655107418,-1.7235611262491046,0.8101088607383629,120.13944389518211,112.31927528381348,104.49910667244485,13.924891505235001
2022-06-27,118.27300262451172,118.57949829101562,115.17949676513672,115.83350372314452,114.7416534423828,36420000,-0.018152093342878817,112.72132530212403,115.01960998535156,54.15495059302063,-0.5346097080801542,-1.4857708426153144,0.9511611345351603,120.39466145600818,112.72132530212403,105.04798914823988,13.61470180255157
2022-06-28,115.80249786376952,117.30950164794922,111.8479995727539,112.00749969482422,110.95171356201172,35792000,-0.033030201035704865,112.70587539672852,114.72515991210938,48.37221916490361,-0.5369116188130079,-1.2959989978548532,0.7590873790418453,120.38365276201291,112.70587539672852,105.02809803144412,13.624449192658966
2022-06-29,111.552001953125,113.1604995727539,110.87249755859376,111.70149993896484,110.64861297607422,24716000,-0.0027318242883026533,112.60285034179688,114.40565994262695,47.93138506835387,-0.5570066961359288,-1.1482005375110684,0.5911938413751396,120.27647284758056,112.60285034179688,104.9292278360132,13.629535100560991
2022-06-30,110.0,110.88800048828124,106.75,108.96299743652344,107.93590545654295,43170000,-0.02451641684941719,112.35640029907226,113.98473983764649,44.0613597439052,-0.7848590880094974,-1.0755322476107543,0.29067315960125684,120.16401563375953,112.35640029907226,104.54878496438499,13.897944957127178
2022-07-01,107.93299865722656,109.25,106.73049926757812,108.7375030517578,107.71253967285156,35476000,-0.0020694298412248235,111.91215057373047,113.59869003295898,43.748131719077215,-0.9724198121879368,-1.0549097605261908,0.08248994833825396,119.47801822579478,111.91215057373047,104.34628292166616,13.521083480707007
2022-07-05,107.10050201416016,113.3769989013672,105.73149871826172,113.26300048828124,112.19538116455078,39342000,0.041618566466956164,111.84825057983399,113.36766006469726,51.23987372466517,-0.747279047736825,-0.9933836179683178,0.2461045702314928,119.34550403318053,111.84825057983399,104.35099712648744,13.406116616898226
2022-07-06,113.302001953125,115.5895004272461,111.47599792480467,114.5719985961914,113.4920425415039,37432000,0.011557172527908,111.73582534790039,113.26639007568359,53.182165894298215,-0.45794920888644697,-0.8862967361519436,0.42834752726549663,118.99511959533574,111.73582534790039,104.47653110046504,12.993673649132367
2022-07-07,115.08000183105467,119.1894989013672,114.83350372314452,118.78299713134766,117.66336059570312,40936000,0.03675427775188522,111.81750030517578,113.18057006835937,58.85956439079662,0.10987261875963839,-0.6870628651696272,0.7969354839292656,119.3502040375147,111.81750030517578,104.28479657283687,13.473210743900424
2022-07-08,117.25,119.68499755859376,116.90149688720705,119.35350036621094,118.2284698486328,38238000,0.004802763154720724,111.9254753112793,113.19464004516601,59.57479807933215,0.5990053899955541,-0.429849214136591,1.0288546041321451,119.81672997556859,111.9254753112793,104.03422064699001,14.100908917014088
2022-07-11,117.9980010986328,117.9980010986328,115.33049774169922,115.67649841308594,114.5861358642578,31196000,-0.030807587961159122,111.967525100708,113.22227996826172,53.159980351973616,0.6820807057858644,-0.20746323015209991,0.8895439359379643,119.92900803460978,111.967525100708,104.00604216680622,14.22105726949114
2022-07-12,116.21499633789062,116.9739990234375,113.69000244140624,114.02050018310548,112.9457550048828,29960000,-0.014315700996482161,112.1104751586914,113.13223999023438,50.52152999639615,0.6072927815116174,-0.04451202781935647,0.6518048093309738,120.11150492746746,112.1104751586914,104.10944538991534,14.27347401293354
2022-07-13,111.70099639892578,114.1959991455078,111.20149993896484,111.35350036621094,110.30387115478516,43722000,-0.023390731683394672,112.35852508544922,113.07712005615234,46.51723717323583,0.3290254163420627,0.030195461012927367,0.29882995532913537,119.93123402402335,112.35852508544922,104.78581614687508,13.479544934957191
2022-07-14,110.21050262451172,111.09300231933594,108.3730010986328,110.36750030517578,109.32718658447266,37004000,-0.00885449041894415,112.54112510681152,112.95281005859376,45.09422409173532,0.028604821481721387,0.029877333106686173,-0.0012725116249647853,119.72698892640534,112.54112510681152,105.3552612872177,12.770200782645095
2022-07-15,112.00050354003906,113.1405029296875,110.9000015258789,111.77749633789062,110.72388458251952,46770000,0.012775395047486038,112.64177474975585,112.84167999267578,47.5645030579383,-0.0946151043202832,0.004978845621292298,-0.0995939499415755,119.7249108968161,112.64177474975585,105.55863860269561,12.576393017237322
2022-07-18,112.63999938964844,113.68000030517578,108.37000274658205,109.02999877929688,108.00228118896484,43164600,-0.024580093119170976,112.79159965515137,112.57705993652344,43.46119831956227,-0.4092502918385179,-0.07786698187066976,-0.33138330996784815,119.42154351176681,112.79159965515137,106.16165579853593,11.756095093758413
2022-07-19,110.8499984741211,114.0199966430664,109.55999755859376,113.80999755859376,112.73724365234376,36530900,0.043841319009683355,113.12492446899414,112.52314987182618,51.328108413623966,-0.2697850769662722,-0.11625060088979025,-0.15353447607648193,119.23548562379632,113.12492446899414,107.01436331419195,10.803209254697887
2022-07-20,113.16999816894533,115.4000015258789,112.4800033569336,113.9000015258789,112.82637786865234,35600400,0.0007906368243617568,113.242724609375,112.48621994018555,51.4650485442385,-0.150263181006963,-0.1230531169132248,-0.027210064093738204,119.31756895118649,113.242724609375,107.16788026756352,10.72889117206664
2022-07-21,114.27999877929688,114.5500030517578,111.11000061035156,114.33999633789062,113.26222229003906,32676200,0.0038629656434960857,113.38534927368164,112.52279983520508,52.1734704258531,-0.019808967761491658,-0.10240428708287819,0.08259531932138653,119.42248494415819,113.38534927368164,107.3482136032051,10.64888137514932
2022-07-22,111.0,112.33999633789062,106.5,107.9000015258789,106.88294219970705,48901200,-0.056323105456964395,113.16824951171876,112.39289993286133,42.41504139770893,-0.4311072874845081,-0.1681448871632042,-0.2629624003213039,119.65013464401382,113.16824951171876,106.6863643794237,11.455306873194768
2022-07-25,108.41000366210938,109.87000274658205,106.3000030517578,107.51000213623048,106.4966049194336,34690900,-0.003614583134805449,112.64499969482422,112.2710499572754,41.90389225137238,-0.779547719632788,-0.29042545365712097,-0.48912226597566705,119.17966563423369,112.64499969482422,106.11033375541476,11.602229938502486
2022-07-26,106.5999984741211,107.1999969482422,104.06999969482422,105.0199966430664,104.03008270263672,47991000,-0.02316057135025895,112.10432434082031,112.11456985473633,38.6973972885149,-1.242291542341718,-0.4807986713940404,-0.7614928709476776,119.2546643541419,112.10432434082031,104.95398432749873,12.756581970171055
2022-07-27,109.26000213623048,113.91000366210938,108.01000213623048,113.05999755859376,111.99430847167967,59858500,0.07655694931828694,112.15694923400879,112.05475982666016,51.580886725807275,-0.9493153584124343,-0.5745020087977192,-0.37481334961471513,119.31914666538381,112.15694923400879,104.99475180263377,12.771740815509384
2022-07-28,112.37000274658205,114.33999633789062,111.45999908447266,114.22000122070312,113.1433563232422,32816600,0.010259877195929912,112.2828742980957,112.05025985717774,53.111989499235186,-0.6164212998561283,-0.582885867009401,-0.03353543284672722,119.49698501576727,112.2828742980957,105.06876358042415,12.849886080612935
2022-07-29,113.08000183105467,116.70999908447266,113.05999755859376,116.31999969482422,115.22357940673828,37223400,0.018385728964527503,112.65072441101074,112.04719985961914,55.83476810109329,-0.18106087655756653,-0.5025208689190341,0.3214599923614676,119.90037946784757,112.65072441101074,105.40106935417391,12.87103140213492
2022-08-01,115.3000030517578,116.72000122070312,114.33999633789062,114.86000061035156,113.77733612060548,26034300,-0.012551626095797408,112.95684928894043,112.10640991210937,53.50833664385154,0.04562968055952865,-0.3928907590233216,0.43852043958285025,120.0347139855324,112.95684928894043,105.87898459234846,12.53197967391423
2022-08-02,114.0,116.3499984741211,113.72000122070312,115.12999725341795,114.04478454589844,20236000,0.0023506300499904764,113.05019912719726,112.20132980346679,53.89095179777659,0.24425443979264116,-0.26546171926012907,0.5097161590527702,120.19072295936701,113.05019912719726,105.90967529502751,12.632483422936144
2022-08-03,115.70999908447266,118.62000274658205,115.4800033569336,118.08000183105467,116.96697998046876,28499000,0.025623227280457295,113.22559928894043,112.38476989746094,57.961759790463105,0.6324166027663409,-0.08588605485483508,0.718302657621176,120.67278856100856,113.22559928894043,105.7784100168723,13.154603409187787
2022-08-04,117.4800033569336,118.77999877929688,116.88999938964844,118.19000244140624,117.0759506225586,21602900,0.0009316359378350736,113.19594955444336,112.51880996704102,58.11027095401385,0.9381002081695868,0.11891119775004931,0.8191890104195375,120.55864180682411,113.19594955444336,105.8332573020626,13.008755669017205
2022-08-05,116.2300033569336,118.11000061035156,116.0,117.47000122070312,116.36273193359376,19159500,-0.006091931649260585,113.10177459716797,112.74880996704101,56.698358147683,1.109469314931772,0.31702282118639385,0.7924464937453781,120.1900874177359,113.10177459716797,106.01346177660005,12.534397176019924
2022-08-08,118.38999938964844,120.1500015258789,116.87999725341795,117.3000030517578,116.19432830810548,19138300,-0.0014472299050557469,113.18294982910156,112.97871002197266,56.35022424410092,1.2175282276651131,0.4971239024821378,0.7204043251829754,120.42290872780012,113.18294982910156,105.942990930403,12.793373753962763
2022-08-09,117.13999938964844,117.31999969482422,115.70999908447266,116.62999725341795,115.53065490722656,19086500,-0.005711753839818257,113.31342468261718,113.15545989990234,54.918968606617334,1.2348670474300718,0.6446725314717245,0.5901945159583473,120.70159354744722,113.31342468261718,105.92525581778715,13.040235762927066
2022-08-10,118.77999877929688,120.91999816894533,118.41000366210938,119.6999969482422,118.57169342041016,30930400,0.02632235154925433,113.73074951171876,113.3031298828125,59.93983587386107,1.4792792944406727,0.8115938840655141,0.6676854103751586,121.55876327760527,113.73074951171876,105.90273574583225,13.765870355193458
2022-08-11,121.27999877929688,121.48999786376952,118.55999755859376,118.83999633789062,117.71981811523438,24293700,-0.007184474477861746,114.1543743133545,113.40468978881836,57.99136751575085,1.5853084501680286,0.9663367972860171,0.6189716528820115,122.12422746192338,114.1543743133545,106.18452116478561,13.963289968532594
2022-08-12,120.26000213623048,121.68000030517578,119.45999908447266,121.68000030517578,120.53305053710938,19096300,0.02389769596076996,114.64949951171874,113.56044982910156,62.34458277382309,1.876866555889805,1.1484427490067746,0.7284238068830304,123.17798489267827,114.64949951171874,106.12101413075922,14.877492561732108
2022-08-15,121.12999725341795,122.3000030517578,120.61000061035156,122.08000183105467,120.92927551269533,19494800,0.0032872724437018608,115.30199966430663,113.64959991455078,62.9272938485327,2.115815432170521,1.341917285639524,0.7738981465309971,124.00595005156913,115.30199966430663,106.59804927704414,15.097657304475916
2022-08-16,121.5199966430664,122.43000030517578,120.63999938964844,121.6999969482422,120.55286407470705,19041200,-0.0031126576785681648,115.69649963378906,113.79277984619141,61.94655099617512,2.2486004536228563,1.5232539192361907,0.7253465343866656,124.80022915704492,115.69649963378906,106.5927701105332,15.737260076271365
2022-08-17,120.12000274658205,121.29000091552734,119.37999725341795,119.5500030517578,118.42312622070312,22847000,-0.017666422696387518,115.978999710083,113.8473698425293,56.57416755530482,2.155499741324661,1.6497030836538848,0.5057966576707762,125.19220125397052,115.978999710083,106.76579816619548,15.887706510520182
2022-08-18,119.43000030517578,120.81999969482422,118.72000122070312,120.16999816894533,119.03727722167967,17987700,0.005186073198506502,116.27049980163574,113.9077798461914,57.71308335023948,2.107451788145042,1.7412528245521164,0.3661989635929255,125.62564922216437,116.27049980163574,106.9153503811071,16.09204301433135
2022-08-19,119.05999755859376,119.1500015258789,116.76000213623048,117.20999908447266,116.1051788330078,21809500,-0.024631766259333276,116.73599967956542,113.90809982299805,50.85552381842718,1.8096655526971404,1.7549353701811212,0.05473018251601913,125.26920210530272,116.73599967956542,108.20279725382812,14.61965880133039
2022-08-22,115.1999969482422,115.62999725341795,113.8499984741211,114.23999786376952,113.1631851196289,21456600,-0.025339039506672822,117.07249946594239,113.89618972778321,45.068938356716124,1.318811105008706,1.6677105171466382,-0.3488994121379323,124.59478728898199,117.07249946594239,109.55021164290278,12.850648713155591
2022-08-23,113.4800033569336,115.01000213623048,113.43000030517578,113.86000061035156,112.78675079345705,15870400,-0.0033264734089440973,117.51449966430664,113.95015975952148,44.37325117267006,0.8888961744387274,1.511947648605056,-0.6230514741663287,122.882443620011,117.51449966430664,112.14655570860228,9.135798511738544
2022-08-24,113.5,114.77999877929688,112.87000274658205,113.69000244140624,112.61837768554688,17734600,-0.0014928447421852509,117.54599990844727,114.09610977172852,44.0456928861816,0.5283772589544782,1.3152335706749405,-0.7868563117204623,122.81550569644048,117.54599990844727,112.27649412045406,8.96586152161274
2022-08-25,114.23999786376952,116.72000122070312,114.11000061035156,116.6500015258789,115.55046081542967,16956800,0.02603556533259388,117.66749992370606,114.2947998046875,50.84916015894793,0.47602330901503365,1.147391518342959,-0.6713682093279254,122.73274931549327,117.66749992370606,112.60225053191886,8.609428083491943
2022-08-26,114.72000122070312,115.12000274658205,110.19000244140624,110.33999633789062,109.29993438720705,37245700,-0.054093479023044955,117.36849975585938,114.30630966186523,39.7526645685857,-0.07378174720457764,0.9031568652334517,-0.9769386124380294,123.34130959597404,117.36849975585938,111.39568991574471,10.177875413827097
2022-08-29,109.98999786376952,110.9499969482422,108.8000030517578,109.41999816894533,108.38861846923828,21191200,-0.008337753568454342,117.09649963378907,114.3740396118164,38.43568623555565,-0.577090044076499,0.6071074833714616,-1.1841975274479606,123.93431675794331,117.09649963378907,110.25868250963482,11.678943684122114
2022-08-30,110.16999816894533,110.5,107.8000030517578,108.94000244140624,107.91312408447266,27513300,-0.004386940173986775,116.78699989318848,114.40996963500976,37.73330591563268,-1.00313363904678,0.28505925888781325,-1.2881928979345934,124.46194911993372,116.78699989318848,109.11205066644324,13.143499248657173
2022-08-31,110.6500015258789,110.8499984741211,108.12999725341795,108.22000122070312,107.1999282836914,28627000,-0.0066089811302559864,116.2939998626709,114.3434896850586,36.651353267761834,-1.3829327508425848,-0.04853914305826634,-1.3343936077843184,124.7955863005872,116.2939998626709,107.7924134247546,14.620851373167392
2022-09-01,108.27999877929688,110.4499969482422,107.36000061035156,109.73999786376952,108.7055892944336,28360900,0.014045354645738639,115.87149963378906,114.30853958129883,40.52828320474794,-1.5434829466676945,-0.347527903780152,-1.1959550428875425,124.78412940688895,115.87149963378906,106.95886986068916,15.383644470414534
2022-09-02,110.58999633789062,110.73999786376952,107.26000213623048,107.8499984741211,106.83341217041016,24160700,-0.017222455038190976,115.39049949645997,114.22069961547851,37.45851956009342,-1.802449769959395,-0.6385122770160007,-1.1639374929433943,124.92293778108265,115.39049949645997,105.85806121183728,16.52205047420759
2022-09-06,107.3000030517578,108.02999877929688,105.77999877929688,106.80999755859376,105.80320739746094,25068300,-0.009643095282830916,114.86599922180176,113.99739959716797,35.849410461976206,-2.0677663026093853,-0.9243630821346775,-1.1434032204747078,125.05239895052233,114.86599922180176,104.67959949308118,17.73614437297678
2022-09-07,107.05999755859376,109.9800033569336,106.9000015258789,109.4499969482422,108.41830444335938,23167000,0.02471661408216619,114.50699920654297,113.86972946166992,42.591102029345,-2.041472850638314,-1.147785035835405,-0.8936878148029093,124.92292421125502,114.50699920654297,104.09107420183092,18.192643378810825
2022-09-08,108.04000091552734,109.5999984741211,107.16000366210938,108.37999725341795,107.35841369628906,24238300,-0.00977593915079189,113.94099922180176,113.7971794128418,40.72311552253439,-2.0829640208960853,-1.334820832847541,-0.7481431880485443,124.39684233704295,113.94099922180176,103.48515610656057,18.353083063432614
2022-09-09,109.06999969482422,110.98999786376952,109.0199966430664,110.6500015258789,109.60701751708984,23197700,0.020944830902233313,113.53149948120117,113.77614944458008,46.121886927398776,-1.9106509043957942,-1.4499868471571917,-0.4606640572386025,123.82810055721417,113.53149948120117,103.23489840518816,18.138756421019423
2022-09-12,110.98999786376952,111.62000274658205,109.93000030517578,110.86000061035156,109.81503295898438,22966800,0.001897829597106826,112.99049949645996,113.81408950805664,46.60636537817768,-1.7371218872436742,-1.5074138551744882,-0.229708032069186,122.63399667810094,112.99049949645996,103.34700231481898,17.06957173322898
2022-09-13,107.8000030517578,108.3000030517578,104.08999633789062,104.31999969482422,103.33668518066406,38172900,-0.05899326898840851,112.10249938964844,113.72573944091796,35.80744169632925,-2.1030793184942667,-1.626546947838444,-0.47653237065582266,121.50221023400097,112.10249938964844,102.70278854529592,16.76985061979893
2022-09-14,104.56999969482422,105.27999877929688,103.66000366210938,105.0,104.0102767944336,26395100,0.006518417080941585,111.26749954223632,113.56047943115234,37.4307906496272,-2.3115863491923108,-1.7635548281092175,-0.5480315210830933,120.05569461376675,111.26749954223632,102.4793044707059,15.796517595319001
2022-09-15,104.02999877929688,105.2699966430664,102.3499984741211,102.91000366210938,101.9399642944336,34188300,-0.019904884053830285,110.43549957275391,113.3272395324707,34.53966833978707,-2.6153270486399833,-1.9339092722153706,-0.6814177764246128,119.07917074989935,110.43549957275391,101.79182839560848,15.653791055567352
2022-09-16,102.06999969482422,103.12999725341795,100.94000244140624,102.8000030517578,101.83101654052734,42797200,-0.001068744281600642,109.56699981689454,113.00757965087891,34.389114198311844,-2.832271211726564,-2.1135816601176094,-0.7186895516089544,117.59220716346692,109.56699981689454,101.54179247032215,14.64894970197943
2022-09-19,101.75,103.33000183105467,101.5500030517578,103.06999969482422,102.09846496582033,23036800,0.0026263945345821327,108.85999984741211,112.68190963745117,35.13646262764739,-2.9484269211170044,-2.2805507123174884,-0.667876208799516,116.55179233580395,108.85999984741211,101.16820735902027,14.131531323118395
2022-09-20,102.08000183105467,102.37000274658205,100.5199966430664,101.13999938964844,100.18666076660156,26517100,-0.018725102281006656,108.20499992370605,112.39117965698242,32.30386187518418,-3.15979193804813,-2.456398957463617,-0.7033929805845132,116.17860499084048,108.20499992370605,100.23139485657163,14.73796048751262
2022-09-21,101.66999816894533,102.87999725341795,99.2699966430664,99.27999877929688,98.3441925048828,31487300,-0.018390355039490158,107.47599983215332,112.09636962890625,29.809696338721196,-3.4377584024176855,-2.6526708464544306,-0.7850875559632549,115.90143369427835,107.47599983215332,99.05056597002829,15.678726181255618
2022-09-22,98.81999969482422,101.23999786376952,98.79000091552734,100.13999938964844,99.19608306884766,34298600,0.008662337269407683,106.79849967956542,111.872099609375,32.40826836100551,-3.547757624645925,-2.83168820209273,-0.7160694225531952,115.2951181099141,106.79849967956542,98.30188124921675,15.9114939925966
2022-09-23,99.62999725341795,99.66000366210938,97.47000122070312,98.73999786376952,97.80927276611328,31625400,-0.013980494590414949,105.90299949645996,111.63954956054687,30.433039598441496,-3.7051900985456143,-3.0063885813833067,-0.6988015171623077,113.81263381269888,105.90299949645996,97.99336518022103,14.937507632167337
2022-09-26,98.0999984741211,99.87999725341795,97.8000030517578,98.16999816894533,97.2446517944336,27072700,-0.005772673241624449,105.2944995880127,111.36739959716797,29.640931915137273,-3.831780301916851,-3.171466925490016,-0.660313376426835,113.60736312438793,105.2944995880127,96.98163605163747,15.789739386009893
2022-09-27,99.43000030517578,100.0,96.87000274658205,97.5,96.58096313476562,30072800,-0.006824937386489371,104.69849967956543,111.13679962158203,28.695487126277243,-3.940740796076099,-3.325321699607233,-0.6154190964688664,113.4409097401934,104.69849967956543,95.95608961893745,16.700163015486417
2022-09-28,97.6500015258789,100.6999969482422,97.11000061035156,100.0500030517578,99.10694122314452,32466300,0.02615399563632681,104.25399971008301,110.86159973144531,36.93974905041745,-3.7777809307207377,-3.415813545829934,-0.3619673848908036,112.99259501028405,104.25399971008301,95.51540440988197,16.764048045162685
2022-09-29,98.63999938964844,98.63999938964844,95.95999908447266,97.41999816894533,96.50172424316406,31047200,-0.026286927513126113,103.71399955749511,110.53199966430664,32.73579299581222,-3.8168551473109034,-3.496021866126128,-0.3208332811847754,112.73572494557476,103.71399955749511,94.69227416941547,17.397314589296776
2022-09-30,97.0500030517578,98.9000015258789,95.55999755859376,95.6500015258789,94.7484130859375,32941500,-0.018168702901189437,103.00949974060059,110.15819976806641,30.24139038404543,-3.945168238418887,-3.5858511405846802,-0.35931709783420684,112.23713924066988,103.00949974060059,93.7818602405313,17.916094191907366
2022-10-03,96.76000213623048,99.29000091552734,96.5199966430664,98.63999938964844,97.71021270751952,27982000,0.03125962245822156,102.54899978637695,109.9729997253418,38.734088808106144,-3.762220907693745,-3.6211250940064934,-0.14109581368725177,111.6831943856522,102.54899978637695,93.4148051871017,17.814302661757743
2022-10-04,100.44000244140624,101.83999633789062,100.37999725341795,101.63999938964844,100.68194580078124,28850800,0.03041374090707527,102.29049987792969,109.85559967041016,45.85653232501689,-3.336695552764425,-3.56423918575808,0.2275436329936551,111.21799998199258,102.29049987792969,93.3629997738668,17.455189122580666
2022-10-05,99.83000183105467,101.93000030517578,98.8000030517578,101.43000030517578,100.4739227294922,22176900,-0.002066140752788437,101.88950004577637,109.78379974365234,45.458147597257984,-2.982033785096661,-3.4477981056257962,0.4657643205291353,110.1933224721938,101.88950004577637,93.58567761935895,16.299662718310973
2022-10-06,100.68000030517578,102.93000030517578,100.58999633789062,101.41999816894533,100.46401977539062,22324000,-9.856243125128117e-05,101.54150009155273,109.55099975585938,45.437899707527535,-2.6709794790152728,-3.2924343803036917,0.621454901288419,109.29313389475206,101.54150009155273,93.78986628835341,15.267912717874427
2022-10-07,99.8499984741211,100.52999877929688,98.3000030517578,98.68000030517578,97.74984741210938,27502800,-0.027016362368829983,100.94300003051758,109.24019973754883,40.16061494940696,-2.615412778437218,-3.1570300599303973,0.5416172814931794,107.55357442737048,100.94300003051758,94.33242563366468,13.097638062776726
2022-10-10,99.0,99.0999984741211,97.01000213623048,97.86000061035156,96.93757629394533,18225100,-0.008309691929641039,100.29300003051758,108.87099975585937,38.711572065248,-2.6074854214069205,-3.047121132225702,0.4396357108187816,105.216544570906,100.29300003051758,95.36945549012916,9.818321396089983
2022-10-11,97.43000030517578,99.25,96.30999755859376,97.18000030517578,96.26398468017578,26507100,-0.006948715240486347,99.93600006103516,108.51739974975585,37.503122814812976,-2.6258046341589676,-2.9628578326123556,0.337053198453388,104.67164184722172,99.93600006103516,95.2003582748486,9.477349069993405
2022-10-12,97.3000030517578,98.75,96.73999786376952,97.55999755859376,96.64039611816406,21876400,0.0039102000528947745,99.56399993896484,108.16599975585937,38.65556412833268,-2.579920422975121,-2.886270350684909,0.30634992770978764,103.79165002686808,99.56399993896484,95.3363498510616,8.492326725513028
2022-10-13,95.1500015258789,99.77999877929688,94.37999725341795,99.05999755859376,98.1262664794922,34574500,0.015375251147681013,99.37149963378906,107.78559967041015,43.114750781263496,-2.3949123324695307,-2.7879987470418337,0.393086414572303,103.31313067849648,99.37149963378906,95.42986858908164,7.9331217889101024
2022-10-14,99.98999786376952,100.69000244140624,96.37000274658205,96.55999755859376,95.64982604980467,25410700,-0.02523728374201506,99.05949935913085,107.3529995727539,38.138750785689574,-2.4221007250082494,-2.714819142635117,0.29271841762686757,102.85120876959655,99.05949935913085,95.26778994866515,7.655418077006862
2022-10-17,98.86000061035156,100.93000030517578,98.83000183105467,99.97000122070312,99.02769470214844,28419200,0.03531494820058434,98.90449943542481,107.00299957275391,47.10602087757058,-2.1437768005326063,-2.600610674214615,0.45683387368200856,102.2556097719378,98.90449943542481,95.55338909891182,6.776456795478639
2022-10-18,103.12999725341795,103.47000122070312,99.97000122070312,100.7699966430664,99.82014465332033,24060700,0.008002306360411549,98.8859992980957,106.67239944458008,48.97474042140886,-1.8374689422445556,-2.447982327820603,0.6105133855760476,102.19131250934154,98.8859992980957,95.58068608684985,6.685098466329596
2022-10-19,100.01000213623048,101.0199966430664,98.91999816894533,99.62999725341795,98.69087982177734,23811100,-0.011312995342422805,98.90349922180175,106.33239944458008,46.45601050995024,-1.6674844582330763,-2.291882753903098,0.6243982956700216,102.22065612318355,98.90349922180175,95.58634232041996,6.707865601282137
2022-10-20,100.0,102.31999969482422,99.38999938964844,99.97000122070312,99.02769470214844,25323200,0.0034128268081035085,98.89499931335449,105.9377995300293,47.32610996920816,-1.4881802359536493,-2.1311422503132085,0.6429620143595591,102.20028896546148,98.89499931335449,95.5897096612475,6.6844424390640675
2022-10-21,97.8499984741211,101.30999755859376,97.72000122070312,101.12999725341795,100.17674255371094,32458700,0.011603297996773065,99.01449928283691,105.58359954833985,50.29384771725854,-1.238205104937478,-1.9525548212380626,0.7143497163005845,102.45863295940109,99.01449928283691,95.57036560627273,6.95682693243934
2022-10-24,101.8000030517578,102.75,99.9800033569336,102.5199966430664,101.55365753173828,27176400,0.01374485676941517,99.23199920654297,105.20039947509765,53.6628567287745,-0.9173619016344787,-1.745516237317346,0.8281543356828673,102.97203902411682,99.23199920654297,95.49195938896911,7.53797131465483
2022-10-25,102.9000015258789,104.81999969482422,102.72000122070312,104.4800033569336,103.49518585205078,40611400,0.019118251055662006,99.58099937438965,104.84839950561523,57.98702959776297,-0.4991809429360643,-1.4962491784410896,0.9970682355050253,103.87157493375474,99.58099937438965,95.29042381502455,8.61725748148808
2022-10-26,96.43000030517578,98.30999755859376,94.69000244140624,94.93000030517578,94.03519439697266,88114100,-0.09140513519731674,99.32499923706055,104.31299957275391,38.92606336580592,-0.9276812222392294,-1.3825355872007177,0.45485436496148823,104.06095319881516,99.32499923706055,94.58904527530595,9.53627787190056
2022-10-27,94.5199966430664,95.43000030517578,91.8000030517578,92.22000122070312,91.3507308959961,60710900,-0.028547433949506318,99.06499938964843,103.76639953613281,35.37275236538889,-1.4690112116541627,-1.3998307120914069,-0.06918049956275585,104.68009100010553,99.06499938964843,93.44990777919134,11.336176540760844
2022-10-28,92.2699966430664,96.5500030517578,92.12999725341795,96.29000091552734,95.38236236572266,43697300,0.04413354365294153,99.09699935913086,103.28879959106445,43.6868058285389,-1.5517169403932343,-1.4302079577517723,-0.12150898264146193,104.64072004347301,99.09699935913086,93.55327867478871,11.188473354781445
2022-10-31,95.41999816894533,96.02999877929688,93.9800033569336,94.51000213623048,93.619140625,31675000,-0.018485825859103522,98.89049949645997,102.8347996520996,41.19100701942467,-1.7408256966951967,-1.4923315055404571,-0.24849419115473959,104.78359793132663,98.89049949645997,92.99740106159331,11.918431932033302
2022-11-01,95.4499969482422,96.02999877929688,90.37000274658205,90.47000122070312,89.61721801757812,47161400,-0.04274684194604972,98.33199958801269,102.35939971923828,36.143918135070756,-2.191428633535722,-1.6321509311395102,-0.5592777023962117,105.12537348335808,98.33199958801269,91.53862569266731,13.817219061562822
2022-11-02,90.94000244140624,91.18000030517578,86.87999725341797,86.97000122070312,86.15022277832031,57038300,-0.03868670904934557,97.60899963378907,101.82159973144532,32.43594665324295,-2.798693856034305,-1.8654595161184693,-0.9332343399158356,105.85269375946896,97.60899963378907,89.36530550810917,16.891258299150103
2022-11-03,86.31999969482422,86.5199966430664,83.33999633789062,83.43000030517578,82.64359283447266,61288000,-0.04070366658100044,96.70949974060059,101.2163996887207,29.175754048317657,-3.5249707403583415,-2.197361760966444,-1.3276089793918975,106.81029946297669,96.70949974060059,86.6087000182245,20.888950412253195
2022-11-04,85.4000015258789,86.63999938964844,83.70999908447266,86.58000183105469,85.76390075683594,51124900,0.03775619882128023,96.10449981689453,100.61499969482422,35.398098580803136,-3.8025383115921443,-2.5183970710915844,-1.2841412405005599,107.07294667530228,96.10449981689453,85.13605295848679,22.826083855190234
2022-11-07,87.27999877929688,88.9000015258789,86.8499984741211,88.48999786376953,87.65589904785156,34078900,0.0220605438222774,95.63599967956543,100.17799972534179,38.903172178099766,-3.8243076561132625,-2.77957918809592,-1.0447284680173423,107.05565941016455,95.63599967956543,84.21633994896631,23.881508571796033
2022-11-08,88.9000015258789,90.31999969482422,87.58999633789062,88.9000015258789,88.06202697753906,30429000,0.004633207052793908,95.22199974060058,99.76759979248047,39.66000002013454,-3.7650747118961476,-2.976678292855966,-0.7883964190401818,106.98299422251966,95.22199974060058,83.4610052586815,24.702263161785822
2022-11-09,88.44999694824219,89.44000244140625,87.27999877929688,87.31999969482422,86.4969253540039,31769100,-0.017772718585439162,94.7099998474121,99.33519973754883,37.72083709972337,-3.8018003323014113,-3.1417027007450553,-0.660097631556356,106.90292770853438,94.7099998474121,82.51707198628984,25.747920770280597
2022-11-10,92.25,94.38999938964844,91.61000061035156,93.94000244140624,93.05453491210938,51620100,0.07581320990621676,94.45400009155273,99.0495997619629,48.97747716490699,-3.259157219418043,-3.165193604479653,-0.09396361493839,106.48477020448085,94.45400009155273,82.4232299786246,25.47434751575771
2022-11-11,94.69000244140624,96.93000030517578,93.91999816894533,96.41000366210938,95.5012435913086,33090500,0.026293277178916163,94.44650039672851,98.78299987792968,52.43212250141497,-2.5998309541750757,-3.0521210744187375,0.4522901202436618,106.47219578018988,94.44650039672851,82.42080501326714,25.465624100303714
2022-11-14,95.08999633789062,96.79000091552734,94.51000213623048,95.6999969482422,94.79793548583984,30179500,-0.00736438688147889,94.23300018310547,98.5399998474121,51.35570632183827,-2.1102758009835014,-2.8637520197316904,0.7534762187481889,106.00786572549606,94.23300018310547,82.45813464071489,24.99095968399749
2022-11-15,98.26000213623048,100.13999938964844,96.70999908447266,98.44000244140624,97.5121078491211,41640800,0.028631133677870846,94.11650047302246,98.37259994506836,55.179813851298604,-1.4840965299287916,-2.587820921771111,1.1037243918423192,105.67446218209297,94.11650047302246,82.55853876395194,24.560967845130374
2022-11-16,97.9000015258789,99.63999938964844,97.63999938964844,98.8499984741211,97.91825103759766,29105200,0.004165053934686469,94.07750053405762,98.16059997558594,55.74049716230441,-0.9438812177470908,-2.259032980966307,1.315151763219216,105.56583662781713,94.07750053405762,82.5891644402981,24.423132052919595
2022-11-17,96.97000122070312,99.27999877929688,96.79000091552734,98.36000061035156,97.432861328125,26052600,-0.00495709129124744,93.99700050354004,97.96020004272461,54.857260065910026,-0.5489672703527475,-1.9170198388435948,1.3680525684908473,105.34070332474406,93.99700050354004,82.65329768233602,24.13630809586696
2022-11-18,98.7699966430664,98.9000015258789,96.37000274658205,97.43000030517578,96.5116195678711,28342300,-0.009455144267511928,93.81200065612794,97.69580001831055,53.13629781768269,-0.30749377727602223,-1.5951146265300804,1.2876208492540582,104.79944180147538,93.81200065612794,82.82455951078049,23.42438295420732
2022-11-21,97.29000091552734,98.4000015258789,95.36000061035156,95.5999984741211,94.69888305664062,21647400,-0.018782572703131106,93.46600074768067,97.39059997558594,49.82400314453856,-0.26078399255899853,-1.3282484997358641,1.0674645071768656,103.74795326622565,93.46600074768067,83.18404822913568,22.001481685949052
2022-11-22,95.9499969482422,97.22000122070312,94.0500030517578,97.0500030517578,96.13521575927734,23438500,0.015167366882010924,93.09450073242188,97.2452000427246,52.35813362624871,-0.10554622919364931,-1.0837080456274213,0.978161816433772,102.23090387348694,93.09450073242188,83.95809759135682,19.628233825165438
2022-11-23,97.08999633789062,98.76000213623048,97.08999633789062,98.45999908447266,97.53190612792967,18868100,0.014528394799150801,93.27100067138672,97.11440002441407,54.75129674766042,0.12975992111481105,-0.8410144522789749,0.9707743733937859,102.6748911545379,93.27100067138672,83.86711018823553,20.16466086020255
2022-11-25,98.23999786376952,98.63999938964844,97.4000015258789,97.45999908447266,96.5413589477539,9701400,-0.010156134740938016,93.53300056457519,97.00539993286132,52.728304877245876,0.23286576627253908,-0.6262384085686721,0.8591041748412112,103.09580360630301,93.53300056457519,83.97019752284737,20.447976615752122
2022-11-28,97.04000091552734,97.58000183105467,95.61000061035156,96.0500030517578,95.14462280273438,26237500,-0.014467748954884896,93.52100067138672,96.87039993286133,49.92713805427943,0.19851464216219483,-0.4612877984224988,0.6598024405846936,103.07052820641165,93.52100067138672,83.97147313636178,20.422209913215074
2022-11-29,95.7300033569336,96.12000274658205,94.11000061035156,95.19000244140624,94.29273986816406,20061700,-0.008953558377508553,93.55500068664551,96.71279998779296,48.243684327488445,0.10073505586920817,-0.3488832275641574,0.4496182834333656,103.12319491231955,93.55500068664551,83.98680646097148,20.454693293674133
2022-11-30,94.81999969482422,101.04000091552734,94.41999816894533,100.98999786376952,100.0380630493164,43647500,0.06093070568513759,94.08100051879883,96.7097999572754,58.425121296408186,0.48565683755617783,-0.18197521454009036,0.6676320520962682,104.06078156400807,94.08100051879883,84.1012194735896,21.215295309737108
2022-12-01,101.0199966430664,102.25,100.25,100.98999786376952,100.0380630493164,28687100,0.0,94.78200035095213,96.74399993896485,58.425121296408186,0.7816991811849334,0.010759664604914398,0.770939516580019,104.63410740024175,94.78200035095213,84.92989330166252,20.78898316728899
2022-12-02,99.0500030517578,100.7699966430664,98.9000015258789,100.44000244140624,99.49325561523438,21480700,-0.0054460014266115575,95.63250045776365,96.75,57.187890862475605,0.9608586568173934,0.2007794630474102,0.7600791937699831,104.28117828198475,95.63250045776365,86.98382263354256,18.087319233152975
2022-12-05,99.4000015258789,101.37999725341795,99.0,99.4800033569336,98.54232025146484,24405100,-0.009557787187576161,96.27750053405761,96.76480010986329,54.99862148037098,1.013694687604925,0.36336250795891323,0.6503321796460119,104.00450753211379,96.27750053405761,88.55049353600143,16.051532196398885
2022-12-06,99.3000030517578,99.77999877929688,96.41999816894533,96.9800033569336,96.0658721923828,24910700,-0.025130807279172385,96.70200080871581,96.74100021362305,49.666361208809754,0.8441081625797153,0.45951163888307367,0.38459652369664166,103.55440897596267,96.70200080871581,89.84959264146894,14.17221590027174
2022-12-07,96.41000366210938,96.87999725341795,94.72000122070312,94.94000244140624,94.04508972167967,31045400,-0.021035383581968436,97.00400085449218,96.68980026245117,45.76705335702131,0.5388866450098533,0.4753866401084296,0.06350000490142366,102.92323819281198,97.00400085449218,91.08476351617237,12.204109698936584
2022-12-08,95.37999725341795,95.58000183105467,93.4499969482422,93.70999908447266,92.82669067382812,32213300,-0.012955477542286542,97.3235008239746,96.56300018310547,43.54709422053486,0.19549189314122373,0.4194076907149885,-0.22391579757376479,101.57122534251994,97.3235008239746,93.07577630542926,8.729082868130774
2022-12-09,93.7699966430664,94.26000213623048,92.75,92.83000183105467,91.95498657226562,28225400,-0.009390662267875882,97.26800079345702,96.47120025634766,41.97826309603029,-0.14597661806145368,0.3063308289597001,-0.4523074470211538,101.71541992715774,97.26800079345702,92.8205816597563,9.14467059551179
2022-12-12,92.70999908447266,93.55999755859376,91.61000061035156,93.30999755859376,92.4304656982422,29420000,0.005170781310515515,97.11300048828124,96.42440017700196,43.18067651074076,-0.3735551187377979,0.17035363942020051,-0.5439087581579984,101.87423590341733,97.11300048828124,92.35176507314516,9.8055572193151
2022-12-13,97.76000213623048,99.52999877929688,95.02999877929688,95.62999725341795,94.72859191894533,40593700,0.024863298084051744,97.10950050354003,96.36420013427734,48.712977650891396,-0.36252912374054347,0.06377708678805173,-0.4263062105285952,101.87498658544854,97.10950050354003,92.34401442163153,9.814665006406422
2022-12-14,95.1999969482422,96.87000274658205,93.5999984741211,95.06999969482422,94.17388153076172,28733600,-0.005855786272620289,96.94100036621093,96.23280014038086,47.5104858756426,-0.394431307562229,-0.027864592082004418,-0.36656671548022457,101.74455676123337,96.94100036621093,92.13744397118849,9.910267847198188
2022-12-15,93.12999725341795,93.63999938964844,90.01000213623047,90.86000061035156,90.0035629272461,40107000,-0.04428317635132628,96.54150047302245,96.02140014648438,39.59681107115931,-0.7507713351575234,-0.17244594069710822,-0.5783253944604152,101.93618398852928,96.54150047302245,91.14681695751563,11.175884959472567
2022-12-16,90.76000213623048,91.33000183105467,89.5199966430664,90.26000213623048,89.4092025756836,58011800,-0.006603742476761099,96.1365005493164,95.79820022583007,38.60976214112572,-1.0692624449110042,-0.35180924153988746,-0.7174532033711167,102.10948692137546,96.1365005493164,90.16351417725733,12.4260532428992
2022-12-19,90.26000213623048,90.55999755859376,88.20999908447266,88.44000244140625,87.60636138916016,29493000,-0.02016393318123333,95.68700065612792,95.59340026855469,35.70250768682797,-1.4517923504883328,-0.5718058633295766,-0.8799864871587562,102.4973570261153,95.68700065612792,88.87664428614055,14.234653240855305
2022-12-20,88.11000061035156,89.18000030517578,87.44000244140625,89.0199966430664,88.1808853149414,23453800,0.006558016069508232,95.35800056457518,95.41660018920898,37.322215129991974,-1.6886832820704711,-0.7951813470777556,-0.8935019349927156,102.76315176298841,95.35800056457518,87.95284936616194,15.531263563771066
2022-12-21,89.08000183105469,90.22000122070312,88.31999969482422,89.58000183105469,88.73561096191406,24745600,0.006290769762533399,94.98450050354003,95.26460021972656,38.92206765565803,-1.81036455783439,-0.9982179892290826,-0.8121465686053075,102.75513332709909,94.98450050354003,87.21386767998098,16.361896482825525
2022-12-22,88.16000366210938,88.54000091552734,86.31999969482422,87.76000213623047,86.93277740478516,27658300,-0.020316911526114256,94.44950065612792,95.0686003112793,35.73005945236579,-2.030253116406513,-1.2046250146645687,-0.8256281017419442,102.65076228994299,94.44950065612792,86.24823902231286,17.366447841104524
2022-12-23,87.11000061035156,89.55000305175781,87.06999969482422,89.2300033569336,88.38892364501953,23003000,0.01675025558488863,94.03800086975096,94.87200042724609,40.00945073323675,-2.0621286348168297,-1.376125738695021,-0.6860028961218088,102.4177010042056,94.03800086975096,85.65830073529632,17.821944441505284
2022-12-27,88.80000305175781,88.94000244140625,87.01000213623047,87.38999938964844,86.5662612915039,20097300,-0.0206209361801446,93.6050006866455,94.68860046386719,36.71416204800172,-2.210383233413836,-1.542977237638784,-0.667405995775052,102.40835072449528,93.6050006866455,84.80165064879571,18.809572081132934
2022-12-28,86.9800033569336,88.04000091552734,85.94000244140625,86.0199966430664,85.20917510986328,19523200,-0.015676848709808122,93.1465003967285,94.40960037231446,34.43970537988773,-2.410635537074299,-1.716508897525887,-0.6941266395484118,102.50930408906319,93.1465003967285,83.7836967043938,20.103393369491602
2022-12-29,86.62000274658203,88.8499984741211,86.61000061035156,88.44999694824219,87.61626434326172,23333500,0.028249178921106566,92.51950035095214,94.16320037841797,41.37687889143869,-2.346210559334722,-1.842449229887654,-0.5037613294470678,101.36240231675575,92.51950035095214,83.67659838514854,19.11575815316776
2022-12-30,86.9800033569336,88.30000305175781,86.56999969482422,88.2300033569336,87.39835357666016,23986300,-0.0024871040580757287,91.88150062561036,93.93520050048828,40.954375351920326,-2.2865470534683823,-1.9312687946037999,-0.3552782588645824,99.9993101730238,91.88150062561036,83.76369107819691,17.670171889096782
2023-01-03,89.58999633789062,91.0500030517578,88.5199966430664,89.12000274658203,88.27996826171875,28131200,0.01008731456577494,91.31550064086915,93.71820053100586,43.46927988596476,-2.142747522877869,-1.9735645402586137,-0.16918298261925524,98.49136235624151,91.31550064086915,84.13963892549678,15.716634448720827
2023-01-04,90.3499984741211,90.6500015258789,87.2699966430664,88.08000183105469,87.249755859375,34854800,-0.011669832042638939,90.7455005645752,93.45720062255859,41.257869830884616,-2.088628333792002,-1.9965772989652915,-0.09205103482671051,96.98691551631349,90.7455005645752,84.5040856128369,13.755866490144827
2023-01-05,87.47000122070312,87.56999969482422,85.9000015258789,86.19999694824219,85.38746643066406,27194400,-0.021344351171738385,90.20650024414063,93.13080062866212,37.54002444870381,-2.1723971269115765,-2.0317412645545487,-0.14065586235702776,96.05044504450461,90.20650024414063,84.36255544377664,12.956815272840782
2023-01-06,86.79000091552734,87.69000244140625,84.86000061035156,87.33999633789062,86.51673126220703,41381500,0.013225182556036552,89.82649993896484,92.78800048828126,41.011259114409924,-2.1223311630656525,-2.0498592442567696,-0.07247191880888293,95.37052827768852,89.82649993896484,84.28247160024117,12.343859200771986
2023-01-09,88.36000061035156,90.05000305175781,87.86000061035156,88.0199966430664,87.19032287597656,29003900,0.00778568034115934,89.54199981689453,92.64980041503907,43.04458214135026,-2.0046745441060665,-2.040822304226629,0.036147760120562644,94.83811789070339,89.54199981689453,84.24588174308568,11.829349544658257
2023-01-10,85.9800033569336,88.66999816894531,85.83000183105469,88.41999816894531,87.58655548095703,30467800,0.004544456218427806,89.32149963378906,92.57380035400391,44.26168782391102,-1.8577391848043021,-2.0042056803421637,0.14646649553786162,94.41502212998971,89.32149963378906,84.22797713758841,11.404919346593328
2023-01-11,89.18000030517578,91.5999984741211,89.01000213623047,91.5199966430664,90.65731811523438,26862000,0.03505974880979301,89.2319995880127,92.4784002685547,52.69807624250553,-1.4741547465633005,-1.8981954935863912,0.4240407470230907,94.0999545043253,89.2319995880127,84.3640446717001,10.910782989932128
2023-01-12,91.4800033569336,91.87000274658205,89.75,91.12999725341795,90.27100372314452,30258100,-0.004261259875334211,89.00699958801269,92.41080017089844,51.63914221652319,-1.187937206414091,-1.7561438361519313,0.5682066297378403,93.01050920702473,89.00699958801269,85.00348996900065,8.995943324779192
2023-01-13,90.8499984741211,92.19000244140624,90.12999725341795,92.12000274658205,91.2516632080078,26329200,0.010863504828980242,88.85949974060058,92.44380020141601,54.1574085656913,-0.8711801517836619,-1.5791510992782776,0.7079709474946156,92.10406876029926,88.85949974060058,85.61493072090191,7.302694769091087
2023-01-17,92.05999755859376,92.25,90.05000305175781,91.29000091552734,90.42950439453124,32602400,-0.00900979537876978,88.88099975585938,92.5302001953125,51.72554678964861,-0.6792916635757535,-1.3991792121377729,0.7198875485620193,92.18349056845116,88.88099975585938,85.5785089432676,7.431263873410857
2023-01-18,92.13999938964844,92.8000030517578,90.63999938964844,91.12000274658205,90.26111602783205,29116700,-0.0018620954281086677,88.92399978637695,92.68400024414062,51.21825750703072,-0.5347715718919801,-1.2262976840886144,0.6915261121966343,92.31831075065739,88.92399978637695,85.52968882209652,7.634184185224741
2023-01-19,90.72000122070312,93.61000061035156,90.62999725341795,93.0500030517578,92.17291259765624,37000400,0.02118073267822984,89.15449981689453,92.81340026855469,56.441297477058875,-0.26148917859987364,-1.0333359829908664,0.7718468043909927,92.98421988096703,89.15449981689453,85.32477975282202,8.591198586583921
2023-01-20,95.0999984741211,98.3000030517578,95.0199966430664,98.0199966430664,97.09606170654295,63191100,0.05341210308040001,89.60449981689453,93.00400024414063,66.41390427411443,0.3520676174866537,-0.7562552628953624,1.108322880382016,95.04256420998325,89.60449981689453,84.16643542380581,12.137927010811572
2023-01-23,97.9499969482422,100.04000091552734,97.5,99.79000091552734,98.84937286376952,40005100,0.018057489937394866,90.11499977111816,93.2218002319336,69.12499451468534,0.9699592644460608,-0.41101235742707776,1.3809716218731385,97.13489079777374,90.11499977111816,83.09510874446259,15.579850290152129
2023-01-24,98.0999984741211,99.61000061035156,97.1999969482422,97.6999969482422,96.7790756225586,33078500,-0.02094395929111381,90.61199951171875,93.42940017700195,62.690107230361036,1.2762847766172172,-0.07355293061821877,1.349837707235436,98.27281335365636,90.61199951171875,82.95118566978114,16.909049316248332
2023-01-25,95.56999969482422,96.16000366210938,93.76000213623048,95.22000122070312,94.32245635986328,42330000,-0.025383785150792315,90.91149940490723,93.45500015258789,56.0254242842741,1.303904424393565,0.20193854038413797,1.1019658840094269,98.79781801705933,90.91149940490723,83.02518079275514,17.349441300109955
2023-01-26,96.5,97.56999969482422,95.37999725341795,97.5199966430664,96.6007843017578,30114000,0.02415467143054606,91.41799926757812,93.47720001220704,60.24644229322072,1.4941598582029627,0.46038280394790293,1.0337770542550597,99.62909587440801,91.41799926757812,83.20690266074824,17.96385104162303
2023-01-27,97.30999755859376,100.31999969482422,97.30999755859376,99.37000274658205,98.43334197998048,33879800,0.018970422357009076,92.0854995727539,93.55060012817383,63.29809447863347,1.773771754964244,0.7230605941511712,1.0507111608130728,100.59778870413489,92.0854995727539,83.57321044137292,18.487794866456007
2023-01-30,97.4800033569336,98.29000091552734,96.4000015258789,96.94000244140624,96.02625274658205,27226200,-0.02445400293213651,92.5099998474121,93.52060012817383,57.09800681704595,1.7787808035242705,0.9342046360257912,0.8445761674984793,101.10116554697073,92.5099998474121,83.91883414785347,18.573485490712518
2023-01-31,96.87000274658205,98.87999725341795,96.81999969482422,98.83999633789062,97.9083251953125,29870700,0.01959956152508968,93.04049949645996,93.52040008544923,60.3668657086001,1.9140007301381559,1.1301638548482642,0.7838368752898917,101.81731587194069,93.04049949645996,84.26368312097922,18.86665790270113
2023-02-01,98.70999908447266,101.19000244140624,97.58000183105467,100.43000030517578,99.48334503173828,35531100,0.016086679383840563,93.60599937438965,93.5618000793457,62.913492625308606,2.1249682172670674,1.329124727332025,0.7958434899350424,102.749315552254,93.60599937438965,84.4626831965253,19.535748219073948
2023-02-02,105.8000030517578,107.8499984741211,105.61000061035156,107.73999786376952,106.72444152832033,69883800,0.07278702273503068,94.5889991760254,93.76800003051758,71.86439580345007,2.8491736808910275,1.6331345180438257,1.2160391628472018,105.2464721024796,94.5889991760254,83.93152624957119,22.534275696524034
2023-02-03,102.93000030517578,107.80999755859376,102.58000183105467,104.77999877929688,103.79234313964844,65309300,-0.02747354164316551,95.51799926757812,93.95160003662109,65.02111494703703,3.147976625072772,1.9361029394496152,1.211873685623157,106.32659711396468,95.51799926757812,84.70940142119156,22.63154155084014
2023-02-06,102.4000015258789,104.36000061035156,101.87999725341795,102.9000015258789,101.93006896972656,31999600,-0.017942307819530212,96.29599952697754,94.06860000610351,61.04506812634328,3.196235827505788,2.18812951706085,1.008106310444938,106.87557867149592,96.29599952697754,85.71642038245916,21.973039786672516
2023-02-07,103.22000122070312,108.18000030517578,103.12000274658205,107.63999938964844,106.62539672851562,49010200,0.04606420662958244,97.27699966430664,94.25220001220703,66.59200369280086,3.575740891735421,2.4656517919957643,1.1100890997396569,108.23678395175163,97.27699966430664,86.31721537686165,22.53314622216172
2023-02-08,102.0500030517578,103.13999938964844,98.04000091552734,99.37000274658205,98.43334197998048,94743500,-0.07683023932275113,97.82449989318847,94.29040008544922,52.53605915283157,3.1726099033888318,2.607043414274378,0.5655664891144538,108.02767013128314,97.82449989318847,87.6213296550938,20.860153129809394
2023-02-09,100.0,100.02999877929688,93.62999725341795,95.01000213623048,94.11443328857422,119455000,-0.04387648132768518,97.99900016784667,94.26960006713867,46.9138739348119,2.4728051213412243,2.5801957556877473,-0.10739063434652296,107.87917267660089,97.99900016784667,88.11882765909246,20.16382308356628
2023-02-10,95.4499969482422,96.75,94.25,94.56999969482422,93.67858123779295,54980700,-0.004631086174049948,98.17100028991699,94.25720001220704,46.37451207895018,1.8612449962476916,2.436405603799736,-0.5751606075520446,107.67965115509685,98.17100028991699,88.66234942473713,19.371608391682
2023-02-13,94.73999786376952,95.1999969482422,93.83999633789062,94.61000061035156,93.71820831298828,50076100,0.0004230110519578556,98.29550018310547,94.12960006713867,46.43480428263846,1.3640826351338688,2.221941010066563,-0.857858374932694,107.54567152594849,98.29550018310547,89.04532884026246,18.82114913828556
2023-02-14,94.43000030517578,94.8499984741211,92.26000213623048,94.68000030517578,93.78754425048828,54726100,0.0007398342194981922,98.46500015258789,94.0034001159668,46.5480610764556,0.9646068847300171,1.9704741849992538,-1.0058673002692367,107.3108869249353,98.46500015258789,89.61911338024048,17.96757580589903
2023-02-15,94.48999786376952,97.12000274658205,94.1500015258789,96.94000244140624,96.02625274658205,50169000,0.023869998025693118,98.7560001373291,93.93340011596679,50.20850783876453,0.820919707848148,1.7405632895690326,-0.9196435817208846,106.97708978832362,98.7560001373291,90.53491048633457,16.649296527932204
2023-02-16,95.37000274658205,97.68000030517578,94.73999786376952,95.51000213623048,94.6097412109375,42462600,-0.014751294517164837,98.87900009155274,93.85400009155273,47.9700310532966,0.5849149756007819,1.5094336267753825,-0.9245186511746006,106.82389903057337,98.87900009155274,90.93410115253211,16.06994191216415
2023-02-17,94.8499984741211,95.55999755859376,93.20999908447266,94.3499984741211,93.46065521240234,34284100,-0.012145535796078466,98.69550018310547,93.80139999389648,46.17174218613074,0.3008093807019634,1.2677087775606988,-0.9668993968587354,106.87728018692417,98.69550018310547,90.51372017928676,16.579844042817353
2023-02-21,93.0,93.0999984741211,91.72000122070312,91.79000091552734,90.9247817993164,33629300,-0.02713305836903035,98.29550018310547,93.73839996337891,42.39458771310177,-0.12942482944222888,0.9882820561601132,-1.1177068856023422,106.99027572288432,98.29550018310547,89.60072464332663,17.691095774643117
2023-02-22,91.6999969482422,92.11000061035156,90.61000061035156,91.6500015258789,90.7861099243164,30884000,-0.0015251273883292171,97.99300041198731,93.69720001220703,42.1913132594278,-0.4761960299608461,0.6953864389359214,-1.1715824688967675,107.1578628169077,97.99300041198731,88.82813800706693,18.705136828934698
2023-02-23,91.91999816894533,91.94000244140624,89.76000213623047,90.88999938964844,90.03327178955078,41206400,-0.008292437415737153,97.77650032043456,93.65839996337891,41.04087748505366,-0.803083083628195,0.39569253442309815,-1.1987756180512932,107.38690268163933,97.77650032043456,88.1660979592298,19.657898021936585
2023-02-24,89.44000244140625,89.88999938964844,88.58000183105469,89.12999725341797,88.28986358642578,36585100,-0.019364043630449745,97.35700035095215,93.57479995727539,38.42771192225674,-1.19043826094574,0.07846637534933054,-1.2689046362950704,107.68149340760877,97.35700035095215,87.03250729429553,21.209554566058788
2023-02-27,89.87000274658203,90.16000366210938,89.33999633789062,89.87000274658203,89.02289581298828,27502300,0.008302563814077457,96.88200035095215,93.45960006713867,40.15314474449289,-1.421323636757549,-0.2214916270720454,-1.1998320096855037,107.65665801482047,96.88200035095215,86.10734268708384,22.242847226187394
2023-02-28,89.33000183105469,91.2300033569336,89.31999969482422,90.05999755859375,89.21109008789062,30142000,0.002113998575127063,96.53800010681152,93.35940002441406,40.613288488559576,-1.5708630358028302,-0.4913659088182024,-1.0794971269846276,107.7150826721758,96.53800010681152,85.36091754144725,23.155819579849865
2023-03-01,89.9800033569336,91.02999877929688,89.66999816894531,90.36000061035156,89.50826263427734,31111200,0.0033311166368883427,96.11400032043457,93.34940002441407,41.37971187738858,-1.6461900931960542,-0.7223307456937729,-0.9238593475022814,107.54998605073564,96.11400032043457,84.6780145901335,23.796711597009022
2023-03-02,89.66000366210938,92.27999877929688,89.58999633789062,92.0,91.13279724121094,32204400,0.01814954909326416,95.69250030517578,93.38419998168945,45.519014019646704,-1.5556208553048663,-0.8889887676159915,-0.6666320876888747,107.08243222445633,95.69250030517578,84.30256838589524,23.80527603094615
2023-03-03,92.4800033569336,93.7300033569336,92.4499969482422,93.6500015258789,92.76726531982422,35160100,0.017935014924288506,94.98800048828124,93.48839996337891,49.39098759545419,-1.3353101243478847,-0.9782530389623703,-0.3570570853855144,104.96553474909177,94.98800048828124,85.01046622747072,21.00798881863287
2023-03-06,94.0199966430664,95.97000122070312,94.0,95.12999725341795,94.23330688476562,32639300,0.015803436264797632,94.5055004119873,93.61059997558594,52.64216077876154,-1.0294224551693816,-0.9884869222037725,-0.040935532965609034,103.41882477168406,94.5055004119873,85.59217605229054,18.863080605552078
2023-03-07,94.9800033569336,95.66999816894533,93.52999877929688,93.86000061035156,92.97527313232422,27835500,-0.01335020274710097,94.05350036621094,93.69619995117188,49.69212934679661,-0.879345837394709,-0.9666587052419598,0.0873128678472509,102.09215318768496,94.05350036621094,86.01484754473692,17.0937876637751
2023-03-08,94.12000274658205,95.95999908447266,94.0,94.25,93.36161041259766,34103300,0.0041552691082025195,93.38400039672851,93.82599990844727,50.607506202900076,-0.7206323440962308,-0.9174534330128141,0.19682108891658334,98.4747910647962,93.38400039672851,88.29320972866083,10.902918372398249
2023-03-09,94.0500030517578,95.52999877929688,91.9000015258789,92.31999969482422,91.44979858398438,28813500,-0.020477494123808615,93.03150024414063,93.88779983520507,46.133857331902746,-0.7420319694849979,-0.882369140307251,0.14033717082225305,97.33023248376972,93.03150024414063,88.73276800451154,9.241455266975198
2023-03-10,92.16999816894533,92.79000091552734,90.4000015258789,90.62999725341795,89.77571868896484,35941000,-0.01830599871121763,92.8125,93.95259979248047,42.584021512499945,-0.8851568625429564,-0.8829266847543922,-0.0022301777885642693,97.13196800147666,92.8125,88.49303199852334,9.30794451496655
2023-03-13,90.08999633789062,92.56999969482422,89.41999816894531,91.11000061035156,90.25119018554688,37335600,0.005296214873303784,92.63950004577637,94.05439987182618,43.90428262451071,-0.9489136264934643,-0.8961240731022067,-0.05278955339125768,96.94066589680143,92.63950004577637,88.33833419475131,9.285814040230585
2023-03-14,92.55999755859376,94.36000061035156,92.44000244140624,93.97000122070312,93.08423614501952,36050200,0.031390676994377475,92.60750007629395,94.16479995727539,51.116891913903444,-0.7599034797429454,-0.8688799544303545,0.10897647468740912,96.8587826905334,92.60750007629395,88.35621746205449,9.181292251139643
2023-03-15,93.22000122070312,96.93000030517578,92.63999938964844,96.11000061035156,95.2040557861328,50622100,0.022773132475521818,92.67900009155274,94.32239990234375,55.70611032465803,-0.4324465361944476,-0.7815932707831732,0.3491467345887256,97.11153947839168,92.67900009155274,88.2464607047138,9.565358673400159
2023-03-16,96.1999969482422,101.19000244140624,95.5,100.31999969482422,99.3743896484375,65492000,0.043804161785638396,92.84799995422364,94.5463998413086,63.05453275931883,0.1648765976683535,-0.5922992970928679,0.7571758947612214,98.0995624249456,92.84799995422364,87.59643748350167,11.312171448628112
2023-03-17,100.26000213623048,102.83999633789062,100.0999984741211,101.62000274658205,100.6621322631836,61028500,0.012958495838835571,93.15349998474122,94.81719985961914,64.98621804426378,0.7346898195225435,-0.3269014737697856,1.061591293292329,99.57050417546276,93.15349998474122,86.73649579401967,13.777269113393837
2023-03-20,100.12000274658205,101.75,99.87000274658205,101.22000122070312,100.26590728759766,32960400,-0.003936186991847168,93.49700012207032,95.11759994506836,63.879495779206174,1.140843192762432,-0.03335254046334207,1.1741957332257742,100.806811345166,93.49700012207032,86.18718889897464,15.636461519732054
2023-03-21,101.25,105.0999984741211,101.22000122070312,104.91999816894533,103.93102264404295,42110300,0.036553953937029426,94.15349998474122,95.46919998168946,69.1184115486322,1.7412099147587412,0.32155995058107456,1.4196499641776668,102.94119475960133,94.15349998474122,85.3658052098811,18.666740538130338
2023-03-22,104.2699966430664,106.58999633789062,103.33000183105467,103.37000274658205,102.39564514160156,43427400,-0.014773043345296055,94.73950004577637,95.77620010375976,64.87349973528683,2.068093496137024,0.6708666596922646,1.3972268364447595,104.3095198417366,94.73950004577637,85.16948024981613,20.202808314032012
2023-03-23,105.05999755859376,106.3000030517578,104.45999908447266,105.5999984741211,104.6046142578125,40797800,0.021572881475146577,95.475,96.11980010986328,67.92555486747023,2.4785222461813703,1.0323977769900856,1.4461244691912847,105.96536664404682,95.475,84.98463335595316,21.9751068741489
2023-03-24,104.98999786376952,105.48999786376952,103.83999633789062,105.44000244140624,104.44612121582033,30393300,-0.0015151630080251222,96.29050025939941,96.39820022583008,67.47257941056226,2.759074748635669,1.3777331713192025,1.3813415773164666,107.20819563868298,96.29050025939941,85.37280488011584,22.676578374548097
2023-03-27,104.62000274658205,104.76000213623048,101.93000030517578,102.45999908447266,101.49420928955078,31120900,-0.028262532795927497,96.92000007629395,96.62480026245117,59.51210401348117,2.7097173275138715,1.6441300025581365,1.065587324955735,107.73568210772625,96.92000007629395,86.10431804486164,22.31878254832514
2023-03-28,102.44000244140624,102.4499969482422,99.73999786376952,101.02999877929688,100.07769012451172,32057900,-0.013956650088261746,97.4685001373291,96.80300018310547,56.09216802155271,2.5260929153672294,1.8205225851199551,0.7055703302472742,107.94428457079245,97.4685001373291,86.99271570386576,21.495733326568885
2023-03-29,102.27999877929688,102.48999786376952,100.6500015258789,101.38999938964844,100.43429565429688,28779600,0.003563286975763358,98.02000007629394,97.0050001525879,56.765752953115644,2.382158248951413,1.9328497178862467,0.4493085310651661,108.09446924036713,98.02000007629394,87.94553091222075,20.555946044137364
2023-03-30,100.91000366210938,101.16000366210938,99.77999877929688,100.88999938964844,99.9390106201172,33086200,-0.0049314333411017985,98.46450004577636,97.20040008544922,55.4924386119874,2.2023557809737753,1.9867509305037525,0.21560485047002276,108.21662325430886,98.46450004577636,88.71237683724387,19.808404458457034
2023-03-31,101.3000030517578,103.88999938964844,101.04000091552734,103.7300033569336,102.7522430419922,36863400,0.02814949241961684,98.9685001373291,97.41400009155274,60.86246394154279,2.262939852957345,2.041988714994471,0.2209511379628739,108.71514409971951,98.9685001373291,89.2218561749387,19.696456850141054
2023-04-03,102.38999938964844,104.52999877929688,101.93000030517578,104.36000061035156,103.37631225585938,25035400,0.006073533729206604,99.43000030517578,97.54080017089844,61.958940942302746,2.3348737090238956,2.100565713800356,0.2343079952235394,109.27946595068538,99.43000030517578,89.58053465966618,19.811858825865635
2023-04-04,104.33000183105467,105.58000183105467,104.04000091552734,104.72000122070312,103.73291015625,24420100,0.0034495126843763213,99.97300033569336,97.63940017700196,62.60368028803518,2.3933418932747514,2.1591209496952355,0.23422094357951595,109.73130039188625,99.97300033569336,90.21470027950046,19.521870952009206
2023-04-05,105.77999877929688,106.0999984741211,103.66000366210938,104.47000122070312,103.48526763916016,28290500,-0.0023873090682293707,100.48400039672852,97.77480026245117,61.82010137004534,2.391932728305761,2.205683305417341,0.1862494228884204,110.05865404898509,100.48400039672852,90.90934674447195,19.057071005242932
2023-04-06,105.26000213623048,109.16999816894533,104.33000183105467,108.41999816894533,107.39803314208984,48711500,0.037809879533510005,101.28900032043457,98.03880020141601,68.52369981150515,2.6786696607020133,2.3002805764742753,0.378389084227738,110.68834730243242,101.28900032043457,91.88965333843672,18.559462433753684
2023-04-10,106.9800033569336,107.58999633789062,105.12000274658205,106.44000244140624,105.43670654296876,27067400,-0.018262220840917998,102.07950057983399,98.21720031738282,62.59118825118275,2.7148465763574876,2.3831937764509177,0.33165279990656993,110.35185552513637,102.07950057983399,93.80714563453161,16.207671272515224
2023-04-11,106.5500030517578,106.7300033569336,104.68000030517578,105.3499984741211,104.35697174072266,26311800,-0.010240596824845682,102.79150047302247,98.3368002319336,59.53541126206655,2.625300007741643,2.431615022709063,0.19368498503258014,109.46063282503656,102.79150047302247,96.12236812100838,12.976038527162848
2023-04-12,106.58000183105467,106.75,104.33999633789062,104.63999938964844,103.6536636352539,24370300,-0.006739445326337523,103.32500038146972,98.49080017089844,57.56401499057508,2.468586387326951,2.4390092956326406,0.029577091694310553,108.65964728231035,103.32500038146972,97.9903534806291,10.325955734130998
2023-04-13,105.83999633789062,107.48999786376952,105.83999633789062,107.43000030517578,106.4173583984375,24843600,0.02666277935827477,103.89100036621093,98.66260025024414,62.779682381168605,2.5402371977868228,2.459254876063477,0.08098232172334585,108.37831517141682,103.89100036621093,99.40368556100505,8.638505336147132
2023-04-14,106.88999938964844,108.94000244140624,106.83999633789062,108.87000274658205,107.84378814697266,26578000,0.013404107844835478,104.31850051879883,98.83140029907227,65.15980711518182,2.6822972902218396,2.5038633588951495,0.17843393132669005,108.98890225964612,104.31850051879883,99.64809877795153,8.954119772850188
2023-04-17,104.66000366210938,106.16000366210938,104.5199966430664,105.97000122070312,104.97113037109376,37571200,-0.026637211333525812,104.53600044250489,98.79600036621093,57.22357581532285,2.5316912888946064,2.509428944895041,0.02226234399956528,109.08710365183862,104.53600044250489,99.98489723317115,8.707245714526552
2023-04-18,106.48999786376952,106.54000091552734,104.06999969482422,104.5,103.51498413085938,26596400,-0.013871873486420716,104.70000038146972,98.790400390625,53.65612507728188,2.2675788965861727,2.4610589352332677,-0.19348003864709495,108.9902271284681,104.70000038146972,100.40977363447134,8.195275513595297
2023-04-19,103.58000183105467,104.9800033569336,103.06999969482422,104.18000030517578,103.19800567626952,20905700,-0.003062150443738143,104.66300048828126,98.81600036621094,52.8832353040021,2.009284836967254,2.370704115580065,-0.3614192786128112,108.95776122467237,104.66300048828126,100.36823975189014,8.206836640178267
2023-04-20,103.91000366210938,106.25,103.87000274658205,105.29000091552734,104.29753875732422,27820800,0.010654596218689694,104.75900039672851,98.76900039672852,55.28909371626058,1.8725669205762898,2.2710766765793102,-0.3985097560030204,109.0195594126682,104.75900039672851,100.49844138078882,8.134019988363201
2023-04-21,105.47000122070312,106.0,104.77999877929688,105.41000366210938,104.4164047241211,25800100,0.001139681417348104,104.74950065612794,98.88980041503906,55.55332638986931,1.7536848186232277,2.167598304988094,-0.41391348636486613,109.00335862802719,104.74950065612794,100.49564268422868,8.121963246132948
2023-04-24,105.48999786376952,106.62999725341795,104.6999969482422,105.97000122070312,104.97113037109376,23542800,0.005312629260108226,104.77600059509277,99.10900039672852,56.83530664689568,1.6852307283925825,2.0711247896689917,-0.38589406127640924,109.05327360959177,104.77600059509277,100.49872758059377,8.164604470881724
2023-04-25,105.83000183105467,106.69000244140624,103.83999633789062,103.8499984741211,102.87110900878906,46664100,-0.020005703995762514,104.84550056457519,99.29460037231445,50.85515707554991,1.4432766696139652,1.9455551656579866,-0.5022784960440214,109.01376961103792,104.84550056457519,100.67723151811246,7.951259756531861
2023-04-26,104.91999816894533,106.3499984741211,102.62999725341795,103.70999908447266,102.73242950439452,53347600,-0.0013480899130065005,104.97950057983398,99.47660034179688,50.477440911884976,1.2260958839936507,1.8016633093251195,-0.5755674253314689,108.80688934698486,104.97950057983398,101.1521118126831,7.291687893371633
2023-04-27,104.4499969482422,108.37000274658205,103.54000091552734,107.58999633789062,106.57585144042967,50089200,0.03741196382268708,105.2895004272461,99.73480026245117,59.463457783826435,1.3514828455723915,1.711627216574574,-0.36014437100218255,108.90205340471633,105.2895004272461,101.67694744977587,6.862133380462689
2023-04-28,107.04000091552734,107.3499984741211,105.08999633789062,107.33999633789062,106.32820129394533,36139800,-0.0023236985033403545,105.6120002746582,99.94280014038085,58.72406781171848,1.414375959680271,1.6521769651957134,-0.23780100551544248,108.71108065900707,105.6120002746582,102.51291989030933,5.868803500150156
2023-05-01,106.83999633789062,107.98999786376952,106.81999969482422,107.1999969482422,106.18952941894533,26681700,-0.0013041871611900735,105.78549995422364,100.1766000366211,58.28698292568329,1.4363649044973243,1.6090145530560358,-0.17264964855871145,108.83178537762325,105.78549995422364,102.73921453082403,5.759362908371796
2023-05-02,107.13999938964844,107.1999969482422,103.70999908447266,105.31999969482422,104.32726287841795,30997200,-0.017537195528762983,105.83349990844727,100.39600006103515,52.62277532223628,1.2872525885742476,1.5446621601596784,-0.25740957158543076,108.81805470285454,105.83349990844727,102.84894511403999,5.640094671326383
2023-05-03,105.52999877929688,107.48999786376952,104.95999908447266,105.41000366210938,104.4164047241211,21795400,0.0008544444016231889,105.86800003051758,100.66840011596679,52.85896224474039,1.1629369585196656,1.468317119831676,-0.3053801613120104,108.8159993920743,105.86800003051758,102.92000066896085,5.569198172643166
2023-05-04,105.48999786376952,105.5999984741211,103.97000122070312,104.69000244140624,103.70320129394533,23419500,-0.006830377200403803,105.87900009155274,100.92920013427734,50.682262685173136,0.9948498352183037,1.3736236629090017,-0.378773827690698,108.80762976426824,105.87900009155274,102.95037041883724,5.532031224668044
2023-05-05,104.81999969482422,105.87999725341795,104.11000061035156,105.56999969482422,104.57489776611328,26639300,0.008405685275781893,105.73650016784669,101.22280014038085,53.217928814741356,0.9220195356369629,1.283302837454594,-0.36128330181763113,108.42414018281475,105.73650016784669,103.04886015287862,5.083656089811359
2023-05-08,105.18000030517578,107.95999908447266,105.16000366210938,107.7699966430664,106.75415802001952,26511400,0.0208392291119448,105.8029998779297,101.59560012817383,58.90631944228175,1.0299497465297662,1.2326322192696284,-0.20268247273986217,108.61969270773182,105.8029998779297,102.98630704812757,5.324410145368059
2023-05-09,108.38999938964844,110.1500015258789,107.19000244140624,107.3499984741211,106.33811950683594,36360100,-0.003897164484268245,105.90299987792969,101.94520004272461,57.469644621650744,1.0692690065836956,1.199959576732442,-0.1306905701487464,108.78940895746295,105.90299987792969,103.01659079839642,5.451043091999884
2023-05-10,107.97000122070312,112.94000244140624,107.93000030517578,111.75,110.6966323852539,63153400,0.04098730444577581,106.25849990844726,102.37900009155274,66.64706727584999,1.4388865655954106,1.2477449745050357,0.19114159109037487,110.04588480127758,106.25849990844726,102.47111501561695,7.128624808544338
2023-05-11,115.4000015258789,117.91999816894533,114.41000366210938,116.56999969482422,115.4712142944336,78900000,0.04313213334767818,106.71549987792969,102.90320007324219,73.41476672779008,2.096576804686336,1.4175113405412958,0.6790654641450402,112.58915388297596,106.71549987792969,100.84184587288341,11.008061643838175
2023-05-12,116.68000030517578,118.02999877929688,116.11000061035156,117.51000213623048,116.4023666381836,41102300,0.00806393480348877,107.1474998474121,103.4134001159668,74.50141686564793,2.6629545166254616,1.6665999757581291,0.9963545408673324,114.639441835652,107.1474998474121,99.65555785917222,13.98435240935925
2023-05-15,116.11000061035156,118.4800033569336,116.01000213623048,116.51000213623048,115.41178131103516,36266800,-0.008510010197881113,107.67449989318848,103.87060012817383,71.16873240516742,2.9965785984395836,1.9325957002944203,1.0639828981451633,116.17580966172449,107.67449989318848,99.17319012465248,15.790757843257555
2023-05-16,116.48999786376952,120.75,116.43000030517578,119.51000213623048,118.3834991455078,45035600,0.02574882564600456,108.425,104.35820022583007,74.80934935924748,3.463132182784676,2.2387029967924716,1.2244291859922045,118.22395907196018,108.425,98.62604092803981,18.075091670666698
2023-05-17,119.61000061035156,121.66999816894533,118.88999938964844,120.83999633789062,119.70095825195312,33323600,0.011128739359410389,109.25799980163575,104.89780014038087,76.24167026861274,3.8952961275432187,2.570021622942621,1.3252745046005976,120.23372148852305,109.25799980163575,98.28227811474845,20.09138316061864
2023-05-18,120.9499969482422,123.30999755859376,120.83000183105467,122.83000183105467,121.6722183227539,35234200,0.016468206266582852,110.1349998474121,105.46940017700196,78.23571359485933,4.348242150640118,2.925665728482121,1.4225764221579973,122.42649263763585,110.1349998474121,97.84350705718836,22.32077506197511
2023-05-19,123.5500030517578,125.97000122070312,122.1500015258789,122.76000213623048,121.60285949707033,41353400,-0.000570046528613366,111.00249977111817,106.07820022583007,77.98775927316339,4.647977752617365,3.2701281333091696,1.3778496193081953,124.24952167454661,111.00249977111817,97.75547786768972,23.86797041641976
2023-05-22,122.94000244140624,126.43000030517578,122.73999786376952,125.0500030517578,123.87128448486328,35253000,0.018654372086107207,111.9564998626709,106.76660034179687,80.19873402908411,5.012523066486423,3.6186071199446204,1.393915946541803,126.31771102200963,111.9564998626709,97.59528870333216,25.654984171449836
2023-05-23,124.16000366210938,124.62999725341795,122.20999908447266,122.55999755859376,121.4047393798828,34046300,-0.019912162170901637,112.89199981689453,107.39560028076171,71.75871343062227,5.042379805060364,3.9033616569677694,1.1390181480925943,127.45522422053139,112.89199981689453,98.32877541325766,25.800277127268057
2023-05-24,121.12000274658205,121.91000366210938,119.86000061035156,120.9000015258789,119.76040649414062,34182600,-0.013544223183882154,113.75149993896484,107.93420028686523,66.71780107974405,4.8758874830420496,4.097866822182626,0.7780206608594238,128.07268473546512,113.75149993896484,99.43031514246455,25.179773109250497
2023-05-25,124.5199966430664,125.31999969482422,121.95999908447266,123.4800033569336,122.31608581542967,42317000,0.021339935259939935,114.54600028991699,108.48160034179688,70.2193941832899,4.8956912231626575,4.257431702378632,0.6382595207840254,129.17157177175443,114.54600028991699,99.92042880807955,25.536590443699446
2023-05-26,123.16999816894533,125.26000213623048,122.4499969482422,124.61000061035156,123.43543243408205,35635900,0.00915126257670984,115.40950050354004,108.96740036010742,71.6273703783272,4.945557852040764,4.395056932311059,0.5505009197297053,130.26871759574405,115.40950050354004,100.55028341133604,25.750422672955274
2023-05-30,125.63999938964844,125.66000366210938,122.0,123.66999816894533,122.50428009033205,35076700,-0.007543639013435355,116.23300056457519,109.40840026855469,68.71691005193202,4.853281564787025,4.486701858806252,0.36657970598077316,131.0063447290592,116.23300056457519,101.45965640009118,25.420223331972636
2023-05-31,122.75,124.05999755859376,122.5,122.87000274658205,121.71183776855467,37325800,-0.0064686908995591486,117.11050071716309,109.84140029907226,66.24967989844991,4.66185997766425,4.521733482577852,0.14012649508639807,131.2583950384847,117.11050071716309,102.96260639584148,24.161615285875342
2023-06-01,122.81999969482422,124.41999816894533,122.62000274658205,123.72000122070312,122.55381774902344,30772700,0.006917815028558261,118.02600059509277,110.21740036010742,67.58152568530998,4.526565336370723,4.522699853336427,0.0038654830342963464,131.37392652894198,118.02600059509277,104.67807466124354,22.618619400044622
2023-06-02,123.98999786376952,126.1500015258789,123.76000213623048,124.66999816894533,123.49486541748048,26980100,0.0076786483337809575,119.02500038146972,110.64340026855469,69.0514827155536,4.444763703463536,4.507112623361849,-0.06234891989831226,131.16723641294465,119.02500038146972,106.8827643499948,20.402833005771235
2023-06-05,124.01000213623048,127.43000030517578,123.83999633789062,126.01000213623048,124.8222427368164,32305500,0.01074844136109343,120.04700050354003,111.05160034179687,71.04579115673313,4.4369164305879,4.493073384807059,-0.05615695421915934,130.85471071677574,120.04700050354003,109.23929029030433,18.005798008950674
2023-06-06,126.01000213623048,128.2899932861328,125.36000061035156,127.30999755859376,126.10997009277344,26638300,0.01031648949516284,121.02400054931641,111.48900024414063,72.87215853460431,4.483908470653489,4.491240401976345,-0.007331931322855922,130.68804443279606,121.02400054931641,111.35995666583676,15.970458486937261
2023-06-07,126.97000122070312,129.0399932861328,122.12000274658205,122.5,121.34532165527344,52539000,-0.037781695087191425,121.78150062561035,111.88980026245117,58.2352300633236,4.08592341508313,4.410177004597703,-0.32425358951457284,129.1393921065086,121.78150062561035,114.42360914471207,12.083758933991854
2023-06-08,122.2300033569336,123.2300033569336,121.23999786376952,122.13999938964844,120.98870086669922,29389200,-0.002938891946632549,122.30100059509277,112.3120002746582,57.307455404105276,3.6988305346499857,4.26790771060816,-0.5690771759581743,128.04195430366306,122.30100059509277,116.5600468865225,9.388236695752155
2023-06-09,122.25,123.76000213623048,121.91000366210938,122.2300033569336,121.0778579711914,23778300,0.0007369043873808323,122.58400077819825,112.72880035400391,57.48980002575234,3.360580525608043,4.086442273608137,-0.725861748000094,127.68991175736602,122.58400077819825,117.47808979903047,8.330468816083654
2023-06-12,122.79000091552734,124.0500030517578,121.66000366210938,123.63999938964844,122.47457122802734,28306400,0.01153566209577539,122.89050064086913,113.1838003540039,60.3471058655586,3.1697509367961914,3.9031040062457483,-0.7333530694495569,127.44774678669629,122.89050064086913,118.33325449504198,7.416759020528504
2023-06-13,124.9800033569336,125.16000366210938,123.18000030517578,123.83000183105467,122.66277313232422,22278300,0.00153666105877992,123.25650062561036,113.58580032348632,60.73014998334941,2.9992749473059774,3.7223381944577945,-0.723063247151817,126.75893531337654,123.25650062561036,119.75406593784417,5.683164246898055
2023-06-14,123.0999984741211,124.0500030517578,121.4499969482422,123.66999816894533,122.50428009033205,30592300,-0.0012921038546975794,123.4645004272461,113.9720002746582,60.20274331891938,2.818767541499426,3.541624063866121,-0.722856522366695,126.5175217061811,123.4645004272461,120.41147914831109,4.9455856029386505
2023-06-15,123.13999938964844,125.45999908447266,122.4000015258789,125.08999633789062,123.91090393066406,35246300,0.011482242410590038,123.6770004272461,114.37940017700195,63.25280095656334,2.758497860495652,3.3849988231920274,-0.6265009626963756,126.55643734750083,123.6770004272461,120.79756350699137,4.656382205757946
2023-06-16,125.93000030517578,126.11000061035156,123.27999877929688,123.52999877929688,122.36560821533205,45535600,-0.012471022858462133,123.71200027465821,114.76060012817383,57.994310197278466,2.5553979022088953,3.219078638995401,-0.6636807367865059,126.56631237969519,123.71200027465821,120.85768816962123,4.6144466158497215
2023-06-20,122.93000030517578,124.56999969482422,122.13999938964844,123.0999984741211,121.9396514892578,26097500,-0.003481016703032025,123.72900009155273,115.05420013427734,56.597591860152235,2.3328506410048817,3.0418330393972974,-0.7089823983924157,126.56441730380229,123.72900009155273,120.89358287930318,4.583270227919886
2023-06-21,122.4000015258789,122.66000366210938,120.0999984741211,120.5500030517578,119.41370391845705,30306300,-0.020714735034512377,123.50400009155274,115.33640014648438,49.0528706551086,1.9284866204313857,2.8191637556041154,-0.8906771351727296,126.58771302228274,123.50400009155274,120.42028716082274,4.993705351153104
2023-06-22,120.0,123.23999786376952,118.83000183105467,123.1500015258789,121.98918151855467,26952200,0.02156768876255888,123.53350028991699,115.69240020751953,55.55801669323113,1.7971074327845287,2.614752491040198,-0.8176450582556694,126.59170879045952,123.53350028991699,120.47529178937445,4.951221317885947
2023-06-23,121.37999725341795,122.79000091552734,121.05999755859376,122.33999633789062,121.18680572509766,34913600,-0.006577434027090101,123.60550003051758,116.04640014648437,53.27575048821094,1.6090793655546207,2.413617865943083,-0.8045385003884622,126.47425072914355,123.60550003051758,120.7367493318916,4.641784868663115
2023-06-26,120.76000213623048,122.0,118.2699966430664,118.33999633789062,117.22453308105467,33969900,-0.032695577875293425,123.34849967956544,116.26460006713867,43.72375891362107,1.1243385223909712,2.1557619972326605,-1.0314234748416893,127.02375338423752,123.34849967956544,119.67324597489335,5.959138074998329
2023-06-27,117.08000183105467,119.08000183105467,116.0999984741211,118.33000183105467,117.21463012695312,39535900,-8.447851180348742e-05,123.03449974060058,116.45380004882813,43.70267465022996,0.7309455532998896,1.8707987084461064,-1.1398531551462168,127.2572823727582,123.03449974060058,118.81171710844296,6.864387860414288
2023-06-28,117.08999633789062,120.38999938964844,116.8499984741211,120.18000030517578,119.04718017578124,27091400,0.015634140950181008,122.85999984741211,116.73800003051758,48.639677399258446,0.5619800506279233,1.6090349768824699,-1.0470549262545465,127.24850233259346,122.85999984741211,118.47149736223076,7.143907684570597
2023-06-29,119.23999786376952,120.05999755859376,118.3000030517578,119.0999984741211,117.97735595703124,24090900,-0.008986556566651371,122.67149963378907,117.03,46.09813828376991,0.3370413477594383,1.3546362510578636,-1.0175949032984253,127.35597685052633,122.67149963378907,117.9870224170518,7.6374336838170604
2023-06-30,120.16999816894533,121.08000183105467,119.69000244140624,119.6999969482422,118.57169342041016,29532200,0.005037724896931772,122.47049942016602,117.34039993286133,47.73213511324252,0.20482952039625957,1.1246749049255427,-0.9198453845292831,127.30049082565674,122.47049942016602,117.6405080146753,7.887599753994976
2023-07-03,119.23999786376952,120.19000244140624,118.81999969482422,119.9000015258789,118.76982879638672,14467900,0.0016710175106806613,122.2319995880127,117.63259994506836,48.29480810743686,0.11486529694147407,0.9227129833287291,-0.807847686387255,127.07505866602276,122.2319995880127,117.38894051000264,7.924371840980693
2023-07-05,119.23999786376952,122.61000061035156,119.2300033569336,121.75,120.60238647460938,27584800,0.01542948825298307,122.01899948120118,117.95939987182618,53.302431893578614,0.19064972610831887,0.7763003318846471,-0.5856506057763282,126.54288598738026,122.01899948120118,117.4951129750221,7.415052615434785
2023-07-06,119.8000030517578,120.3000030517578,118.4000015258789,120.11000061035156,118.97784423828124,24745200,-0.013470232918402103,121.65899963378907,118.24219985961913,48.791191570243356,0.11702618253649177,0.644445502015016,-0.5274193194785243,125.54192028286602,121.65899963378907,117.77607898471211,6.383285512399568
2023-07-07,120.0999984741211,121.0500030517578,119.4000015258789,119.4800033569336,118.3537826538086,21709500,-0.005245191560395157,121.50799980163575,118.55479995727539,47.14065847390339,0.0077540961886342075,0.5171072208497397,-0.5093531246611055,125.48216859542183,121.50799980163575,117.53383100784967,6.541410936356434
2023-07-10,118.3000030517578,118.30999755859376,116.13999938964844,116.4499969482422,115.35235595703124,35315200,-0.025359786814390994,121.22349967956544,118.80959991455079,40.11235442594724,-0.31965621598737926,0.34975453348231594,-0.6694107494696953,125.75197074614059,121.22349967956544,116.69502861299028,7.4712759135735665
2023-07-11,116.29000091552734,117.70999908447266,115.3499984741211,117.13999938964844,116.0358428955078,23078800,0.005925210047128759,120.96899948120117,119.00059997558594,42.224812150203185,-0.5174885311585626,0.1763059205541402,-0.6937944517127028,125.80432302673329,120.96899948120117,116.13367593566905,7.99431848865302
2023-07-12,118.8000030517578,120.33000183105467,118.41000366210938,118.93000030517578,117.80897521972656,30404400,0.015280901831475457,120.73349952697754,119.23240005493165,47.407574512477694,-0.5237959582601803,0.0362855447912761,-0.5600815030514564,125.48356987403567,120.73349952697754,115.98342917991941,7.868686595962934
2023-07-13,120.93000030517578,124.83000183105467,120.4499969482422,124.54000091552734,123.36608123779295,44297900,0.047170480922202884,120.76899948120118,119.57920013427734,59.63033743487766,-0.07524707373043782,0.01397902108693332,-0.08922609481737113,125.62063349206564,120.76899948120118,115.91736547033672,8.034568526204708
2023-07-14,124.8000030517578,126.77999877929688,123.48999786376952,125.41999816894533,124.23777770996094,33283100,0.007065933062166074,120.8564994812012,119.98120010375976,61.155373888452836,0.34723684261231824,0.0806305853920103,0.26660625722030795,125.97029715580642,120.8564994812012,115.74270180659597,8.462594393445354
2023-07-17,125.94000244140624,127.0999984741211,124.1999969482422,124.6500015258789,123.47504425048828,25716200,-0.0061393037893295865,120.83449974060059,120.36600006103515,59.0532369101351,0.6128614113244168,0.1870767505784916,0.42578466074592525,125.8785678535355,120.83449974060059,115.79043162766568,8.3487218033975
2023-07-18,124.5999984741211,124.68000030517578,122.95999908447266,123.76000213623048,122.59344482421876,26193600,-0.007139899658436644,120.84599990844727,120.74740005493165,56.63019993470101,0.742990550470779,0.2982595105569491,0.4447310399138299,125.91558213505425,120.84599990844727,115.77641768184029,8.390153137791387
2023-07-19,124.5999984741211,125.18000030517578,121.8000030517578,122.02999877929688,120.87974548339844,37224000,-0.01397871919887339,120.79249992370606,121.07660003662109,52.15080579635649,0.6984704851409305,0.3783017054737454,0.32016877966718504,125.78784612965444,120.79249992370606,115.79715371775768,8.270954254781545
2023-07-20,121.41999816894533,124.08999633789062,118.22000122070312,119.1999969482422,118.07640838623048,37906800,-0.023191123425660765,120.72499961853029,121.3052000427246,45.77256531563341,0.4298751826457732,0.38861640090815097,0.04125878173762221,125.76788676294258,120.72499961853029,115.682112474118,8.354337809644937
2023-07-21,120.62000274658205,120.98999786376952,118.7300033569336,120.0199966430664,118.88868713378906,72937900,0.0068792636790036,120.56849937438967,121.55860000610352,47.76601237199051,0.27995148617377197,0.3668834179612752,-0.08693193178750325,125.49353951986745,120.56849937438967,115.6434592289119,8.16969634860351
2023-07-24,121.66000366210938,123.0,120.9800033569336,121.52999877929688,120.38445281982422,29686100,0.012581228055381866,120.52799949645998,121.75419998168945,51.315189575865716,0.2797555811594066,0.3494578506009015,-0.06970226944149494,125.40721207605796,120.52799949645998,115.64878691686201,8.096396853813678
2023-07-25,121.36000061035156,123.1500015258789,121.0199966430664,122.20999908447266,121.05803680419922,52509600,0.0055952738796190005,120.72149963378908,121.86699996948242,52.868305196303076,0.3306590351233183,0.3456980875053849,-0.015039052382066598,125.54491120059065,120.72149963378908,115.89808806698751,7.9909735737767935
2023-07-26,130.07000732421875,130.97999572753906,128.32000732421875,129.27000427246094,128.05148315429688,61682100,0.0577693685996985,121.2684997558594,122.10220001220704,65.25978981294585,0.9299637615143439,0.4625512223071767,0.4674125392071672,127.23004289266204,121.2684997558594,115.30695661905675,9.831973099039843
2023-07-27,131.6699981689453,133.24000549316406,128.7899932861328,129.39999389648438,128.18028259277344,44952100,0.0010058410516133875,121.72949943542483,122.35999984741211,65.43995584951031,1.3992761665973603,0.6498962111652136,0.7493799554321467,128.6343663374511,121.72949943542483,114.82463253339854,11.344607402561738
2023-07-28,130.77999877929688,133.74000549316406,130.57000732421875,132.5800018310547,131.33030700683594,36591200,0.02457495295177403,122.40349960327151,122.62139984130859,69.59427658216704,2.004700750356349,0.9208571190034407,1.0838436313529085,130.65116032714252,122.40349960327151,114.15583887940049,13.476184505513233
2023-07-31,132.72999572753906,133.52999877929688,131.77999877929688,132.72000122070312,131.46902465820312,28055500,0.0010562501111031075,123.05449981689455,122.85899993896484,69.76658068701198,2.467358700334856,1.2301574352697238,1.237201265065132,132.33636159710227,123.05449981689455,113.77263803668683,15.085773854705284
2023-08-01,130.77999877929688,132.6300048828125,130.67999267578125,131.5500030517578,130.3100128173828,23166800,-0.008815854866448869,123.6369998931885,123.03339996337891,66.38103984306787,2.708388765042187,1.5258037012242165,1.1825850638179707,133.49804831110345,123.6369998931885,113.77595147527357,15.951613880042407
2023-08-02,129.4499969482422,130.08999633789062,127.55999755859376,128.3800048828125,127.1698989868164,26273300,-0.02409725670863816,123.96850013732913,123.14580001831055,58.14777255282776,2.6134878077882746,1.7433405225370282,0.8701472852512464,133.9978456693139,123.96850013732913,113.93915460534434,16.180474105719643
2023-08-03,127.97000122070312,129.38999938964844,127.41999816894533,128.4499969482422,127.2392349243164,20089500,0.0005452228715474572,124.38549995422366,123.21379989624023,58.27083974449735,2.514935281737152,1.8976594743770532,0.617275807360099,134.43196079494223,124.38549995422366,114.3390391135051,16.153749182044315
2023-08-04,129.27999877929688,131.50999450683594,127.91000366210938,128.11000061035156,126.90242767333984,26147200,-0.0026470392656550157,124.81699981689455,123.32479995727539,57.38805397298761,2.3819393180564106,1.9945154431129248,0.38742387494348574,134.72397758776125,124.81699981689455,114.91002204602785,15.874404584952615
2023-08-07,129.16000366210938,131.61000061035156,129.02000427246094,131.52999877929688,130.29019165039062,22746300,0.026695816929296567,125.57099990844726,123.53739990234375,63.3953213711057,2.523415960352793,2.100295546560899,0.423120413791894,135.10439739377424,125.57099990844726,116.03760242312029,15.184075132439323
2023-08-08,130.6199951171875,131.50999450683594,129.5399932861328,131.39999389648438,130.16140747070312,23535200,-0.0009884410948836075,126.28399963378907,123.69579971313476,63.03155538028778,2.5951318465959616,2.199262806567911,0.39586904002805046,135.30792746000796,126.28399963378907,117.26007180757017,14.291482456031455
2023-08-09,131.66000366210938,132.0399932861328,129.0,129.66000366210938,128.43783569335938,24912900,-0.01324180347182935,126.82049980163575,123.79679977416993,58.2166892206985,2.4829427148808065,2.25599878823049,0.22694392665031637,135.29063339604906,126.82049980163575,118.35036620722244,13.357672628103085
2023-08-10,131.32000732421875,132.0500030517578,129.4499969482422,129.69000244140625,128.467529296875,20857800,0.00023119046934505505,127.07799987792968,123.91719985961915,58.275866497644046,2.369142668553536,2.2786275642950993,0.0905151042584369,135.56826559792137,127.07799987792968,118.587734157938,13.36229044861798
2023-08-11,128.66000366210938,129.92999267578125,128.1699981689453,129.55999755859375,128.33877563476562,19591100,-0.0010022272773054786,127.28499984741211,124.05099975585938,57.89319999420455,2.2426135513655936,2.271424761709198,-0.028811210343604454,135.80529823482607,127.28499984741211,118.76470145999816,13.38774937758258
2023-08-14,129.38999938964844,131.3699951171875,128.9600067138672,131.3300018310547,130.09205627441406,24695600,0.01366134771799632,127.6189998626709,124.20319976806641,61.591160182357626,2.2591211245757563,2.2689640342825097,-0.009842909706753389,136.22324448660135,127.6189998626709,119.01475523874045,13.48426900882997
2023-08-15,131.10000610351562,131.4199981689453,129.27999877929688,129.77999877929688,128.5566864013672,19770700,-0.011802180064001688,127.91999969482421,124.30539978027343,56.880153949457814,2.122662471257428,2.2397037216774933,-0.11704125042006552,136.38322795155986,127.91999969482421,119.45677143808857,13.23206422283642
2023-08-16,128.6999969482422,130.27999877929688,127.87000274658205,128.6999969482422,127.48687744140624,25216100,-0.008321690531295278,128.25349960327148,124.35919967651367,53.79273515937102,1.9054065430035934,2.1728442859427135,-0.26743774293912015,136.2762547881165,128.25349960327148,120.23074441842645,12.51077781060467
2023-08-17,129.8000030517578,131.99000549316406,129.2899932861328,129.9199981689453,128.6953887939453,33446300,0.009479496061032044,128.78949966430665,124.4113996887207,56.65490373002478,1.8107997844220165,2.100435385638574,-0.2896356012165575,135.6726441436267,128.78949966430665,121.90635518498658,10.6889839579487
2023-08-18,128.50999450683594,129.25,126.37999725341795,127.45999908447266,126.25856018066406,30504800,-0.0189348556783403,129.16149978637696,124.51059967041016,49.937913687529786,1.5198025419352348,1.9843088168979062,-0.4645062749626714,134.80036662913548,129.16149978637696,123.52263294361843,8.731497934113138
2023-08-21,127.18000030517578,128.72999572753906,126.55999755859376,128.3699951171875,127.15998077392578,25248700,0.007139481013975324,129.50349960327148,124.63519958496094,52.19575243700694,1.3470858384150404,1.856864221201333,-0.5097783827862927,133.95392634409035,129.50349960327148,125.0530728624526,6.873060194438871
2023-08-22,128.50999450683594,130.27999877929688,128.32000732421875,129.0800018310547,127.86328125,22054900,0.005530831884322129,129.84699974060058,124.77219955444336,53.941190048442955,1.2530537904565477,1.736102135052376,-0.48304834459582824,132.80185488207317,129.84699974060058,126.89214459912799,4.551287511264179
2023-08-23,130.17999267578125,133.41000366210938,129.8699951171875,132.3699951171875,131.12228393554688,27819700,0.025488182797177128,130.00199928283692,124.94679946899414,61.039840744752425,1.427551749605584,1.6743920579630178,-0.24684030835743376,133.1391294769345,130.00199928283692,126.86486908873935,4.826279920930019
2023-08-24,133.9499969482422,134.25,129.57000732421875,129.77999877929688,128.5566864013672,28500700,-0.019566449402611097,130.02099952697753,125.06579940795899,53.98589347598325,1.3413888843822974,1.6077914232468737,-0.2664025388645763,133.14790159856275,130.02099952697753,126.8940974553923,4.809841614756145
2023-08-25,129.5399932861328,130.75999450683594,127.25,129.8800048828125,128.65576171875,26762900,0.000770674168385943,129.88599967956543,125.18999954223632,54.205952855276266,1.2665735778993792,1.5395478541773748,-0.27297427627799564,132.7840842313963,129.88599967956543,126.98791512773457,4.462504902730959
2023-08-28,131.30999755859375,132.5399932861328,130.13999938964844,131.00999450683594,129.7751007080078,20543300,0.008700263200841052,129.80049934387208,125.30839950561523,56.724354954332014,1.2836653325383054,1.488371349849561,-0.2047060173112556,132.44927505488607,129.80049934387208,127.15172363285808,4.081302806080532
2023-08-29,132.24000549316406,136.57000732421875,132.24000549316406,134.57000732421875,133.301513671875,43075600,0.027173263165493955,129.9514995574951,125.52919967651367,63.529264501469584,1.5664172700946324,1.5039805338985752,0.06243673619605716,133.2472994815406,129.9514995574951,126.65569963344961,5.072353817028974
2023-08-30,134.77999877929688,136.27999877929688,134.07000732421875,135.8800048828125,134.59918212890625,28315800,0.009734836621776877,130.3264995574951,125.7847998046875,65.66857695942025,1.8745968865853229,1.578103804435925,0.29649308214939785,134.4295853615323,130.3264995574951,126.22341375345792,6.296625502823494
2023-08-31,136.00999450683594,138.0,135.7899932861328,136.1699981689453,134.88645935058594,30053800,0.0021343162501876733,130.71249961853027,126.09719970703125,66.14204703549234,2.117818593138935,1.6860467621765272,0.4317718309624079,135.4415980233759,130.71249961853027,125.98340121368464,7.235877851998798
2023-09-01,137.4600067138672,137.4600067138672,134.85000610351562,135.66000366210938,134.3812713623047,21543700,-0.0037452831864183134,131.08999977111816,126.34739974975587,64.45843233821671,2.243558902934609,1.7975491903281438,0.44600971260646527,136.12341861884295,131.08999977111816,126.05658092339338,7.679333063564088
2023-09-05,135.44000244140625,136.4199981689453,134.5800018310547,135.77000427246094,134.490234375,19403100,0.0008108496934928766,131.30200004577637,126.61599990844726,64.66734063243112,2.325280745304724,1.9030955013234598,0.4221852439812641,136.73314149411752,131.30200004577637,125.87085859743523,8.27274747749107
2023-09-06,136.02000427246094,136.52999877929688,133.6699981689453,134.4600067138672,133.19259643554688,18684500,-0.009648566273108838,131.45500068664552,126.9384001159668,60.13418521502128,2.2583076741649677,1.9741379358917615,0.28416973827320624,137.05824450711683,131.45500068664552,125.85175686617421,8.52496107596238
2023-09-07,133.58999633789062,135.5800018310547,132.9499969482422,135.25999450683594,133.98504638671875,18844300,0.005949654653330194,131.73500022888183,127.27699996948242,61.89105699887707,2.2439168848288773,2.028093725679185,0.2158231591496924,137.50855503227282,131.73500022888183,125.96144542549084,8.765407512596928
2023-09-08,134.91000366210938,136.66000366210938,134.85000610351562,136.3800048828125,135.09449768066406,23558300,0.008280411313536629,132.06950035095215,127.60100006103515,64.2654423436185,2.2964159045456825,2.0817581614524845,0.21465774309319796,138.09985558078327,132.06950035095215,126.03914512112104,9.132093653427138
2023-09-11,136.5399932861328,137.47999572753906,135.7899932861328,136.9199981689453,135.62940979003906,20763400,0.00395954031110457,132.43750038146973,127.95740005493164,65.38523267655944,2.354454020829621,2.136297333327912,0.21815668750170936,138.70403316057568,132.43750038146973,126.1709676023638,9.463381234251582
2023-09-12,136.25999450683594,136.8699951171875,135.19000244140625,135.33999633789062,134.06430053710938,18405500,-0.011539600853181842,132.63800010681152,128.2702000427246,59.50917381254187,2.247054062496943,2.1584486791617183,0.08860538333522472,139.00574841054768,132.63800010681152,126.27025180307535,9.601695288843779
2023-09-13,135.08999633789062,136.89999389648438,134.14999389648438,136.7100067138672,135.42138671875,20749500,0.010122651415803041,132.98450050354003,128.60640014648436,62.644028730740416,2.2465899192943084,2.1760769271882365,0.07051299210607187,139.4459695009097,132.98450050354003,126.52303150617034,9.717627201521402
2023-09-14,137.60000610351562,138.6999969482422,136.24000549316406,138.10000610351562,136.7982635498047,24751000,0.010167351438471472,133.45450096130372,128.9334002685547,65.55762477219852,2.3315072522067055,2.2071629921919302,0.12434426001477528,139.96827599951183,133.45450096130372,126.9407259230956,9.761791458943511
2023-09-15,137.97999572753906,138.52000427246094,136.47999572753906,137.39999389648438,136.10487365722656,38919600,-0.0050687039044591264,133.82850074768066,129.27920013427735,62.89705117065991,2.315626613304147,2.2288557164143734,0.08677089688977357,140.3465221338084,133.82850074768066,127.31047936155294,9.740856917192502
2023-09-18,136.61000061035156,139.16000366210938,136.61000061035156,138.2100067138672,136.90725708007812,21861300,0.00589533204279169,134.3660011291504,129.653800201416,64.6831480561089,2.341412017108439,2.2513669765531867,0.09004504055525242,140.45344167253057,134.3660011291504,128.2785605857702,9.060983421734841
2023-09-19,137.4199981689453,138.41000366210938,136.6199951171875,138.0399932861328,136.73883056640625,20353700,-0.0012302234173997562,134.84950103759766,130.08560012817384,63.98690051359426,2.3213691738069713,2.2653674160039436,0.05600175780302763,140.47365162040842,134.84950103759766,129.2253504547869,8.341373960653627
2023-09-20,138.0800018310547,138.0800018310547,133.6199951171875,133.74000549316406,132.4793701171875,29927500,-0.031150335508757898,135.08250122070314,130.41760025024413,49.48009640591838,1.9361927726495196,2.199532487333059,-0.2633397146835392,140.08276974255136,135.08250122070314,130.0822326988549,7.4032809233796915
2023-09-21,131.44000244140625,132.22999572753906,130.07000732421875,130.44000244140625,129.21047973632812,31503900,-0.024674712583308667,134.98600158691406,130.64780029296875,41.6718235580666,1.3491034083813815,2.0294466715427237,-0.6803432631613422,140.25899482454798,134.98600158691406,129.71300834928013,7.812651942636852
2023-09-22,130.75999450683594,132.02999877929688,129.60000610351562,130.25,129.02224731445312,26397300,-0.0014567891262311505,135.0095016479492,130.7620002746582,41.26802234082606,0.8586018210120585,1.7952777014365908,-0.9366758804245323,140.1929076548452,135.0095016479492,129.82609564105323,7.678579571995205
2023-09-25,129.8300018310547,131.1699981689453,128.9600067138672,131.11000061035156,129.87416076660156,20094600,0.006602841524470993,135.07100143432618,130.87580032348632,43.91701351830846,0.533125106707871,1.542847182490847,-1.009722075782976,140.03400890894912,135.07100143432618,130.10799395970324,7.34873869582738
2023-09-26,129.77000427246094,130.36000061035156,127.22000122070312,128.57000732421875,127.35808563232422,25718700,-0.01937317723114307,134.94900207519532,130.95420043945313,38.40719859942269,0.06942593613177905,1.2481629332190336,-1.1787369970872545,140.40117019893793,134.94900207519532,129.49683395145271,8.080338557382722
2023-09-27,128.57000732421875,130.89999389648438,128.57000732421875,130.5399932861328,129.30947875976562,22746500,0.015322098457690059,134.74750137329102,131.08980026245118,44.24930842055493,-0.13751243628803422,0.97102785931762,-1.1085402956056543,140.5287530901976,134.74750137329102,128.96624965638443,8.58086666986244
2023-09-28,129.83999633789062,133.3000030517578,129.7899932861328,132.30999755859375,131.0628204345703,22513100,0.013559266432912498,134.5690010070801,131.2954002380371,48.93584267202661,-0.15687962444013692,0.7454463625660687,-0.9023259870062056,140.4194021916829,134.5690010070801,128.71859982247727,8.695020607747558
2023-09-29,133.27999877929688,134.0500030517578,130.36000061035156,130.86000061035156,129.6265106201172,30859800,-0.010958941747863271,134.3035011291504,131.5286003112793,45.557245234228034,-0.2859348175878438,0.5391701265352862,-0.82510494412313,140.31880924147558,134.3035011291504,128.2881930168252,8.957783023899996
2023-10-02,131.2100067138672,134.4199981689453,131.1699981689453,134.1699981689453,132.90533447265625,22288000,0.025294392611924676,134.2290008544922,131.81160034179686,53.45692861028625,-0.11974253042160399,0.40738759514390815,-0.5271301255655121,140.21208327964735,134.2290008544922,128.24591842933705,8.91473882256036
2023-10-03,133.94000244140625,134.25999450683594,131.83999633789062,132.42999267578125,131.18170166015625,22989400,-0.012968876075133196,134.0620002746582,132.02960021972658,49.399077906867355,-0.12697416778965476,0.30051524255719564,-0.4274894103468504,140.05016078604362,134.0620002746582,128.0738397632728,8.93341961050444
2023-10-04,132.7899932861328,135.57000732421875,132.52999877929688,135.24000549316406,133.96522521972656,26752300,0.021218840160965424,134.10100021362305,132.2902003479004,55.30026489578504,0.0929675851495233,0.25900571107566117,-0.16603812592613787,140.10914799501074,134.10100021362305,128.09285243223536,8.960630825745826
2023-10-05,135.07000732421875,135.49000549316406,133.4499969482422,135.07000732421875,133.79684448242188,19832600,-0.0012568988484027432,134.09150085449218,132.40620040893555,54.88325969736613,0.25066605519856466,0.25733777990024187,-0.006671724701677206,140.09288571245915,134.09150085449218,128.0901159965252,8.951178590325872
2023-10-06,134.00999450683594,138.16000366210938,134.00999450683594,137.5800018310547,136.2831573486328,27597600,0.01858274666961668,134.1515007019043,132.56980056762694,59.71368144128314,0.57158987637834,0.3201881991958615,0.2514016771824785,140.2661305322248,134.1515007019043,128.0368708715838,9.116006601980112
2023-10-09,136.94000244140625,138.94000244140625,135.61000061035156,138.4199981689453,137.11524963378906,19278100,0.006105613498721851,134.22650070190429,132.68660049438478,61.21043915243911,0.8835203287426339,0.432854625105216,0.45066570363741787,140.5095967891904,134.22650070190429,127.94340461461816,9.361930847381435
2023-10-10,138.5,139.72000122070312,137.3300018310547,138.05999755859375,136.75863647460938,27786600,-0.0026008278446937316,134.36250076293945,132.79340042114256,60.178519347845715,1.0891236791567565,0.5641084359155242,0.5250152432412323,140.85052646414022,134.36250076293945,127.87447506173868,9.657494709253475
2023-10-11,138.5800018310547,141.11000061035156,138.5800018310547,140.5500030517578,139.22520446777344,25884300,0.018035921216734252,134.55450057983398,132.97340042114257,64.6212018658738,1.4364301761820002,0.7385727839688194,0.6978573922131808,141.51883126250482,134.55450057983398,127.59016989716315,10.351687461451728
2023-10-12,141.0500030517578,141.22000122070312,138.25999450683594,138.97000122070312,137.66006469726562,24765500,-0.011241784678937883,134.59800033569337,133.18520034790038,60.043614211427034,1.566126799280795,0.9040835870312145,0.6620432122495805,141.66054521985254,134.59800033569337,127.53545545153419,10.494279062905651
2023-10-13,139.3800048828125,140.0,136.6199951171875,137.36000061035156,136.0652618408203,23420500,-0.011585079957302846,134.59600067138672,133.3634004211426,55.712798108935516,1.5214602667030306,1.0275589229655777,0.49390134373745287,141.65539297998052,134.59600067138672,127.53660836279293,10.48975047309043
2023-10-16,138.1699981689453,139.6300048828125,137.99000549316406,139.10000610351562,137.7888641357422,28501900,0.01266746759314863,134.64050064086913,133.58320053100587,59.142701055287176,1.607930398563127,1.1436332180850877,0.46429718047803936,141.80095480446866,134.64050064086913,127.48004647726961,10.636404543234477
2023-10-17,138.6300048828125,139.89999389648438,137.17999267578125,139.72000122070312,138.4029998779297,23515800,0.004457078197426023,134.72450103759766,133.74700057983398,60.32187286267158,1.7068119596700058,1.2562689664020714,0.45054299326793434,142.0792841575458,134.72450103759766,127.36971791764951,10.91825623892367
2023-10-18,139.4499969482422,140.72000122070312,137.3800048828125,137.9600067138672,136.65957641601562,23375000,-0.012596717292629123,134.9355010986328,133.87820083618163,55.431191430697496,1.624433997488552,1.3299019726193677,0.2945320248691843,142.4064182939496,134.9355010986328,127.46458390331603,11.07331596872468
2023-10-19,138.5,139.66000366210938,137.3800048828125,137.75,136.45155334472656,26066000,-0.0015221990053284618,135.3010009765625,134.04000076293946,54.859641634287364,1.5246281183485735,1.368847201765209,0.15578091658336457,142.56891830368923,135.3010009765625,128.03308364943578,10.743331201793115
2023-10-20,137.3300018310547,137.8699951171875,135.0800018310547,135.60000610351562,134.3218231201172,26335700,-0.015607958813256606,135.5685012817383,134.15820083618163,49.259736422586826,1.2575484649626674,1.3465874544047007,-0.08903898944203337,142.45702472736977,135.5685012817383,128.67997783610681,10.162424723300227
2023-10-23,135.0399932861328,137.66000366210938,133.9499969482422,136.5,135.2133331298828,26317900,0.006637119635938715,135.8380012512207,134.29700088500977,51.49191462752373,1.1057613725427018,1.298422238032301,-0.19266086548959915,142.42276598899872,135.8380012512207,129.2532365134427,9.695025953157336
2023-10-24,137.8300018310547,139.36000061035156,137.4199981689453,138.80999755859375,137.5015869140625,44814300,0.01692328508743768,136.35000076293946,134.44660079956054,56.750985249858424,1.158511901702127,1.2704401707662663,-0.11192826906413922,142.13898667737263,136.35000076293946,130.5610148485063,8.491361763170069
2023-10-25,128.16000366210938,128.30999755859375,125.06999969482422,125.61000061035156,124.42598724365234,84366200,-0.09509417283003663,136.1035011291504,134.36320083618165,34.04014306074123,0.13364703948349188,1.0430815445097115,-0.9094345050262196,143.14534697516834,136.1035011291504,129.06165528313247,10.347780604608893
2023-10-26,123.2699966430664,124.33000183105467,121.2699966430664,122.27999877929688,121.12738037109376,57061100,-0.026510594335082183,135.60200119018555,134.23480087280274,30.702160271026372,-0.9364739762931151,0.6471704403491462,-1.5836444166422612,144.762857795289,135.60200119018555,126.44114458508209,13.511388511523661
2023-10-27,122.87999725341795,123.30999755859376,120.20999908447266,122.16999816894533,121.0184326171875,44566500,-0.0008994477844107562,135.16750106811523,134.07980087280274,30.595430741664515,-1.7729907869006354,0.1631381948991898,-1.936128981799825,145.87976317504868,135.16750106811523,124.45523896118179,15.850351633763196
2023-10-30,123.20999908447266,125.4000015258789,122.75,124.45999908447266,123.2868423461914,28940100,0.018744332412397702,134.6820011138916,134.01980087280273,35.61349004294654,-2.225498291557898,-0.31458910239222776,-1.91090918916567,146.3670700467053,134.6820011138916,122.99693218107791,17.35208689531188
2023-10-31,125.05999755859376,125.37000274658205,122.69000244140624,124.08000183105467,122.9104232788086,26292300,-0.0030531974071151824,134.26450157165527,133.93400100708007,35.15921757857063,-2.5849783306183554,-0.7686669480374533,-1.816311382580902,146.80682120763677,134.26450157165527,121.72218193567377,18.68300181978901
2023-11-01,124.06999969482422,126.48999786376952,123.72000122070312,126.4499969482422,125.25808715820312,30082400,0.01910060853072748,133.82500114440919,133.88140090942383,40.276059589728256,-2.6481043538032907,-1.1445544291906207,-1.50354992461267,146.80807143885883,133.82500114440919,120.84193084995952,19.40305650427719
2023-11-02,128.4199981689453,128.97999572753906,126.93000030517578,127.48999786376952,126.28827667236328,27124600,0.00822453493848263,133.4460006713867,133.78380096435546,42.42325620956897,-2.5844212008855436,-1.4325277835296053,-1.1518934173559383,146.7012635534274,133.4460006713867,120.19073778934603,19.86610736230607
2023-11-03,128.02000427246094,129.52999877929688,127.86000061035156,129.10000610351562,127.88311767578124,26393100,0.01262857523628691,133.02200088500976,133.77020111083985,45.679141154420016,-2.3766411935669964,-1.6213504655370836,-0.7552907280299128,146.2636938068298,133.02200088500976,119.78030796318971,19.909026828226345
2023-11-06,129.0500030517578,130.33999633789062,128.6699981689453,130.25,129.02224731445312,19052700,0.00890758420169191,132.6135009765625,133.77760101318358,47.94351889533315,-2.095028954568619,-1.7160861633433906,-0.37894279122522834,145.66662572050012,132.6135009765625,119.5603762326249,19.685966583816466
2023-11-07,130.7100067138672,131.91000366210938,129.8800048828125,130.97000122070312,129.7354736328125,29757300,0.00552793284262898,132.25900115966797,133.77680114746093,49.36663846589485,-1.793081616327811,-1.7314852539402747,-0.061596362387536185,145.08431746711116,132.25900115966797,119.43368485222477,19.39424340874917
2023-11-08,130.97000122070312,132.2100067138672,130.77999877929688,131.83999633789062,130.59727478027344,26425800,0.006642756397529981,131.8235008239746,133.72220092773438,51.10600215073357,-1.466677890507924,-1.6785237812538045,0.21184589074588045,144.07164626520847,131.8235008239746,119.57535538274072,18.58264325355607
2023-11-09,131.9600067138672,132.5500030517578,130.07000732421875,130.24000549316406,129.0123748779297,23747800,-0.01213578081939537,131.38700103759766,133.6094009399414,47.850447382838375,-1.3218687950373749,-1.6071927840105187,0.2853239889731438,143.19978802475865,131.38700103759766,119.57421405043667,17.981667735578572
2023-11-10,130.10000610351562,132.8000030517578,129.41000366210938,132.58999633789062,131.34019470214844,26913300,0.018043384027472742,131.14850082397462,133.53780090332032,52.624031245180845,-1.005886686527731,-1.4869315645139611,0.4810448779862302,142.65799697957274,131.14850082397462,119.63900466837649,17.551853179085878
2023-11-13,131.77999877929688,132.58999633789062,131.25,132.08999633789062,130.84490966796875,18324800,-0.003771008831705225,130.79800033569336,133.46640075683592,51.54296603046295,-0.7867453002420746,-1.3468943116595837,0.5601490114175092,141.7300218735891,130.79800033569336,119.86597879779761,16.71588481450586
2023-11-14,134.19000244140625,135.6999969482422,133.32000732421875,133.6199951171875,132.36048889160156,32395200,0.011583020137953648,130.49300003051758,133.42340057373048,54.61539666506301,-0.4840363878493861,-1.1743227268975442,0.6902863390481582,140.730641610067,130.49300003051758,120.25535845096815,15.690713796380217
2023-11-15,134.8699951171875,135.02999877929688,133.57000732421875,134.6199951171875,133.35107421875,23861500,0.007483995680612088,130.32599945068358,133.42660034179687,56.55434059886164,-0.16158312158330546,-0.9717748058346964,0.810191684251391,140.17246725715617,130.32599945068358,120.479531644211,15.110519540191323
2023-11-16,135.19000244140625,137.22000122070312,134.32000732421875,136.92999267578125,135.63926696777344,28013200,0.01715916247716054,130.28499908447264,133.46000030517578,60.72816441103097,0.27716591645125277,-0.7219866613775066,0.9991525778287593,140.01359572612455,130.28499908447264,120.55640244282075,14.93433121236649
2023-11-17,136.0,136.05999755859375,133.64999389648438,135.30999755859375,134.03457641601562,37240600,-0.01183057522818276,130.27049865722657,133.4386001586914,56.620029665652226,0.48852619711348666,-0.4798840896793079,0.9684102867927946,139.96817949219366,130.27049865722657,120.57281782225948,14.888529536505498
2023-11-20,133.69000244140625,136.66000366210938,133.6199951171875,136.25,134.9656982421875,27815500,0.006946877821151665,130.25799865722655,133.4252001953125,58.379421598734694,0.7235405582332533,-0.2391991600967957,0.962739718330049,139.92412189473032,130.25799865722655,120.59187541972278,14.841504302457672
2023-11-21,136.2899932861328,137.17999267578125,135.9600067138672,136.97000122070312,135.67893981933594,22635300,0.005284613693981477,130.16599884033204,133.45780029296876,59.726766491391025,0.9568591373064521,1.249938385386451e-05,0.9568466379225983,139.53525394508833,130.16599884033204,120.79674373557575,14.395856349935249
2023-11-22,137.47000122070312,139.4199981689453,137.47000122070312,138.49000549316406,137.18458557128906,17813900,0.011097122029092965,130.80999908447265,133.4934002685547,62.48760924734707,1.2500081182888039,0.2500116231648439,0.9999964951239599,140.5992988212849,130.80999908447265,121.02069934766043,14.967204044532767
2023-11-24,138.02999877929688,138.1300048828125,135.99000549316406,136.69000244140625,135.4015655517578,12514300,-0.01299723297705846,131.53049926757814,133.4652001953125,57.46380543727108,1.3218481520431453,0.4643789289405042,0.8574692231026411,140.81040304595774,131.53049926757814,122.25059548919853,14.11064936277798
2023-11-27,136.02999877929688,138.4199981689453,136.0,136.41000366210938,135.1241912841797,23436500,-0.0020485307274538123,132.24249954223632,133.445400390625,56.70016196914975,1.340733197211108,0.639649782594625,0.701083414616483,140.68802812458574,132.24249954223632,123.79697095988688,12.772790308084058
2023-11-28,136.0800018310547,137.25,135.4199981689453,137.1999969482422,135.90675354003906,18730000,0.005791429709381735,132.8794994354248,133.4252001953125,58.38068002909373,1.403269569416409,0.7923737399589819,0.6108958294574272,140.78555856818411,132.8794994354248,124.97344030266548,11.89959198574707
2023-11-29,137.57000732421875,138.2899932861328,134.83999633789062,134.99000549316406,133.7176055908203,23967200,-0.016107720125724367,133.42499961853028,133.36420043945313,52.26909610879796,1.2599780119708441,0.8858945943613544,0.3740834176094897,140.26021027788113,133.42499961853028,126.58978895917942,10.24577205005526
2023-11-30,135.0500030517578,135.5500030517578,131.27999877929688,132.52999877929688,131.28077697753906,38988300,-0.018223693151805387,133.728999710083,133.34000030517578,46.441120792246664,0.9371139711340959,0.8961384697159027,0.04097550141819317,139.79369371599861,133.728999710083,127.66430570416739,9.070125431377681
2023-12-01,131.86000061035156,132.11000061035156,130.6699981689453,131.86000061035156,130.61709594726562,31442300,-0.005055431918924325,133.9474998474121,133.3684002685547,44.97042872939997,0.6200313049087356,0.8409170367544694,-0.2208857318457338,139.37917977765804,133.9474998474121,128.51581991716617,8.110162468778435
2023-12-04,129.8800048828125,130.02999877929688,127.9000015258789,129.27000427246094,128.05148315429688,36669900,-0.01964224341662424,133.95599975585938,133.3488003540039,39.73233396555232,0.1579294362690007,0.7043195166573757,-0.546390080388375,139.35775981367172,133.95599975585938,128.55423969804704,8.064976660481474
2023-12-05,128.9499969482422,132.13999938964844,128.25,130.99000549316406,129.75531005859375,27384800,0.01330579593712189,133.99300003051758,133.34640045166014,44.36675024583726,-0.0687078783786319,0.5497140376501741,-0.618421916028806,139.30205580306884,133.99300003051758,128.68394425796632,7.9243777978582415
2023-12-06,131.44000244140625,131.83999633789062,129.8800048828125,130.02000427246094,128.7943878173828,23576200,-0.0074056486842581926,133.94550018310548,133.375400390625,42.387169183640566,-0.3228687450289556,0.3751974811143482,-0.6980662261433037,139.37746879051866,133.94550018310548,128.5135315756923,8.110714581658362
2023-12-07,135.0399932861328,138.55999755859375,134.6999969482422,136.92999267578125,135.63926696777344,56767100,0.053145787377754106,134.2,133.50320037841797,57.07898250776329,0.032905932874854216,0.30673917146644947,-0.27383323859159525,139.69017414332643,134.2,128.70982585667355,8.182077709875472
2023-12-08,134.1999969482422,136.39999389648438,134.02999877929688,134.99000549316406,133.7176055908203,32260100,-0.014167441478504128,134.4375,133.55680053710938,52.99313612889926,0.1565149687118037,0.2766943309155203,-0.12017936220371661,139.62449311365097,134.4375,129.25050688634903,7.716586686974945
2023-12-11,132.3800048828125,133.33999633789062,131.36000061035156,133.2899932861328,132.0336151123047,31138000,-0.012593633209890709,134.4724998474121,133.605400390625,49.63982452814124,0.11596249914896362,0.244547964562209,-0.1285854654132454,139.6184397983987,134.4724998474121,129.32655989642552,7.653520172266835
2023-12-12,131.80999755859375,133.0,131.25999450683594,132.52000427246094,131.2708740234375,29032800,-0.005776870444836435,134.49400024414064,133.5724005126953,48.15354755410707,0.0214454863022695,0.19992746891022112,-0.17848198260795162,139.6034064826762,134.49400024414064,129.38459400560507,7.597969023541132
2023-12-13,133.3800048828125,133.5,131.57000732421875,132.57000732421875,131.32041931152344,30104800,0.00037742788302819186,134.44150085449218,133.57520080566405,48.26188454857738,-0.04886184996223619,0.15016960513572966,-0.19903145509796585,139.60701923366054,134.44150085449218,129.27598247532381,7.684410463044548
2023-12-14,133.3800048828125,133.72000122070312,129.69000244140625,131.94000244140625,130.69631958007812,38722400,-0.004752495725472761,134.30750122070313,133.5092007446289,46.931270402885275,-0.1536459148956908,0.08940650112944556,-0.24305241602513636,139.58536853050495,134.30750122070313,129.0296339109013,7.859378309970749
2023-12-15,131.6199951171875,133.50999450683594,131.17999267578125,132.60000610351562,131.3501434326172,50847100,0.005002618701427597,134.09100189208985,133.45980072021484,48.532194079232696,-0.181340876884434,0.03525702552666964,-0.21659790241110366,139.27520975167326,134.09100189208985,128.90679403250644,7.732372473069322
2023-12-18,132.6300048828125,137.14999389648438,132.42999267578125,135.8000030517578,134.5199432373047,32258000,0.024132442659368758,134.11550216674806,133.4242007446289,55.53592009718391,0.054297765598221304,0.03906517354097998,0.015232592057241326,139.32708129243457,134.11550216674806,128.90392304106155,7.7717773732180016
2023-12-19,136.83999633789062,137.47000122070312,136.0800018310547,136.64999389648438,135.36190795898438,25476800,0.006259032686286359,134.13550186157227,133.38880065917968,57.201891108889534,0.3061016951500335,0.0924724778627907,0.2136292172872428,139.3826411295647,134.13550186157227,128.88836259357984,7.823639819691386
2023-12-20,138.97000122070312,141.6999969482422,138.07000732421875,138.33999633789062,137.03598022460938,49107200,0.012367380830153873,134.20400161743163,133.39440063476562,60.38041730299561,0.6347106473025121,0.200920111750735,0.43379053555177716,139.63008483356396,134.20400161743163,128.7779184012993,8.08632104965123
2023-12-21,139.49000549316406,140.69000244140625,139.17999267578125,140.4199981689453,139.09640502929688,27488300,0.015035648311562788,134.3005012512207,133.39180053710936,63.930975837416405,1.050860705770475,0.370908230554683,0.679952475215792,140.08486700143348,134.3005012512207,128.51613550100794,8.614064275743267
2023-12-22,140.77000427246094,141.99000549316406,140.7100067138672,141.49000549316406,140.1562957763672,26532200,0.007619828469665135,134.5405014038086,133.4422006225586,65.63700146227491,1.4502852879178647,0.5867836420273194,0.8635016458905453,141.0538982058368,134.5405014038086,128.02710460178042,9.682432775360237
2023-12-26,141.58999633789062,142.67999267578125,141.19000244140625,141.52000427246094,140.18605041503906,16780300,0.00021229612631423755,134.79600143432617,133.52540069580078,65.6860046081737,1.7490903727018292,0.8192449881622214,0.9298453845396079,141.95190117916894,134.79600143432617,127.6401016894834,10.617376878689075
2023-12-27,141.58999633789062,142.0800018310547,139.88999938964844,140.3699951171875,139.046875,19628600,-0.008126168129185318,134.95450134277343,133.55080047607422,62.03389060210614,1.8715256447164563,1.0297011194730685,0.8418245252433878,142.44879613971463,134.95450134277343,127.46020654583222,11.106402116823517
2023-12-28,140.77999877929688,141.13999938964844,139.75,140.22999572753906,138.90818786621094,16045700,-0.0009974128062141263,135.21650085449218,133.56100036621095,61.58498415606781,1.9349547453289802,1.210751844644251,0.7242029006847293,143.05587555013577,135.21650085449218,127.3771261588486,11.595292950347256
2023-12-29,139.6300048828125,140.36000061035156,138.77999877929688,139.69000244140625,138.373291015625,18733000,-0.0038507222562079724,135.57450103759766,133.59560028076172,59.78782524949469,1.919522755800216,1.352506026875444,0.5670167289247718,143.54332301477234,135.57450103759766,127.60567906042296,11.755635338779186
2024-01-02,138.5500030517578,139.4499969482422,136.47999572753906,138.1699981689453,136.86761474609375,23711200,-0.010881263706890021,135.89000091552734,133.60400024414062,54.928761629416485,1.7643033604369407,1.4348654935877434,0.3294378668491973,143.74441250386246,135.89000091552734,128.0355893271922,11.559955162878579
2024-01-03,137.25,139.6300048828125,137.0800018310547,138.9199981689453,137.6105194091797,24212100,0.005427906846072528,136.37250061035155,133.67040008544922,56.794620498156455,1.6824157616715354,1.4843755472045017,0.19804021446703368,143.70952065511457,136.37250061035155,129.03548056558853,10.760263267044758
2024-01-04,138.4199981689453,139.16000366210938,136.35000610351562,136.38999938964844,135.10438537597656,27137700,-0.018211791104074226,136.6425003051758,133.6682000732422,49.36982316655442,1.397262717433705,1.4669529812503423,-0.06969026381663745,143.5523537262391,136.6425003051758,129.73264688411248,10.113769003978874
2024-01-05,136.75,137.16000366210938,135.14999389648438,135.72999572753906,134.4506072998047,22513900,-0.004839058882896374,136.9279998779297,133.6066000366211,47.620841783254164,1.1052791260542278,1.3946182102111195,-0.2893390841568917,143.15817455096956,136.9279998779297,130.69782520488982,9.099927960087088
2024-01-08,136.2899932861328,139.00999450683594,136.25999450683594,138.83999633789062,137.53128051757812,21404000,0.022913047993186053,137.02350006103515,133.8711999511719,55.602310207713906,1.1120124962999967,1.338097067428895,-0.22608457112889835,143.3091774799795,137.02350006103515,130.7378226420908,9.174597665574854
2024-01-09,138.5,141.49000549316406,138.14999389648438,140.9499969482422,139.6214141845703,24759600,0.015197514769922149,137.32149963378907,134.24459991455078,60.05012320490067,1.2729345587565035,1.3250645656944167,-0.05213000693791314,143.7566360863531,137.32149963378907,130.88636318122505,9.372365535950797
2024-01-10,141.0,143.0,140.91000366210938,142.27999877929688,140.93885803222656,21320200,0.009435829420225472,137.77099990844727,134.6467999267578,62.59392148615339,1.4906037331440984,1.3581723991843533,0.13243133395974516,144.27250075397595,137.77099990844727,131.26949906291858,9.43812681892287
2024-01-11,143.49000549316406,145.22000122070312,140.63999938964844,142.0800018310547,140.74075317382812,24008700,-0.0014056085111257,138.24899978637694,134.99919998168946,61.95507002746522,1.6282011504467278,1.4121781494368282,0.21602300100989957,144.53823552620935,138.24899978637694,131.95976404654454,9.098417709423671
2024-01-12,142.6699981689453,143.1999969482422,141.82000732421875,142.64999389648438,141.3053741455078,18785500,0.004011780233848405,138.75299911499025,135.37059982299806,63.11064703589024,1.7629198484195854,1.4823264892333796,0.28059335918620576,144.74983024923156,138.75299911499025,132.75616798074893,8.643894074349342
2024-01-16,142.0,144.35000610351562,141.4499969482422,142.49000549316406,141.1468963623047,22670500,-0.0011215269352737867,139.28049926757814,135.69139999389648,62.53647782783067,1.8356158235075668,1.552984356088217,0.28263146741934975,144.60578016232304,139.28049926757814,133.95521837283323,7.646843488856636
2024-01-17,141.35000610351562,141.83999633789062,138.89999389648438,141.47000122070312,140.1365203857422,20968600,-0.0071583293901765765,139.7239990234375,135.97100006103517,58.85981082519646,1.790284798511152,1.6004444445728043,0.18984035393834775,144.15173370967122,139.7239990234375,135.29626433720378,6.337829889181751
2024-01-18,142.0500030517578,144.2100067138672,141.99000549316406,143.47999572753906,142.12754821777344,25746400,0.014207772724416978,140.10799865722657,136.25859985351562,63.423355481149535,1.8947083743611586,1.6592972305304752,0.2354111438306834,144.43892984436985,140.10799865722657,135.7770674700833,6.182275428455554
2024-01-19,144.74000549316406,146.4499969482422,144.3800048828125,146.3800048828125,145.00022888183594,34271900,0.020211990568224536,140.59449920654296,136.58119995117187,68.80072313140752,2.1862693607114636,1.764691656566673,0.42157770414479057,145.42008589041106,140.59449920654296,135.76891252267487,6.8645454994351915
2024-01-22,147.10000610351562,148.38999938964844,145.83999633789062,145.99000549316406,144.61392211914062,32200400,-0.0026641803649160023,140.97699966430665,136.88160003662108,67.36636297985532,2.358674519951734,1.8834882292436852,0.47518629070804863,146.221692355362,140.97699966430665,135.7323069732513,7.4404941281825705
2024-01-23,145.88999938964844,147.17999267578125,145.5,147.0399932861328,145.6540069580078,21636100,0.0071921487476862556,141.30799942016603,137.18559997558594,69.22650877140117,2.550630015434308,2.01691658648181,0.5337134289524981,147.16961065502187,141.30799942016603,135.44638818531018,8.29621997184589
2024-01-24,148.5399932861328,149.85000610351562,148.10000610351562,148.6999969482422,147.29835510253906,25233500,0.011289412346927818,141.66849899291992,137.5547998046875,71.94884482868007,2.804377433482898,2.1744087558820278,0.6299686776008704,148.35881638073207,141.66849899291992,134.97818160510778,9.4450317965838
2024-01-25,150.07000732421875,153.0500030517578,149.5399932861328,151.8699951171875,150.43849182128906,29149100,0.021318206279792085,142.18599853515624,137.94039978027342,76.26661312607183,3.2241010202631912,2.3843472087582605,0.8397538115049308,150.21711415772648,142.18599853515624,134.154882912586,11.296633571953999
2024-01-26,151.10000610351562,152.5399932861328,151.00999450683594,152.19000244140625,150.7554473876953,26115500,0.0021068781172226547,142.7769989013672,138.34239990234374,76.65722607573656,3.5417300440855968,2.6158237758237277,0.9259062682618691,151.85764521977896,142.7769989013672,133.69635258295543,12.720040886536399
2024-01-29,152.05999755859375,153.77999877929688,151.42999267578125,153.50999450683594,152.0630340576172,27784300,0.00867356166944444,143.44099884033204,138.74019989013672,78.24756907744103,3.855521608777451,2.8637633424144724,0.9917582663629787,153.56209303929145,143.44099884033204,133.31990464137263,14.11185683421721
2024-01-30,152.8000030517578,153.6199951171875,151.19000244140625,151.4600067138672,150.0323486328125,36331800,-0.013354234560618128,144.02949905395508,139.0770001220703,70.24352827929557,3.893900342828829,3.069790742497344,0.824109600331485,154.5698083680448,144.02949905395508,133.48918973986537,14.636320175134667
2024-01-31,143.6199951171875,144.0,139.8699951171875,140.10000610351562,138.7794189453125,71910000,-0.07500335620980181,144.1259994506836,139.140400390625,43.61732551252116,2.9733833439768773,3.050509262793251,-0.07712591881637376,154.48371657250325,144.1259994506836,133.76828232886393,14.37314178052076
2024-02-01,142.1199951171875,143.05999755859375,140.7899932861328,141.16000366210938,139.8294219970703,40466500,0.0075659853581862,144.2379997253418,139.2574005126953,45.68615482465646,2.302854066428239,2.900978223520249,-0.59812415709201,154.41498670892483,144.2379997253418,134.0610127417588,14.111381193530212
2024-02-02,139.25999450683594,142.6199951171875,136.5,142.3800048828125,141.03790283203125,62499600,0.008642536153701919,144.5375,139.38000061035157,48.04888404787864,1.8485892988730086,2.690500438590801,-0.8419111397177925,154.10747750880859,144.5375,134.9675224911914,13.24220705188424
2024-02-05,142.82000732421875,145.47000122070312,142.77999877929688,143.67999267578125,142.32566833496094,38505400,0.009130634227193068,144.93499984741212,139.51420043945313,50.518936201935,1.5753200394141516,2.467464358755471,-0.8921443193413197,153.62896801302364,144.93499984741212,136.2410316818006,11.997058232676098
2024-02-06,144.64999389648438,145.36000061035156,143.19000244140625,144.10000610351562,142.74169921875,29128200,0.0029230910253654763,145.19800033569337,139.62640045166015,51.32419042255341,1.3767731718008065,2.2493261213645384,-0.8725529495637319,153.44530503429496,145.19800033569337,136.95069563709177,11.360080275946057
2024-02-07,144.75999450683594,145.6199951171875,143.92999267578125,145.5399932861328,144.1681365966797,25208900,0.009993137154292064,145.4275001525879,139.8034002685547,54.083155189639676,1.320397558787704,2.0635404088491716,-0.7431428500614676,153.4413406431036,145.4275001525879,137.4136596620722,11.021079894940467
2024-02-08,145.8300018310547,146.3300018310547,145.10000610351562,145.91000366210938,144.53466796875,22563800,0.0025423882192201486,145.6090003967285,139.9934002685547,54.79222028773836,1.2906978628150227,1.9089718996423417,-0.618274036827319,153.49284964701883,145.6090003967285,137.72515114643818,10.828793864129098
2024-02-09,146.67999267578125,149.44000244140625,146.17999267578125,149.0,147.5955352783203,26829500,0.021177391919785737,145.9550003051758,140.22940032958985,60.30508898779254,1.4992154970520346,1.8270206191242804,-0.32780512207224577,153.7962517831794,145.9550003051758,138.11374882717217,10.744752097027744
2024-02-12,148.4199981689453,149.33999633789062,147.3699951171875,147.52999877929688,146.13937377929688,21564100,-0.009865891243102665,146.1990005493164,140.4802001953125,56.75904618355594,1.5282338823719215,1.7672632717738086,-0.23902938940188712,153.91642180457583,146.1990005493164,138.48157929405696,10.557419990920074
2024-02-13,144.9199981689453,146.6699981689453,143.69000244140625,145.13999938964844,143.77191162109375,27837700,-0.01620002944434762,146.3315002441406,140.73240020751953,51.46080897650661,1.3428980918401123,1.6823902357870695,-0.33949214394695715,153.87877352530245,146.3315002441406,138.78422696297878,10.315309101006832
2024-02-14,146.0800018310547,146.52000427246094,144.08999633789062,145.94000244140625,144.5643768310547,22704200,0.005511961279679234,146.55500030517578,141.01400024414062,53.04094401802065,1.2462062134515293,1.5951534313199616,-0.3489472178684323,153.77063225437757,146.55500030517578,139.339368355974,9.846995236159081
2024-02-15,143.13999938964844,143.52000427246094,140.4600067138672,142.77000427246094,141.4242706298828,37590700,-0.021721161672087153,146.51950073242188,141.28400024414063,46.57140859504224,0.9033713412545694,1.4567970133068833,-0.5534256720523139,153.80197365792696,146.51950073242188,139.23702780691679,9.940619356606396
2024-02-16,142.99000549316406,143.19000244140625,140.13999938964844,140.52000427246094,139.19546508789062,31468900,-0.015759710352865275,146.22650070190429,141.47460021972657,42.59970665712054,0.4449865115703062,1.254434912959568,-0.8094484013892618,153.9650997724975,146.22650070190429,138.48790163131108,10.58440027415965
2024-02-20,139.66000366210938,142.0800018310547,139.49000549316406,141.1199951171875,139.789794921875,25144700,0.004269749977911408,145.98300018310547,141.6966000366211,43.97188350311406,0.12864454417115212,1.029276839201885,-0.9006322950307328,154.03612624851397,145.98300018310547,137.92987411769698,11.032964188032183
2024-02-21,141.4499969482422,142.69000244140625,140.67999267578125,142.5500030517578,141.20632934570312,23223300,0.010133317847842882,145.7585006713867,141.80900024414063,47.21093920944208,-0.006593054243325014,0.822102860512843,-0.828695914756168,153.93070271729283,145.7585006713867,137.5862986254806,11.213345373701928
2024-02-22,144.92999267578125,145.0,142.8000030517578,144.08999633789062,142.7318115234375,27191900,0.010803213884270413,145.52800064086915,141.99100006103515,50.52788186108297,0.010375164174604379,0.6597573212451953,-0.6493821570705909,153.61494484097744,145.52800064086915,137.44105644076086,11.113935688658401
2024-02-23,143.6699981689453,144.67999267578125,143.42999267578125,143.9600067138672,142.60302734375,19493800,-0.0009022808462453291,145.13250122070312,142.20440032958984,50.240918702827116,0.013181574247482786,0.5304421718456528,-0.51726059759817,152.69692648200026,145.13250122070312,137.56807595940597,10.424164398288593
2024-02-26,142.13999938964844,142.44000244140625,137.38999938964844,137.57000732421875,136.2732696533203,53641800,-0.04438726027303452,144.40150146484376,142.305400390625,38.62732770824606,-0.49451342984684743,0.3254510515071528,-0.8199644813540002,151.92211879670626,144.40150146484376,136.88088413298127,10.416259187849898
2024-02-27,138.02000427246094,139.25,137.08999633789062,138.8800048828125,137.57093811035156,33099200,0.009522545839932617,143.67000198364258,142.43160034179687,41.60736292654709,-0.782143460518995,0.10393214910192328,-0.8860756096209182,150.29750338991863,143.67000198364258,137.04250057736652,9.226005867293887
2024-02-28,137.89999389648438,138.00999450683594,135.41000366210938,136.3800048828125,135.09449768066406,37328600,-0.01800118879542012,142.91600189208984,142.520400390625,37.8319908085512,-1.198011507791847,-0.15645658227683076,-1.0415549255150163,149.2517486629592,142.91600189208984,136.5802551212205,8.866392408112869
2024-02-29,137.27999877929688,138.86000061035156,136.39999389648438,138.4600067138672,137.1548614501953,42133000,0.015251278215649755,142.83400192260743,142.63760040283202,42.50630783612148,-1.344255427163148,-0.3940163512540942,-0.9502390759090538,149.3532045819835,142.83400192260743,136.31479926323135,9.128362394982693
2024-03-01,138.42999267578125,138.8699951171875,136.9199981689453,137.13999938964844,135.84730529785156,31151100,-0.009533429136367566,142.63300170898438,142.66440032958985,40.42881505296859,-1.5488145758713472,-0.6249759961775448,-0.9238385796938023,149.58010743038722,142.63300170898438,135.68589598758155,9.74123188626022
2024-03-04,135.66000366210938,135.66000366210938,131.91000366210938,133.35000610351562,132.09304809570312,55999400,-0.027635860673990154,142.18150177001954,142.59840057373046,35.12116971222767,-1.9937670533727783,-0.8987342076165916,-1.0950328457561866,150.2231974325167,142.18150177001954,134.13980610752236,11.31187329207526
2024-03-05,131.8800048828125,133.24000549316406,130.6699981689453,132.6699981689453,131.41944885253906,40194800,-0.005099429931210597,141.63100204467773,142.48500061035156,34.25228792918763,-2.373901199433618,-1.1937676059799969,-1.1801335934536212,150.63662886847735,141.63100204467773,132.6253752208781,12.717027619360877
2024-03-06,133.1199951171875,133.5800018310547,130.85000610351562,131.39999389648438,130.16140747070312,35318600,-0.009572718443276562,140.99600143432616,142.30460052490236,32.62873004809222,-2.745984974356446,-1.5042110796552868,-1.2417738947011594,150.95611793595998,140.99600143432616,131.03588493269234,14.128225482015663
2024-03-07,132.7899932861328,134.94000244140625,131.61000061035156,134.3800048828125,133.1133575439453,37738200,0.022679149915512564,140.43800201416016,142.1624005126953,39.83513263303974,-2.7684886512486457,-1.7570665939739585,-1.0114220572746873,150.56633736596237,140.43800201416016,130.30966666235796,14.423924018487504
2024-03-08,134.2100067138672,138.08999633789062,134.0,135.41000366210938,134.13365173339844,39370400,0.007664852034975356,139.91300201416016,142.04020050048828,42.13887642190313,-2.6724048641262925,-1.9401342480044255,-0.7322706161218671,149.94037804566403,139.91300201416016,129.88562598265628,14.333730085341228
2024-03-11,136.1300048828125,139.10000610351562,136.1300048828125,137.6699981689453,136.37232971191406,32437800,0.01668990555006422,139.34650192260742,141.98620056152345,46.93970532236867,-2.3863863253611726,-2.029384663475775,-0.3570016618853975,148.49833711743358,139.34650192260742,130.19466672778125,13.135364101079569
2024-03-12,137.02999877929688,139.3800048828125,137.02999877929688,138.5,137.19451904296875,27563400,0.006029004071365307,138.89500198364257,141.95160064697265,48.6256076634337,-2.0688914685765667,-2.037286024495933,-0.03160544408063348,147.2430596975077,138.89500198364257,130.54694426977744,12.020674026626628
2024-03-13,139.0,141.08999633789062,138.99000549316406,139.7899932861328,138.4723358154297,23347200,0.009313905405074818,138.62750167846679,141.9536004638672,51.21978436644431,-1.6936593788279026,-1.9685606953623274,0.27490131653442473,146.4865121318921,138.62750167846679,130.76849122504146,11.338313622146275
2024-03-14,141.19000244140625,143.58999633789062,140.4600067138672,143.10000610351562,141.75111389160156,42753400,0.02367821743501297,138.48550186157226,142.0522006225586,57.19283543557656,-1.116326555229847,-1.7981138673358315,0.6817873121059845,145.9009934298956,138.48550186157226,131.0700102932489,10.709412131438489
2024-03-15,142.5,143.17999267578125,140.02999877929688,141.17999267578125,139.84921264648438,49475400,-0.01341718730035224,138.40600128173827,142.09740051269532,53.128936416762116,-0.8044420631106846,-1.599379506490802,0.7949374433801175,145.6685695464011,138.40600128173827,131.14343301707544,10.4945857801053
2024-03-18,148.61000061035156,152.14999389648438,147.1699981689453,147.67999267578125,146.2879638671875,69273700,0.04604066836600085,138.7640007019043,142.32320037841797,62.772877038007785,-0.03240216685651376,-1.2859840385639445,1.2535818717074307,147.04287894753224,138.7640007019043,130.48512245627637,11.932314150285697
2024-03-19,148.16000366210938,148.7899932861328,146.0800018310547,147.02999877929688,145.6440887451172,24070400,-0.004401422407210975,139.05950088500975,142.54920043945313,61.41210827449968,0.5209902862367812,-0.9245891736037994,1.4455794598405807,148.04536458747003,139.05950088500975,130.07363718254948,12.923768092466856
2024-03-20,148.0,148.86000061035156,146.74000549316406,148.74000549316406,147.33798217773438,21311500,0.011630361707172021,139.36900100708007,142.74720062255858,63.64491282337315,1.085033452743886,-0.5226646483342624,1.6076981010781486,149.20100477006918,139.36900100708007,129.53699724409097,14.109312245826644
2024-03-21,149.47000122070312,150.3699951171875,146.89999389648438,147.60000610351562,146.20875549316406,24755600,-0.007664192680527648,139.54450149536132,142.88020080566406,61.10640852645584,1.4236424386935198,-0.13340323092870598,1.5570456696222257,149.8225083987783,139.54450149536132,129.26649459194434,14.730794539774305
2024-03-22,149.1199951171875,151.5800018310547,148.97999572753906,150.77000427246094,149.34886169433594,29211800,0.021476868403538907,139.885001373291,143.05000091552733,65.25623691882433,1.9255878806076225,0.2783949913785597,1.6471928892290628,151.13118785991887,139.885001373291,128.63881488666314,16.07918844225019
2024-03-25,149.94000244140625,150.3800048828125,147.82000732421875,150.07000732421875,148.65542602539062,19229300,-0.00464305961946021,140.510001373291,143.20980102539062,63.641454526913556,2.241065745146585,0.6709291421321648,1.5701366030144204,152.53452798545544,140.510001373291,128.48547476112657,17.11554550514741
2024-03-26,150.22000122070312,152.25999450683594,149.97999572753906,150.6699981689453,149.2498016357422,22149100,0.003998344535705245,141.09950103759766,143.37020111083984,64.45339331326848,2.510558318992622,1.0388549775042564,1.4717033414883658,153.87889578443634,141.09950103759766,128.32010629075899,18.11401833863814
2024-03-27,151.17999267578125,151.63999938964844,148.89999389648438,150.8699951171875,149.44790649414062,22879200,0.0013273374987923248,141.8240005493164,143.53780090332032,64.73608351788084,2.7090430457233197,1.3728925911480692,1.3361504545752505,155.08488717301017,141.8240005493164,128.56311392562262,18.700483095007005
2024-03-28,150.85000610351562,151.42999267578125,150.1699981689453,150.92999267578125,149.50730895996094,24485400,0.0003974794108114743,142.4474998474121,143.72700073242189,64.82645338956095,2.8384648671155617,1.6660070463415675,1.1724578207739942,156.18127704685793,142.4474998474121,128.71372264796628,19.28258090055251
2024-04-01,150.69000244140625,155.74000549316406,150.61000061035156,155.49000549316406,154.0243377685547,31730800,0.030212762439617125,143.3650001525879,143.96720092773438,70.92504254856382,3.271278258286827,1.9870612887306196,1.2842169695562076,157.98132278880837,143.3650001525879,128.74867751636742,20.390363925175407
2024-04-02,153.5,154.6999969482422,152.14999389648438,154.55999755859375,153.10313415527344,24586000,-0.005980896439012784,144.4254997253418,144.13080078125,68.32316723457073,3.498908877577378,2.289430806499971,1.209478071077407,159.05915348147371,144.4254997253418,129.7918459692099,20.26463994787784
2024-04-03,153.60000610351562,155.0800018310547,152.72999572753906,154.9199981689453,153.45970153808594,24705000,0.0023289358822065065,145.5379997253418,144.30940063476564,68.80029926318738,3.666096347333621,2.564763914666701,1.1013324326669198,159.8062068097104,145.5379997253418,131.26979264097318,19.607534954850916
2024-04-04,153.5,154.77000427246094,150.4499969482422,150.52999877929688,149.11109924316406,34724700,-0.028337096001992634,146.49449996948243,144.37920074462892,57.43852833343355,3.405105423924738,2.7328322165183083,0.6722732074064295,159.33698927965284,146.49449996948243,133.65201065931203,17.53306685622428
2024-04-05,150.02999877929688,153.4199981689453,149.60000610351562,152.5,151.0625457763672,23459200,0.01308719835819061,147.4004997253418,144.45520080566405,60.58419581078566,3.3189718300402262,2.850060139222692,0.46891169081753414,159.21181621986068,147.4004997253418,135.58918323082293,16.026155293268953
2024-04-08,152.77999877929688,155.27000427246094,152.61000061035156,154.85000610351562,153.39036560058594,20702000,0.015409642491162945,148.37249984741212,144.51480102539062,64.00210457157698,3.401130078644343,2.9602741271070223,0.4408559515373205,159.23862566444961,148.37249984741212,137.50637403037462,14.647088683162096
2024-04-09,156.08999633789062,158.55999755859375,155.19000244140625,156.60000610351562,155.1239013671875,31079500,0.011301464468215228,149.31900024414062,144.6030010986328,66.34268355615299,3.5663408993040377,3.081487481546426,0.4848534177576118,159.57175117601201,149.31900024414062,139.06624931226924,13.732680924876089
2024-04-10,156.2100067138672,156.61000061035156,154.67999267578125,156.13999938964844,154.66824340820312,22838600,-0.002937380732230377,150.20100021362305,144.65560119628907,65.14365610976725,3.618441822654205,3.188878349767982,0.429563472886223,159.57662064634025,150.20100021362305,140.82537978090585,12.484098533808353
2024-04-11,156.91000366210938,159.67999267578125,156.4600067138672,159.41000366210938,157.90740966796875,27166400,0.02094267180119691,151.18200073242187,144.8146011352539,69.38016197396992,3.8788808718267944,3.326878854179745,0.5520020176470495,160.08908478281955,151.18200073242187,142.27491668202418,11.783259921480202
2024-04-12,157.9600067138672,160.22000122070312,157.13999938964844,157.72999572753906,156.2432098388672,25353700,-0.010539086370936368,151.91350021362305,145.16720092773437,65.00852595970395,3.904707062331653,3.442444495810127,0.4622625665215261,160.44035781603102,151.91350021362305,143.38664261121508,11.225937906002265
2024-04-15,158.86000061035156,159.24000549316406,154.58999633789062,154.86000061035156,153.40028381347656,27136500,-0.018195517285663265,152.59750061035157,145.4412008666992,58.255476187480795,3.651497691557438,3.4842551349595894,0.1672425565978486,159.63529930777452,152.59750061035157,145.55970191292863,9.224002581003647
2024-04-16,154.19000244140625,155.64999389648438,153.42999267578125,154.39999389648438,152.94461059570312,20779500,-0.0029704848416545193,152.93350067138672,145.68160064697267,57.229314324175895,3.3748060798268966,3.462365323933051,-0.08755924410615457,159.63368319825753,152.93350067138672,146.23331814451592,8.762216907945772
2024-04-17,155.6199951171875,157.0800018310547,154.5800018310547,155.47000122070312,154.0045623779297,21763100,0.00693029834852088,153.35550079345703,145.91740081787108,59.03682148033549,3.20492228362437,3.410876715871315,-0.2059544322469451,159.56006440185294,153.35550079345703,147.1509371850611,8.091739228516328
2024-04-18,155.33999633789062,156.94000244140625,154.6199951171875,156.00999450683594,154.53945922851562,19883000,0.0034732532746224454,153.71900024414063,146.1556005859375,59.95653331398287,3.078375499925045,3.3443764726820615,-0.26600097275701673,159.64494237763392,153.71900024414063,147.79305811064734,7.710097156605955
2024-04-19,156.1999969482422,156.36000061035156,152.3000030517578,154.08999633789062,152.63754272460938,32615600,-0.0123069959827794,154.0434997558594,146.32660064697265,55.2100354474741,2.790985710046158,3.2336983201548812,-0.4427126101087233,159.26218734938365,154.0434997558594,148.82481216233512,6.7756024782548625
2024-04-22,154.30999755859375,157.63999938964844,154.05999755859375,156.27999877929688,154.80690002441406,26446200,0.01421247526055014,154.31899948120116,146.5340005493164,59.179596927146335,2.7087177137569824,3.1287021988753017,-0.4199844851183192,159.3972207095992,154.31899948120116,149.24077825280312,6.581459503327916
2024-04-23,156.9600067138672,158.97000122070312,156.27999877929688,158.25999450683594,156.76824951171875,21151600,0.012669651591727282,154.72849884033204,146.71920043945312,62.42222551430819,2.771342530100384,3.0572302651203183,-0.2858877350199345,159.68965530152482,154.72849884033204,149.76734237913925,6.412724867591871
2024-04-24,157.49000549316406,159.57000732421875,157.1699981689453,159.1300048828125,157.63003540039062,22779100,0.0054971966029859765,155.1514991760254,146.95120056152345,63.78357719673085,2.8582278432097326,3.0174297807382016,-0.159201937528469,160.0989956990073,155.1514991760254,150.2040026530435,6.377632893342243
2024-04-25,151.3300018310547,156.49000549316406,150.8699951171875,156.0,154.529541015625,57109700,-0.01966943911983632,155.40799942016602,147.16840057373048,55.93282455134807,2.644040985698325,2.9427520217302265,-0.2987110360319014,159.9568770479364,155.40799942016602,150.85912179239565,5.85411001331003
2024-04-26,174.3699951171875,174.7100067138672,169.64999389648438,171.9499969482422,170.32919311523438,64665300,0.10224357100764192,156.45899963378906,147.68860046386717,73.6985363305536,3.7184636774144053,3.0978943528670624,0.6205693245473429,164.6437970924629,156.45899963378906,148.27420217511522,10.462546070000876
2024-04-29,169.05999755859375,169.5500030517578,165.2100067138672,166.14999389648438,164.58384704589844,45610000,-0.033730835943366344,156.99199905395508,148.15620025634766,63.64969426751668,4.055193877024237,3.2893542576984975,0.7658396193257397,166.18165845694338,156.99199905395508,147.8023396509668,11.707169102076332
2024-04-30,165.61000061035156,168.10000610351562,162.60000610351562,162.77999877929688,161.2456512451172,33562900,-0.02028264535492541,157.40299911499022,148.60140014648437,58.646100626888796,4.00396927902807,3.4322772619644124,0.5716920170636572,166.85241272916076,157.40299911499022,147.95358550081968,12.006650022300148
2024-05-01,164.3000030517578,167.1199951171875,163.08999633789062,163.86000061035156,162.3154754638672,33493200,0.006634747731110613,157.84999923706056,149.05620025634767,59.7384366301557,4.004360759667605,3.546693961505051,0.4576667981625544,167.6274066714348,157.84999923706056,148.0725918026863,12.38822614080657
2024-05-02,164.7899932861328,166.72999572753906,163.88999938964844,166.6199951171875,165.0494384765625,24294500,0.016843514180531205,158.65449905395508,149.53760009765625,62.46692635000927,4.179204236387278,3.673196016481497,0.5060082199057812,168.53756034706572,158.65449905395508,148.77143776084444,12.458595693210842
2024-05-03,167.55999755859375,167.9600067138672,163.0500030517578,167.24000549316406,165.66360473632812,34662400,0.003721104812197451,159.3914993286133,150.00060028076172,63.07234917605364,4.318023124363663,3.8021614380579303,0.5158616863057324,169.52406244692207,159.3914993286133,149.2589362103045,12.714057099643364
2024-05-06,167.4600067138672,168.13999938964844,166.02999877929688,168.10000610351562,166.5155029296875,21871300,0.005142337658988305,160.0539993286133,150.48340026855467,63.94119061861157,4.446180157941683,3.930965182034681,0.5152149759070017,170.63491593604834,160.0539993286133,149.47308272117823,13.22168349659411
2024-05-07,168.5,171.75999450683594,168.38999938964844,171.25,169.63583374023438,28039700,0.018738980789461124,160.7864990234375,151.15700012207031,67.00352125851828,4.747200934875451,4.094212332602836,0.6529886022726155,172.2970874275444,160.7864990234375,149.2759106193306,14.317854389539292
2024-05-08,169.0,170.14999389648438,168.74000549316406,169.3800048828125,167.78341674804688,19569100,-0.01091996278937224,161.4484992980957,151.7670001220703,63.55294356085903,4.779770868311431,4.231324039744555,0.5484468285668758,173.33093780102232,161.4484992980957,149.56606079516908,14.719788111485746
2024-05-09,169.38999938964844,170.69000244140625,168.17999267578125,169.9600067138672,168.3579559326172,15346700,0.003424290646274475,161.9759994506836,152.4386001586914,64.16928760341378,4.797086251477197,4.344476482091084,0.45260976938611286,174.3750872372134,161.9759994506836,149.57691166415378,15.30978395389364
2024-05-10,168.02999877929688,169.85000610351562,166.19000244140625,168.64999389648438,167.06028747558594,29799900,-0.0077077940857789295,162.52199935913086,153.04239990234376,61.63408562973798,4.651482338308995,4.405877653334667,0.24560468497432808,175.08574263838884,162.52199935913086,149.95825607987288,15.460975534143422
2024-05-13,164.25999450683594,169.27999877929688,164.0,169.13999938964844,167.54568481445312,31327600,0.0029055219897076157,163.2359992980957,153.68239990234375,62.23509852407402,4.523485609916122,4.429399244650957,0.09408636526516467,175.5983130560967,163.2359992980957,150.87368554009467,15.146553224972651
2024-05-14,169.77000427246094,171.25,168.8000030517578,170.33999633789062,168.73439025878906,25127100,0.007094813845264669,164.03299942016602,154.42219970703124,63.73343229538006,4.467379831577318,4.43699536203623,0.03038446954108842,176.064803988466,164.03299942016602,152.00119485186605,14.669980565899229
2024-05-15,170.6300048828125,172.64999389648438,170.50999450683594,172.50999450683594,170.88392639160156,26948400,0.012739170299046476,164.88499908447267,155.21899963378905,66.33459748217925,4.545617268503207,4.458719743329626,0.08689752517358151,176.7832178152296,164.88499908447267,152.98678035371574,14.432142155832278
2024-05-16,173.2899932861328,175.1199951171875,172.69000244140625,174.17999267578125,172.53817749023438,27867900,0.009680554125622631,165.79349899291992,156.074599609375,68.22349713959005,4.6883317266544395,4.504642139994589,0.1836895866598507,177.61688093516557,165.79349899291992,153.97011705067428,14.262781127202768
2024-05-17,174.17999267578125,176.27000427246094,173.69000244140625,176.05999755859375,174.40045166015625,24479300,0.010793403506463184,166.8919990539551,156.90819946289062,70.24734764596975,4.896688666266158,4.583051445248903,0.3136372210172551,178.23445710749823,166.8919990539551,155.54954100041195,13.592572583274286
2024-05-20,176.19000244140625,178.77000427246094,176.0800018310547,176.9199981689453,175.25233459472656,22554400,0.004884637203981024,167.9239990234375,157.73839935302735,71.1524662386667,5.072732600220604,4.680987676243243,0.3917449239773614,178.96847738289475,167.9239990234375,156.87952066398023,13.154139281682731
2024-05-21,176.89999389648438,178.14999389648438,175.80999755859375,177.85000610351562,176.17355346679688,16989400,0.005256528389197435,168.90349960327148,158.54199951171876,72.13952035739968,5.227038507925869,4.790197842579768,0.436840665346101,179.8199707977699,168.90349960327148,157.98702840877306,12.926281835651185
2024-05-22,176.63999938964844,177.14999389648438,175.2100067138672,176.3800048828125,174.7174530029297,17880000,-0.00826514783413057,169.7659996032715,159.299599609375,68.16910802557663,5.171101004813522,4.866378475026519,0.30472252978700354,180.1712437027219,169.7659996032715,159.36075550382108,12.258336915244008
2024-05-23,177.07000732421875,178.25,172.9499969482422,173.5500030517578,171.9141387939453,21024900,-0.016044843607795567,170.64349975585938,159.9747998046875,61.18716361496697,4.842590267934071,4.861620833608029,-0.019030565673958222,179.01919471819886,170.64349975585938,162.2678047935199,9.816600074802304
2024-05-24,174.97999572753906,175.77000427246094,173.64999389648438,174.99000549316406,173.34054565429688,16579400,0.008297205048743761,170.79550018310547,160.61259979248047,63.249741553298655,4.64489583672551,4.8182758342315255,-0.1733799975060153,179.36853261187716,170.79550018310547,162.2224677543338,10.03894414030903
2024-05-28,174.4499969482422,177.27000427246094,174.3699951171875,176.39999389648438,174.7372589111328,20572200,0.008057625822994074,171.30800018310546,161.31699981689454,65.19982591182398,4.54955145884432,4.764530959154085,-0.21497950030976476,179.93424990413862,171.30800018310546,162.6817504620723,10.071041296159954
2024-05-29,175.42999267578125,176.83999633789062,174.72000122070312,175.89999389648438,174.2419891357422,23388700,-0.0028343684596913166,171.96399993896483,161.8813998413086,63.90483749734952,4.383118667526077,4.688248500828483,-0.3051298333024066,179.86100957520978,171.96399993896483,164.0669903027199,9.184491683198612
2024-05-30,175.1999969482422,175.22000122070312,171.7899932861328,172.11000061035156,170.48770141601562,22931500,-0.021546400717463166,172.37649993896486,162.38299987792968,54.989242997224984,3.9004368889097236,4.530686178444732,-0.6302492895350085,179.34438616152346,172.37649993896486,165.40861371640625,8.084496697665628
2024-05-31,171.86000061035156,173.05999755859375,169.44000244140625,172.5,170.87403869628906,37638900,0.0022660712594788635,172.67050018310547,162.8581997680664,55.67454180541272,3.508929043425468,4.326334751440879,-0.8174057080154116,179.1188546039395,172.67050018310547,166.22214576227145,7.468970569953727
2024-06-03,172.5399932861328,174.52999877929688,171.16000366210938,173.1699981689453,171.53770446777344,27459100,0.003883947359984763,172.96699981689454,163.369599609375,56.88890089115863,3.2156514794613713,4.104198097044978,-0.8885466175836063,178.915232473526,172.96699981689454,167.01876716026308,6.877881518357085
2024-06-04,173.27999877929688,173.85000610351562,171.88999938964844,173.7899932861328,172.15184020996094,26879600,0.003580179320301413,173.2514991760254,163.82999938964844,58.034636006952375,2.9986883092997516,3.8830961394959322,-0.8844078301961806,178.77016298938653,173.2514991760254,167.73283536266425,6.370696749647312
2024-06-05,175.1999969482422,176.64999389648438,173.92999267578125,175.41000366210938,173.756591796875,22068500,0.009321721945910522,173.45949935913086,164.33679931640626,60.95461075584198,2.9237614303701207,3.6912291976707703,-0.7674677673006496,178.9743178070199,173.45949935913086,167.94468091124182,6.358623734375195
2024-06-06,175.89999389648438,177.14999389648438,175.75,176.72999572753906,175.06414794921875,23251000,0.007525217540364171,173.82699890136718,164.85799926757812,63.20137693503816,2.9370373289595477,3.540390823928526,-0.6033534949689785,179.18272229990953,173.82699890136718,168.47127550282482,6.162130661395464
2024-06-07,177.0500030517578,177.8699951171875,174.3000030517578,174.4600067138672,172.81553649902344,19661400,-0.012844500010633642,174.0519989013672,165.32979949951172,57.11479007606749,2.732886418456559,3.378889942834133,-0.6460035243775741,179.10874560099475,174.0519989013672,168.99525220173965,5.810616059046974
2024-06-10,174.97000122070312,177.05999755859375,172.75999450683594,175.00999450683594,173.55931091308594,23726700,0.004303863119776263,174.36999893188477,165.81139953613283,58.16600283871032,2.5856687892285777,3.220245712113022,-0.6345769228844444,178.78739755641726,174.36999893188477,169.95260030735227,5.066695706361839
2024-06-11,176.22000122070312,176.83999633789062,173.77000427246094,176.6199951171875,175.1559600830078,21540600,0.00919944404896511,174.7439987182617,166.2339993286133,61.16684680624887,2.569294127961456,3.0900553952827092,-0.5207612673212534,178.5513369973747,174.7439987182617,170.9366604391487,4.357618352606818
2024-06-12,178.25,180.41000366210935,176.11000061035156,177.7899932861328,176.3162841796875,27864700,0.006624519634557791,175.11649856567382,166.69859924316407,63.230989961108975,2.6205184595003743,2.996148008126242,-0.37562954862586784,178.56865288067027,175.11649856567382,171.66434425067737,3.9426945413733128
2024-06-13,176.11000061035156,176.74000549316406,174.8800048828125,175.16000366210938,173.7080841064453,20913300,-0.014792735029420911,175.2489990234375,167.10339935302736,56.02236939038767,2.4209882824705744,2.8811160629951087,-0.4601277805245343,178.48763296172908,175.2489990234375,172.01036508514593,3.6960370174307715
2024-06-14,174.22000122070312,177.05999755859375,174.14999389648438,176.7899932861328,175.32456970214844,18063600,0.009305759164971006,175.37949905395507,167.62859924316408,59.132081549387884,2.367099272953709,2.778312704986829,-0.41121343203312,178.6455374039534,175.37949905395507,172.11346070395675,3.7245383498256395
2024-06-17,175.4600067138672,178.36000061035156,174.80999755859375,177.24000549316406,175.7708282470703,19618500,0.0025453280488867414,175.4384994506836,168.12339935302734,59.97359125406517,2.333801458389388,2.689410455667341,-0.3556089972779528,178.79301335220615,175.4384994506836,172.08398554916104,3.824147962990892
2024-06-18,177.13999938964844,177.38999938964844,174.10000610351562,175.08999633789062,173.63864135742188,21869900,-0.012130493500612904,175.34699935913085,168.52819915771485,54.2284046781266,2.10960669717457,2.573449703968787,-0.46384300679421697,178.6340341386813,175.34699935913085,172.0599645795804,3.749177107751045
2024-06-20,175.3699951171875,177.2899932861328,174.99000549316406,176.3000030517578,174.83863830566406,20160100,0.006910886533442184,175.26949920654297,168.9221990966797,56.74007152364612,2.006439181121891,2.4600475993994078,-0.45360841827751663,178.38545928371255,175.26949920654297,172.1535391293734,3.5556215899237915
2024-06-21,177.0,180.8500061035156,176.61000061035156,179.6300048828125,178.1410369873047,57759000,0.01888826585269543,175.43199920654297,169.39199920654298,62.79139952996563,2.168385698587855,2.401715219237097,-0.23332952064924228,179.05963474248992,175.43199920654297,171.80436367059602,4.135660030501041
2024-06-24,180.16000366210935,180.88999938964844,178.6699981689453,179.22000122070312,177.7344207763672,18298000,-0.0022825521722233955,175.71549911499022,169.78819915771484,61.64796426101222,2.237849080267978,2.368941991443273,-0.13109291117529542,179.58843866213502,175.71549911499022,171.84255956784543,4.408193433876086
2024-06-25,179.6199951171875,184.2899932861328,179.4199981689453,184.02999877929688,182.5045318603516,23130200,0.026838420285434594,176.16749877929686,170.31419921875,68.82116665788129,2.6504729129790405,2.4252481757504265,0.22522473722861402,181.4498617622993,176.16749877929686,170.88513579629443,5.996977898426302
2024-06-26,182.6300048828125,184.50999450683597,182.47999572753903,183.8800048828125,182.3557891845703,19839000,-0.0008150081220728023,176.54149932861327,170.89459930419923,68.39158989792107,2.9315835489963717,2.5265152503996156,0.4050682985967562,182.80485245007216,176.54149932861327,170.27814620715438,7.095615643096272
2024-06-27,184.17999267578125,186.0500030517578,184.0200042724609,185.41000366210935,183.8731231689453,18848900,0.008320733831154836,177.01699981689453,171.51479949951172,70.41983973905886,3.240469749933908,2.669306150306474,0.5711635996274338,184.36362880204302,177.01699981689453,169.67037083174603,8.300478476923475
2024-06-28,184.32000732421875,185.1300048828125,181.9600067138672,182.1499938964844,180.64010620117188,29156600,-0.01758286862187519,177.51899948120118,172.04839935302735,61.38186035923417,3.1854884189384336,2.772542604032866,0.4129458149055676,184.82781198359766,177.51899948120118,170.2101869788047,8.234400288145453
2024-07-01,183.02999877929688,183.8800048828125,181.3000030517578,182.9900054931641,181.47314453125,16006100,0.004611591232959178,178.0434997558594,172.58799957275392,62.70992919519928,3.1731194873359243,2.8526579806934778,0.32046150664244655,185.34190014504392,178.0434997558594,170.74509936667485,8.198446333836849
2024-07-02,182.0500030517578,185.57000732421875,181.55999755859372,185.2400054931641,183.7045440673828,17372500,0.0122960316905103,178.64700012207032,173.21099975585938,66.07525946434026,3.306755002606508,2.9434773850760836,0.3632776175304242,186.22443589511806,178.64700012207032,171.06956434902258,8.483137996014534
2024-07-03,184.8500061035156,186.08999633789065,184.0,185.82000732421875,184.2797088623047,10242100,0.0031309230691152212,179.2485008239746,173.8017999267578,66.90441513264464,3.4200393272746794,3.038789773515803,0.3812495537588765,187.09341152459095,179.2485008239746,171.40359012335827,8.753111646183516
2024-07-05,185.8600006103516,190.8600006103516,185.8000030517578,190.6000061035156,189.02012634277344,20967500,0.02572403391417777,180.00800094604492,174.44860015869142,72.80384621477852,3.85113048908363,3.2012579166293684,0.6498725724542616,189.06668652889334,180.00800094604492,170.9493153631965,10.064758827651945
2024-07-08,189.8999938964844,190.1699981689453,187.77999877929688,189.02999877929688,187.46310424804688,21035900,-0.00823733495925727,180.6230010986328,175.0466000366211,68.48568874679489,4.019749698379968,3.3649562729794886,0.6547934254004795,190.35321738997519,180.6230010986328,170.89278480729044,10.77406114631989
2024-07-09,190.30999755859372,191.3600006103516,188.72000122070312,188.97999572753903,187.41351318359372,15121400,-0.00026453773211576603,181.3490005493164,175.70619995117187,68.3466483847888,4.102060804686943,3.5123771793209797,0.589683625365963,191.29586840582866,181.3490005493164,171.40213269280414,10.969862338786129
2024-07-10,189.1499938964844,191.75,189.02999877929688,191.17999267578125,189.5952911376953,15952500,0.01164151889071241,182.15750045776366,176.09079986572266,71.12433536015095,4.295300763565734,3.668961896169931,0.6263388673958032,192.53143767869778,182.15750045776366,171.78356323682954,11.39007418839665
2024-07-11,189.8500061035156,190.8600006103516,185.0800018310547,185.57000732421875,184.0317840576172,25625800,-0.02934412055644131,182.60500106811523,176.47920013427733,57.31286152276313,3.9502300963111736,3.7252155361981796,0.22501456011299403,192.75457218329845,182.60500106811523,172.455429952932,11.116421845858683
2024-07-12,185.0800018310547,187.1100006103516,184.4900054931641,185.07000732421875,183.5359344482422,22898400,-0.0026943694096871473,182.96900177001953,176.9250003051758,56.26417255123131,3.594972677848915,3.699166964528327,-0.10419428667941188,192.92200126558015,182.96900177001953,173.0160022744589,10.879437936783313
2024-07-15,184.9199981689453,188.2400054931641,184.9199981689453,186.52999877929688,184.98382568359372,16474000,0.007888870589316976,183.5375015258789,177.37840026855469,58.643754708770935,3.3921352987995306,3.6377606313825677,-0.2456253325830371,192.92416657365436,183.5375015258789,174.15083647810343,10.228607199877287
2024-07-16,187.3600006103516,188.67999267578125,183.3699951171875,183.9199981689453,182.3954620361328,18290700,-0.013992378187097199,183.89400177001954,177.72440032958986,53.08346293845356,2.9863551349145894,3.507479532088972,-0.5211243971743826,192.7554123953175,183.89400177001954,175.03259114472158,9.637520027847533
2024-07-17,182.97000122070312,183.5500030517578,179.89999389648438,181.0200042724609,179.51951599121094,20734100,-0.015767640339386046,184.08300170898437,178.00000030517577,47.67462178308719,2.4030651214969794,3.2865966499705737,-0.8835315284735943,192.51974002394604,184.08300170898437,175.6462633940227,9.166232880425602
2024-07-18,181.92999267578125,182.5,176.47000122070312,177.69000244140625,176.2171173095703,25315700,-0.018395764178655183,184.21300201416017,178.1918002319336,42.33973520879228,1.6530449920230126,2.959886318381062,-1.3068413263580494,192.15719560973082,184.21300201416017,176.26880841858951,8.625008559341534
2024-07-19,178.8800048828125,180.2899932861328,177.1300048828125,177.66000366210938,176.18736267089844,18881900,-0.00016885214743134203,184.28100204467773,178.32000030517577,42.29381978065622,1.0441911988784511,2.5767472944805396,-1.5325560956020885,191.97235841607963,184.28100204467773,176.58964567327584,8.347421911171478
2024-07-22,180.58999633789065,182.6999969482422,180.22999572753903,181.6699981689453,180.1641082763672,24100300,0.022571117162908827,184.38300170898438,178.56580017089843,50.085980833937725,0.8751549831551984,2.2364288322154713,-1.361273849060273,191.87649624983192,184.38300170898438,176.88950716813684,8.128183695235288
2024-07-23,182.0500030517578,183.6100006103516,181.5399932861328,181.7899932861328,180.2831268310547,36352700,0.0006606119044805236,184.51150131225586,178.80239990234375,50.302241171522,0.742318185504871,1.9376067028733512,-1.1952885173684802,191.72952289502672,184.51150131225586,177.293479729485,7.82392591403343
2024-07-24,173.60000610351562,176.19000244140625,171.82000732421875,172.6300048828125,171.19906616210938,49585200,-0.050387747475991396,183.94150161743164,178.8820001220703,37.0911056510354,-0.10092702073114879,1.5298999581524513,-1.6308269788836,192.82901305223004,183.94150161743164,175.05399018263324,9.663410765541073
2024-07-25,172.52000427246094,173.4199981689453,167.19000244140625,167.27999877929688,165.89340209960938,44852000,-0.030991197448916208,183.11150131225585,178.8448001098633,31.832531242804322,-1.187220167541426,0.9864759330136759,-2.1736961005551017,194.58985644148342,183.11150131225585,171.6331461830283,12.537011653521196
2024-07-26,167.14999389648438,168.08999633789062,164.05999755859375,167.0,165.61570739746094,41336900,-0.0016739345786741522,182.19100112915038,178.77800018310546,31.58018349267175,-2.0471110522222773,0.37975853596648523,-2.4268695881887625,195.57841411377078,182.19100112915038,168.80358814452998,14.696020002799607
2024-07-29,168.8300018310547,170.42999267578125,167.99000549316406,169.52999877929688,168.12474060058594,20293800,0.0151497297119505,181.56000137329102,178.7184002685547,36.48008162668285,-2.4956625714759184,-0.19532568552199547,-2.300336885953923,196.04067965281843,181.56000137329102,167.0793230937636,15.951396970696033
2024-07-30,170.24000549316406,171.22999572753906,168.44000244140625,170.2899932861328,168.87843322753906,18959700,0.00448293703984759,180.92500076293945,178.64060028076173,37.91836065419441,-2.758024882921603,-0.707865525001917,-2.050159357919686,196.19165640309,180.92500076293945,165.6583451227889,16.87622559156874
2024-07-31,173.24000549316406,174.25,170.00999450683594,171.5399932861328,170.11810302734375,25729100,0.007340604576396181,180.2400001525879,178.5502001953125,40.31224255751445,-2.8324338177247057,-1.1327791835464749,-1.6996546341782308,195.89521305416747,180.2400001525879,164.58478725100832,17.371518961746734
2024-08-01,170.25,174.0500030517578,168.8800048828125,170.75999450683594,169.34454345703125,24531400,-0.004547191372032633,179.48699951171875,178.42700012207033,39.29403854222437,-2.9206750929961345,-1.490358365436407,-1.4303167275597275,195.44207571131093,179.48699951171875,163.53192331212657,17.778531306442027
2024-08-02,166.44000244140625,168.50999450683594,164.6699981689453,166.66000366210938,165.27853393554688,29130100,-0.02401027773602915,178.28999938964844,178.2032000732422,34.37862564116283,-3.283590745360783,-1.8490048414212823,-1.4345859039395008,194.32246023535652,178.28999938964844,162.25753854394037,17.984700096015505
2024-08-05,155.5,164.42999267578125,154.92999267578125,159.25,157.92994689941406,53630700,-0.044461835794105675,176.8009994506836,177.86059997558593,27.64722918305587,-4.121617936124039,-2.303527460361834,-1.8180904757622054,194.05226362087834,176.8009994506836,159.54973528048887,19.51489439968551
2024-08-06,159.3300018310547,160.57000732421875,156.41000366210938,158.2899932861328,156.97792053222656,49004600,-0.006028156064624368,175.2664993286133,177.55539978027343,26.91203225331492,-4.8078036731715486,-2.804382702923777,-2.0034209702477717,193.35111247774603,175.2664993286133,157.18188617948056,20.636702642443108
2024-08-07,161.25,162.97999572753906,158.47000122070312,158.94000244140625,157.6225128173828,25138600,0.004106260822992036,173.65449981689454,177.23439971923827,28.30226462589971,-5.238771213478458,-3.2912604050347136,-1.9475108084437442,191.524085964038,173.65449981689454,155.7849136697511,20.580619754726275
2024-08-08,160.50999450683594,163.69000244140625,160.2100067138672,162.02999877929688,160.68692016601562,25578800,0.019441431898647332,172.47749938964844,176.94699981689453,34.66455569974603,-5.270227313961499,-3.687053786820071,-1.5831735271414278,190.1526438046294,172.47749938964844,154.80235497466748,20.4955944717758
2024-08-09,160.00999450683594,163.7899932861328,159.05999755859375,163.6699981689453,162.3133087158203,28602300,0.010121474405784703,171.40749893188476,176.70239990234376,37.81840099787279,-5.103986674265883,-3.970440364309234,-1.1335463099566492,188.48471446914576,171.40749893188476,154.33028339462376,19.925867472166168
2024-08-12,164.35000610351562,164.89999389648438,161.83999633789062,162.2899932861328,160.94476318359375,15895300,-0.00843150535870485,170.19549865722655,176.50599975585936,36.23342550338002,-5.025661928127363,-4.181484677072859,-0.8441772510545036,186.21558896146794,170.19549865722655,154.17540835298516,18.825515869260244
2024-08-13,163.41000366210938,164.72999572753906,162.97000122070312,164.16000366210938,162.7992706298828,18551700,0.01152263304257728,169.20749893188477,176.33919982910157,39.908614547269785,-4.757849268788505,-4.296757595415989,-0.46109167337251566,184.11896371991716,169.20749893188477,154.29603414385238,17.62506376154767
2024-08-14,162.39999389648438,163.22000122070312,157.7100067138672,160.3699951171875,159.0406494140625,40591100,-0.023087457341042894,168.17499847412108,176.0831997680664,35.44923607935996,-4.7961408951830435,-4.3966342553694,-0.39950663981364354,182.52075713632956,168.17499847412108,153.8292398119126,17.060512909017234
2024-08-15,160.5,161.63999938964844,159.61000061035156,161.3000030517578,159.9629669189453,31524300,0.005799256405710107,167.35549850463866,175.8333999633789,37.30064313920461,-4.697295913729448,-4.45676658704141,-0.24052932668803795,181.30040879859234,167.35549850463866,153.41058821068498,16.66501599117422
2024-08-16,161.47000122070312,165.05999755859375,161.1300048828125,162.9600067138672,161.6092071533203,24208600,0.010291383475083737,166.62049865722656,175.58440002441407,40.57679251283844,-4.4339008821234245,-4.452193446057813,0.018292563934388717,179.84650063485043,166.62049865722656,153.3944966796027,15.87560004226435
2024-08-19,165.27999877929688,166.69000244140625,164.25999450683594,166.6699981689453,165.2884521484375,22416200,0.022766308058343787,165.87049865722656,175.3832000732422,47.215120277066696,-3.881054734082568,-4.337965703662764,0.4569109695801963,177.1567793219007,165.87049865722656,154.58421799255242,13.608544926361349
2024-08-20,166.89999389648438,168.63999938964844,166.82000732421875,167.17999267578125,165.79421997070312,18341500,0.003059910209646244,165.13999862670897,175.23759979248047,48.07386848346895,-3.3630012986439226,-4.142972822658996,0.7799715240150737,173.79462184972814,165.13999862670897,156.4853754036898,10.481559034746672
2024-08-21,165.14999389648438,166.85000610351562,164.6699981689453,165.85000610351562,164.4752655029297,22902000,-0.007955370627555691,164.80099868774414,175.05440002441406,45.9733389372845,-3.024889971245699,-3.9193562523763372,0.8944662811306383,172.75861156335452,164.80099868774414,156.84338581213376,9.657238656287547
2024-08-22,167.25999450683594,167.58999633789062,163.30999755859375,163.8000030517578,162.4422607421875,22493300,-0.01236055010779702,164.6269989013672,174.79800018310547,42.86442526134035,-2.88904926050418,-3.713294854001906,0.824245593497726,172.51203594232726,164.6269989013672,156.74196186040712,9.579275688168531
2024-08-23,164.72000122070312,166.17999267578125,163.8300018310547,165.6199951171875,164.2471466064453,13955700,0.011110937855773662,164.55799865722656,174.55460021972655,46.33418959884125,-2.6045131627037392,-3.4915385157422727,0.8870253530385335,172.38268692300753,164.55799865722656,156.7333103914456,9.50994583019905
2024-08-26,166.3800048828125,167.5500030517578,164.4600067138672,166.16000366210938,164.78269958496094,14190400,0.0032606531655545723,164.38949890136718,174.37460021972657,47.355740983098634,-2.3088273541460183,-3.254996283423022,0.9461689292770039,171.91819764352124,164.38949890136718,156.8608001592131,9.159585974127511
2024-08-27,165.83999633789062,166.44000244140625,164.4600067138672,164.67999267578125,163.31495666503906,11821900,-0.008907142094520148,164.1089988708496,174.13240020751954,44.836645505485436,-2.168916815249247,-3.037780389788267,0.8688635745390201,171.13895578474992,164.1089988708496,157.07904195694928,8.567424044104676
2024-08-28,165.0399932861328,165.60000610351562,161.52999877929688,162.85000610351562,161.5001220703125,16407400,-0.011112482480394092,163.67449951171875,173.84460021972657,41.870784864034086,-2.18056513025158,-2.8663373378809296,0.6857722076293498,169.83389983939676,163.67449951171875,157.51509918404074,7.526401908731072
2024-08-29,164.30999755859375,165.97000122070312,160.25,161.77999877929688,160.43899536132812,19699800,-0.006570439052190902,163.2254997253418,173.57840026855467,40.19649982565758,-2.2501982675244108,-2.743109523809626,0.49291125628521515,168.49890355055723,163.2254997253418,157.95209590012635,6.4614950900306045
2024-08-30,162.6199951171875,163.66000366210938,161.69000244140625,163.3800048828125,162.02572631835938,22123800,0.009889933263778738,163.06149978637694,173.32000030517577,43.814449388094154,-2.151475044679671,-2.624782627983635,0.47330758330396394,168.09606182237147,163.06149978637694,158.02693775038242,6.175046890394346
2024-09-03,161.72000122070312,161.85000610351562,156.47999572753906,157.36000061035156,156.05563354492188,38945300,-0.03684657312818984,162.96699981689454,172.87460021972657,35.18866594092175,-2.529837817237734,-2.605793665834455,0.07595584859672089,168.3435234487483,162.96699981689454,157.59047618504079,6.5982973705040635
2024-09-04,156.66000366210938,159.0,155.9600067138672,156.4499969482422,155.1531524658203,19353800,-0.005783072732467365,162.875,172.41920013427733,34.09593114675917,-2.870038711037097,-2.6586426748749834,-0.21139603616211344,168.61891310509606,162.875,157.13108689490394,7.053155002420329
2024-09-05,156.3000030517578,159.4499969482422,155.97999572753906,157.24000549316406,155.93661499023438,18688700,0.005049607513367471,162.79000015258788,171.88340026855468,35.95531225500221,-3.04085025432164,-2.735084190764315,-0.30576606355732494,168.80809198670278,162.79000015258788,156.77190831847298,7.393687362213849
2024-09-06,157.3000030517578,157.8300018310547,150.5500030517578,150.9199981689453,149.6690216064453,37912100,-0.04019321173658652,162.2345001220703,171.22420013427734,28.924669025988777,-3.644183526299088,-2.9169040578712697,-0.7272794684278181,170.17471278855945,162.2345001220703,154.29428745558116,9.78856243340927
2024-09-09,152.50999450683594,153.39999389648438,147.22000122070312,148.7100067138672,147.67300415039062,39260500,-0.01333620968875715,161.48650054931642,170.4902001953125,26.940854533467544,-4.251646991913873,-3.1838526446797903,-1.0677943472340825,171.33430320812835,161.48650054931642,151.6386978905045,12.196440724535368
2024-09-10,150.4499969482422,151.27000427246094,148.33999633789062,148.66000366210938,147.62338256835938,31118800,-0.000336023380283601,160.80500106811525,169.820400390625,26.895906629067028,-4.6831169364313325,-3.483705503030099,-1.1994114334012336,172.11411842533087,160.80500106811525,149.49588371089962,14.065628907182068
2024-09-11,149.9199981689453,151.5,147.52000427246094,151.16000366210938,150.10592651367188,29607700,0.016816739341160458,160.15500106811524,169.1838003540039,32.921624568730294,-4.768364135851755,-3.74063722959443,-1.0277269062573247,172.09485541858808,160.15500106811524,148.2151467176424,14.91037341430846
2024-09-12,153.8000030517578,154.82000732421875,152.64999389648438,154.69000244140625,153.61131286621094,29621500,0.023352751180146125,159.87100143432616,168.57280029296874,40.39274069729827,-4.499217575956891,-3.8923532988669223,-0.6068642770899686,172.0448051230791,159.87100143432616,147.69719774557322,15.229533285626976
2024-09-13,155.42999267578125,158.3800048828125,155.2100067138672,157.4600067138672,156.36199951171875,29591200,0.017906797319697132,159.67900161743165,168.0056002807617,45.52048920936423,-4.016105627512957,-3.9171037645961295,-0.09900186291682722,171.8776987002121,159.67900161743165,147.4803045346512,15.279024742410167
2024-09-16,157.30999755859375,158.25,156.60000610351562,158.05999755859375,156.9578094482422,18379800,0.0038104522734681012,159.43400115966796,167.35480010986328,46.59220850746521,-3.5439690121725675,-3.8424768141114174,0.29850780193884985,171.55585520763265,159.43400115966796,147.31214711170327,15.206109060544804
2024-09-17,159.02000427246094,160.5500030517578,158.3800048828125,159.32000732421875,158.2090301513672,20715600,0.007971700850842867,159.06650161743164,166.7606002807617,48.86710782688765,-3.0331606967742744,-3.680613590643989,0.6474528938697146,170.72539480165938,159.06650161743164,147.4076084332039,14.659143271118587
2024-09-18,159.86000061035156,160.5,158.60000610351562,159.80999755859375,158.6956329345703,23677300,0.0030756953805832765,158.69800186157227,166.1772003173828,49.76325076547547,-2.55930127773118,-3.4563511280614274,0.8970498503302475,169.758355916171,158.69800186157227,147.63764780697352,13.938869960374648
2024-09-19,163.7100067138672,163.7899932861328,161.33999633789062,162.13999938964844,161.00936889648438,26587700,0.014579707828935806,158.51250152587892,165.59640045166014,53.90063096280007,-1.9730089796761376,-3.15968269838437,1.1866737187082324,169.20516381252256,158.51250152587892,147.81983923923528,13.491254233847219
2024-09-20,163.5,163.72999572753906,162.05999755859375,163.58999633789062,162.44924926757812,40896400,0.008942835941549987,158.50200119018555,165.1568002319336,56.31198892465034,-1.3755094570703932,-2.802848050121575,1.4273385930511817,169.17426627234966,158.50200119018555,147.82973610802145,13.466410521036284
2024-09-23,164.35000610351562,165.49000549316406,161.6699981689453,161.85000610351562,160.7213897705078,24150900,-0.010636303367732247,158.31350173950196,164.69240020751954,52.7464564303719,-1.030510368801572,-2.4483805138575745,1.4178701450560025,168.60251401878884,158.31350173950196,148.02448946021508,12.998275151814918
2024-09-24,163.02999877929688,163.22000122070312,160.69000244140625,162.2899932861328,161.1583251953125,23332100,0.002718589140055183,158.12000122070313,164.20760009765624,53.547417291534586,-0.7133695372847342,-2.1013783185430066,1.3880087812582724,167.94664776975551,158.12000122070313,148.29335467165075,12.429352989109073
2024-09-25,161.47000122070312,162.80999755859375,161.3000030517578,161.49000549316406,160.36390686035156,18869200,-0.004929427840591916,157.96050186157225,163.75900024414062,51.82727909226856,-0.5205844985008241,-1.7852195545345704,1.2646350560337463,167.45396858342323,157.96050186157225,148.46703513972128,12.02005135457283
2024-09-26,163.63999938964844,164.0800018310547,162.27999877929688,162.72999572753906,161.5952606201172,20319300,0.007678496887943309,157.95450134277343,163.39320007324218,54.2789415437693,-0.2646929024265319,-1.481114224112963,1.216421321686431,167.4357423150877,157.95450134277343,148.47326037045914,12.005027893113676
2024-09-27,162.80999755859375,165.6999969482422,162.6300048828125,163.9499969482422,162.80674743652344,21101300,0.007497044231106864,158.0630012512207,163.11839996337892,56.61827943339708,0.03613044432509582,-1.1776652904253513,1.213795734750447,167.7639882545224,158.0630012512207,148.362014247919,12.27483589013121
2024-09-30,163.32000732421875,166.14999389648438,163.25999450683594,165.85000610351562,164.69351196289062,20413900,0.011588982373736068,158.18650131225587,162.88220001220702,60.04681164172484,0.4229741905560047,-0.8575373942290802,1.280511584785085,168.21254356072993,158.18650131225587,148.16045906378181,12.676229849325665
2024-10-01,167.69000244140625,169.16000366210938,164.5800018310547,166.99000549316406,165.82554626464844,28338100,0.006873581650337801,158.6680015563965,162.5886001586914,61.98794944644399,0.8121768012723294,-0.5235945551287983,1.3357713564011275,169.38984233670845,158.6680015563965,147.94616077608453,13.514811650918821
2024-10-02,166.4199981689453,167.52000427246094,164.72999572753906,165.86000061035156,164.7034149169922,17760200,-0.006766938948389756,159.13850173950195,162.27000030517578,58.931529518135676,1.0177092058967219,-0.21533380292369425,1.233043008820416,170.24856246027264,159.13850173950195,148.02844101873126,13.962756466008514
2024-10-03,164.41000366210938,166.63999938964844,163.9199981689453,165.86000061035156,164.7034149169922,15073100,0.0,159.56950149536132,162.13460021972656,58.93152951813569,1.1671410419312451,0.06116116604729363,1.1059798758839514,171.0152543266828,159.56950149536132,148.12374866403985,14.345790046419616
2024-10-04,168.05999755859375,168.22999572753906,165.47999572753906,167.05999755859375,165.89505004882812,19047400,0.007235035973215842,160.37650146484376,162.1302001953125,61.28267899098398,1.3666427664114167,0.32225748612011823,1.0443852802912985,171.54158036150406,160.37650146484376,149.21142256818345,13.923584558437083
2024-10-07,167.72000122070312,168.47999572753906,162.75,162.97999572753906,161.84352111816406,22463100,-0.024422241227038288,161.09000091552736,162.04980010986327,50.662674028297,1.181903028225861,0.4941865945412668,0.6877164336845941,170.92650829489793,161.09000091552736,151.25349353615678,12.212436927762708
2024-10-08,163.94000244140625,164.72999572753906,162.8699951171875,164.3800048828125,163.23374938964844,23072700,0.008589953196021627,161.8760009765625,161.9468002319336,53.632017126308355,1.1353765787492875,0.622424591382871,0.5129519873664166,169.97226875360505,161.8760009765625,153.77973319951994,10.003048911759056
2024-10-09,163.4499969482422,164.83999633789062,159.74000549316406,161.86000061035156,160.7313232421875,31181800,-0.015330323274554636,162.4110008239746,161.77820037841798,48.028752130229236,0.8849594860143384,0.6749315703091645,0.21002791570517387,168.84825055381458,162.4110008239746,155.97375109413463,7.927110475498936
2024-10-10,160.8699951171875,163.07000732421875,160.39999389648438,162.0800018310547,160.9497833251953,14144100,0.001359163096533722,162.78050079345704,161.5890005493164,48.534278244771116,0.6962287046283393,0.6791909971729995,0.017037707455339834,168.16484959683828,162.78050079345704,157.3961519900758,6.615471481087454
2024-10-11,162.1300048828125,163.89999389648438,161.24000549316406,163.24000549316406,162.1017303466797,15344300,0.00715718280376243,163.0695007324219,161.43860076904298,51.22810130776717,0.6329643822335242,0.6699456741851044,-0.036981291951580175,167.86927423137027,163.0695007324219,158.2697272334735,5.886782601762244
2024-10-14,163.63999938964844,166.22999572753906,163.39999389648438,164.9600067138672,163.80972290039062,19016100,0.01053654732776832,163.41450119018555,161.40460083007812,54.990055913302015,0.7133931229519703,0.6786351639384776,0.03475795901349277,167.68738107864908,163.41450119018555,159.141621301722,5.22949904365055
2024-10-15,165.7899932861328,167.67999267578125,164.6300048828125,165.4600067138672,164.3061981201172,20247200,0.0030308043438207477,163.72150115966798,161.52880096435547,56.05130136032776,0.8081632973273827,0.7045407906162586,0.10362250671112405,167.6412395670087,163.72150115966798,159.80176275232725,4.788300106676935
2024-10-16,164.52999877929688,165.8000030517578,163.74000549316406,165.16000366210938,164.00833129882812,16406000,-0.0018128763534003278,163.98900146484374,161.666201171875,55.2101643201473,0.849271728423389,0.7334869781776847,0.11578475024570434,167.51490692792245,163.98900146484374,160.46309600176502,4.300173098907008
2024-10-17,165.72999572753906,166.3699951171875,162.75999450683594,162.92999267578125,161.7938690185547,21453400,-0.013502132865669036,164.02850112915038,161.7460009765625,49.28912214589642,0.6939082640944036,0.7255712353610285,-0.03166297126662487,167.4877361065542,164.02850112915038,160.56926615174658,4.217846232320476
2024-10-18,163.19000244140625,164.7100067138672,163.0800018310547,163.4199981689453,162.28042602539062,19757700,0.0030072647980261547,164.02000122070314,161.77380096435547,50.54421214479878,0.6033657229597793,0.7011301328807787,-0.09776440992099944,167.48433600753359,164.02000122070314,160.5556664338727,4.224283332578307
2024-10-21,162.9499969482422,164.5,162.6199951171875,164.07000732421875,162.9259033203125,20946500,0.003977542521492294,164.1310012817383,161.78180114746092,52.233111993231184,0.5774044541386729,0.6763849971323577,-0.09898054299368475,167.4492923812952,164.1310012817383,160.81271018218138,4.0434665890582355
2024-10-22,162.97999572753906,165.77000427246094,162.97999572753906,165.13999938964844,163.9884796142578,16568100,0.006521837671547459,164.27350158691405,161.83880126953125,54.959784615229445,0.6358398133685341,0.6682759603795929,-0.03243614701105879,167.50701110783316,164.27350158691405,161.03999206599494,3.9367390232542454
2024-10-23,164.75999450683594,165.82000732421875,161.92999267578125,162.77999877929688,161.64492797851562,18280500,-0.014290952884341679,164.3380012512207,161.811201171875,48.397630970336465,0.48611430751350326,0.631843629806375,-0.14572932229287172,167.39340351959385,164.3380012512207,161.28259898284756,3.7184366915871174
2024-10-24,162.8300018310547,163.3300018310547,161.00999450683594,162.72000122070312,161.58531188964844,22412500,-0.00036880890488011353,164.3375015258789,161.8582012939453,48.239937302783304,0.35848210528899926,0.5771713249028998,-0.21868921961390053,167.39395870529282,164.3375015258789,161.281044346465,3.7197318336163194
2024-10-25,163.6699981689453,165.58999633789062,163.4199981689453,165.27000427246094,164.11753845214844,19828900,0.015671143205326254,164.40350189208985,161.93760131835938,54.95740192629761,0.45781914636111765,0.5533008891945433,-0.0954817428334257,167.48057625114745,164.40350189208985,161.32642753303224,3.7433197269451295
2024-10-28,168.75,168.75,163.9499969482422,166.72000122070312,165.55743408203125,32138600,0.00877356340743951,164.4470016479492,162.0128012084961,58.2735442595553,0.6460992724584571,0.5718605658473261,0.07423870661113097,167.62750108000216,164.4470016479492,161.26650221589625,3.8681148335702935
2024-10-29,167.72999572753906,170.3800048828125,167.08999633789062,169.67999267578125,168.49679565429688,42169000,0.017754331531915524,164.58150100708008,162.0730010986328,64.08625229942507,1.022373911572771,0.6619632349924152,0.36041067658035586,168.3533283672573,164.58150100708008,160.80967364690287,4.5835374414466585
2024-10-30,180.67999267578125,182.0200042724609,174.05999755859375,174.4600067138672,173.24346923828125,68890800,0.028170705357050574,165.01150131225586,162.21860137939453,71.09010397831744,1.686836655665502,0.8669379191270326,0.8198987365384693,170.72789382308545,165.01150131225586,159.29510880142627,6.928477670186521
2024-10-31,173.1300048828125,176.82000732421875,171.0,171.11000061035156,169.9168243408203,44769000,-0.01920213738553933,165.27400131225585,162.32380126953126,61.968919372972096,1.9209669608062825,1.0777437274628827,0.8432232333433998,171.57446691916695,165.27400131225585,158.97353570534474,7.624267043680384
2024-11-01,170.07000732421875,172.32000732421875,168.8800048828125,171.2899932861328,170.09555053710938,31796500,0.0010518452012178159,165.48550109863282,162.47360107421875,62.249180201584885,2.096869413775977,1.2815688647255015,0.8153005490504754,172.2764814102582,165.48550109863282,158.69452078700743,8.207341750837523
2024-11-04,169.92999267578125,170.72999572753906,168.00999450683594,169.24000549316406,168.0598602294922,21492700,-0.011967922154277999,165.79850158691406,162.54600128173828,57.08908250309061,2.047256988443877,1.4347064894691768,0.6125504989747002,172.6752221415841,165.79850158691406,158.921781032244,8.2952746723892
2024-11-05,169.42999267578125,170.52999877929688,168.83999633789062,169.74000549316406,168.55638122558594,18242100,0.002954429424228522,166.06650161743164,162.61760131835936,58.00349231592127,2.024942330551852,1.552753657685712,0.47218867286613997,173.11679618931154,166.06650161743164,159.01620704555174,8.490929240048311
2024-11-06,173.8000030517578,176.94000244140625,173.5,176.50999450683594,175.2791748046875,33695500,0.0398845391092264,166.79900131225585,162.85420135498046,67.95932129046456,2.5244391742564005,1.7470907609998498,0.7773484132565507,174.9128665403887,166.79900131225585,158.685136084123,9.72891343988721
2024-11-07,177.41000366210938,181.0800018310547,177.19000244140625,180.75,179.48959350585938,25352900,0.02402121476132879,167.7325012207031,163.21220123291016,72.3761591108642,3.225248374057884,2.0427222836114565,1.1825260904464274,177.57228791963067,167.7325012207031,157.89271452177556,11.73271325153653
2024-11-08,180.6499938964844,180.8999938964844,178.0800018310547,178.35000610351562,177.10633850097656,22006200,-0.0132779564448956,168.4880012512207,163.54360137939454,66.76578160390937,3.546107939150801,2.3433994147193253,1.2027085244314755,179.12040735289222,168.4880012512207,157.8555951495492,12.620965318258204
2024-11-11,178.5800018310547,180.5500030517578,178.47000122070312,180.3500061035156,179.09239196777344,17450400,0.011213903938203318,169.25750122070312,163.8830014038086,68.92739842312551,3.9166263113557704,2.6580447940466145,1.258581517309156,180.93361450513052,169.25750122070312,157.58138793627572,13.796863595666991
2024-11-12,179.82000732421875,182.4900054931641,179.38999938964844,181.6199951171875,180.35353088378903,25134900,0.007041834117903489,170.06550064086915,164.3682012939453,70.25060027551203,4.263594230141422,2.979154681265576,1.284439548875846,182.76991827179816,170.06550064086915,157.36108300994013,14.94061709524167
2024-11-13,180.4600067138672,180.9600067138672,178.5399932861328,178.8800048828125,177.6326446533203,23184000,-0.015086404004044263,170.7515007019043,164.81680145263672,63.92564661857553,4.268272504167015,3.2369782458458642,1.031294258321151,183.7993418984633,170.7515007019043,157.70365950534529,15.282842192219151
2024-11-14,178.27999877929688,178.82000732421875,174.32000732421875,175.5800018310547,174.35565185546875,31007500,-0.01844814507067194,171.38400115966797,165.18360137939453,57.24119188984211,3.9600484297828302,3.3815922826332576,0.5784561471495726,184.07547938896172,171.38400115966797,158.69252293037422,14.810575250218225
2024-11-15,173.72999572753906,174.13999938964844,171.22000122070312,172.49000549316406,171.28721618652344,32504600,-0.017598716395433422,171.8375015258789,165.6150015258789,51.781208229847216,3.4269381402223758,3.3906614541510813,0.03627668607129442,183.995237733986,171.8375015258789,159.67976531777182,14.150271157516933
2024-11-18,173.4199981689453,175.44000244140625,172.89999389648438,175.3000030517578,174.07760620117188,20135300,0.016290707951081673,172.39900131225585,166.1468014526367,55.90072942903304,3.194365061734061,3.3514021756676775,-0.15703711393361663,184.09859155269976,172.39900131225585,160.69941107181194,13.5726891123379
2024-11-19,173.72000122070312,178.8699951171875,173.55999755859375,178.1199951171875,176.8779296875,23434900,0.016086638295634392,173.04800109863282,166.73600128173828,59.628364497798366,3.2007032982036208,3.3212624001748665,-0.12055910197124575,184.5023863350456,173.04800109863282,161.59361586222005,13.238390693555688
2024-11-20,177.33999633789062,177.67999267578125,173.77999877929688,175.97999572753906,174.75286865234375,18997100,-0.01201428035092178,173.70800094604493,167.23240112304688,55.775399041266446,2.998481699702637,3.256706260080421,-0.25822456037778396,184.20054525734636,173.70800094604493,163.2154566347435,12.080669001032941
2024-11-21,173.89999389648438,174.1300048828125,163.6999969482422,167.6300048828125,166.46107482910156,59734400,-0.04744868503267907,173.9535011291504,167.491201171875,43.86519254923592,2.1397791069991285,3.033320829464163,-0.8935417224650344,183.60200279527018,173.9535011291504,164.3049994630306,11.093196289227121
2024-11-22,165.85000610351562,166.4600067138672,163.89999389648438,164.75999450683594,163.61109924316406,38604600,-0.017120973109559956,173.92800064086913,167.63720092773437,40.65197311099799,1.213674776660696,2.66939161890347,-1.455716842242774,183.67040653327513,173.92800064086913,164.18559474846313,11.20280329390132
2024-11-25,166.08999633789062,168.6300048828125,165.61000061035156,167.64999389648438,166.48095703125,33135300,0.01754072799071338,173.9745002746582,167.8290008544922,45.019429294403764,0.7048046711348661,2.2764742293497493,-1.5716695582148832,183.58685931481594,173.9745002746582,164.36214123450046,11.05030797614875
2024-11-26,167.6300048828125,169.82000732421875,167.5800018310547,169.1199951171875,167.94068908691406,20486700,0.008768162327358997,173.9465003967285,168.02500061035155,47.14988654201845,0.41535035909942053,1.9042494552996836,-1.488899096200263,183.6118506389942,173.9465003967285,164.2811501544628,11.113014887015781
2024-11-27,169.0,169.47999572753906,168.02000427246094,169.22999572753906,168.04994201660156,19266500,0.000650544726721769,173.68499984741212,168.21340057373047,47.31440610334333,0.1926115552353167,1.5619218752868103,-1.3693103200514936,183.56132561501636,173.68499984741212,163.80867407980787,11.372687078654938
2024-11-29,168.5,169.42999267578125,167.16000366210938,168.9499969482422,167.77186584472656,14257200,-0.0016547234026865754,173.57699966430664,168.34960052490234,46.91407393100253,-0.006429992069200807,1.248251501815608,-1.2546814938848088,183.6096005627027,173.57699966430664,163.54439876591059,11.559827532217795
2024-12-02,168.77000427246094,172.0800018310547,168.57000732421875,171.49000549316406,170.294189453125,23789100,0.015034246628292669,173.5870002746582,168.5076007080078,50.96709143085199,0.040320816242314095,1.0066653647009494,-0.9663445484586353,183.6108573185801,173.5870002746582,163.56314323073633,11.549087233561984
2024-12-03,171.49000549316406,172.67999267578125,170.85000610351562,171.33999633789062,170.1452178955078,22248700,-0.0008747894340704887,173.69199981689454,168.6974005126953,50.72079822489915,0.0645229036299213,0.8182368724867437,-0.7537139688568224,183.5745168562831,173.69199981689454,163.80948277750596,11.379357771004637
2024-12-04,171.14999389648438,174.91000366210938,171.05999755859375,174.3699951171875,173.15406799316406,31615100,0.017684012133118543,173.9234992980957,168.9390005493164,55.40814898521554,0.32445865359397885,0.7194812287081908,-0.3950225751142119,183.64039482563453,173.9234992980957,164.20660377055685,11.173758079561857
2024-12-05,175.36000061035156,176.05999755859375,172.3300018310547,172.63999938964844,171.43614196777344,21356200,-0.009921372597832656,173.72999954223633,169.16200042724608,52.346611217931574,0.38640912725389853,0.6528668084173324,-0.2664576811634338,183.38710951267072,173.72999954223633,164.07288957180194,11.117377535117768
2024-12-06,172.02999877929688,175.0800018310547,171.86000061035156,174.7100067138672,173.49171447753906,21462400,0.011990310130474358,173.4279998779297,169.40160064697267,55.51399657860513,0.5956710897199855,0.641427664677863,-0.04575657495787755,182.55110019076125,173.4279998779297,164.30489956509814,10.52090818005513
2024-12-09,173.9600067138672,176.25999450683594,173.64999389648438,175.3699951171875,174.34671020507812,25389600,0.004928164610706887,173.27899932861328,169.63000061035157,56.50660851827904,0.8054831427463682,0.6742387602915642,0.13124438245480408,182.1700732068419,173.27899932861328,164.38792545038467,10.26214822647633
2024-12-10,182.8500061035156,186.3600006103516,181.0500030517578,185.1699981689453,184.08950805664065,54813000,0.055881741847049415,173.51999893188477,170.01640045166016,67.94425304283975,1.7424531355112833,0.8878816353355081,0.8545715001757752,183.37384157295753,173.51999893188477,163.666156290812,11.357587254182594
2024-12-11,185.30999755859372,195.6100006103516,184.8500061035156,195.3999938964844,194.2598114013672,67894100,0.055246512699666406,174.2089988708496,170.58460021972655,75.2585474710902,3.2727574541420665,1.36485679909682,1.9079006550452466,187.5440721522848,174.2089988708496,160.8739255894144,15.309281802739939
2024-12-12,195.0,195.17999267578125,191.7100067138672,191.9600067138672,190.8398895263672,34817500,-0.01760488621052958,174.86299896240234,171.10660034179688,69.51462246472343,4.1600025159472125,1.9238859424668986,2.236116573480314,190.1851825991448,174.86299896240234,159.54081532565988,17.524786521632198
2024-12-13,191.00999450683597,192.72999572753903,189.63999938964844,189.82000732421875,188.7123870849609,25143500,-0.011148101409440003,175.57499923706055,171.5858004760742,66.13309228576938,4.637017897777639,2.466512333529047,2.170505564248592,192.22976237070984,175.57499923706055,158.92023610341127,18.971679573994585
2024-12-16,192.8699951171875,199.0,192.6199951171875,196.66000366210935,195.5124664306641,44934900,0.03603409108826372,176.78349914550782,172.17780059814453,70.99049700737127,5.503545122487594,3.0739188913207567,2.4296262311668375,195.7189498125499,176.78349914550782,157.84804847846573,21.42219240887025
2024-12-17,197.25,201.4199981689453,194.97999572753903,195.4199981689453,194.2797088623047,43504000,-0.006305263244155257,177.78949890136718,172.82660064697265,69.0568034896958,6.0208119387175145,3.663297500800109,2.3575144379174056,198.36926607611701,177.78949890136718,157.20973172661735,23.15071171460687
2024-12-18,195.22000122070312,197.0,187.7400054931641,188.3999938964844,187.30067443847656,34166100,-0.03592261108839989,178.30349884033203,173.3070004272461,59.22193671459049,5.797464380539282,4.090130876747944,1.7073335037913377,199.39768544414386,178.30349884033203,157.2093122365202,23.6609900994723
2024-12-19,191.6300048828125,193.02999877929688,188.3800048828125,188.50999450683597,187.41000366210935,32265200,0.0005837097167991079,178.92999877929688,173.84000030517578,59.31970286786134,5.5651839847235465,4.3851414983430645,1.180042486380482,200.4509066875935,178.92999877929688,157.40909087100027,24.055114352112415
2024-12-20,185.77999877929688,192.88999938964844,185.22000122070312,191.41000366210935,190.2931060791016,63462900,0.01538393020999207,180.1189987182617,174.42660034179687,61.912303359188954,5.551116781189165,4.618336554912285,0.9327802262768801,201.6389133496174,180.1189987182617,158.599084086906,23.89521903240945
2024-12-23,192.6199951171875,195.1000061035156,190.1499938964844,194.6300048828125,193.4943084716797,25675000,0.01682248221460747,181.61249923706055,175.05440032958984,64.60930912036034,5.733701072023848,4.841409458334598,0.8922916136892498,202.8049178920993,181.61249923706055,160.4200805820218,23.33806180088528
2024-12-24,194.83999633789065,196.1100006103516,193.77999877929688,196.1100006103516,194.96568298339844,10403300,0.007604226312083462,183.0354995727539,175.67740020751953,65.80774290553859,5.929472456817393,5.059022058031157,0.870450398786236,204.10832773523583,183.0354995727539,161.96267141027198,23.025946564104398
2024-12-26,195.1499938964844,196.75,194.3800048828125,195.6000061035156,194.4586639404297,12046600,-0.0026005553141981164,184.3595001220703,176.2802001953125,64.99103236871912,5.974598937727791,5.242137433970484,0.7324615037573068,205.09346474461327,184.3595001220703,163.62553549952733,22.49297118815613
2024-12-27,194.9499969482422,195.32000732421875,190.6499938964844,192.75999450683597,191.6352081298828,18891400,-0.014519568083692147,185.53600006103517,176.83220001220704,60.48901685218041,5.715314213489677,5.336772789874322,0.3785414236153546,205.35250734865258,185.53600006103517,165.71949277341776,21.361360901494525
2024-12-30,189.8000030517578,192.5500030517578,189.1199951171875,191.2400054931641,190.1240997314453,14264700,-0.007885338050267476,186.65050048828124,177.3984002685547,58.166640750531364,5.325786440263897,5.334575519952237,-0.00878907968833964,205.0682514914114,186.65050048828124,168.2327494851511,19.73501378774658
2024-12-31,191.0800018310547,191.9600067138672,188.50999450683597,189.3000030517578,188.19541931152344,17466900,-0.010144323747731998,187.54100036621094,177.91600036621094,55.25094471014564,4.8051501104703505,5.22869043805586,-0.42354032758550986,204.61371084083416,187.54100036621094,170.46828989158772,18.206909893074446
