Date,Open,High,Low,Close,Adj Close,Volume,Daily_Return,SMA_20,SMA_50,RSI_14,MACD,MACD_Signal,MACD_Hist,BB_High,BB_Mid,BB_Low,BB_Width
2015-03-16,0.5720000267028809,0.577750027179718,0.5682500004768372,0.5742499828338623,0.5519865155220032,236956000,0.011893975749851515,0.5616749972105026,0.5268950009346008,63.989598888967,0.01234096633794457,0.013151684211820516,-0.0008107178738759463,0.5765730677184607,0.5616749972105026,0.5467769267025445,5.30487224175822
2015-03-17,0.5730000138282776,0.5814999938011169,0.5690000057220459,0.581250011920929,0.5587153434753418,299900000,0.01219020349976363,0.5627624988555908,0.5284550011157989,66.92109117486649,0.012697946774519409,0.013060936724360296,-0.00036298994984088756,0.5798771698984114,0.5627624988555908,0.5456478278127702,6.082377940116569
2015-03-18,0.581250011920929,0.5842499732971191,0.5665000081062317,0.5717499852180481,0.5495834946632385,413844000,-0.016344367339727994,0.5636999994516373,0.5299950009584427,59.80549122401061,0.012075089467622924,0.012863767273012822,-0.0007886778053898987,0.5806260130579394,0.5636999994516373,0.5467739858453352,6.005326813116043
2015-03-19,0.5737500190734863,0.5824999809265137,0.5695000290870667,0.5805000066757202,0.5579942464828491,310756000,0.015303865384029391,0.5650000005960465,0.5320100009441375,63.6402525847523,0.01214749540365656,0.01272051289914157,-0.0005730174954850092,0.5828675666194525,0.5650000005960465,0.5471324345726405,6.324802125506768
2015-03-20,0.5852500200271606,0.5902500152587891,0.5797500014305115,0.5867499709129333,0.5640020370483398,462084000,0.010766760774612028,0.5664124995470047,0.5341750001907348,66.12618238102698,0.01256436335076938,0.012689282989467133,-0.00012491963869775205,0.58634818417498,0.5664124995470047,0.5464768149190293,7.039281316679682
2015-03-23,0.5692499876022339,0.5767499804496765,0.5674999952316284,0.5677499771118164,0.5457385182380676,426012000,-0.0323820085931833,0.5670999974012375,0.5356000000238419,54.03192849669667,0.011232116643138723,0.012397849720201453,-0.0011657330770627299,0.5862071884053847,0.5670999974012375,0.5479928063970904,6.738561485348882
2015-03-24,0.5659999847412109,0.5699999928474426,0.5575000047683716,0.5600000023841858,0.5382891297340393,330480000,-0.013650105783404975,0.5672124981880188,0.5368300002813339,50.01377282637902,0.009442100678624055,0.011806699911885975,-0.0023645992332619204,0.5861236474919148,0.5672124981880188,0.5483013488841227,6.6681003554429426
2015-03-25,0.5597500205039978,0.5597500205039978,0.5242499709129333,0.5260000228881836,0.5056074261665344,542552000,-0.06071403222214877,0.5658374994993209,0.5375050008296967,37.01024255403091,0.0052198151548517036,0.010489322960479122,-0.005269507805627419,0.5913748479691019,0.5658374994993209,0.54030015102954,9.02638955261098
2015-03-26,0.515250027179718,0.5264999866485596,0.5115000009536743,0.5242499709129333,0.5039252638816833,311920000,-0.003327012614520064,0.5642999976873397,0.5381600004434586,36.484423738717,0.0017126663372910578,0.00873399163584151,-0.007021325298550452,0.5953662941883894,0.5642999976873397,0.5332337011862901,11.010560562951646
2015-03-27,0.5272499918937683,0.5364999771118164,0.518750011920929,0.534500002861023,0.5137776136398315,318288000,0.019551212182252087,0.5634499967098237,0.53898000061512,41.708156341317775,-0.0002369510291814203,0.0069398031028369235,-0.007176754132018344,0.5967225805674159,0.5634499967098237,0.5301774128522314,11.810305813073809
2015-03-30,0.5370000004768372,0.5394999980926514,0.5299999713897705,0.5367500185966492,0.5159405469894409,253252000,0.004209862968310718,0.5620374977588654,0.539915000796318,42.8198647562658,-0.0015822402914767997,0.005235394423974179,-0.006817634715450978,0.5972679035059152,0.5620374977588654,0.5268070920118155,12.53667447013116
2015-03-31,0.5352500081062317,0.5357499718666077,0.5227500200271606,0.5232499837875366,0.502963662147522,357276000,-0.025151899608666595,0.5604749977588653,0.5404000002145767,38.12207429955824,-0.003695136475580618,0.0034492882440632197,-0.0071444247196438375,0.5994743219676689,0.5604749977588653,0.5214756735500617,13.916525934162141
2015-04-01,0.5252500176429749,0.5270000100135803,0.5162500143051147,0.5252500176429749,0.5048863887786865,330768000,0.0038227943206772252,0.5586999982595444,0.5408950001001358,39.18654851232662,-0.005148882791175979,0.00172965403701538,-0.0068785368281913594,0.6006104923463506,0.5586999982595444,0.5167895041727383,15.002861720911117
2015-04-02,0.528249979019165,0.5297499895095825,0.5220000147819519,0.5264999866485596,0.5060878992080688,192204000,0.002379763954993397,0.5564499974250794,0.5412749999761581,39.88260760884555,-0.006129468470570942,0.00015782953549811564,-0.006287298006069058,0.6001631490287829,0.5564499974250794,0.5127368458213759,15.711439232988416
2015-04-06,0.5242499709129333,0.5435000061988831,0.518750011920929,0.5417500138282776,0.5207467079162598,515864000,0.028964946071876385,0.5553499966859817,0.5417849999666214,47.74147035226118,-0.005611355726751199,-0.0009960075169517474,-0.004615348209799452,0.5993790715015251,0.5553499966859817,0.5113209218704383,15.856333871714886
2015-04-07,0.5417500138282776,0.5525000095367432,0.5387499928474426,0.546500027179718,0.5253126621246338,413964000,0.00876809039589399,0.5544124990701675,0.5423600000143051,49.936738638061186,-0.004762561421059575,-0.0017493182977733129,-0.003013243123286262,0.5983568534529402,0.5544124990701675,0.5104681446873949,15.852584296520696
2015-04-08,0.546999990940094,0.5525000095367432,0.5417500138282776,0.5504999756813049,0.5291573405265808,366432000,0.0073188382446316425,0.5531874984502793,0.5430599993467331,51.77393875115768,-0.0037241932222166207,-0.0021442932826619744,-0.0015798999395546464,0.59612229090534,0.5531874984502793,0.5102527059952185,15.522690796643051
2015-04-09,0.5462499856948853,0.5649999976158142,0.5460000038146973,0.5632500052452087,0.5414131283760071,379432000,0.02316095216071301,0.5527499973773956,0.5445099991559982,57.169448339532266,-0.0018511195602223252,-0.0020856585381740446,0.00023453897795171945,0.5950831916716213,0.5527499973773956,0.51041680308317,15.317302395325838
2015-04-10,0.5637500286102295,0.5692499876022339,0.5617499947547913,0.5690000057220459,0.5469401478767395,258728000,0.010208506611782742,0.552862498164177,0.5462349992990494,59.37677421430557,9.617317094789968e-05,-0.0016492921963496558,0.0017454653672975555,0.5953555718241778,0.552862498164177,0.5103694245041762,15.372022447209687
2015-04-13,0.5677499771118164,0.5709999799728394,0.5612499713897705,0.5637500286102295,0.5418936610221863,236724000,-0.009226762515320952,0.552674999833107,0.5476199996471405,56.51302142078856,0.0012019322856408055,-0.0010790472999515637,0.002280979585592369,0.5949405542047279,0.552674999833107,0.510409445461486,15.294903653823317
2015-04-14,0.5615000128746033,0.5637500286102295,0.5534999966621399,0.5590000152587891,0.5373281240463257,220276000,-0.008425152948363546,0.5519125014543533,0.549200000166893,53.97645974799556,0.0016756520963462362,-0.0005281074206920037,0.00220375951703824,0.5931309033758311,0.5519125014543533,0.5106940995328756,14.93657121839512
2015-04-15,0.5605000257492065,0.5699999928474426,0.5577499866485596,0.565750002861023,0.5438162088394165,243560000,0.012074716551653042,0.551137501001358,0.5507050001621246,56.93459650384983,0.0025661648952669536,9.074704249978778e-05,0.0024754178527671656,0.5906686474445431,0.551137501001358,0.511606354558173,14.345293641373026
2015-04-16,0.5625,0.5672500133514404,0.5582500100135803,0.562250018119812,0.5404519438743591,155284000,-0.00618640068165166,0.5506625026464462,0.5518950009346009,54.96195460489279,0.0029554150017291336,0.000663680634345657,0.0022917343673834766,0.589412105890722,0.5506625026464462,0.5119128994021704,14.073812201865154
2015-04-17,0.5504999756813049,0.5605000257492065,0.5502499938011169,0.5550000071525574,0.5334829688072205,293636000,-0.012894717367801345,0.5493875026702881,0.5529150009155274,51.018668215529246,0.0026483546375897227,0.0010606154349944701,0.0015877392025952525,0.5857294441643897,0.5493875026702881,0.5130455611761866,13.22998478030977
2015-04-20,0.5575000047683716,0.5609999895095825,0.5512499809265137,0.5522500276565552,0.5308398008346558,231624000,-0.0049545498677762145,0.5476625055074692,0.5537150013446808,49.56603553606297,0.002158228014863872,0.0012801379509683505,0.0008780900638955217,0.5797760891433175,0.5476625055074692,0.5155489218716209,11.727508570663064
2015-04-21,0.5590000152587891,0.5590000152587891,0.5487499833106995,0.5515000224113464,0.5301187038421631,230456000,-0.001358407925251437,0.5468500077724456,0.5545450019836425,49.15496756947582,0.0016898010058185031,0.0013620705619383812,0.00032773044388012193,0.5776864415442904,0.5468500077724456,0.5160135740006009,11.277839748948622
2015-04-22,0.5547500252723694,0.5584999918937683,0.5462499856948853,0.5577499866485596,0.5361264944076538,207420000,0.011332915669543198,0.5467375069856644,0.5555100011825561,52.67704743005273,0.0018021154420897467,0.0014500795379686544,0.00035203590412109234,0.5773971295909648,0.5467375069856644,0.516077884380364,11.215481730652265
2015-04-23,0.5475000143051147,0.5607500076293945,0.5412499904632568,0.5554999709129333,0.5339635610580444,259380000,-0.004034371313805574,0.5482125043869018,0.5561450004577637,51.29934570310987,0.001690085720177148,0.001498080774410353,0.00019200494576679492,0.5775494690295077,0.5482125043869018,0.518875539744296,10.702771063354371
2015-04-24,0.5552499890327454,0.5554999709129333,0.5444999933242798,0.5507500171661377,0.5293979048728943,240960000,-0.008550501416432543,0.549537506699562,0.5567550003528595,48.420292468574075,0.00120413922069873,0.0014392924636680287,-0.00023515324296929864,0.576741957843631,0.549537506699562,0.522333055555493,9.900853285685542
2015-04-27,0.5525000095367432,0.5647500157356262,0.5477499961853027,0.5550000071525574,0.5334829688072205,248456000,0.007716433889754404,0.5505625069141388,0.5567050004005432,51.06651998711129,0.0011487200622384286,0.0013811779833821087,-0.00023245792114368015,0.5769561072405719,0.5505625069141388,0.5241689065877057,9.58786695242553
2015-04-28,0.5540000200271606,0.5597500205039978,0.5487499833106995,0.5577499866485596,0.5361264944076538,234484000,0.004955220231948276,0.5516125053167343,0.5567050004005432,52.755504826161236,0.0013115812504506108,0.0013672586367958093,-5.5677386345198525e-05,0.5773882139954897,0.5516125053167343,0.525836796637979,9.345585326770284
2015-04-29,0.5537499785423279,0.559249997138977,0.5512499809265137,0.5534999966621399,0.5320412516593933,195156000,-0.007619923266008577,0.5531250059604644,0.5565850007534027,49.889531097390794,0.0010852017123788027,0.001310847251912408,-0.0002256455395336053,0.5753750065069787,0.5531250059604644,0.5308750054139502,8.045197851027776
2015-04-30,0.5507500171661377,0.5577499866485596,0.5494999885559082,0.5550000071525574,0.5334829688072205,218844000,0.0027097845201486948,0.5546125054359436,0.5566250014305115,50.90332019948825,0.0010151308118444557,0.0012517039638988176,-0.00023657315205436184,0.5728199774382762,0.5546125054359436,0.5364050334336111,6.5658353621221925
2015-05-01,0.559499979019165,0.5705000162124634,0.5569999814033508,0.5687500238418579,0.5466998219490051,256968000,0.02477464870403523,0.5567250072956085,0.5569100022315979,59.076413425645,0.0020455309440554625,0.0014104693599301466,0.000635061584125316,0.5707097319303193,0.5567250072956085,0.5427402826608977,5.02392543947113
2015-05-04,0.5682500004768372,0.5720000267028809,0.5634999871253967,0.5652499794960022,0.5433353185653687,200720000,-0.00615420610828421,0.5579000055789948,0.5570450019836426,56.498171157342156,0.0025503077842202737,0.0016384370447881718,0.0009118707394321019,0.5705386361843661,0.5579000055789948,0.5452613749736235,4.530787051079085
2015-05-05,0.5632500052452087,0.5640000104904175,0.5482500195503235,0.5507500171661377,0.5293979048728943,292928000,-0.02565158791678579,0.5581125050783158,0.5569800019264222,47.29029203652382,0.0017600327263064264,0.0016627561810918228,9.727654521460359e-05,0.5701036236579222,0.5581125050783158,0.5461213864987093,4.297025589105486
2015-05-06,0.5537499785423279,0.5590000152587891,0.5452499985694885,0.5525000095367432,0.5310798287391663,316484000,0.0031770504771373442,0.5582125067710877,0.5568750023841857,48.38366011328585,0.0012604145341280626,0.0015822878516990708,-0.0003218733175710082,0.5699792745478699,0.5582125067710877,0.5464457389943055,4.215873931182818
2015-05-07,0.5502499938011169,0.5640000104904175,0.5485000014305115,0.562250018119812,0.5404519438743591,534564000,0.01764728130880644,0.5581625074148178,0.5570500028133393,54.096769697405655,0.001632390543644835,0.0015923083900882238,4.00821535566111e-05,0.5698514699681443,0.5581625074148178,0.5464735448614912,4.188372525222109
2015-05-08,0.5252500176429749,0.5460000038146973,0.5122500061988831,0.5207499861717224,0.500560998916626,1146552000,-0.07381034597038427,0.5557500064373017,0.5563650023937226,35.88849736404087,-0.001405321861209785,0.000992782339828622,-0.002398104201038407,0.57498019824467,0.5557500064373017,0.5365198146299334,6.920446814079451
2015-05-11,0.5134999752044678,0.5210000276565552,0.5095000267028809,0.515749990940094,0.4957545697689056,544144000,-0.009602084777126096,0.5533500045537949,0.5556500017642975,34.38675827294371,-0.004168140922109487,-3.940231255899964e-05,-0.004128738609550487,0.5789226543536635,0.5533500045537949,0.5277773547539263,9.242847958586228
2015-05-12,0.5120000243186951,0.5249999761581421,0.5117499828338623,0.5207499861717224,0.500560998916626,388800000,0.009695178704980822,0.5514375030994415,0.5547650015354156,37.21601758480537,-0.00588638255052365,-0.0012087983601519298,-0.00467758419037172,0.5805149425679381,0.5514375030994415,0.5223600636309449,10.546050751014313
2015-05-13,0.5245000123977661,0.5285000205039978,0.518750011920929,0.5237500071525574,0.5034446716308594,308524000,0.00576088173164635,0.5493375033140182,0.554150002002716,38.91791926310396,-0.00692618406091805,-0.002352275500305154,-0.004573908560612896,0.5800003056341855,0.5493375033140182,0.5186747009938509,11.163556879035607
2015-05-14,0.5252500176429749,0.5350000262260437,0.5239999890327454,0.5322499871253967,0.5116150379180908,293052000,0.016228925932941785,0.5478375017642975,0.5535800015926361,43.58413835450078,-0.006983851410990116,-0.0032785906824421467,-0.0037052607285479695,0.5787609146048347,0.5478375017642975,0.5169140889237602,11.289264696538345
2015-05-15,0.534500002861023,0.5370000004768372,0.5292500257492065,0.5325000286102295,0.5118553042411804,215824000,0.00046962326218413786,0.5467125028371811,0.5528000020980834,43.72033976982092,-0.006929498003726664,-0.00400877214669905,-0.0029207258570276137,0.5781446884313333,0.5467125028371811,0.5152803172430289,11.498615974953525
2015-05-18,0.53125,0.5350000262260437,0.5287500023841858,0.5317500233650208,0.5111343860626221,324972000,-0.0014084413555645048,0.5456875026226043,0.5521600019931793,43.38202022931013,-0.0068677742654175145,-0.004580572570442743,-0.0022872016949747713,0.5776628386119513,0.5456875026226043,0.5137121666332574,11.71928469524105
2015-05-19,0.5299999713897705,0.5317500233650208,0.5249999761581421,0.5260000228881836,0.5079478621482849,253808000,-0.006234219417096232,0.5444125026464463,0.5513750028610229,40.776797086923175,-0.007199839474120506,-0.005104425951178296,-0.0020954135229422103,0.5773773613034244,0.5444125026464463,0.5114476439894681,12.110250406349063
2015-05-20,0.5262500047683716,0.5325000286102295,0.5254999995231628,0.5260000228881836,0.5079478621482849,196824000,0.0,0.5428250044584274,0.5503950035572052,40.776797086923175,-0.007377955070977715,-0.00555913177513818,-0.001818823295839535,0.5761240658649454,0.5428250044584274,0.5095259430519095,12.26880159647037
2015-05-21,0.5262500047683716,0.5285000205039978,0.5217499732971191,0.5222499966621399,0.5043261647224426,239692000,-0.0071300574246436765,0.5411625057458878,0.5494000029563904,39.00508879868742,-0.007732572458957754,-0.0059938199119020956,-0.0017387525470556582,0.5750786835511351,0.5411625057458878,0.5072463279406404,12.534563073064522
2015-05-22,0.5235000252723694,0.5254999995231628,0.5202500224113464,0.5214999914169312,0.5036022067070007,212592000,-0.001435495649606655,0.5397000044584275,0.5484950029850006,38.643454405202704,-0.007982115589227012,-0.006391479047367079,-0.001590636541859933,0.5743509827383326,0.5397000044584275,0.5050490261785223,12.840829347287613
2015-05-26,0.5189999938011169,0.5224999785423279,0.5142499804496765,0.5182499885559082,0.500463604927063,259732000,-0.006232303469162148,0.537862503528595,0.5475100028514862,37.04082455159901,-0.008345921795995692,-0.0067823675970928015,-0.0015635541989028907,0.5729678774340458,0.537862503528595,0.5027571296231442,13.053660991478436
2015-05-27,0.5217499732971191,0.5485000014305115,0.5199999809265137,0.5460000038146973,0.5272613763809204,432332000,0.053545894626569,0.5372750043869019,0.546945003271103,54.42192970121768,-0.006322168498079095,-0.006690327777290061,0.00036815927921096583,0.5714092693019023,0.5372750043869019,0.5031407394719015,12.706440700308347
2015-05-28,0.5460000038146973,0.5552499890327454,0.5450000166893005,0.5534999966621399,0.5345037579536438,327656000,0.013735846957792619,0.5372750043869019,0.5463900029659271,57.811861961639536,-0.004066269265464384,-0.006165516074924926,0.002099246809460542,0.5714092693019023,0.5372750043869019,0.5031407394719015,12.706440700308347
2015-05-29,0.5534999966621399,0.5569999814033508,0.5525000095367432,0.5532500147819519,0.5342622995376587,335168000,-0.00045174315875629034,0.5371875047683716,0.5460200035572051,57.657930815483304,-0.0022724291703487554,-0.005386898694009692,0.0031144695236609366,0.5711481064027707,0.5371875047683716,0.5032269031339726,12.643853899409832
2015-06-01,0.5567499995231628,0.5649999976158142,0.5532500147819519,0.559499979019165,0.5402978658676147,372660000,0.01129700960591662,0.536725002527237,0.5456000030040741,60.49040408151134,-0.0003425296219721208,-0.004378024879602178,0.004035495257630057,0.5691718453546024,0.536725002527237,0.5042781596998716,12.090676854845741
2015-06-02,0.5559999942779541,0.5590000152587891,0.5479999780654907,0.5485000014305115,0.5296754240989685,224304000,-0.019660343746848996,0.5358875036239624,0.5448350036144256,53.68372414692224,0.000295912320504077,-0.003443237439580927,0.003739149760085004,0.5661362597873572,0.5358875036239624,0.5056387474605677,11.28921871058243
2015-06-03,0.550000011920929,0.5542500019073486,0.5414999723434448,0.5425000190734863,0.5238812565803528,250788000,-0.010939090724233935,0.5354750037193299,0.5443300044536591,50.35531276758387,0.00031411283019699976,-0.002691767385625342,0.0030058802158223416,0.5651207932197462,0.5354750037193299,0.5058292142189136,11.072707145805516
2015-06-04,0.5392500162124634,0.5540000200271606,0.5392500162124634,0.5522500276565552,0.5332968235015869,323712000,0.017972711951357967,0.5354625046253204,0.5441750049591064,55.21457937440516,0.0011025713178628438,-0.0019328996449277048,0.003035470962790549,0.5650797686987606,0.5354625046253204,0.5058452405518802,11.06231111146217
2015-06-05,0.5504999756813049,0.5590000152587891,0.5447499752044678,0.5565000176429749,0.5374008417129517,313320000,0.007695560953125735,0.5351750046014786,0.5447850048542022,57.18197703890351,0.0020467750741489654,-0.001136964701112371,0.0031837397752613366,0.5638429818773719,0.5351750046014786,0.5065070273255853,10.713496343963637
2015-06-08,0.5547500252723694,0.5584999918937683,0.5375000238418579,0.543749988079071,0.525088369846344,342812000,-0.022911151064374913,0.536325004696846,0.545175005197525,50.07500705027426,0.0017461144043278143,-0.0005603488800243338,0.002306463284352148,0.5644257654908564,0.536325004696846,0.5082242439028355,10.479004539381577
2015-06-09,0.5442500114440918,0.5504999756813049,0.5432500243186951,0.546500027179718,0.5277442336082458,256888000,0.0050579367482068704,0.5378625065088272,0.5454150056838989,51.47586932120011,0.0017100316493420253,-0.00010627277415106197,0.0018163044234930873,0.5646251126637236,0.5378625065088272,0.5110999003539307,9.951467459075337
2015-06-10,0.5400000214576721,0.5435000061988831,0.5337499976158142,0.5367500185966492,0.5183286666870117,529460000,-0.017841155471958192,0.5386625081300735,0.5454150056838989,46.49469601867238,0.000884495681979125,9.188091707497542e-05,0.0007926147649041495,0.5642624482323374,0.5386625081300735,0.5130625680278097,9.50500163493172
2015-06-11,0.5367500185966492,0.5462499856948853,0.5367500185966492,0.5425000190734863,0.5238812565803528,283052000,0.010712488523606956,0.53960000872612,0.5458000063896179,49.592612583948416,0.0006863180170181282,0.000210768337063606,0.00047554967995452224,0.5643044630762252,0.53960000872612,0.5148955543760149,9.15658041163753
2015-06-12,0.5389999747276306,0.5422499775886536,0.5264999866485596,0.5277500152587891,0.5096376538276672,323728000,-0.02718860920060584,0.5393750101327897,0.5458500063419343,42.75412803584459,-0.0006534091531922304,3.793283901243872e-05,-0.0006913419922046691,0.5644227140754141,0.5393750101327897,0.5143273061901652,9.28767683784902
2015-06-15,0.5249999761581421,0.5292500257492065,0.5210000276565552,0.5267500281333923,0.5086718201637268,306548000,-0.0018951379606402252,0.5390875101089477,0.5458550071716308,42.32798301773856,-0.0017753777420986827,-0.00032472927720978556,-0.001450648464888897,0.5645724430626057,0.5390875101089477,0.5136025771552898,9.454840809985573
2015-06-16,0.5257499814033508,0.5339999794960022,0.5205000042915344,0.5332499742507935,0.514948844909668,256892000,0.012340028476357734,0.5391625076532364,0.5456850063800812,46.089416821837546,-0.0021156665161548016,-0.0006829167249987889,-0.0014327497911560128,0.5645693361007508,0.5391625076532364,0.513755679205722,9.424553112233415
2015-06-17,0.5329999923706055,0.5425000190734863,0.5317500233650208,0.5394999980926514,0.5209841132164001,233544000,0.011720131749767937,0.5398375064134597,0.5455450057983399,49.5000560279374,-0.0018595869697980438,-0.0009182507739586399,-0.0009413361958394039,0.564516586975294,0.5398375064134597,0.5151584258516254,9.143151510829888
2015-06-18,0.5440000295639038,0.5519999861717224,0.5425000190734863,0.5485000014305115,0.5296754240989685,299404000,0.01668248735822453,0.5409625053405762,0.545505006313324,54.01188887980783,-0.0009198139880676193,-0.0009185634167804357,-1.2505712871835242e-06,0.5650603704110568,0.5409625053405762,0.5168646402700956,8.909255200712742
2015-06-19,0.5485000014305115,0.5529999732971191,0.5417500138282776,0.546750009059906,0.5279855728149414,355656000,-0.0031903524444271136,0.5421875059604645,0.5451750063896179,53.01996193952999,-0.0003126429352152682,-0.0007973793204674023,0.00048473638525213406,0.5648010425819735,0.5421875059604645,0.5195739693389555,8.341592667817006
2015-06-22,0.5477499961853027,0.5507500171661377,0.5362499952316284,0.5444999933242798,0.5258128046989441,514236000,-0.004115203573486381,0.5433375060558319,0.5446850061416626,51.705166040748914,-1.2864671176227027e-05,-0.0006404763906091673,0.0006276117194329402,0.5638693570590593,0.5433375060558319,0.5228056550526045,7.557678523712151
2015-06-23,0.5454999804496765,0.5497499704360962,0.5262500047683716,0.5304999947547913,0.5122931599617004,414064000,-0.025711897117044136,0.5439500063657761,0.5440200054645539,44.33768449031866,-0.0008946580576441043,-0.0006913127240161547,-0.00020334533362794966,0.5620370158344273,0.5439500063657761,0.5258629968971248,6.650246992179927
2015-06-24,0.5297499895095825,0.5325000286102295,0.5227500200271606,0.5252500176429749,0.5072234869003296,253368000,-0.00989603894330715,0.54291250705719,0.5433450055122375,41.92514833913452,-0.0019941278815156505,-0.0009518757555160538,-0.0010422521259995966,0.5627097722722714,0.54291250705719,0.5231152418421086,7.292985502356821
2015-06-25,0.5252500176429749,0.5325000286102295,0.5252500176429749,0.5292500257492065,0.511086106300354,350460000,0.007615221888933155,0.5417000085115433,0.5426150059700012,44.40718193439369,-0.0025137217933792755,-0.0012642449630886983,-0.0012494768302905772,0.5617241137593365,0.5417000085115433,0.5216759032637501,7.39306071004667
2015-06-26,0.5249999761581421,0.5254999995231628,0.5162500143051147,0.5184999704360962,0.5007051229476929,421296000,-0.020311613297037012,0.5399625062942505,0.5417400050163269,39.51887336939019,-0.0037497189083538496,-0.0017613397521417285,-0.001988379156212121,0.5616386904493421,0.5399625062942505,0.5182863221391588,8.028773813891181
2015-06-29,0.512499988079071,0.5177500247955322,0.5022500157356262,0.503000020980835,0.48573699593544,391724000,-0.02989409599832782,0.537137508392334,0.5407000052928924,33.750085809049835,-0.005911824081379247,-0.002591436617989232,-0.0033203874633900145,0.562333480351273,0.537137508392334,0.511941536433395,9.381572340517103
2015-06-30,0.5059999823570251,0.5082499980926514,0.4992499947547912,0.5027499794960022,0.4854955971240997,315916000,-0.00049697431606055,0.5348500072956085,0.5397100043296814,33.66471264573494,-0.007558356240444097,-0.003584820542480205,-0.003973535697963892,0.5635656047471022,0.5348500072956085,0.5061344098441148,10.737813241020566
2015-07-01,0.515250027179718,0.5224999785423279,0.5055000185966492,0.5099999904632568,0.4924967288970947,302892000,0.014420587569624166,0.533225005865097,0.5388800036907196,38.52079468351989,-0.008183890746706002,-0.004504634583325365,-0.003679256163380637,0.5636523480045752,0.533225005865097,0.5027976637256188,11.412571355356176
2015-07-02,0.5097500085830688,0.5137500166893005,0.5072500109672546,0.5105000138282776,0.4929796755313873,145764000,0.0009806088161723459,0.5311375051736832,0.537935004234314,38.8532635640512,-0.00854083026811514,-0.005311873720283321,-0.0032289565478318197,0.5617852991384672,0.5311375051736832,0.5004897112088992,11.540436766845193
2015-07-06,0.5062500238418579,0.5132499933242798,0.5005000233650208,0.5042499899864197,0.4869439303874969,214776000,-0.012243395505878385,0.5285250037908554,0.5369100046157836,36.21687290668033,-0.00922172974072788,-0.006093844924372233,-0.003127884816355647,0.5589868308510434,0.5285250037908554,0.4980631767306675,11.527109159150433
2015-07-07,0.5012500286102295,0.503250002861023,0.4790000021457672,0.4947499930858612,0.4777701199054718,594252000,-0.018839562236097285,0.5260750040411949,0.5357900041341782,32.59630193820104,-0.01040794156187097,-0.006956664251871981,-0.003451277309998989,0.5590250139510667,0.5260750040411949,0.49312499413132305,12.52673465067033
2015-07-08,0.492000013589859,0.4950000047683716,0.4872500002384186,0.4912500083446502,0.4743902087211609,332492000,-0.00707434609970925,0.5233125030994416,0.53451500415802,31.352735686201214,-0.011497901839138236,-0.007864911769325232,-0.0036329900698130035,0.5581592713607727,0.5233125030994416,0.4884657348381104,13.317766365199745
2015-07-09,0.4990000128746032,0.5012500286102295,0.4822500050067901,0.4852499961853027,0.4685962200164795,357588000,-0.012213550360367975,0.5207375019788743,0.5330650043487549,29.28979123128029,-0.012699462549547458,-0.008831821925369677,-0.003867640624177781,0.5587034374624817,0.5207375019788743,0.48277156649526676,14.581602185105435
2015-07-10,0.4914999902248382,0.4982500076293945,0.4902499914169311,0.4937500059604645,0.4768043756484985,216708000,0.01751647854037386,0.5183000013232231,0.5318700045347213,35.74041871818578,-0.012818069590743497,-0.009629071458444442,-0.0031889981322990556,0.5566221904252344,0.5183000013232231,0.4799778122212117,14.78764769599636
2015-07-13,0.4987500011920929,0.4997499883174896,0.4937500059604645,0.4970000088214874,0.4799429476261139,212472000,0.006582515047909743,0.516762501001358,0.5307100045681,38.06685921752053,-0.012505660980650424,-0.01020438936288564,-0.0023012716177647843,0.5559034250074375,0.516762501001358,0.47762157699527846,15.148515587038178
2015-07-14,0.4977500140666961,0.4982500076293945,0.4907500147819519,0.4972499907016754,0.4801843762397766,249216000,0.000503036068884688,0.5152874991297722,0.5292800039052963,38.252035845681675,-0.012098440170555058,-0.010583199524419525,-0.0015152406461355333,0.5550305096091179,0.5152874991297722,0.47554448865042653,15.425567492502529
2015-07-15,0.4959999918937683,0.4992499947547912,0.4892500042915344,0.4937500059604645,0.4768043756484985,265732000,-0.007038964111548585,0.5133125007152557,0.5278500044345855,36.601938890563304,-0.011920719627237286,-0.01085070354498308,-0.001070016082254207,0.5532142178076433,0.5133125007152557,0.47341078362286804,15.546754476771218
2015-07-16,0.496749997138977,0.5047500133514404,0.4950000047683716,0.5047500133514404,0.4874268770217895,282848000,0.022278531649050803,0.5115750014781952,0.5269300043582916,44.67904984587202,-0.01076813776151464,-0.01083419038828939,6.605262677475063e-05,0.5497532367270732,0.5115750014781952,0.47339676622931726,14.92576265007556
2015-07-17,0.503000020980835,0.5034999847412109,0.4952499866485595,0.5017499923706055,0.4845298826694488,220372000,-0.005943444009574361,0.5092375010251999,0.5259150040149688,43.067492880107885,-0.009981721873604688,-0.01066369668535245,0.0006819748117477629,0.5436226293475543,0.5092375010251999,0.4748523727028455,13.504554654019024
2015-07-20,0.5017499923706055,0.5037500262260437,0.4912500083446502,0.4925000071525574,0.4755973219871521,188412000,-0.018435520701187702,0.5065250009298324,0.5245200037956238,38.4610631739603,-0.009989722812167812,-0.010528901910715524,0.0005391790985477124,0.5369798447332715,0.5065250009298324,0.4760701571263934,12.025011104104575
2015-07-21,0.4914999902248382,0.5017499923706055,0.4914999902248382,0.4947499930858612,0.4777701199054718,149720000,0.004568566343563951,0.5040375009179116,0.5240000039339066,40.13827356041691,-0.009702662301409093,-0.010363653988854239,0.0006609916874451456,0.529376345373176,0.5040375009179116,0.4786986564626471,10.054348896310076
2015-07-22,0.4912500083446502,0.4912500083446502,0.4792500138282776,0.4852499961853027,0.4685962200164795,356472000,-0.01920149357772183,0.5017750009894371,0.5233900040388108,35.712527548334165,-0.010125020203264778,-0.010315927231736346,0.0001909070284715677,0.525272293714874,0.5017750009894371,0.478277708264,9.365668946879904
2015-07-23,0.4862500131130218,0.4984999895095825,0.4852499961853027,0.4912500083446502,0.4743902087211609,169916000,0.01236456560506971,0.5000750005245209,0.5228000044822693,40.19750680503109,-0.009861909097098165,-0.010225123604808711,0.00036321450771054607,0.5213471083598954,0.5000750005245209,0.47880289268914644,8.50756699017647
2015-07-24,0.4947499930858612,0.4952499866485595,0.4835000038146972,0.4855000078678131,0.4688374996185303,188844000,-0.01170494036459846,0.4978874996304512,0.5220350044965744,37.49766251727616,-0.010002070985323852,-0.010180513080911741,0.00017844209558788918,0.5153692499412748,0.4978874996304512,0.48040574931962765,7.022369641253936
2015-07-27,0.481249988079071,0.4882499873638153,0.4772500097751617,0.4827499985694885,0.4661820232868194,192420000,-0.005663958906596656,0.4961000010371208,0.5210450047254562,36.24387152057348,-0.01021727467670247,-0.010187865400069888,-2.94092766325825e-05,0.5120274925589129,0.4961000010371208,0.48017250951532875,6.421081027411766
2015-07-28,0.4839999973773956,0.4964999854564667,0.4790000021457672,0.4932500123977661,0.4763216078281402,198308000,0.021750269282868606,0.49561250060796735,0.520260004401207,43.95001114493562,-0.009431837438042878,-0.010036659807664487,0.000604822369621609,0.511259762077861,0.49561250060796735,0.4799652391380737,6.314312673993953
2015-07-29,0.492249995470047,0.503250002861023,0.4902499914169311,0.4992499947547912,0.4821156859397888,232680000,0.012164214296444653,0.4954375013709068,0.5196100038290024,47.83041646973625,-0.008230349983968155,-0.009675397842925221,0.0014450478589570666,0.5108378859223892,0.4954375013709068,0.4800371168194244,6.216882859641657
2015-07-30,0.4979999959468841,0.5055000185966492,0.4979999959468841,0.5005000233650208,0.4833228886127472,190180000,0.0025039688775219116,0.49496250301599504,0.5191000038385392,48.62837356404889,-0.007095503115327584,-0.009159418897405694,0.00206391578207811,0.5090685995228277,0.49496250301599504,0.4808564065091624,5.699864705256994
2015-07-31,0.5024999976158142,0.5027499794960022,0.4957500100135803,0.4987500011920929,0.481632798910141,218340000,-0.0034968128810476395,0.4943750023841858,0.5185550034046174,47.532251700995964,-0.00626512054981343,-0.008580559227887242,0.002315438678073812,0.5067114326105113,0.4943750023841858,0.4820385721578603,4.990717640184691
2015-08-03,0.5027499794960022,0.5077499747276306,0.4962500035762787,0.5072500109672546,0.4898410737514496,397132000,0.017042599382522505,0.49452500343322753,0.5182550036907196,53.06597515997508,-0.004865075075681735,-0.007837462397446142,0.0029723873217644067,0.5073993035168868,0.49452500343322753,0.4816507033495683,5.2067337320781535
2015-08-04,0.5055000185966492,0.5107499957084656,0.5034999847412109,0.5092499852180481,0.4917724728584289,260100000,0.003942909671064809,0.4952500030398369,0.518010003566742,54.287629743436504,-0.0035531887944534324,-0.0069806076768476,0.003427418882394168,0.5096374975600679,0.4952500030398369,0.4808625085196059,5.810194621674227
2015-08-05,0.5217499732971191,0.5222499966621399,0.5134999752044678,0.5145000219345093,0.4968423545360565,234628000,0.010309405177070907,0.4964125037193298,0.5179350042343139,57.420778173887975,-0.002066059134691267,-0.005997697968416334,0.003931638833725067,0.5129202904040171,0.4964125037193298,0.47990471703464255,6.650834360941371
2015-08-06,0.5132499933242798,0.5170000195503235,0.5027499794960022,0.5112500190734863,0.4937037229537964,655676000,-0.006317157854206945,0.497712504863739,0.5172400045394897,54.911677836319114,-0.0011366437134243679,-0.005025487117417941,0.0038888434039935733,0.5145902140333155,0.497712504863739,0.48083479569416254,6.782111763174272
2015-08-07,0.5615000128746033,0.5842499732971191,0.546999990940094,0.5745000243186951,0.5547828674316406,1405248000,0.1237161917929479,0.5017500057816505,0.5176600050926209,76.46527052748188,0.004650068430643861,-0.0030903760078055805,0.007740444438449442,0.5391100882422345,0.5017500057816505,0.4643899233210666,14.89191112310307
2015-08-10,0.5705000162124634,0.5987499952316284,0.5669999718666077,0.5945000052452087,0.5740966200828552,662304000,0.03481317427956521,0.5066250056028366,0.518485004901886,79.76000028251475,0.010726265102548704,-0.00032704778573472383,0.011053312888283429,0.5615496198874093,0.5066250056028366,0.45170039131826395,21.682551661348604
2015-08-11,0.5857499837875366,0.5972499847412109,0.5857499837875366,0.5914999842643738,0.5711997151374817,435008000,-0.005046023341777284,0.5113375052809715,0.5191250050067902,77.99614432747705,0.01512526349827581,0.002763414471067383,0.012361849027208426,0.5773000466292496,0.5113375052809715,0.4453749639326935,25.800001238724988
2015-08-12,0.5820000171661377,0.5972499847412109,0.5820000171661377,0.5929999947547913,0.5726482272148132,384048000,0.0025359117642118623,0.5163000047206878,0.5200150048732758,78.25507916639597,0.01851906349418342,0.005914544275690591,0.012604519218492828,0.5906265791695964,0.5163000047206878,0.4419734302717793,28.79200998230412
2015-08-13,0.59375,0.5950000286102295,0.5864999890327454,0.5879999995231628,0.5678198337554932,276884000,-0.008431691970485766,0.520462504029274,0.5209250044822693,75.08335544874524,0.020568120127836598,0.008845259446119792,0.011722860681716806,0.6008156710990433,0.520462504029274,0.44010933695950455,30.87760076766254
2015-08-14,0.5874999761581421,0.5920000076293945,0.5839999914169312,0.5885000228881836,0.5683025121688843,214652000,0.0008500555716743907,0.5248000055551529,0.5216500043869019,75.19164490571026,0.021978999751665285,0.01147200750722889,0.010506992244436394,0.6098715340248732,0.5248000055551529,0.4397284770854328,32.42055166509702
2015-08-17,0.5874999761581421,0.5874999761581421,0.5774999856948853,0.5847499966621399,0.5646812319755554,273880000,-0.006372099569837419,0.529412505030632,0.5222150039672852,72.6418105456774,0.02253476944744026,0.013684559895271165,0.008850209552169096,0.616946536457919,0.529412505030632,0.441878473603345,33.06836563001935
2015-08-18,0.5805000066757202,0.5845000147819519,0.5724999904632568,0.5770000219345093,0.5595417618751526,287084000,-0.009101542267346496,0.5335250064730644,0.5228800046443939,67.54404220541616,0.022095163453635824,0.0153666806069441,0.006728482846691725,0.6218832114775139,0.5335250064730644,0.445166801468615,33.12242310385889
2015-08-19,0.5762500166893005,0.5827500224113464,0.5684999823570251,0.5747500061988831,0.5573598146438599,249248000,-0.0038995252543447823,0.5380000069737434,0.5234450042247772,66.09385368549613,0.021319457633954153,0.016557236012346113,0.00476222162160804,0.625183002279629,0.5380000069737434,0.4508170116678578,32.41003500958708
2015-08-20,0.5682500004768372,0.5709999799728394,0.5512499809265137,0.5540000200271606,0.5372377038002014,426932000,-0.03610255047991939,0.5411375075578689,0.5237900042533874,54.47746257490977,0.018813484574818795,0.01700848572484065,0.0018049988499781455,0.6258463420441395,0.5411375075578689,0.4564286730715984,31.307692888840023
2015-08-21,0.550000011920929,0.559249997138977,0.5362499952316284,0.5367500185966492,0.520509660243988,382664000,-0.031137136202254556,0.5437000080943107,0.5236750042438507,47.070871058411775,0.015259648194147046,0.016658718218701928,-0.0013990700245548812,0.6245335700692114,0.5437000080943107,0.46286644611941014,29.73461863950503
2015-08-24,0.5067499876022339,0.5457500219345093,0.5,0.5177500247955322,0.5020844340324402,682284000,-0.035398432764746524,0.545450009405613,0.5234750044345856,40.53399903740414,0.010785735305564037,0.01548412163607435,-0.004698386330510312,0.6223493872809771,0.545450009405613,0.46855063153024873,28.196673040362718
2015-08-25,0.5404999852180481,0.5425000190734863,0.5070000290870667,0.5070000290870667,0.4916597008705139,622684000,-0.020762908497682475,0.546137510240078,0.5230800044536591,37.371718929349505,0.006300069022317389,0.013647311113322957,-0.007347242091005568,0.6213860048948149,0.546137510240078,0.470889015585341,27.556611016027176
2015-08-26,0.5235000252723694,0.5457500219345093,0.5195000171661377,0.5452499985694885,0.5287524461746216,614976000,0.07544394067366644,0.5484375104308128,0.523320004940033,51.78519632965349,0.005765142075097152,0.012070877305677798,-0.006305735230580646,0.6205599456227205,0.5484375104308128,0.47631507523890504,26.301058487138707
2015-08-27,0.5509999990463257,0.5659999847412109,0.5477499961853027,0.565750002861023,0.5486320853233337,463764000,0.037597252348496646,0.5517000094056129,0.5238450050354004,57.43873479627739,0.006915668118906315,0.011039835468323501,-0.004124167349417186,0.6206885157335605,0.5517000094056129,0.4827115030776653,25.009427279971963
2015-08-28,0.565750002861023,0.5717499852180481,0.5617499947547913,0.5682500004768372,0.551056444644928,320944000,0.00441891640399672,0.5551750093698502,0.524240005016327,58.08422224746888,0.007937696389033633,0.010419407652465528,-0.0024817112634318954,0.620022147111501,0.5551750093698502,0.49032787162819935,23.360971458443494
2015-08-31,0.565500020980835,0.5695000290870667,0.5597500205039978,0.5619999766349792,0.5449954271316528,219352000,-0.010998905052604147,0.5579125076532364,0.5245450043678284,55.80557234802972,0.008149395309708485,0.00996540518391412,-0.0018160098742056353,0.6189463558617078,0.5579125076532364,0.496878659444765,21.87936186094835
2015-09-01,0.5457500219345093,0.5550000071525574,0.5350000262260437,0.5389999747276306,0.522691547870636,353408000,-0.0409248924865363,0.5594000071287155,0.5244350039958954,48.29680410545235,0.006387627698714038,0.009249849686874104,-0.002862221988160066,0.6169691704955556,0.5594000071287155,0.5018308437618755,20.582467870292188
2015-09-02,0.5537499785423279,0.5554999709129333,0.5444999933242798,0.5552499890327454,0.538449764251709,344044000,0.03014821350234098,0.5614375054836274,0.5249300038814545,53.09843755100175,0.006230829398784943,0.008646045629256272,-0.002415216230471329,0.6152691483019942,0.5614375054836274,0.5076058626652605,19.17636149797145
2015-09-03,0.5634999871253967,0.5662500262260437,0.5557500123977661,0.5567499995231628,0.5399043560028076,262556000,0.002701443751433441,0.5637125045061111,0.5255600035190582,53.527472958658755,0.006156634081565637,0.008148163319718146,-0.0019915292381525087,0.6124750010614279,0.5637125045061111,0.5149500079507943,17.300484259450453
2015-09-04,0.547249972820282,0.5559999942779541,0.5435000061988831,0.543749988079071,0.5272976160049438,287972000,-0.023349950519380935,0.5621750026941299,0.5258500027656555,49.31694896077843,0.00499130482516652,0.007516791620807821,-0.0025254867956413006,0.6114167707239082,0.5621750026941299,0.5129332346643516,17.51830579225165
2015-09-08,0.5569999814033508,0.5692499876022339,0.5547500252723694,0.5669999718666077,0.5498443245887756,238448000,0.04275898069605599,0.5608000010251999,0.5268200027942658,55.985330686177726,0.005876116167732204,0.007188656530192699,-0.0013125403624604948,0.6078410905944038,0.5608000010251999,0.513758911455996,16.776422782884453
2015-09-09,0.5687500238418579,0.5734999775886536,0.5544999837875366,0.5557500123977661,0.5389346480369568,289392000,-0.019841391579294987,0.5590125024318695,0.5278750026226043,52.39325043182742,0.005604947476584243,0.006871914719471008,-0.0012669672428867644,0.6039200317095259,0.5590125024318695,0.5141049731542131,16.06673520978346
2015-09-10,0.5525000095367432,0.5715000033378601,0.550000011920929,0.5644999742507935,0.5474197268486023,357076000,0.015744170174532224,0.5575875014066696,0.5291100025177002,54.82123553796563,0.006026621983458269,0.006702856172268461,-0.0006762341888101918,0.5998196718061274,0.5575875014066696,0.5153553310072118,15.148176848625702
2015-09-11,0.5582500100135803,0.5699999928474426,0.5559999942779541,0.5662500262260437,0.5491169095039368,301584000,0.003100331559304337,0.5565000027418137,0.5302350032329559,55.31213948240436,0.006427919581075137,0.006647868854029796,-0.0002199492729546594,0.5966104684855158,0.5565000027418137,0.5163895369981115,14.415261651781611
2015-09-14,0.5690000057220459,0.5707499980926514,0.5642499923706055,0.5672500133514404,0.5500868558883667,192460000,0.0017663750062006933,0.5554375022649765,0.5313700032234192,55.608954377673264,0.006748844938714527,0.0066680640709667425,8.078086774778413e-05,0.5931554836647198,0.5554375022649765,0.5177195208652331,13.581359287385553
2015-09-15,0.5674999952316284,0.5764999985694885,0.565750002861023,0.5734999775886536,0.556147575378418,327976000,0.011017750061057985,0.5548750013113022,0.5327550029754639,57.50856811751698,0.007421944916600531,0.006818840240093501,0.0006031046765070302,0.5911349879217077,0.5548750013113022,0.5186150147008967,13.069605415531251
2015-09-16,0.5724999904632568,0.5807499885559082,0.5682500004768372,0.5774999856948853,0.5600264668464661,173508000,0.006974572289394132,0.554899999499321,0.5344100028276444,58.725917875641905,0.008183810846021378,0.007091834361279077,0.0010919764847423007,0.5912216019626647,0.554899999499321,0.5185783970359773,13.09122454356324
2015-09-17,0.5874999761581421,0.5927500128746033,0.5814999938011169,0.5827500224113464,0.5651177167892456,268712000,0.009091088089905108,0.5553000003099442,0.5362400031089782,60.33225847074217,0.009106257898065628,0.007494719068636388,0.0016115388294292406,0.5926488825550225,0.5553000003099442,0.5179511180648659,13.451785422017556
2015-09-18,0.5747500061988831,0.5872499942779541,0.5712500214576721,0.5822499990463257,0.5646329522132874,326412000,-0.00085781167632204,0.5567124992609024,0.5381800031661987,60.09237945784306,0.00968530990233718,0.007932837235376546,0.001752472666960634,0.5958517492338127,0.5567124992609024,0.5175732492879921,14.060848292385025
2015-09-21,0.5830000042915344,0.5895000100135803,0.5799999833106995,0.5882499814033508,0.5704514384269714,281840000,0.010304900184936683,0.5592874974012375,0.5400700026750564,62.04259896738601,0.010507240294251874,0.008447717847151613,0.0020595224471002607,0.5995935869644036,0.5592874974012375,0.5189814078380715,14.413370493869678
2015-09-22,0.5755000114440918,0.5795000195503235,0.5692499876022339,0.5722500085830688,0.5549353957176208,228356000,-0.027199585563560502,0.5620124965906144,0.5415750026702881,54.40710350621604,0.009755111113715187,0.008709196500464329,0.0010459146132508583,0.5978372280854829,0.5620124965906144,0.5261877650957458,12.748731287007049
2015-09-23,0.5727499723434448,0.578499972820282,0.5705000162124634,0.574999988079071,0.5576021671295166,161632000,0.004805552921069545,0.5654124945402146,0.543130002617836,55.422550714541444,0.009274038341024693,0.008822164868576402,0.00045187347244829076,0.5912123416970693,0.5654124945402146,0.5396126473833599,9.126026540264114
2015-09-24,0.5715000033378601,0.5920000076293945,0.5625,0.5860000252723694,0.5682692527770996,382440000,0.019130280110811082,0.5674499958753586,0.5449750030040741,59.32499869936689,0.00966893827139037,0.008991519549139196,0.0006774187222511746,0.5929938895121907,0.5674499958753586,0.5419061022385265,9.00304654947705
2015-09-25,0.5932499766349792,0.6017500162124634,0.5845000147819519,0.5902500152587891,0.5723907947540283,369692000,0.007252797783422249,0.5686749964952469,0.5466850030422211,60.75451796524205,0.010207176013227293,0.009234650841956816,0.0009725251712704771,0.5960589001173036,0.5686749964952469,0.5412910928731902,9.630774621998192
2015-09-28,0.5902500152587891,0.593999981880188,0.5787500143051147,0.5824999809265137,0.5648752450942993,395584000,-0.01313010224589417,0.5693874955177307,0.5483000028133392,56.83207740119059,0.00989431479855074,0.009366583633275602,0.0005277311652751391,0.5974238553516277,0.5693874955177307,0.5413511356838338,9.847901492253234
2015-09-29,0.5887500047683716,0.59375,0.5805000066757202,0.5927500128746033,0.5748152136802673,380736000,0.017596750206868572,0.5709249973297119,0.5503050029277802,60.46737309352307,0.010354106255292095,0.009564088157678901,0.0007900180976131935,0.6005024918458098,0.5709249973297119,0.541347502813614,10.361253984125968
2015-09-30,0.5982499718666077,0.6169999837875366,0.5947499871253967,0.6162499785423279,0.5976040363311768,556380000,0.039645475813006925,0.5747874975204468,0.5527350026369094,67.27226504766976,0.012470987350104101,0.010145467996163941,0.00232551935394016,0.6067590774268609,0.5747874975204468,0.5428159176140327,11.124660868350485
2015-10-01,0.6162499785423279,0.6179999709129333,0.5867499709129333,0.6042500138282776,0.5859672427177429,489296000,-0.01947241468594274,0.5772374987602233,0.555115002989769,61.45498340546771,0.013030130767994308,0.010722400550530016,0.0023077302174642923,0.6103348857155261,0.5772374987602233,0.5441401118049206,11.467511042296627
2015-10-02,0.6010000109672546,0.6200000047683716,0.5947499871253967,0.6200000047683716,0.6012405753135681,386144000,0.026065164538868757,0.5803999990224838,0.5576900029182434,65.65311819413685,0.014576124110360356,0.011493145262496084,0.003082978847864272,0.6169678845322523,0.5803999990224838,0.5438321135127154,12.600925420867146
2015-10-05,0.6240000128746033,0.6432499885559082,0.6207500100135803,0.6355000138282776,0.6162717938423157,482024000,0.025000339541136674,0.5849875003099442,0.5606900030374526,69.20753919101723,0.01685773073824237,0.012566062357645342,0.00429166838059703,0.6248822022676607,0.5849875003099442,0.5450927983522277,13.63950577972318
2015-10-06,0.6287500262260437,0.6464999914169312,0.6262500286102295,0.643750011920929,0.6242720484733582,453216000,0.012981698515135198,0.5888250023126602,0.5639100033044815,70.93181241359508,0.019111322892968352,0.013875114464709943,0.005236208428258409,0.6352855003306312,0.5888250023126602,0.5423645042946892,15.780749063131994
2015-10-07,0.6452500224113464,0.6570000052452087,0.6347500085830688,0.6504999995231628,0.6308177709579468,310152000,0.010485368519375537,0.5935625016689301,0.5670550030469894,72.298588571719,0.02119762546801207,0.01533961666537037,0.005858008802641701,0.6446582191028237,0.5935625016689301,0.5424667842350365,17.216625811174698
2015-10-08,0.6477500200271606,0.656000018119812,0.6367499828338623,0.6542500257492065,0.6344544291496277,460068000,0.005764990079715648,0.5980500042438507,0.5701550036668778,73.05655263552435,0.022889772022411492,0.016849647736778595,0.006040124285632897,0.6537087020228813,0.5980500042438507,0.54239130646482,18.613392654148768
2015-10-09,0.6507499814033508,0.6570000052452087,0.6395000219345093,0.6517500281333923,0.6320300102233887,423248000,-0.003821265665192919,0.6023250043392181,0.5731800037622452,71.64905664118606,0.02375524575781718,0.01823076734098631,0.005524478416830868,0.6606283398180461,0.6023250043392181,0.54402166886039,19.359427239050067
2015-10-12,0.6524999737739563,0.6625000238418579,0.6477500200271606,0.6587499976158142,0.6388182640075684,227588000,0.010740397883607367,0.6069000035524368,0.5763800036907196,73.20564078913443,0.02472101054332465,0.01952881598145398,0.005192194561870672,0.6677790757484486,0.6069000035524368,0.5460209313564249,20.062307411323598
2015-10-13,0.6535000205039978,0.6639999747276306,0.6512500047683716,0.6600000262260437,0.6400302052497864,298444000,0.0018971612280072048,0.6112250059843063,0.5794350039958954,73.48560039676734,0.025295660329443415,0.020682184851051867,0.004613475478391547,0.6742507862810686,0.6112250059843063,0.548199225687544,20.62277546883628
2015-10-14,0.6607499718666077,0.6947500109672546,0.6600000262260437,0.6840000152587891,0.6633042693138123,612148000,0.036364008875085174,0.6165500074625015,0.5829300045967102,78.19605526375034,0.02737214392711218,0.02202017666626393,0.005351967260848252,0.6850378999349706,0.6165500074625015,0.5480621149900325,22.216492301846067
2015-10-15,0.6852499842643738,0.6997500061988831,0.6782500147819519,0.6857500076293945,0.6650013327598572,526048000,0.002558499205501219,0.621700006723404,0.5863550043106079,78.49604690168822,0.028826685807532115,0.02338147849451757,0.005445207313014545,0.6945954225772095,0.621700006723404,0.5488045908695984,23.450350672502697
2015-10-16,0.6880000233650208,0.703000009059906,0.6862499713897705,0.6965000033378601,0.6754258871078491,448396000,0.01567599015888943,0.6274125069379807,0.5900600039958954,80.29002436507695,0.03049532442212577,0.024804247680039214,0.005691076742086555,0.7048137879044694,0.6274125069379807,0.550011225971492,24.67317119457415
2015-10-19,0.6987500190734863,0.7020000219345093,0.687250018119812,0.6952499747276306,0.6742138266563416,294712000,-0.001794512876457155,0.6327625066041946,0.5924750030040741,79.45990023170182,0.031355419921380245,0.02611448212830742,0.005240937793072824,0.7133237381955229,0.6327625066041946,0.5522012750128664,25.463339167698457
2015-10-20,0.6922500133514404,0.6974999904632568,0.6869999766349792,0.6942499876022339,0.6732439994812012,264824000,-0.0014384563721424604,0.6388625055551529,0.5944700026512146,78.75838454224295,0.03159218614103365,0.02721002293085267,0.004382163210180982,0.7186438421399104,0.6388625055551529,0.5590811689703954,24.976058507434193
2015-10-21,0.6984999775886536,0.702750027179718,0.6840000152587891,0.6852499842643738,0.6645164489746094,386280000,-0.012963428583570358,0.644375005364418,0.5963450026512146,72.55024853416583,0.03069971284297235,0.027907960913276606,0.0027917519296957426,0.7209137959165616,0.644375005364418,0.5678362148122745,23.755977471180152
2015-10-22,0.6932500004768372,0.7122499942779541,0.6922500133514404,0.7099999785423279,0.6885175108909607,306884000,0.03611808549417628,0.6505750030279159,0.5986850023269653,77.7454302379062,0.03162498586702933,0.02865136590402715,0.0029736199630021817,0.7272837139794516,0.6505750030279159,0.5738662920763803,23.581819342740438
2015-10-23,0.7162500023841858,0.7195000052452087,0.7055000066757202,0.7147499918937683,0.6931239366531372,381776000,0.006690353824430284,0.6568000018596649,0.6012200021743774,78.58319375485198,0.032368434619131525,0.02939477964704803,0.0029736549720834962,0.7331222718949734,0.6568000018596649,0.5804777318243565,23.240642454083254
2015-10-26,0.7152500152587891,0.7170000076293945,0.7049999833106995,0.7114999890327454,0.6899722814559937,247436000,-0.004547029803013025,0.6632500022649765,0.6036800014972686,76.46227965485622,0.03232277817537921,0.02998037935271427,0.0023423988226649387,0.7350343876119457,0.6632500022649765,0.5914656169180074,21.646252574995223
2015-10-27,0.7080000042915344,0.715499997138977,0.7074999809265137,0.7110000252723694,0.6894872188568115,208268000,-0.0007030175156580443,0.6691625028848648,0.6062050020694733,76.12191646620622,0.0318787735599263,0.030360058194156676,0.0015187153657696233,0.7360589195598574,0.6691625028848648,0.6022660862098722,19.994072108521205
2015-10-28,0.715499997138977,0.7167500257492065,0.7049999833106995,0.7167500257492065,0.6950632929801941,217036000,0.008087276994964254,0.6741875052452088,0.6090000021457672,77.36959228541762,0.031626305325915594,0.03061330762050846,0.0010129977054071336,0.7395105133593588,0.6741875052452088,0.6088644971310587,19.378290937145564
2015-10-29,0.7052500247955322,0.7124999761581421,0.690750002861023,0.6919999718666077,0.6710619926452637,327168000,-0.03453110037219931,0.6785750031471253,0.6113450014591217,62.283737913046835,0.029093725569877438,0.030309391210382258,-0.0012156656405048205,0.7358052494336219,0.6785750031471253,0.6213447568606286,16.86777320740424
2015-10-30,0.6995000243186951,0.7142500281333923,0.6942499876022339,0.7092499732971191,0.6877902150154114,301160000,0.024927983634129847,0.6830375015735626,0.6144500005245209,67.09886885850767,0.028154026723337,0.02987831831297321,-0.0017242915896362107,0.7349762173154409,0.6830375015735626,0.6310987858316842,15.208159324260647
2015-11-02,0.7114999890327454,0.7182499766349792,0.7072499990463257,0.7174999713897705,0.6957905888557434,190088000,0.011631997178315201,0.6871374994516373,0.6180649995803833,69.12880464169444,0.027755071329896297,0.02945366891635783,-0.0016985975864615317,0.7362899162737505,0.6871374994516373,0.637985082629524,14.306428294581158
2015-11-03,0.7132499814033508,0.7172499895095825,0.7045000195503235,0.7124999761581421,0.6909420490264893,376768000,-0.006968389493781091,0.690574997663498,0.6219599986076355,66.45280996443272,0.026727342312798386,0.02890840359564594,-0.002181061282847556,0.7366276928476096,0.690574997663498,0.6445223024793862,13.337492767600073
2015-11-04,0.7105000019073486,0.715749979019165,0.6974999904632568,0.7007499933242798,0.6795472502708435,442264000,-0.01649168518792654,0.6930874973535538,0.6258349978923797,60.52351984855313,0.024680235850401577,0.02806277004659707,-0.0033825341961954934,0.7354561783231144,0.6930874973535538,0.6507188163839932,12.226069906422717
2015-11-05,0.7042499780654907,0.706250011920929,0.690750002861023,0.6927499771118164,0.6717893481254578,478800000,-0.011416280681429747,0.6950124949216843,0.6287849974632264,56.80705568502994,0.022156943330430945,0.02688160470336385,-0.004724661372932905,0.7334655261209304,0.6950124949216843,0.6565594637224381,11.065421551472719
2015-11-06,0.7612500190734863,0.7985000014305115,0.7455000281333923,0.7887499928474426,0.7648850083351135,1172272000,0.1385786489015155,0.7018624931573868,0.6332449972629547,75.91754114871534,0.02758562488109728,0.027022408738910538,0.0005632161421867433,0.7535728519073355,0.7018624931573868,0.6501521344074381,14.735182248398921
2015-11-09,0.781000018119812,0.7875000238418579,0.7742499709129333,0.7852500081062317,0.7614907622337341,492568000,-0.004437590048689155,0.7081874936819077,0.6375849974155426,74.62125468121882,0.03124529825475808,0.02786698664208005,0.0033783116126780317,0.767625669554086,0.7081874936819077,0.6487493178097294,16.785999866548263
2015-11-10,0.7749999761581421,0.7792500257492065,0.7537500262260437,0.7702500224113464,0.7469443082809448,552260000,-0.01910260068043268,0.7136999934911727,0.6417499983310699,69.1701217701236,0.032559911888036974,0.028805571691271438,0.0037543401967655363,0.7746695861166766,0.7136999934911727,0.6527304008656689,17.08549619771236
2015-11-11,0.7707499861717224,0.7762500047683716,0.7599999904632568,0.7627500295639038,0.7396715879440308,619896000,-0.009736629968640997,0.7176374942064285,0.6462249994277954,66.55228894638418,0.03262053667969267,0.029568564688955686,0.0030519719907369826,0.780566335318718,0.7176374942064285,0.6547086530941391,17.537779622809946
2015-11-12,0.7609999775886536,0.7680000066757202,0.7567499876022339,0.7599999904632568,0.7370043396949768,291080000,-0.0036059898643231447,0.7213499933481217,0.6503199994564056,65.57233265614835,0.032076914389574274,0.030070234629079408,0.002006679760494866,0.7850717502448782,0.7213499933481217,0.6576282364513651,17.667361886563313
2015-11-13,0.7607499957084656,0.7639999985694885,0.7412499785423279,0.7450000047683716,0.7224586606025696,292940000,-0.019736219054594994,0.7237749934196472,0.6540849995613098,60.35228923395192,0.030088870552543945,0.030073961813772317,1.4908738771628183e-05,0.7872202454717537,0.7237749934196472,0.6603297413675407,17.53176128739798
2015-11-16,0.7547500133514404,0.7605000138282776,0.7487499713897705,0.7599999904632568,0.7370043396949768,344280000,0.020133579795797996,0.7270124942064286,0.6584099996089935,63.482935666130906,0.02938497329346479,0.02993616410971081,-0.0005511908162460222,0.7909115482406128,0.7270124942064286,0.6631134401722443,17.578529817134264
2015-11-17,0.7620000243186951,0.7664999961853027,0.7567499876022339,0.7599999904632568,0.7370043396949768,257048000,0.0,0.7302999943494797,0.6622699999809265,63.482935666130906,0.028498615346397416,0.02964865435704813,-0.001150039010650715,0.7938831453547754,0.7302999943494797,0.6667168433441839,17.412885525744237
2015-11-18,0.7602499723434448,0.7767500281333923,0.7519999742507935,0.7757499814033508,0.7551348805427551,350216000,0.024600317625377954,0.7348249942064286,0.6666699993610382,66.68624125982231,0.02873581434780359,0.029466086355199223,-0.0007302720073956333,0.7978182809903905,0.7348249942064286,0.6718317074224666,17.145112722245205
2015-11-19,0.7785000205039978,0.7857499718666077,0.7722499966621399,0.777999997138977,0.7573249936103821,254072000,0.002900293873397519,0.7382249951362609,0.6709399998188019,67.1298439909248,0.028773668788239504,0.02932760284180728,-0.0005539340535677777,0.8028119446667628,0.7382249951362609,0.6736380456057591,17.49790374371716
2015-11-20,0.7837499976158142,0.7892500162124634,0.7789999842643738,0.7847499847412109,0.7638955116271973,239744000,0.008675955596674223,0.7417249947786331,0.6753099989891053,68.48560054834878,0.029013882317668216,0.029264858736979472,-0.00025097641931125583,0.8083971316558196,0.7417249947786331,0.6750528579014465,17.97758936169726
2015-11-23,0.7912499904632568,0.7912499904632568,0.7702500224113464,0.7730000019073486,0.7524577975273132,242552000,-0.014972877737585044,0.7447999954223633,0.6794249987602234,63.570267731940305,0.027934120699360743,0.028998711129455727,-0.0010645904300949846,0.8112850790099394,0.7447999954223633,0.6783149118347872,17.853137485553702
2015-11-24,0.7730000019073486,0.7860000133514404,0.7695000171661377,0.7792500257492065,0.7585417032241821,195428000,0.008085377966527085,0.7482124954462052,0.6835399997234345,65.00887004181587,0.027268393462152818,0.02865264759599515,-0.001384254133842331,0.8144133944995571,0.7482124954462052,0.6820115963928532,17.695748054534224
2015-11-25,0.7777500152587891,0.7870000004768372,0.7754999995231628,0.778249979019165,0.7575681209564209,138300000,-0.0012834920791078286,0.7512874931097031,0.6875549995899201,64.56949491626992,0.026356285563229997,0.02819337518944212,-0.001837089626212124,0.8170690199766152,0.7512874931097031,0.685505966242791,17.51167894320494
2015-11-27,0.7797499895095825,0.7872499823570251,0.7757499814033508,0.7847499847412109,0.7638955116271973,86996000,0.008352239878821832,0.7559249937534332,0.6915949988365173,66.16995044562285,0.025859833556849843,0.027726666862923667,-0.0018668333060738243,0.8172611923825261,0.7559249937534332,0.6945887951243404,16.228117640227005
2015-11-30,0.7854999899864197,0.796500027179718,0.7847499847412109,0.7929999828338623,0.7719264030456543,327244000,0.010513075801885652,0.7601124942302704,0.6958099985122681,68.1372663095622,0.02583429598024667,0.027348192686388266,-0.0015138967061415973,0.8195362948276473,0.7601124942302704,0.7006886936328934,15.635527911576455
2015-12-01,0.800000011920929,0.8195000290870667,0.7992500066757202,0.8187500238418579,0.7969920635223389,409496000,0.03247156772690696,0.7651749968528747,0.7004199993610382,73.34710833161228,0.0275740143014348,0.027393357009397573,0.00018065729203722847,0.8264381905457019,0.7651749968528747,0.7039118031600475,16.012858220616078
2015-12-02,0.8199999928474426,0.828499972820282,0.8107500076293945,0.8125,0.7909080386161804,294240000,-0.007633733364005968,0.7701749980449677,0.7052249991893769,70.34077519858536,0.02812423029445177,0.027539531666408414,0.000584698628043355,0.8297247963426791,0.7701749980449677,0.7106251997472562,15.463965578959124
2015-12-03,0.8190000057220459,0.8274999856948853,0.8067499995231628,0.8107500076293945,0.789204478263855,246656000,-0.0021539297480224207,0.7756749987602234,0.7099399995803833,69.48202717226553,0.028095206620733393,0.027650666657273414,0.0004445399634599792,0.8284999783654123,0.7756749987602234,0.7228500191550344,13.620389902889782
2015-12-04,0.8107500076293945,0.8452500104904175,0.8107500076293945,0.84375,0.8213276863098145,458756000,0.04070327643936622,0.7832249999046326,0.7150949990749359,75.54503372369278,0.030384772004270477,0.028197487726672826,0.002187284277597651,0.8292032308063068,0.7832249999046326,0.7372467690029584,11.740746505096904
2015-12-07,0.843500018119812,0.843500018119812,0.8252500295639038,0.827750027179718,0.8057530522346497,333588000,-0.01896275303361672,0.7851750016212463,0.7198449993133544,68.44494429784618,0.03055597472075977,0.02866918512549022,0.0018867895952695522,0.8350666661698889,0.7851750016212463,0.7352833370726037,12.70841900101893
2015-12-08,0.8174999952316284,0.8424999713897705,0.812250018119812,0.8389999866485596,0.8167038559913635,314488000,0.013590769189571583,0.7878625005483627,0.7249749994277954,70.54140319400173,0.031239324331241436,0.029183212966640462,0.0020561113646009738,0.842996086201255,0.7878625005483627,0.7327289148954704,13.99573799096126
2015-12-09,0.8387500047683716,0.84375,0.809249997138977,0.8177499771118164,0.7960185408592224,372676000,-0.025327803928428927,0.7902374982833862,0.7294749987125396,62.142902037789604,0.02972355105069635,0.02929128058345164,0.00043227046724471016,0.84621751421604,0.7902374982833862,0.7342574823507324,14.167896627091936
2015-12-10,0.8202499747276306,0.8289999961853027,0.8174999952316284,0.8245000243186951,0.8025891780853271,236596000,0.00825437711414656,0.7933249980211258,0.733639999628067,63.62439725757114,0.028735714769898335,0.02918016742074098,-0.0004444526508426451,0.8497103109673277,0.7933249980211258,0.7369396850749238,14.214934128345838
2015-12-11,0.8162500262260437,0.8220000267028809,0.8105000257492065,0.812250018119812,0.7906646728515625,227320000,-0.014857545503182523,0.7959374994039535,0.7377999997138978,59.103928560945434,0.0266570879611584,0.028675551528824464,-0.002018463567666065,0.8507236556255827,0.7959374994039535,0.7411513431823243,13.766446803337299
2015-12-14,0.8130000233650208,0.8187500238418579,0.8044999837875366,0.8142499923706055,0.7926114201545715,275892000,0.0024621655296523937,0.7993999987840652,0.7416849994659424,59.60849986458877,0.024884291820913673,0.02791729958724231,-0.0030330077663286367,0.8494171069920814,0.7993999987840652,0.749382890576049,12.513662317762117
2015-12-15,0.8234999775886536,0.8299999833106995,0.8190000057220459,0.8242499828338623,0.8023458123207092,307296000,0.012281418004599809,0.8026124984025955,0.7454599988460541,62.1247636822212,0.024009487339774704,0.02713573713774879,-0.003126249797974087,0.8502933405576504,0.8026124984025955,0.7549316562475407,11.881410331872964
2015-12-16,0.8259999752044678,0.8320000171661377,0.8187500238418579,0.8292499780654907,0.8072128891944885,236356000,0.006066058797891349,0.8060749977827072,0.7491699981689454,63.35403305927366,0.02344934684066713,0.02639845907833246,-0.002949112237665332,0.8508438820525698,0.8060749977827072,0.7613061135128446,11.107870705085654
2015-12-17,0.8305000066757202,0.8389999866485596,0.8162500262260437,0.8167499899864197,0.7950453758239746,254160000,-0.01507348746952708,0.8081249982118607,0.7524949979782104,58.26296410709464,0.021746111254253297,0.02546798951351663,-0.003721878259263331,0.8508603788672199,0.8081249982118607,0.7653896175565015,10.57642833718047
2015-12-18,0.8109999895095825,0.8192499876022339,0.8025000095367432,0.8034999966621399,0.7821474075317383,395896000,-0.01622293353869153,0.8093999981880188,0.7554799973964691,53.367412812110004,0.019106868962627588,0.02419576540333882,-0.005088896440711234,0.8499288181799748,0.8093999981880188,0.7688711781960628,10.014534243312763
2015-12-21,0.812250018119812,0.8232499957084656,0.8050000071525574,0.8224999904632568,0.8006424307823181,284216000,0.02364646749766197,0.8112874984741211,0.7588949966430664,58.72335524895243,0.01833701346514527,0.023024015015700113,-0.0046870015505548444,0.8505447519129051,0.8112874984741211,0.772030245035337,9.677766146432566
2015-12-22,0.824999988079071,0.8314999938011169,0.8182500004768372,0.8232499957084656,0.8013724684715271,130012000,0.0009118148890705502,0.8137999981641769,0.7621849966049195,58.923909106974044,0.017584710989924868,0.021936154210545067,-0.004351443220620199,0.8491739309132085,0.8137999981641769,0.7784260654151454,8.693519987424523
2015-12-23,0.8245000243186951,0.8297500014305115,0.8230000138282776,0.8264999985694885,0.8045358657836914,122524000,0.00394747440999299,0.816162496805191,0.7655149960517883,59.834624322761215,0.01705416413939309,0.020959756196314672,-0.0039055920569215814,0.8481391664582643,0.816162496805191,0.7841858271521178,7.835858613509829
2015-12-24,0.8240000009536743,0.831250011920929,0.8227499723434448,0.8292499780654907,0.8072128891944885,52448000,0.003327413387828937,0.8187124967575073,0.7684199953079224,60.63003050198641,0.016663515664846695,0.020100508090021077,-0.0034369924251743816,0.8459756960423879,0.8187124967575073,0.7914492974726268,6.660017867775518
2015-12-28,0.8205000162124634,0.828499972820282,0.8090000152587891,0.828499972820282,0.8064829707145691,142024000,-0.0009042453232477321,0.8208999961614609,0.7712749946117401,60.27941935800179,0.01610772495252344,0.01930195146252155,-0.003194226509998111,0.8435408864646796,0.8208999961614609,0.7982591058582422,5.5161141208643665
2015-12-29,0.8289999961853027,0.8445000052452087,0.8267499804496765,0.8420000076293945,0.8196240663528442,203660000,0.016294325008042954,0.8233499974012375,0.7741849946975708,64.28316241870975,0.016565638425333096,0.01875468885508386,-0.002189050429750764,0.8438916584216151,0.8233499974012375,0.8028083363808599,4.989776179076649
2015-12-30,0.8412500023841858,0.8485000133514404,0.8345000147819519,0.8347499966621399,0.812566876411438,180344000,-0.00861027662695324,0.8241499960422516,0.776974995136261,60.742136292711976,0.016157271884701063,0.018235205461007303,-0.0020779335763062394,0.8451538026366268,0.8241499960422516,0.8031461894478764,5.097083466660206
2015-12-31,0.8335000276565552,0.8372499942779541,0.8240000009536743,0.8240000009536743,0.8021025657653809,148528000,-0.012878091576007833,0.8247249960899353,0.7795699954032898,55.831211743958676,0.014795648619602364,0.017547294092726314,-0.0027516454731239502,0.8450399514032753,0.8247249960899353,0.8044100407765954,4.926479835012691
2016-01-04,0.8072500228881836,0.8144999742507935,0.8009999990463257,0.809249997138977,0.787744402885437,358076000,-0.017900656964291106,0.8246499955654144,0.7820499956607818,49.87310680630376,0.012383599903955322,0.016514555254972117,-0.004130955351016794,0.8451807034704104,0.8246499955654144,0.8041192876604184,4.979253747747684
2016-01-05,0.8245000243186951,0.8360000252723694,0.8125,0.8222500085830688,0.8003988862037659,490272000,0.01606419959567673,0.8235749959945678,0.7842949962615967,54.483483359405334,0.01138973245100905,0.015489590694179503,-0.004099858243170454,0.8421512556932756,0.8235749959945678,0.80499873629586,4.511127654203412
2016-01-06,0.8087499737739563,0.8125,0.7789999842643738,0.7882500290870667,0.7673025131225586,449344000,-0.04134984899614369,0.8215999960899353,0.7857649970054627,43.27345349840221,0.007769014772227467,0.013945475509789097,-0.00617646073756163,0.8455908152969664,0.8215999960899353,0.7976091768829041,5.840024177508648
2016-01-07,0.7684999704360962,0.7737500071525574,0.746999979019165,0.7570000290870667,0.7368830442428589,645304000,-0.0396446881894168,0.8174999982118607,0.786674997806549,35.951668050981894,0.0023508568783419115,0.01162655178349966,-0.009275694905157748,0.8533105928577178,0.8174999982118607,0.7816894035660036,8.761001767385094
2016-01-08,0.7667499780654907,0.7674999833106995,0.7392500042915344,0.7407500147819519,0.7210646867752075,398472000,-0.021466578164930583,0.8136500000953675,0.7872699975967408,32.8400409738162,-0.003217226451786792,0.008657796136442368,-0.01187502258822916,0.862652124950419,0.8136500000953675,0.764647875240316,12.045013175028082
2016-01-11,0.7415000200271606,0.7472500205039978,0.7287499904632568,0.7419999837875366,0.7222815155982971,409372000,0.0016875446064785748,0.8095249980688095,0.7877749967575073,33.31812745571105,-0.007443308724783493,0.005437575164197197,-0.01288088388898069,0.8672861098628769,0.8095249980688095,0.7517638862747421,14.270371373796099
2016-01-12,0.7552499771118164,0.765500009059906,0.7492499947547913,0.7544999718666077,0.7344493865966797,469356000,0.016846438314710888,0.8066374957561493,0.7890249967575074,38.066214834899334,-0.00967236776740732,0.0024155865778762936,-0.012087954345283612,0.8691439827164578,0.8066374957561493,0.7441310087958408,15.498036550288138
2016-01-13,0.7602499723434448,0.765250027179718,0.7307500243186951,0.7315000295639038,0.7120605707168579,481672000,-0.030483810441408243,0.8024999976158143,0.789469997882843,33.359363300925025,-0.01314330836606159,-0.0006961924109112833,-0.012447115955150308,0.8728997354909743,0.8024999976158143,0.7321002597406542,17.54510606462655
2016-01-14,0.7164999842643738,0.7250000238418579,0.6955000162124634,0.7167500257492065,0.6977027654647827,600236000,-0.02016374146039379,0.7971249997615815,0.7894549989700317,30.734720855214405,-0.01688956346001358,-0.0039348666207317425,-0.012954696839281837,0.8759701635244082,0.7971249997615815,0.7182798359987548,19.782383888702306
2016-01-15,0.6880000233650208,0.6962500214576721,0.6660000085830688,0.6777499914169312,0.6597389578819275,841452000,-0.054412580058451065,0.7895500004291535,0.7887599992752076,25.109410883492586,-0.02274330379705214,-0.007696554055995822,-0.015046749741056317,0.8824516315585021,0.7895500004291535,0.6966483692998048,23.532805035489268
2016-01-19,0.6917499899864197,0.7112500071525574,0.6804999709129333,0.6832500100135803,0.6650928258895874,457140000,0.008115130907000445,0.7828750014305115,0.7884099996089935,27.134857748012863,-0.026631636722383223,-0.011483570589273302,-0.01514806613310992,0.8856585620131903,0.7828750014305115,0.6800914408478327,26.257974873349415
2016-01-20,0.6702499985694885,0.6957499980926514,0.6612499952316284,0.6869999766349792,0.6687432527542114,481180000,0.005488597564921038,0.7770500004291534,0.7882949995994568,28.553658884775615,-0.029075414335424044,-0.015001939338503452,-0.014073474996920592,0.887422387236895,0.7770500004291534,0.6666776136214118,28.408052698483903
2016-01-21,0.6945000290870667,0.7057499885559082,0.6802499890327454,0.6949999928474426,0.6765304803848267,481456000,0.011644570017781408,0.7706750005483627,0.7864199995994567,31.612969713541105,-0.030020533230852853,-0.018005658116973335,-0.012014875113879518,0.8844853766382832,0.7706750005483627,0.6568646244584422,29.53524533920015
2016-01-22,0.7082499861717224,0.7160000205039978,0.7067499756813049,0.7112500071525574,0.6923488974571228,257996000,0.023381676851127686,0.7650750011205674,0.7849399995803833,37.470026314942686,-0.029122599221668488,-0.020229046337912365,-0.008893552883756123,0.8790083223052202,0.7650750011205674,0.6511416799359145,29.783569197210824
2016-01-25,0.7110000252723694,0.7192500233650208,0.7089999914169312,0.7105000019073486,0.6916185617446899,270728000,-0.0010548665782746935,0.7592750012874603,0.7837449991703034,37.311193565167905,-0.028147037675951947,-0.021812644605520286,-0.006334393070431661,0.8719130132080088,0.7592750012874603,0.6466369893669117,29.66988554332872
2016-01-26,0.7120000123977661,0.7204999923706055,0.7047500014305115,0.7174999713897705,0.6984329223632812,227944000,0.009852772894644701,0.7536875009536743,0.7828399980068207,39.87297628983865,-0.026503542743519848,-0.0227508242331202,-0.0037527185103996483,0.8629219837833505,0.7536875009536743,0.6444530181239981,28.986677553085844
2016-01-27,0.7164999842643738,0.71875,0.6955000162124634,0.7089999914169312,0.6901586651802063,231700000,-0.011846888825167934,0.7477125018835068,0.7818199980258942,37.850292602842345,-0.025591930669008778,-0.023319045520297916,-0.002272885148710862,0.8529236386318269,0.7477125018835068,0.6425013651351867,28.14213657877607
2016-01-28,0.7147499918937683,0.7172499895095825,0.6875,0.7012500166893005,0.6826146245002747,276776000,-0.010930878739256022,0.7406750023365021,0.7809449982643127,36.05442246935802,-0.02520429035335947,-0.02369609448691023,-0.0015081958664492426,0.8382711265141842,0.7406750023365021,0.6430788781588199,26.35329229954016
2016-01-29,0.7072499990463257,0.7337499856948853,0.7045000195503235,0.7322499752044678,0.7127906084060669,310504000,0.044206471444826256,0.7355500012636185,0.780389997959137,46.90607809625869,-0.022140424009650994,-0.023384960391458383,0.0012445363818073887,0.8230949395266538,0.7355500012636185,0.6480050630005831,23.803939395728325
2016-02-01,0.7315000295639038,0.7362499833106995,0.7252500057220459,0.7325000166893005,0.7130340337753296,289884000,0.00034151034875029573,0.7309750020503998,0.7798399984836578,46.98422759956659,-0.01946770007194798,-0.0226015083275563,0.003133808255608321,0.8085480240130731,0.7309750020503998,0.6534019800877264,21.22453483226634
2016-02-02,0.7250000238418579,0.7287499904632568,0.6965000033378601,0.7014999985694885,0.6828576922416687,341908000,-0.042321039535637595,0.7255875021219254,0.7783549988269806,39.26726150762285,-0.019624767377357077,-0.02200616013751646,0.002381392760159383,0.7952282467282313,0.7255875021219254,0.6559467575156194,19.195684711395092
2016-02-03,0.7070000171661377,0.7112500071525574,0.6887500286102295,0.7049999833106995,0.6862649321556091,326772000,0.004989677867954123,0.7197250008583069,0.776894998550415,40.45636252004456,-0.019244980672867507,-0.02145392424458667,0.002208943571719163,0.7738396826013183,0.7197250008583069,0.6656103191152956,15.03759954940484
2016-02-04,0.7059999704360962,0.7212499976158142,0.6982499957084656,0.7052500247955322,0.6865081787109375,348140000,0.00035444992732514,0.7155750006437301,0.7753049993515014,40.545921294085055,-0.018708164638675417,-0.02090477232340442,0.0021966076847290024,0.7598726062299983,0.7155750006437301,0.671277395057462,12.380981880702402
2016-02-05,0.7005000114440918,0.7082499861717224,0.6587499976158142,0.6607499718666077,0.6431908011436462,600428000,-0.0630981230968416,0.7107624977827072,0.7730599987506866,31.473049978337684,-0.021624245590391555,-0.02104866697680185,-0.000575578613589707,0.7568882745816227,0.7107624977827072,0.6646367209837917,12.97923763361442
2016-02-08,0.6507499814033508,0.6539999842643738,0.6212499737739563,0.6305000185966492,0.6137447357177734,608852000,-0.045781229105757215,0.7052499979734421,0.7700849986076355,27.04306411911189,-0.026075595934890616,-0.022054052768419603,-0.004021543166471013,0.7610585953987248,0.7052499979734421,0.6494414005481595,15.826613990967855
2016-02-09,0.6230000257492065,0.6637499928474426,0.6200000047683716,0.6372500061988831,0.620315432548523,425372000,0.010705911510695332,0.7000124990940094,0.7672649991512298,29.43003095963853,-0.028727502795674598,-0.023388742773870604,-0.005338760021803994,0.7605068083580204,0.7000124990940094,0.6395181898299984,17.283779744591907
2016-02-10,0.6412500143051147,0.6597499847412109,0.6322500109672546,0.6357499957084656,0.6188551187515259,335800000,-0.002354147132850537,0.6940750002861023,0.7642849993705749,29.20138723401955,-0.030597487608394314,-0.024830491740775347,-0.005766995867618967,0.7553179820505518,0.6940750002861023,0.6328320185216527,17.647367140209568
2016-02-11,0.6194999814033508,0.6389999985694885,0.6194999814033508,0.6324999928474426,0.6156913638114929,340144000,-0.005112270779007999,0.6891249984502792,0.7610749995708466,28.681458368191173,-0.03197314559464204,-0.026259022511548685,-0.005714123083093353,0.7533967845436144,0.6891249984502792,0.624853212356944,18.653157623905997
2016-02-12,0.6424999833106995,0.6445000171661377,0.6187499761581421,0.6432499885559082,0.6261559128761292,340816000,0.016996420089205877,0.6854499965906143,0.7575649988651275,32.93495319698488,-0.03182902446644409,-0.027373022902527768,-0.004456001563916321,0.7513674814702856,0.6854499965906143,0.619532511710943,19.233346037651405
2016-02-16,0.6524999737739563,0.6757500171661377,0.6504999995231628,0.6747499704360962,0.6568185091018677,485352000,0.04896958664000417,0.6852999955415726,0.7548099982738495,43.557659333005695,-0.028840566059704975,-0.02766653153396321,-0.0011740345257417635,0.7513004872640543,0.6852999955415726,0.6192995038190909,19.26178087023725
2016-02-17,0.6832500100135803,0.6980000138282776,0.6804999709129333,0.6915000081062317,0.6731236577033997,771468000,0.024824435328151262,0.6857124954462052,0.7524249982833863,48.25148538672093,-0.024834328507408965,-0.027100090928652364,0.002265762421243399,0.7517596893756332,0.6857124954462052,0.6196653015167771,19.26381519019862
2016-02-18,0.7482500076293945,0.7745000123977661,0.7475000023841858,0.7509999871253967,0.7310422658920288,1068660000,0.08604452915269545,0.688912495970726,0.7505699980258942,60.74102958616978,-0.016666089038897214,-0.025013290550701336,0.008347201511804122,0.760839066894923,0.688912495970726,0.616985925046529,20.881192123782682
2016-02-19,0.746999979019165,0.7677500247955322,0.7412499785423279,0.7609999775886536,0.7407766580581665,525628000,0.01331577204261869,0.6922124952077866,0.7492349970340729,62.38421397006276,-0.009278824244117856,-0.02186639728938464,0.012587573045266785,0.7707095085434119,0.6922124952077866,0.6137154818721613,22.680033625241705
2016-02-22,0.7720000147819519,0.796750009059906,0.7705000042915344,0.7879999876022339,0.7670592069625854,449668000,0.03547972066684002,0.6960499942302704,0.7482149970531463,66.46542643136314,-0.0012314926318072184,-0.017739416357869155,0.016507923726061937,0.7847373037804923,0.6960499942302704,0.6073626846800484,25.483028600064046
2016-02-23,0.7817500233650208,0.7975000143051147,0.777999997138977,0.7900000214576721,0.7690060138702393,369380000,0.0025380138716577516,0.7000249952077866,0.7476599979400634,66.7531843104174,0.005246977772366379,-0.013142137531822048,0.01838911530418843,0.7976251864115145,0.7000249952077866,0.6024248040040587,27.884773221492598
2016-02-24,0.7867500185966492,0.796750009059906,0.7649999856948853,0.7954999804496765,0.7743598222732544,336852000,0.006961985090429446,0.7039249956607818,0.7470799970626831,67.57711906933956,0.01070165099696574,-0.008373379826064491,0.01907503082303023,0.8098824253754857,0.7039249956607818,0.5979675659460779,30.10474990030452
2016-02-25,0.7985000014305115,0.8012499809265137,0.7829999923706055,0.797249972820282,0.7760632038116455,349616000,0.0021997287170589797,0.7083374947309494,0.7467799961566925,67.85013208309391,0.014992899769484036,-0.003700123906954786,0.01869302367643882,0.8218533767719606,0.7083374947309494,0.5948216126899383,32.05135486555835
2016-02-26,0.8009999990463257,0.8029999732971191,0.7839999794960022,0.7919999957084656,0.7709528803825378,361964000,-0.006584932005548327,0.7128749936819077,0.7463349962234497,66.05320046242475,0.01776532841402456,0.0005929665572410835,0.017172361856783478,0.832010782736219,0.7128749936819077,0.5937392046275963,33.42403369740613
2016-02-29,0.7902500033378601,0.8004999756813049,0.7835000157356262,0.7839999794960022,0.7659459710121155,323344000,-0.006494442783504528,0.7154624938964844,0.7455299961566925,63.3020352733234,0.01909682730189799,0.004293738706172465,0.014803088595725523,0.8383576945503861,0.7154624938964844,0.5925672932425827,34.35405816581703
2016-03-01,0.7860000133514404,0.8187500238418579,0.7847499847412109,0.8187500238418579,0.7998955845832825,348700000,0.044323770678375896,0.7197749942541123,0.7453199970722199,69.28622299360532,0.02269448008435271,0.007973886981808514,0.014720593102544194,0.8505589651308398,0.7197749942541123,0.5889910233773847,36.34023741329226
2016-03-02,0.8142499923706055,0.8264999985694885,0.812749981880188,0.8234999775886536,0.8045362830162048,233812000,0.005801630265705349,0.7258749932050705,0.7454549968242645,70.00619157356212,0.02563344105229548,0.011505797795905909,0.014127643256389572,0.8638626246419987,0.7258749932050705,0.5878873617681424,38.01966804990749
2016-03-03,0.8224999904632568,0.8259999752044678,0.8052499890327454,0.8162500262260437,0.7974531650543213,302004000,-0.008803975795011909,0.7314374953508377,0.7457099974155426,67.40885826976314,0.027065583114466496,0.014617754859618026,0.01244782825484847,0.8744871259696452,0.7314374953508377,0.5883878647320302,39.114656147123824
2016-03-04,0.8224999904632568,0.8232499957084656,0.8075000047683716,0.8137500286102295,0.7950109243392944,175304000,-0.003062550657580654,0.7368624955415726,0.745534998178482,66.49273354491825,0.027679762035823563,0.017230156294859134,0.01044960574096443,0.8837072714629449,0.7368624955415726,0.5900177196202002,39.856764812937236
2016-03-07,0.809249997138977,0.8147500157356262,0.7979999780654907,0.8084999918937683,0.7898817658424377,239968000,-0.006451683039600198,0.7442499965429306,0.7452399981021881,64.5099656725631,0.027426711116077085,0.019269467259102724,0.008157243856974361,0.8898963162901371,0.7442499965429306,0.598603676795724,39.13908509875424
2016-03-08,0.8002499938011169,0.8050000071525574,0.7912499904632568,0.793749988079071,0.7754712104797363,274940000,-0.01824393977158345,0.7524124950170517,0.7445849978923798,59.1714065795688,0.025739258255091046,0.02056342545830039,0.005175832796790656,0.8897026376581207,0.7524124950170517,0.6151223523759826,36.49331810683387
2016-03-09,0.8007500171661377,0.8019999861717224,0.7829999923706055,0.7932500243186951,0.7749828696250916,222788000,-0.0006297343448026238,0.7602124959230423,0.7438649988174438,58.993197324458414,0.024083971773375734,0.02126753472131546,0.0028164370520602743,0.887830222762243,0.7602124959230423,0.6325947690838416,33.57422497620183
2016-03-10,0.7979999780654907,0.8025000095367432,0.7760000228881836,0.7919999957084656,0.7737616300582886,286084000,-0.0015758278210636911,0.7680249959230423,0.7431349992752075,58.51865082176888,0.022412916301433716,0.02149661103733911,0.0009163052640946065,0.8826812204169344,0.7680249959230423,0.6533687714291502,29.857420032558657
2016-03-11,0.8037499785423279,0.8057500123977661,0.7942500114440918,0.8054999709129333,0.7869507074356079,277400000,0.017045401148058748,0.7766749948263169,0.7424049985408783,62.06748854576681,0.021925188055665346,0.021582326441004357,0.00034286161466098863,0.8739078562953567,0.7766749948263169,0.679442133357277,25.03823661550568
2016-03-14,0.8017500042915344,0.8107500076293945,0.7979999780654907,0.8075000047683716,0.7889047861099243,190312000,0.0024831017443063264,0.78488749563694,0.7418599987030029,62.57828284235849,0.021452751953509597,0.021556411543505405,-0.00010365958999580815,0.8611373379917501,0.78488749563694,0.70863765328213,19.42949601788035
2016-03-15,0.8032500147819519,0.8084999918937683,0.7892500162124634,0.8034999966621399,0.7849969267845154,226216000,-0.004953524676505672,0.7913249969482422,0.7414499986171722,60.814481543824456,0.020519044936753494,0.02134893822215502,-0.000829893285401527,0.8486966181037459,0.7913249969482422,0.7339533757927386,14.500141250878778
2016-03-16,0.7975000143051147,0.8302500247955322,0.793749988079071,0.8274999856948853,0.808444082736969,363644000,0.02986910540974641,0.7981249958276748,0.7418149983882905,66.85152644292164,0.021468201869978554,0.02137279095171973,9.541091825882378e-05,0.8352095378589839,0.7981249958276748,0.7610404537963658,9.292915827764924
2016-03-17,0.8245000243186951,0.828499972820282,0.809249997138977,0.8205000162124634,0.8016054630279541,353680000,-0.008458989131150396,0.8015999972820282,0.7417799985408783,63.76580687295739,0.021408789344762424,0.02137999063032827,2.8798714434154216e-05,0.8329518032211904,0.8015999972820282,0.770248191342866,7.82230689757142
2016-03-18,0.8302500247955322,0.856249988079071,0.824999988079071,0.8452500104904175,0.8257855176925659,545512000,0.030164533277099892,0.8058124989271164,0.7429199981689453,69.18220233783448,0.02309262478057217,0.02172251746037705,0.0013701073201951193,0.8368503381883381,0.8058124989271164,0.7747746596658946,7.703489162192559
2016-03-21,0.8377500176429749,0.8479999899864197,0.8287500143051147,0.8477500081062317,0.8282277584075928,337780000,0.0029574758368868803,0.8087999999523163,0.7447349977493286,69.67530504504329,0.024348135261963,0.022247641020694243,0.0021004942412687563,0.8436703403549137,0.8087999999523163,0.7739296595497189,8.622735015987443
2016-03-22,0.8450000286102295,0.8522499799728394,0.8357499837875366,0.8462499976158142,0.8267622590065002,242012000,-0.0017694400920710285,0.8116124987602233,0.7468449974060059,68.96230925032553,0.024934666736615263,0.02278504616387845,0.0021496205727368142,0.8489503169655561,0.8116124987602233,0.7742746805548906,9.200897783700489
2016-03-23,0.8500000238418579,0.8669999837875366,0.8462499976158142,0.8607500195503235,0.8409285545349121,429008000,0.01713466643413941,0.8148750007152558,0.7492199981212616,71.95040015654628,0.026266741103422087,0.023481385151787177,0.0027853559516349095,0.8570948246481677,0.8148750007152558,0.7726551767823439,10.362282287676882
2016-03-24,0.8529999852180481,0.8634999990463257,0.8502500057220459,0.8619999885559082,0.8421497344970703,244956000,0.00145218039698225,0.8181125015020371,0.7513699984550476,72.19887478306211,0.02711076565787951,0.024207261253005645,0.002903504404873865,0.8641843200214427,0.8181125015020371,0.7720406829826314,11.262954284360353
2016-03-28,0.8604999780654907,0.8744999766349792,0.859499990940094,0.8707500100135803,0.8506982326507568,265388000,0.010150805496354609,0.8220500022172927,0.7541549980640412,73.93922728612455,0.028161091272292826,0.024998027256863085,0.003163064015429741,0.871833188965945,0.8220500022172927,0.7722668154686405,12.111960735812522
2016-03-29,0.8669999837875366,0.8867499828338623,0.8650000095367432,0.8847500085830688,0.8643757700920105,261812000,0.016078013232300625,0.8270875036716461,0.7575149977207184,76.47656958831834,0.02977988084158112,0.025954397973806692,0.003825482867774427,0.8806930753324003,0.8270875036716461,0.7734819320108919,12.962491011600537
2016-03-30,0.8880000114440918,0.90625,0.887499988079071,0.8939999938011169,0.8734127283096313,376700000,0.010454895347955961,0.830850002169609,0.761839997768402,78.00062200542432,0.03144668196492373,0.0270528547720301,0.004393827192893628,0.8916651753287018,0.830850002169609,0.7700348290105162,14.639266534340825
2016-03-31,0.8980000019073486,0.8999999761581421,0.8837500214576721,0.890749990940094,0.8702378869056702,379884000,-0.0036349841272701466,0.8342125028371811,0.7659899973869324,76.134214348452,0.03213495404740485,0.028069274627105054,0.0040656794202997976,0.9002432290340469,0.8342125028371811,0.7681817766403153,15.830672873468895
2016-04-01,0.8852499723434448,0.9042500257492064,0.8784999847412109,0.9037500023841858,0.8829382658004761,348292000,0.014594146136253539,0.8385875016450882,0.7703249979019166,78.36431174827521,0.0333450262038929,0.029124424942462625,0.004220601261430278,0.9106017849453996,0.8385875016450882,0.7665732183447769,17.175138708611385
2016-04-04,0.9112499952316284,0.9160000085830688,0.8914999961853027,0.8949999809265137,0.8743897676467896,393940000,-0.009681875262180895,0.8426499992609024,0.7743249976634979,73.39319506758387,0.03321508072641077,0.029942556099252258,0.003272524627158515,0.9177042130142121,0.8426499992609024,0.7675957855075928,17.813852446244717
2016-04-05,0.8870000243186951,0.9020000100135804,0.8834999799728394,0.893750011920929,0.8731684684753418,339568000,-0.001396744583064602,0.8469125002622604,0.7779749977588654,72.6838648600357,0.03263503952592761,0.03048105278458733,0.002153986741340281,0.9233942431890341,0.8469125002622604,0.7704307573354867,18.061309262312186
2016-04-06,0.8824999928474426,0.8955000042915344,0.8657500147819519,0.8949999809265137,0.8743897676467896,453376000,0.0013986982072089482,0.8519749999046325,0.7816649973392487,72.96524906594793,0.03190839463681028,0.030766521155031923,0.001141873481778355,0.9271027045787569,0.8519749999046325,0.7768472952305082,17.63612891987063
2016-04-07,0.8892499804496765,0.8972499966621399,0.8820000290870667,0.8857499957084656,0.8653528094291687,378104000,-0.010335160076199945,0.856599998474121,0.7850299978256225,67.42972986159728,0.030237566975386154,0.030660730319102773,-0.0004231633437166184,0.9279935211447903,0.856599998474121,0.7852064758034518,16.6690457151165
2016-04-08,0.8930000066757202,0.8987500071525574,0.8827499747276306,0.8914999961853027,0.8709701299667358,255936000,0.006491364535203381,0.8615749984979629,0.78867999792099,69.00393174085924,0.029042615803187455,0.03033710741591971,-0.0012944916127322556,0.9279602564620772,0.8615749984979629,0.7951897405338486,15.41020992481162
2016-04-11,0.8967499732971191,0.9117500185966492,0.8939999938011169,0.8970000147819519,0.8763435482978821,387524000,0.006169463390611973,0.8661500006914139,0.792594997882843,70.4739585385943,0.028214178438910498,0.02991252162051787,-0.001698343181607373,0.9289622965155078,0.8661500006914139,0.80333770486732,14.503791669792356
2016-04-12,0.8999999761581421,0.9012500047683716,0.8784999847412109,0.8960000276565552,0.8753668665885925,292764000,-0.0011144963766624993,0.870575001835823,0.7958699989318848,69.82555115804107,0.02716381767411591,0.02936278083123748,-0.002198963157121571,0.9285172349977469,0.870575001835823,0.8126327686738992,13.311255903222186
2016-04-13,0.8999999761581421,0.918749988079071,0.8999999761581421,0.9185000061988832,0.8973486423492432,350716000,0.025111500788596475,0.8763250023126602,0.7995899987220764,75.32634272965748,0.027826196358361366,0.02905546393666226,-0.0012292675783008924,0.929094333431087,0.8763250023126602,0.8235556711942333,12.043324332677093
2016-04-14,0.9160000085830688,0.925000011920929,0.9122499823570251,0.9210000038146972,0.8997911214828491,416564000,0.0027218842469205473,0.8810000032186508,0.8039799988269806,75.85307491011244,0.028227476375389582,0.028889866424407724,-0.0006623900490181425,0.9321817819597059,0.8810000032186508,0.8298182244775957,11.619018968006197
2016-04-15,0.9207500219345092,0.9365000128746032,0.9177500009536744,0.928250014781952,0.906874179840088,436972000,0.00787189180702974,0.8863875031471252,0.8084449994564057,77.36235981821032,0.028798537361897525,0.028871600611905687,-7.306325000816169e-05,0.9334824804395894,0.8863875031471252,0.8392925258546611,10.626272849121426
2016-04-18,0.9265000224113464,0.9265000224113464,0.91525000333786,0.9242500066757202,0.9029660820961,307320000,-0.004309415606779332,0.8903375029563904,0.8128249990940094,74.59217000744457,0.02859867239001057,0.028817014967526665,-0.00021834257751609382,0.9362045070713244,0.8903375029563904,0.8444704988414563,10.303284757214291
2016-04-19,0.9277499914169312,0.9294999837875366,0.9020000100135804,0.9077500104904176,0.8868461847305298,309152000,-0.017852162650617287,0.8933375030755997,0.8177649998664855,64.35520634603961,0.02679993321617169,0.028413598617255672,-0.0016136654010839822,0.9353575245394257,0.8933375030755997,0.8513174816117737,9.407423581604634
2016-04-20,0.90625,0.9167500138282776,0.9052500128746032,0.9112499952316284,0.8902654647827148,200172000,0.003855550275862152,0.8965875029563903,0.8233799993991852,65.43872082377186,0.025364453350312677,0.027803769563867077,-0.0024393162135544003,0.9332502503695717,0.8965875029563903,0.859924755543209,8.178286512424116
2016-04-21,0.9114999771118164,0.9157500267028807,0.90625,0.9102500081062316,0.889288604259491,178280000,-0.001097268805616669,0.8990625023841858,0.8288399994373321,64.83234305302196,0.023870964985573173,0.027017208648208297,-0.003146243662635124,0.9322305943587063,0.8990625023841858,0.8658944104096654,7.378372890997759
2016-04-22,0.9132500290870668,0.9194999933242798,0.9037500023841858,0.9067500233650208,0.8858692646026611,223540000,-0.0038450280825054195,0.9013000041246414,0.8342599999904633,62.64434578856646,0.0221496181679105,0.026043690552148738,-0.003894072384238237,0.9298865442893409,0.9013000041246414,0.8727134639599419,6.34340176054105
2016-04-25,0.9070000052452089,0.9162499904632568,0.9045000076293944,0.9112499952316284,0.8902654647827148,191972000,0.004962583482367,0.9033250033855438,0.8398350000381469,64.31199851062578,0.02090753943496504,0.025016460328712,-0.00410892089374696,0.928502926793363,0.9033250033855438,0.8781470799777246,5.574499391349881
2016-04-26,0.9167500138282776,0.9272500276565552,0.9079999923706056,0.9120000004768372,0.8909982442855835,214536000,0.0008231022451796743,0.9046875029802323,0.8452100002765656,64.59568888727634,0.019755967747118963,0.023964361812393396,-0.004208394065274432,0.9286154622553626,0.9046875029802323,0.8807595437051019,5.289773362914066
2016-04-27,0.9097499847412108,0.9332500100135804,0.9079999923706056,0.9327499866485596,0.9112701416015624,352396000,0.022751893672061207,0.9066250026226044,0.8503700006008148,71.37525873779524,0.020283869535330012,0.02322826335698072,-0.002944393821650706,0.9329344618160545,0.9066250026226044,0.8803155434291542,5.803823878085098
2016-04-28,0.9269999861717224,0.9325000047683716,0.9027500152587892,0.9049999713897704,0.8841596245765686,381224000,-0.029750252737730354,0.9073375016450882,0.8546399998664856,55.94599809698028,0.018252636163166525,0.02223313791821788,-0.003980501755051356,0.9326412952290793,0.9073375016450882,0.882033708061097,5.577592359648531
2016-04-29,0.9012500047683716,0.903249979019165,0.8784999847412109,0.8882499933242798,0.8677951097488403,321904000,-0.018508552497593866,0.9065625011920929,0.8573849999904632,49.05313172518876,0.015117026169345071,0.02080991556844332,-0.005692889399098247,0.9331740030573137,0.9065625011920929,0.8799509993268722,5.870858728488708
2016-05-02,0.8967499732971191,0.9054999947547911,0.8924999833106995,0.8999999761581421,0.8792746067047119,256076000,0.013228349442063525,0.9068125009536743,0.860164999961853,53.39129179007161,0.013425398438205005,0.019333012142395654,-0.005907613704190649,0.9330764877794657,0.9068125009536743,0.8805485141278828,5.792594786280562
2016-05-03,0.8897500038146973,0.8934999704360962,0.8815000057220459,0.8892499804496765,0.8687721490859985,224024000,-0.01194445687232315,0.9065874993801117,0.8621899998188018,49.258662611111475,0.011089503567397685,0.01768431042739606,-0.006594806859998376,0.933367290314648,0.9065874993801117,0.8798077084455754,5.907822676321317
2016-05-04,0.8784999847412109,0.8792499899864197,0.8600000143051147,0.8690000176429749,0.84898841381073,525764000,-0.02277206433940393,0.9052875012159347,0.8637699997425079,42.57371271269499,0.007517628745946858,0.01565097409110622,-0.008133345345159363,0.9363697608100415,0.9052875012159347,0.8742052416218279,6.866826185572818
2016-05-05,0.8762500286102295,0.8845000267028809,0.8677499890327454,0.8742499947547913,0.8541176319122314,246884000,0.006041564311200398,0.9047125011682511,0.8653450000286103,44.670201260052266,0.005052281931838709,0.01353123565925272,-0.00847895372741401,0.9375926912289901,0.9047125011682511,0.871832311107512,7.26864943687216
2016-05-06,0.8727499842643738,0.8855000138282776,0.8709999918937683,0.8832499980926514,0.8629101514816284,183240000,0.010294272405677818,0.9043000012636184,0.8670650005340577,48.16388918234449,0.003781115526861556,0.011581211632774488,-0.007800096105912932,0.9380289209589507,0.9043000012636184,0.8705710815682861,7.459674808846932
2016-05-09,0.8855000138282776,0.8892499804496765,0.874750018119812,0.8820000290870667,0.8616891503334045,333336000,-0.0014149806282003352,0.9035500019788743,0.8688650012016297,47.713274335894006,0.002642385168934114,0.009793446340006414,-0.007151061171072301,0.9385384260559059,0.9035500019788743,0.8685615779018426,7.7446569642860075
2016-05-10,0.887499988079071,0.9004999995231628,0.8790000081062317,0.8989999890327454,0.8782978057861328,269676000,0.01927453240684529,0.9037000000476837,0.8711650013923645,54.01466799268391,0.0030762270190002328,0.008450002475805178,-0.005373775456804945,0.9385832327364708,0.9037000000476837,0.8688167673588966,7.72009133273133
2016-05-11,0.9017500281333924,0.9114999771118164,0.8967499732971191,0.9014999866485596,0.8807401657104492,328176000,0.002780787915245053,0.9028499990701675,0.8728200006484985,54.87591933561694,0.003580504893458958,0.007476102959335935,-0.0038955980658769767,0.9370714819654061,0.9028499990701675,0.8686285161749289,7.580768218526411
2016-05-12,0.9079999923706056,0.9120000004768372,0.8732500076293945,0.8892499804496765,0.8687721490859985,670540000,-0.013588589564093145,0.9012624979019165,0.874135000705719,49.940284765035635,0.002957582449964913,0.00657239885746173,-0.0036148164074968174,0.9349097387778422,0.9012624979019165,0.8676152570259907,7.466690548925412
2016-05-13,0.9797499775886536,1.024999976158142,0.975000023841858,1.024500012397766,1.00090754032135,2110256000,0.15209441436902194,0.9060749977827072,0.8783000004291535,75.80974554438771,0.013225009494938544,0.007902920984957092,0.005322088509981452,0.9687753006568164,0.9060749977827072,0.843374694908598,13.839980802371915
2016-05-16,1.0167499780654907,1.0700000524520874,1.0134999752044678,1.0547499656677246,1.030461311340332,973032000,0.02952697409941929,0.9125999957323074,0.8831199991703034,78.48745147066458,0.023531679269716,0.011028672641908873,0.012503006627807126,1.0026877785499895,0.9125999957323074,0.8225122129146254,19.7431039313981
2016-05-17,1.0499999523162842,1.0644999742507937,1.0364999771118164,1.0570000410079956,1.032658576965332,628392000,0.002132312587400209,0.9200624972581863,0.8880900001525879,78.67652790366078,0.03151803135094822,0.015126544383716741,0.016391486967231476,1.0298742591084806,0.9200624972581863,0.8102507354078922,23.87050057524061
2016-05-18,1.0499999523162842,1.096250057220459,1.0499999523162842,1.0839999914169312,1.059037208557129,541072000,0.025544388222984216,0.9286999970674514,0.8938950002193451,80.85139745110975,0.03956980715831371,0.020015196938636137,0.01955461021967757,1.0595425199285673,0.9286999970674514,0.7978574742063357,28.177565042376695
2016-05-19,1.0797499418258667,1.096500039100647,1.0782500505447388,1.0887500047683716,1.0636779069900513,398880000,0.004381997530799708,0.9376249969005584,0.8998049998283386,81.21440593154554,0.04580615898803608,0.02517338934851613,0.020632769639519953,1.0854636382466452,0.9376249969005584,0.7897863555544717,31.534705630670384
2016-05-20,1.0954999923706057,1.1127500534057615,1.09375,1.1082500219345093,1.0827285051345823,391084000,0.017910119237542155,0.9476999968290329,0.9061300003528595,82.66710494066032,0.051725739038957386,0.030483859286604385,0.021241879752353,1.112266604669825,0.9476999968290329,0.7831333889882409,34.72968415984499
2016-05-23,1.1130000352859497,1.1172499656677246,1.1032500267028809,1.1100000143051147,1.084438681602478,413636000,0.0015795062749208721,0.9576374977827072,0.9122200012207031,82.79568509270935,0.055913720076633866,0.03556983144461028,0.020343888632023584,1.1356534839375048,0.9576374977827072,0.7796215116279097,37.17815698883384
2016-05-24,1.1104999780654907,1.1375000476837158,1.1074999570846558,1.133999943733215,1.1107627153396606,415788000,0.024274340434152997,0.9687374949455261,0.91875,84.49450363861203,0.06047223269498514,0.04055031169468526,0.01992192100029988,1.1610940332146142,0.9687374949455261,0.7763809566764378,39.71283020895249
2016-05-25,1.1375000476837158,1.1422499418258667,1.1202499866485596,1.1292500495910645,1.1061108112335205,458076000,-0.00418802687729547,0.9785624980926514,0.9252650010585785,82.75289152189318,0.06297566575278135,0.045035382506304476,0.017940283246476875,1.1822994632133326,0.9785624980926514,0.7748255329719702,41.64005171213727
2016-05-26,1.131250023841858,1.149500012397766,1.128000020980835,1.1412500143051147,1.1178643703460691,309964000,0.010626023173429866,0.9903750002384186,0.9315400016307831,83.66873953050546,0.06517663566695853,0.049063633138435286,0.01611300252852324,1.202887980190478,0.9903750002384186,0.7778620202863593,42.91565919997978
2016-05-27,1.1425000429153442,1.149250030517578,1.1387499570846558,1.1475000381469729,1.123986005783081,277416000,0.005476187987919046,1.0033375024795532,0.9380800020694733,84.14109262145783,0.06665686601255083,0.0525822797132584,0.014074586299292431,1.2209183216957906,1.0033375024795532,0.7857566832633158,43.37141164932613
2016-05-31,1.152500033378601,1.1705000400543213,1.1517499685287476,1.1679999828338623,1.1440664529800415,412524000,0.017865388976057828,1.0167375028133392,0.9445350015163422,85.61113327348016,0.06869229146047284,0.055804282062701285,0.012888009397771558,1.240143390097153,1.0167375028133392,0.7933316155295254,43.945637229991796
2016-06-01,1.162500023841858,1.18149995803833,1.159000039100647,1.1702500581741333,1.1462700366973877,387132000,0.0019260976594552837,1.030787506699562,0.9509850025177002,85.76708102351799,0.0696836730612258,0.05858016026240619,0.01110351279881961,1.255694570384213,1.030787506699562,0.8058804430149109,43.63791028177518
2016-06-02,1.1764999628067017,1.1885000467300415,1.1649999618530271,1.178500056266785,1.1543512344360352,329208000,0.007049994748123067,1.0462625086307527,0.9576300036907196,86.35118342535088,0.07032440011124397,0.06092900823217375,0.009395391879070215,1.26706569178954,1.0462625086307527,0.8254593254719653,42.20798916856023
2016-06-03,1.1670000553131104,1.1684999465942385,1.1414999961853027,1.1619999408721924,1.1381893157958984,461076000,-0.014000867463907274,1.0606500059366226,0.9636550021171569,79.33831331532681,0.06870872805215966,0.06248495219617094,0.006223775855988725,1.2720439865428124,1.0606500059366226,0.8492560253304329,39.86121329806908
2016-06-06,1.1649999618530271,1.1740000247955322,1.149999976158142,1.156000018119812,1.1323124170303345,322512000,-0.00516337544554657,1.0742875069379807,0.9695350027084351,76.89287364129132,0.06618125635551175,0.0632242130280391,0.0029570433274726526,1.272952203626498,1.0742875069379807,0.8756228102494634,36.985387134356074
2016-06-07,1.162999987602234,1.1694999933242798,1.1577500104904177,1.1582499742507937,1.1345157623291016,193400000,0.0019458810710084595,1.088100004196167,0.9752850019931794,77.17696657495945,0.0636263248161022,0.06330463538565173,0.00032168943045046694,1.2689855087124462,1.088100004196167,0.9072144996798879,33.24795585308506
2016-06-08,1.1584999561309814,1.162750005722046,1.1449999809265137,1.1545000076293943,1.1308428049087524,234616000,-0.003237467069482358,1.1008750051259995,0.9806800019741059,75.51063790572087,0.06060036886738085,0.06276378208199755,-0.0021634132146167023,1.2614888030803009,1.1008750051259995,0.9402612071716979,29.17929777793776
2016-06-09,1.1505000591278076,1.1862499713897705,1.1480000019073486,1.184499979019165,1.1602281332015991,472168000,0.025985334270414162,1.1150250047445298,0.9864900016784668,79.35158111216813,0.059932163276342765,0.062197458320866594,-0.0022652950445238296,1.2508353496731772,1.1150250047445298,0.9792146598158825,24.360053694000108
2016-06-10,1.1705000400543213,1.180999994277954,1.153499960899353,1.1549999713897705,1.1313323974609375,400024000,-0.02490521899423792,1.1283125042915345,0.9917750012874603,68.04921204022432,0.056372375799807584,0.06103244181665479,-0.0046600660168472086,1.2169857611696984,1.1283125042915345,1.0396392474133707,15.71785414783498
2016-06-13,1.15625,1.1924999952316284,1.15625,1.1697499752044678,1.1457802057266235,475588000,0.012770613038317835,1.1355750024318696,0.9970950007438659,70.32513394228616,0.054117586761531555,0.05964947080563015,-0.005531884044098594,1.2119947451226207,1.1355750024318696,1.0591552597411185,13.459215380242759
2016-06-14,1.1670000553131104,1.1775000095367432,1.1540000438690186,1.1720000505447388,1.1479841470718384,298344000,0.0019235289056309668,1.1414375066757203,1.0026350021362305,70.66837678529214,0.05191378270727398,0.05810233318595892,-0.00618855047868494,1.2097113725491557,1.1414375066757203,1.0731636408022849,11.96278648180638
2016-06-15,1.1817500591278076,1.194249987602234,1.1687500476837158,1.184000015258789,1.159738540649414,301036000,0.010239160190110397,1.1477875053882598,1.0084400022029876,72.4955640456682,0.050552807682326506,0.05659242808523244,-0.006039620402905933,1.2064083816390114,1.1477875053882598,1.0891666291375082,10.21458692929787
2016-06-16,1.1752500534057615,1.190750002861023,1.1637500524520874,1.1887500286102295,1.164391040802002,246456000,0.004011680210250335,1.153025007247925,1.014315003156662,73.20705113052131,0.04928933477990616,0.055131809424167184,-0.005842474644261027,1.2063963263575321,1.153025007247925,1.0996536881383177,9.257616924891424
2016-06-17,1.190250039100647,1.190500020980835,1.163249969482422,1.1679999828338623,1.1440664529800415,471000000,-0.017455122128010703,1.1569875061511994,1.01996000289917,65.26466000870326,0.04608245822998169,0.05332193918533009,-0.007239480955348397,1.201756769080985,1.1569875061511994,1.1122182432214138,7.738936279219414
2016-06-20,1.186750054359436,1.2042499780654907,1.1859999895095823,1.1890000104904177,1.1646357774734497,293768000,0.017979134376180372,1.1610250055789948,1.0259100031852721,68.93763798687698,0.04472000777480911,0.05160155290322589,-0.00688154512841678,1.2018780704581167,1.1610250055789948,1.120171940699873,7.037413437749129
2016-06-21,1.194000005722046,1.1972500085830688,1.1799999475479126,1.1817500591278076,1.1575344800949097,212508000,-0.00609744051822414,1.1646125078201295,1.0316050040721894,66.32994581885359,0.04256458742032265,0.04979415980664525,-0.0072295723863225955,1.199002736704472,1.1646125078201295,1.130222278935787,5.905866312343258
2016-06-22,1.184249997138977,1.1920000314712524,1.1787500381469729,1.180750012397766,1.156555414199829,202620000,-0.0008458200700857121,1.1669500112533568,1.0373000037670135,65.95931125268828,0.04031102543853815,0.04789753293302383,-0.007586507494485681,1.198973286356313,1.1669500112533568,1.1349267361504007,5.488371360237045
2016-06-23,1.1920000314712524,1.2135000228881836,1.191249966621399,1.212249994277954,1.1874098777770996,297880000,0.026677894719482564,1.1711000084877015,1.043175003528595,71.38342327786783,0.04059884836133132,0.04643779601868533,-0.005838947657354009,1.204005334966517,1.1711000084877015,1.138194682008886,5.619558746533996
2016-06-24,1.162500023841858,1.184000015258789,1.1325000524520874,1.1432499885559082,1.119823336601257,1017684000,-0.056919301785132936,1.171200007200241,1.047620003223419,51.88186231793801,0.034857411751945566,0.04412171916533738,-0.009264307413391813,1.20375213160415,1.171200007200241,1.1386478827963322,5.558764379061928
2016-06-27,1.1337499618530271,1.1425000429153442,1.1142499446868896,1.13100004196167,1.107824444770813,449088000,-0.0107149864074646,1.170375007390976,1.0516750037670135,49.30645720196188,0.028984696027650525,0.04109431453780001,-0.012109618510149488,1.2059810186654463,1.170375007390976,1.1347689961165057,6.084547439857576
2016-06-28,1.152500033378601,1.153749942779541,1.131749987602234,1.1475000381469729,1.123986005783081,381920000,0.014588557860908624,1.1693500101566314,1.0561400043964386,52.711480197868305,0.025369494560119943,0.037949350542264004,-0.012579855982144061,1.2063244642676725,1.1693500101566314,1.1323755560455904,6.323932747234238
2016-06-29,1.1575000286102295,1.1752500534057615,1.1545000076293943,1.1662499904632568,1.1423518657684326,318932000,0.016339936521323484,1.1691500067710876,1.0613100039958954,56.30331920050357,0.023743683400702542,0.03510821711395171,-0.011364533713249171,1.206146091138567,1.1691500067710876,1.1321539224036081,6.328714733476126
2016-06-30,1.1682499647140503,1.1825000047683716,1.158750057220459,1.1752500534057615,1.151167869567871,430940000,0.007717415328514443,1.1689875066280364,1.066590005159378,57.9541930794983,0.02291727018117995,0.03267002772739736,-0.009752757546217412,1.2058461835171264,1.1689875066280364,1.1321288297389465,6.306085681858038
2016-07-01,1.1687500476837158,1.184000015258789,1.162500023841858,1.1664999723434448,1.1425966024398804,218488000,-0.007445714351989596,1.1692125082015992,1.0717150044441224,55.74896521981913,0.021310617799874088,0.03039814574189271,-0.00908752794201862,1.2059525668502578,1.1692125082015992,1.1324724495529406,6.284581868726255
2016-07-05,1.159999966621399,1.1857500076293943,1.1507500410079956,1.183750033378601,1.1594934463500977,371084000,0.014788109709179986,1.1706000089645385,1.0772550046443938,59.05658734733348,0.021185061768323576,0.02855552894717888,-0.007370467178855304,1.2073353492360042,1.1706000089645385,1.133864668693073,6.276326668399756
2016-07-06,1.1755000352859497,1.1982500553131104,1.1694999933242798,1.191249966621399,1.166839838027954,273104000,0.006335863045178636,1.172250008583069,1.0828550040721894,60.44107283538196,0.021443551725727206,0.027133133502888547,-0.005689581777161341,1.2095779432788922,1.172250008583069,1.1349220738872456,6.368596190661171
2016-07-07,1.1992499828338623,1.2265000343322754,1.193750023841858,1.222249984741211,1.19720458984375,395400000,0.02602306745638261,1.1756375074386596,1.089060003757477,65.61647394476141,0.023874637306177116,0.026481434263546263,-0.0026067969573691473,1.217880390046988,1.1756375074386596,1.1333946248303313,7.186378852502269
2016-07-08,1.2352499961853027,1.277250051498413,1.2304999828338623,1.2712500095367432,1.245200753211975,481932000,0.040090193251338224,1.1799750089645387,1.0958300042152405,71.87899716546855,0.029416092234022972,0.027068365857641608,0.002347726376381365,1.239320159432805,1.1799750089645387,1.1206298584962724,10.05871311127908
2016-07-11,1.2894999980926514,1.309999942779541,1.287999987602234,1.3005000352859497,1.2738512754440308,448776000,0.023008757550260217,1.1872500121593474,1.103740005493164,74.82651788733257,0.035755797240288656,0.028805852134171018,0.006949945106117638,1.2652926293101479,1.1872500121593474,1.109207395008547,13.146787340748558
2016-07-12,1.315000057220459,1.3320000171661377,1.2984999418258667,1.3200000524520874,1.2929514646530151,436760000,0.014994049601533499,1.1947625160217286,1.1123750066757203,76.58830091004648,0.041870886039188315,0.03141885891517448,0.010452027124013837,1.291344934791801,1.1947625160217286,1.0981800972516562,16.167634567523685
2016-07-13,1.3224999904632568,1.3300000429153442,1.3174999952316284,1.319499969482422,1.29246187210083,324604000,-0.00037866274610431905,1.2021375119686126,1.120765006542206,76.44055186054709,0.04614485627391751,0.03436405838692309,0.011780797886994425,1.3122232142503572,1.2021375119686126,1.092051809686868,18.314993282502083
2016-07-14,1.3265000581741333,1.3450000286102295,1.315500020980835,1.3329999446868896,1.3056849241256714,316892000,0.010230902984664336,1.2095875084400176,1.12964000582695,77.6916879750383,0.050044462243091115,0.0375001391581567,0.012544323084934417,1.333102906505111,1.2095875084400176,1.0860721103749242,20.422730427232814
2016-07-15,1.315999984741211,1.3235000371932983,1.2960000038146973,1.3174999952316284,1.2905027866363523,428616000,-0.01162771906820137,1.2160250067710876,1.1386100053787231,72.90454865193864,0.051292938618598516,0.04025869905024506,0.011034239568353456,1.3476778414086559,1.2160250067710876,1.0843721721335193,21.65298146082475
2016-07-18,1.3337500095367432,1.3357499837875366,1.319249987602234,1.3242499828338623,1.2971144914627075,252992000,0.005123355714394373,1.2238375067710876,1.1476100051403046,73.66554610489732,0.0522250152614836,0.04265196229249277,0.00957305296899083,1.3615675933427236,1.2238375067710876,1.0861074201994516,22.5079041636853
2016-07-19,1.3235000371932983,1.343250036239624,1.3209999799728394,1.3380000591278076,1.3105833530426023,382652000,0.010383710665899937,1.2312875092029572,1.1567050063610076,75.19392715464343,0.05345699005344362,0.044812967844682944,0.008644022208760677,1.3765853207652445,1.2312875092029572,1.0859896976406698,23.600955987337553
2016-07-20,1.3424999713897705,1.3627500534057615,1.337000012397766,1.3554999828338623,1.3277240991592407,296460000,0.01307871496829649,1.2399750053882599,1.1661750054359437,77.02177303073994,0.055209021310835826,0.04689217853791352,0.008316842772922307,1.3929603629033616,1.2399750053882599,1.0869896478731582,24.67555504753082
2016-07-21,1.3524999618530271,1.3567500114440918,1.3259999752044678,1.3305000066757202,1.3032362461090088,361308000,-0.01844348013697905,1.2474625051021575,1.174805005788803,69.17941660871128,0.05395823264448718,0.048305389359228255,0.005652843285258925,1.4027612630457906,1.2474625051021575,1.0921637471585244,24.89834480931599
2016-07-22,1.3352500200271606,1.3667500019073486,1.3255000114440918,1.3667500019073486,1.3387434482574463,315768000,0.027245407158102974,1.2551875054836272,1.1841100060939789,73.40751453823742,0.05525509889138691,0.04969533126565999,0.005559767625726922,1.417904802936483,1.2551875054836272,1.0924702080307716,25.927169724360866
2016-07-25,1.375,1.3952499628067017,1.36899995803833,1.3919999599456787,1.363476276397705,312528000,0.01847465858559527,1.2676250040531158,1.1941650056838988,75.88871539456677,0.05765571612046139,0.05128740823662027,0.006368307883841115,1.4322326630720525,1.2676250040531158,1.1030173450341791,25.971033782485936
2016-07-26,1.4042500257492063,1.4229999780654907,1.402250051498413,1.4157500267028809,1.3867398500442505,514508000,0.01706195703529767,1.2818625032901765,1.2019900059700013,77.97076584358533,0.060774088606829535,0.05318474431066213,0.007589344296167408,1.445995937676027,1.2818625032901765,1.117729068904326,25.608586562843776
2016-07-27,1.4279999732971191,1.430500030517578,1.3930000066757202,1.4014999866485596,1.3727813959121704,446676000,-0.010065661653578806,1.2945625007152557,1.208925006389618,73.85018516897952,0.06138792039544194,0.054825379527618096,0.006562540867823846,1.4543955249058154,1.2945625007152557,1.134729476524696,24.692979149674226
2016-07-28,1.4047499895095823,1.4149999618530271,1.40024995803833,1.4045000076293943,1.375720500946045,221916000,0.0021409854785521265,1.3064750015735627,1.215875005722046,74.15979551010918,0.061408583209544565,0.05614202026400339,0.0052665629455411755,1.4617276857467156,1.3064750015735627,1.1512223174004097,23.766652096084716
2016-07-29,1.409749984741211,1.431249976158142,1.3845000267028809,1.4275000095367432,1.3982489109039309,409588000,0.016375717264076384,1.3190874993801116,1.222745006084442,76.46084506096771,0.0625597170968546,0.05742555963057363,0.0051341574662809655,1.4705883529930772,1.3190874993801116,1.167586645767146,22.970554066225557
2016-08-01,1.433500051498413,1.4387500286102295,1.409000039100647,1.4182499647140503,1.3891880512237549,301120000,-0.006480147854589391,1.331674998998642,1.2293350052833558,73.62139197415136,0.062010776058642136,0.05834260291618733,0.0036681731424548086,1.471777733745895,1.331674998998642,1.191572264251389,21.041580693878576
2016-08-02,1.4249999523162842,1.4257500171661377,1.3875000476837158,1.4010000228881836,1.372291922569275,282748000,-0.012162592846660325,1.3425374984741212,1.2351900053024292,68.51176450541665,0.059497954802609776,0.05857367329347182,0.000924281509137953,1.4680031646978298,1.3425374984741212,1.2170718322504126,18.690824854621678
2016-08-03,1.399250030517578,1.4075000286102295,1.3914999961853027,1.4047499895095823,1.3759647607803345,299828000,0.0026764263132752486,1.3532124996185302,1.2410850048065185,69.01521657324297,0.0571503234658004,0.058289003327937544,-0.001138679862137143,1.4603680228199796,1.3532124996185302,1.2460569764170808,15.837205646808092
2016-08-04,1.4114999771118164,1.437250018119812,1.408750057220459,1.430750012397766,1.4014321565628052,272712000,0.018508755826005086,1.363637501001358,1.2470200061798096,72.31975458632678,0.056733801327291555,0.05797796292780835,-0.0012441616005167966,1.4575510817777726,1.363637501001358,1.2697239202249433,13.77398035877588
2016-08-05,1.4472500085830688,1.4557499885559082,1.440250039100647,1.4550000429153442,1.4251856803894043,371588000,0.016949463957540267,1.3728250026702882,1.253535006046295,74.99805520483105,0.05769540264094686,0.057921450870436056,-0.000226048229489198,1.4647187075893628,1.3728250026702882,1.2809312977512135,13.387533697351344
2016-08-08,1.475000023841858,1.4785000085830688,1.4529999494552612,1.468500018119812,1.438408374786377,305064000,0.009277874861442381,1.3812250018119812,1.2600800061225892,76.36887136126295,0.058868217616492746,0.0581108042196474,0.0007574133968453467,1.4758123931295157,1.3812250018119812,1.2866376104944466,13.696159741309149
2016-08-09,1.475749969482422,1.4865000247955322,1.468500018119812,1.472249984741211,1.4420818090438845,372344000,0.0025538187359712694,1.3888374984264373,1.266575005054474,76.75020374519337,0.059415369505975146,0.058371717276912954,0.001043652229062192,1.486931253559295,1.3888374984264373,1.2907437432935798,14.126023418002248
2016-08-10,1.4852499961853027,1.4874999523162842,1.4579999446868896,1.46274995803833,1.4327764511108398,375740000,-0.0064527254103664555,1.3959999978542328,1.2724700045585633,73.51374640265024,0.058409114645300075,0.05837919675059038,2.9917894709692583e-05,1.4937151499905104,1.3959999978542328,1.2982848457179552,13.99930548516817
2016-08-11,1.4704999923706057,1.4987499713897705,1.4674999713897705,1.4924999475479126,1.46191668510437,681064000,0.0203382976953157,1.403974997997284,1.2789150023460387,76.81144334659186,0.05932832593020443,0.0585690225865132,0.0007593033436912311,1.5057713396125314,1.403974997997284,1.3021786563820366,14.501161596247222
2016-08-12,1.5475000143051147,1.5844999551773071,1.5157500505447388,1.5759999752044678,1.5437058210372925,1425744000,0.05594650965152881,1.416899996995926,1.2868650007247924,83.15195397445638,0.06603337030060752,0.060061892129332065,0.0059714781712754544,1.5357158465520817,1.416899996995926,1.2980841474397702,16.771240003961605
2016-08-15,1.5777499675750732,1.587499976158142,1.5532499551773071,1.5744999647140503,1.5422364473342896,573304000,-0.0009518482621355684,1.4294124960899353,1.2951150012016297,82.71440764809306,0.07041443419498572,0.0621324005424628,0.008282033652522919,1.5588022194513578,1.4294124960899353,1.3000227727285127,18.103902647466658
2016-08-16,1.5722500085830688,1.5747499465942385,1.5602500438690186,1.565000057220459,1.532931208610535,287652000,-0.00603360058040292,1.440762495994568,1.3032950019836427,79.8487171143391,0.07228662058915525,0.0641632445518013,0.008123376037353955,1.5757882755353598,1.440762495994568,1.305736716453776,18.74365551798774
2016-08-17,1.565000057220459,1.56850004196167,1.5164999961853027,1.528749942779541,1.497423768043518,595212000,-0.023163101101712935,1.4494249939918518,1.3107050013542176,69.89733441653655,0.0700379071181989,0.06533817706508083,0.0046997300531180786,1.5836867703194373,1.4494249939918518,1.3151632176642662,18.52621237858139
2016-08-18,1.5264999866485596,1.5549999475479126,1.5204999446868896,1.5525000095367432,1.5206873416900637,331684000,0.015535731529719987,1.460524994134903,1.3186650013923644,72.33042413394551,0.06937253400200483,0.06614504845246563,0.003227485549539194,1.5902541189073425,1.460524994134903,1.3307958693624635,17.764725053442927
2016-08-19,1.5517499446868896,1.5682499408721924,1.5449999570846558,1.55649995803833,1.5246050357818604,291560000,0.0025762653402787716,1.4700124919414521,1.3261050009727477,72.73019346625361,0.06837974430138671,0.06659198762224985,0.0017877566791368593,1.5986712820084483,1.4700124919414521,1.341353701874456,17.504448536634673
2016-08-22,1.5612499713897705,1.565250039100647,1.5427500009536743,1.562999963760376,1.5309717655181885,244748000,0.004175986296059309,1.478562492132187,1.33426500082016,73.40268797635844,0.067341180242531,0.06674182614630608,0.0005993540962249133,1.6080724037290755,1.478562492132187,1.3490525805352984,17.518354792042164
2016-08-23,1.5759999752044678,1.5829999446868896,1.5682499408721924,1.5727499723434448,1.5433610677719116,339764000,0.008092443330938615,1.486412489414215,1.3423250007629395,74.42164358368358,0.0665378480578318,0.06670103052861123,-0.00016318247077942716,1.6187435231726277,1.486412489414215,1.3540814556558023,17.805425438878473
2016-08-24,1.5782500505447388,1.5789999961853027,1.5412499904632568,1.5484999418258667,1.5195643901824951,298448000,-0.01541873647478409,1.4937624871730804,1.349854998588562,67.49560386985576,0.0632157153013766,0.06600396748316431,-0.002788252181787715,1.622697960769594,1.4937624871730804,1.3648270135765668,17.263182695198314
2016-08-25,1.5490000247955322,1.5497499704360962,1.5190000534057615,1.538249969482422,1.5095062255859375,406032000,-0.0066191104908358556,1.5004499852657318,1.3569399976730347,64.75252971834149,0.05907483611377784,0.06461814120928702,-0.005543305095509182,1.623931704536998,1.5004499852657318,1.3769682659944655,16.459291610362804
2016-08-26,1.5422500371932983,1.559499979019165,1.5299999713897705,1.5507500171661377,1.5217721462249756,300024000,0.00812578340594583,1.5066124856472016,1.3641799974441529,66.53852692766051,0.0561544948434054,0.0629254119361107,-0.006770917092705303,1.6271840751716238,1.5066124856472016,1.3860408961227795,16.005653832428944
2016-08-29,1.5570000410079956,1.563249945640564,1.5472500324249268,1.5497499704360962,1.5207910537719729,274652000,-0.0006447039101329377,1.5131874859333039,1.3718149971961975,66.24930749248729,0.053146765107886074,0.060969682570465776,-0.007822917462579702,1.627970617024274,1.5131874859333039,1.3984043548423337,15.171038904035639
2016-08-30,1.5477499961853027,1.555999994277954,1.5364999771118164,1.5407500267028809,1.5119593143463137,285544000,-0.005807332574553237,1.5201749861240388,1.3788499975204467,63.57125396425481,0.04946667632660606,0.058669081321693836,-0.009202404995087773,1.6232021665436722,1.5201749861240388,1.4171478057044054,13.554647505721675
2016-08-31,1.5437500476837158,1.5479999780654907,1.5290000438690186,1.5334999561309814,1.504844069480896,388544000,-0.0047059764094868894,1.5266124844551086,1.3858849954605104,61.417399008304024,0.045441339870276654,0.0560235330314104,-0.010582193161133749,1.6150418877247072,1.5266124844551086,1.4381830811855099,11.585049142469401
2016-09-01,1.534749984741211,1.5844999551773071,1.5334999561309814,1.5787500143051147,1.549249291419983,428492000,0.029508188150287662,1.5340124845504761,1.3938449954986571,68.5739942134253,0.04537942745974677,0.05389471191707768,-0.008515284457330914,1.613425714247767,1.5340124845504761,1.4545992548531852,10.35366145935403
2016-09-02,1.5820000171661377,1.5837500095367432,1.5455000400543213,1.563249945640564,1.5340389013290403,323148000,-0.009817909987230866,1.539424979686737,1.4008649945259095,64.18232557382689,0.04357730339894306,0.05183123021345076,-0.008253926814507706,1.610920806670725,1.539424979686737,1.467929152702749,9.288640619374252
2016-09-06,1.568750023841858,1.5779999494552612,1.5607500076293943,1.5779999494552612,1.5485132932662964,306812000,0.009435479064263674,1.5448999762535096,1.4095599937438965,66.38831581083238,0.042845413873286775,0.05003406694541797,-0.007188653072131193,1.6103467985627267,1.5448999762535096,1.4794531539442926,8.472629078282488
2016-09-07,1.5729999542236328,1.5807499885559082,1.5457500219345093,1.5547499656677246,1.5256974697113037,397988000,-0.014734018528744453,1.5490249752998353,1.4180349922180175,60.10443517425911,0.03992902976759005,0.04801305950985239,-0.008084029742262341,1.6054078121102522,1.5490249752998353,1.4926421384894184,7.2797840847599256
2016-09-08,1.5532499551773071,1.56850004196167,1.5355000495910645,1.565999984741211,1.5367376804351809,315808000,0.007236172926187168,1.5541874766349792,1.4264049911499024,61.9797184974361,0.038086519186167234,0.04602775144511537,-0.007941232258948133,1.5947013393866474,1.5541874766349792,1.5136736138833111,5.213510385424799
2016-09-09,1.5487500429153442,1.5575000047683716,1.475000023841858,1.4880000352859497,1.4601949453353882,697760000,-0.04980858872290872,1.553962481021881,1.4328399920463561,45.87799268118642,0.029986704167981326,0.04281954198968856,-0.012832837821707237,1.5958701869057643,1.553962481021881,1.5120547751379978,5.393657362476973
2016-09-12,1.468250036239624,1.5217499732971191,1.4329999685287476,1.5187499523162842,1.490370273590088,598260000,0.0206652737369728,1.5510999798774718,1.4397099900245667,51.25440440295367,0.02575195126250085,0.03940602384425102,-0.013654072581750172,1.5943935633147674,1.5510999798774718,1.5078063964401762,5.582307265675493
2016-09-13,1.5149999856948853,1.5325000286102295,1.4882500171661377,1.496749997138977,1.468781352043152,471768000,-0.014485609334471738,1.5472124814987183,1.4463149905204773,47.61036810762177,0.020385673202609755,0.03560195371592277,-0.015216280513313016,1.5951202685372294,1.5472124814987183,1.499304694460207,6.192787042682717
2016-09-14,1.500249981880188,1.5149999856948853,1.4877500534057615,1.5099999904632568,1.481783390045166,319048000,0.008852262444595693,1.5444624781608582,1.4528399896621704,49.91975397292272,0.017005988455599308,0.03188276066385808,-0.014876772208258775,1.594247820514767,1.5444624781608582,1.4946771358069495,6.446947473038386
2016-09-15,1.5125000476837158,1.569000005722046,1.508999943733215,1.5672500133514404,1.5379639863967896,515212000,0.03791417607259806,1.5463874816894532,1.4603599905967712,58.4435701432624,0.018731240255083437,0.029252456582103157,-0.01052121632701972,1.5965695039419099,1.5463874816894532,1.4962054594369965,6.490226136289211
2016-09-16,1.5727499723434448,1.5812499523162842,1.5529999732971191,1.5709999799728394,1.5416439771652222,902444000,0.0023927678417583476,1.547312480211258,1.4673349905014037,58.93658398983801,0.020168614469433743,0.027435688159569278,-0.007267073690135534,1.5985813331660284,1.547312480211258,1.4960436272564874,6.626826010964587
2016-09-19,1.587499976158142,1.631500005722046,1.5802500247955322,1.5917500257492063,1.5620061159133911,417128000,0.013208068172530174,1.5490749835968018,1.473744990825653,61.64793637223221,0.022720194904780833,0.02649258950861159,-0.003772394603830758,1.6037935979020317,1.5490749835968018,1.494356369291572,7.06468245690451
2016-09-20,1.6100000143051147,1.6100000143051147,1.56850004196167,1.5772500038146973,1.5477774143218994,331112000,-0.009109248322738739,1.5497874855995177,1.4792799901962281,58.729684064313986,0.023303679878954764,0.025854807582680227,-0.0025511277037254636,1.605573518380256,1.5497874855995177,1.4940014528187795,7.199184830061786
2016-09-21,1.5820000171661377,1.624500036239624,1.5817500352859497,1.621500015258789,1.591200590133667,336212000,0.02805518119722139,1.552224987745285,1.485309989452362,64.28583689799754,0.02702517266760629,0.02608888059966544,0.0009362920679408492,1.6155605860222768,1.552224987745285,1.488889389468293,8.160620886407871
2016-09-22,1.63100004196167,1.6360000371932983,1.6162500381469729,1.625499963760376,1.5951251983642578,308732000,0.0024664446801525575,1.5560749888420105,1.491429989337921,64.74784307336665,0.029951977181147837,0.02686149991596192,0.003090477265185916,1.626949365057307,1.5560749888420105,1.4852006126267139,9.109377982874642
2016-09-23,1.627500057220459,1.63224995136261,1.6165000200271606,1.6237499713897705,1.5934083461761477,276132000,-0.0010763118718647435,1.560349988937378,1.4972449898719788,64.35559568901053,0.03176412403619744,0.027842024740009026,0.003922099296188412,1.6365241911989037,1.560349988937378,1.4841757866758523,9.76373285501178
2016-09-26,1.6052500009536743,1.6150000095367432,1.5882500410079956,1.6085000038146973,1.5784435272216797,230040000,-0.009391703633522708,1.563237488269806,1.5030649900436401,60.89362016567198,0.03160539126380946,0.028594698044769114,0.003010693219040343,1.6420690262196407,1.563237488269806,1.4844059503199711,10.085676493990132
2016-09-27,1.6022499799728394,1.6660000085830688,1.6015000343322754,1.66349995136261,1.632415533065796,402752000,0.034193181392504934,1.5689249873161315,1.509849989414215,67.65226459491528,0.035508312784833906,0.029977420992782076,0.00553089179205183,1.6586977586198663,1.5689249873161315,1.4791522160123967,11.443857677007731
2016-09-28,1.6660000085830688,1.6707500219345093,1.6482499837875366,1.6694999933242798,1.6383036375045776,319788000,0.0036069887351068974,1.5753624856472015,1.5164799880981445,68.295993236018,0.03864013997021609,0.03170996478826888,0.006930175181947211,1.6741434838912905,1.5753624856472015,1.4765814874031125,12.54073257984268
2016-09-29,1.6667499542236328,1.690250039100647,1.6512500047683716,1.684999942779541,1.653513789176941,336684000,0.009284085882596882,1.5829374849796296,1.5230699872970581,69.95914513183386,0.041889970456958414,0.03374596592200679,0.008144004534951621,1.690555993054883,1.5829374849796296,1.4753189769043762,13.597316267564203
2016-09-30,1.694249987602234,1.7297500371932983,1.684249997138977,1.7130000591278076,1.6809906959533691,429932000,0.016617283119305215,1.5896499872207641,1.5307199883460998,72.74104331064652,0.046192382877978,0.03623524931320104,0.009957133564776961,1.7112281932927182,1.5896499872207641,1.46807178114881,15.296223325804343
2016-10-03,1.7130000591278076,1.7377500534057615,1.7082500457763672,1.7112499475479126,1.6792727708816528,242596000,-0.001021971790713616,1.5970499873161317,1.537609987258911,72.29043379390035,0.04889719985812424,0.03876763942218568,0.010129560435938559,1.728883737991952,1.5970499873161317,1.4652162366403114,16.509658648489644
2016-10-04,1.7137500047683716,1.7424999475479126,1.69474995136261,1.7074999809265137,1.6755934953689575,281624000,-0.0021909933731395492,1.6035249888896943,1.543919987678528,71.27164545247479,0.05015998277752187,0.041046108093252924,0.009113874684268948,1.7434524510440204,1.6035249888896943,1.4635975267353682,17.45248288911469
2016-10-05,1.722000002861023,1.7395000457763672,1.7005000114440918,1.7057499885559082,1.67387592792511,305440000,-0.0010250501977923099,1.6110749900341035,1.5497199869155884,70.77040254768443,0.05043811834831202,0.042924510144264745,0.007513608204047277,1.7558709641808965,1.6110749900341035,1.4662790158873105,17.975075653521
2016-10-06,1.6852500438690186,1.6957499980926514,1.656499981880188,1.683500051498413,1.652042031288147,360212000,-0.01304391578414521,1.6169499933719635,1.5553599882125855,64.55409406364299,0.04830631370718397,0.04400087085684859,0.004305442850335378,1.763478277868269,1.6169499933719635,1.4704217088756582,18.124034150337263
2016-10-07,1.69474995136261,1.6992499828338623,1.6664999723434448,1.6712499856948853,1.6400208473205566,286260000,-0.007276560607974991,1.6261124908924103,1.5606949877738954,61.35851161776401,0.04510838386776039,0.04422237345903095,0.0008860104087294457,1.7617547122298625,1.6261124908924103,1.490470269554958,16.68300589253967
2016-10-10,1.6799999475479126,1.6890000104904177,1.6617499589920044,1.6775000095367432,1.6461535692214966,287876000,0.003739417039094084,1.6340499937534332,1.5656949877738953,62.38169480992921,0.04258740502519487,0.04389537977226374,-0.0013079747470688685,1.7619936879289013,1.6340499937534332,1.506106299577965,15.659703762377536
2016-10-11,1.6720000505447388,1.6744999885559082,1.6404999494552612,1.653249979019165,1.6223572492599487,388540000,-0.014455710819739398,1.6418749928474425,1.5703949880599977,56.16730571463833,0.03819247722947261,0.04275479926370552,-0.004562322034232909,1.7533565451722808,1.6418749928474425,1.5303934405226043,13.579785648784377
2016-10-12,1.6464999914169312,1.6694999933242798,1.6327500343322754,1.6607500314712524,1.6297167539596558,419920000,0.004536303396224239,1.6494124948978424,1.5755899882316589,57.574973240024484,0.034912210608153416,0.0411862815325951,-0.006274070924441683,1.7431884562416793,1.6494124948978424,1.5556365335540054,11.370831933663144
2016-10-13,1.6412500143051147,1.6449999809265137,1.5924999713897705,1.6337499618530271,1.603221416473389,390116000,-0.01625763337211339,1.6527374923229217,1.5801699876785278,51.20027690424587,0.02979048948961882,0.03890712312399985,-0.009116633634381026,1.7390429777103353,1.6527374923229217,1.566432006935508,10.443943552839883
2016-10-14,1.653749942779541,1.6649999618530271,1.6399999856948853,1.649749994277954,1.618922233581543,330636000,0.009793293020430749,1.6566749930381774,1.5845499873161315,54.420846400071504,0.026714608128771022,0.03646862012495408,-0.00975401199618306,1.7344708927007193,1.6566749930381774,1.5788790933756356,9.3918119111428
2016-10-17,1.649500012397766,1.6649999618530271,1.6380000114440918,1.6402499675750732,1.609600067138672,195328000,-0.005758254627368675,1.6590999901294707,1.5882549858093262,52.21731861595174,0.023242452703047478,0.03382338664057276,-0.01058093393752528,1.7314849718420544,1.6590999901294707,1.586715008416887,8.725813048426936
2016-10-18,1.662999987602234,1.6747499704360962,1.65625,1.665249943733215,1.6341328620910645,269372000,0.015241546924139593,1.6634999871253968,1.5921899843215943,57.135966428540975,0.022251531847041317,0.031509015681866474,-0.009257483834825157,1.725385575247304,1.6634999871253968,1.6016143990034897,7.440407406175967
2016-10-19,1.6540000438690186,1.6694999933242798,1.6454999446868896,1.6617499589920044,1.6306982040405271,199060000,-0.0021018230097534785,1.6655124843120575,1.5959799838066102,56.262778693129476,0.02094238958053496,0.029395690461600173,-0.008453300881065214,1.7243464747412596,1.6655124843120575,1.6066784938828553,7.064971410707088
2016-10-20,1.681249976158142,1.6987500190734863,1.6575000286102295,1.6932499408721924,1.6616098880767822,312084000,0.01895610356328503,1.6688999831676483,1.6005899834632873,61.90550636489336,0.02219086767464873,0.027954725904209887,-0.0057638582295611585,1.7259018320406652,1.6688999831676483,1.6118981342946315,6.831068302226805
2016-10-21,1.687250018119812,1.691499948501587,1.6725000143051147,1.6885000467300415,1.6569486856460571,279508000,-0.0028052327228987872,1.672137486934662,1.60450998544693,60.63516403468257,0.022537223712262522,0.026871225465820416,-0.004334001753557894,1.7257696865725474,1.672137486934662,1.6185052872967765,6.414807401537684
2016-10-24,1.7000000476837158,1.7697499990463257,1.6997499465942385,1.7677500247955322,1.7347179651260376,339836000,0.0469352371341889,1.6800999879837035,1.6083449864387511,71.23957753346214,0.02887368639410992,0.02727171765147832,0.0016019687426316008,1.7404424504280267,1.6800999879837035,1.6197575255393803,7.183198961478533
2016-10-25,1.7647500038146973,1.807500004768372,1.756250023841858,1.7967499494552612,1.763175368309021,397460000,0.016404628161509782,1.6867624878883363,1.6127899861335755,73.99976100064927,0.03582249090238343,0.028981872301659346,0.006840618600724085,1.7650567253073604,1.6867624878883363,1.6084682504693122,9.283374272455028
2016-10-26,1.781749963760376,1.8237500190734863,1.7799999713897705,1.8040000200271609,1.7702901363372805,333792000,0.00403520157786863,1.6934874892234801,1.6175699853897094,74.65465490135423,0.041436830652180845,0.031472863971763645,0.0099639666804172,1.7864305582812712,1.6934874892234801,1.600544420165689,10.976528571865448
2016-10-27,1.8177499771118164,1.8212499618530276,1.7597500085830688,1.7669999599456787,1.7339814901351929,388664000,-0.020509997461325757,1.697587490081787,1.6223349857330323,65.5766996078799,0.042411743547634106,0.03366063988693774,0.008751103660696369,1.7957586825933263,1.697587490081787,1.599416297570248,11.565965593538795
2016-10-28,1.7755000591278076,1.8025000095367432,1.7607500553131104,1.7640000581741333,1.7310373783111572,290856000,-0.001697891148657038,1.7001374900341033,1.62656498670578,64.88775675941625,0.042452931075998235,0.03541909812474984,0.007033832951248396,1.8023440916962017,1.7001374900341033,1.597930888372005,12.023333672860565
2016-10-31,1.7697499990463257,1.7907500267028809,1.7687499523162842,1.7790000438690186,1.7457574605941772,252388000,0.008503618967131255,1.7035249948501587,1.631014988422394,66.76777291608808,0.04319798647614914,0.0369748757950297,0.0062231106811194425,1.8113185559049518,1.7035249948501587,1.5957314337953656,12.655354207382741
2016-11-01,1.7855000495910645,1.7952500581741333,1.7072499990463257,1.7262500524520874,1.6939927339553833,473224000,-0.02965172872363131,1.7044624984264374,1.634279990196228,55.51133654251945,0.03908145807006047,0.037396192250035855,0.001685265820024616,1.812703256455897,1.7044624984264374,1.5962217403969778,12.700867062711863
2016-11-02,1.7395000457763672,1.7630000114440918,1.715999960899353,1.718999981880188,1.6868784427642822,295848000,-0.0041997176543311365,1.7051249980926513,1.637204990386963,54.15983699929058,0.03483253180234591,0.03688346016049787,-0.00205092835815196,1.8135512044932627,1.7051249980926513,1.5966987916920399,12.717684219267994
2016-11-03,1.7269999980926514,1.7285000085830688,1.6660000085830688,1.6990000009536743,1.6672521829605105,309664000,-0.011634661577398675,1.7058999955654144,1.640214991569519,50.506784055343694,0.029511208962536006,0.035409009920905496,-0.00589780095836949,1.8139176571076205,1.7058999955654144,1.5978823340232082,12.664008655021316
2016-11-04,1.687749981880188,1.718250036239624,1.6644999980926514,1.6892499923706057,1.6576842069625854,328780000,-0.005738769512921182,1.7067999958992004,1.6432349920272826,48.77945275971799,0.024227992845374136,0.03317280650579923,-0.008944813660425092,1.813944268201154,1.7067999958992004,1.5996557235972468,12.55498858206949
2016-11-07,1.7387499809265137,1.7929999828338623,1.7374999523162842,1.781749963760376,1.7484557628631592,487580000,0.0547580507308425,1.712012493610382,1.6478549909591675,62.042533794149385,0.027191533572760385,0.031976551919191465,-0.00478501834643108,1.8230215754634858,1.712012493610382,1.6010034117572782,12.96825604572569
2016-11-08,1.78849995136261,1.7942500114440918,1.7625000476837158,1.7790000438690186,1.7457574605941772,429884000,-0.001543248806342934,1.7182999968528747,1.652439992427826,61.53241969189087,0.02898415411060129,0.03137807235747343,-0.0023939182468721426,1.82952834404677,1.7182999968528747,1.6070716496589794,12.946324553059865
2016-11-09,1.7307499647140503,1.7725000381469729,1.718000054359436,1.7489999532699585,1.7163174152374268,456532000,-0.016863766027802263,1.7227124929428101,1.6566049909591676,56.11213833716524,0.02766515551997495,0.030635488989973737,-0.0029703334699987885,1.8314321438538939,1.7227124929428101,1.6139928420317264,12.621914725348537
2016-11-10,1.78725004196167,1.787500023841858,1.6690000295639038,1.694249987602234,1.662590742111206,869280000,-0.03130345975006521,1.7257374942302703,1.6598199915885925,47.83127263634357,0.021948961009438106,0.028898183393866614,-0.006949222384428508,1.8275339402268949,1.7257374942302703,1.6239410482336458,11.797442697625195
2016-11-11,1.9877500534057615,2.219249963760376,1.962499976158142,2.1992499828338623,2.1581547260284424,2175344000,0.298067330320843,1.7532124936580658,1.6722299909591676,78.84413684109775,0.05750523033151822,0.03461959278139694,0.022885637550121282,1.979112934972878,1.7532124936580658,1.5273120523432535,25.769887236369453
2016-11-14,2.2022500038146973,2.204750061035156,2.0905001163482666,2.0910000801086426,2.0519278049468994,1348796000,-0.04922117946428606,1.7757499992847443,1.682784993648529,69.32991782359498,0.07607205616040691,0.04291008545719893,0.03316197070320798,2.0389366953750816,1.7757499992847443,1.5125633031944068,29.642314086594013
2016-11-15,2.107249975204468,2.1862499713897705,2.098249912261963,2.154750108718872,2.114485740661621,626092000,0.030487396078898943,1.8002250075340271,1.6943199968338012,71.51028389726295,0.09483726892219946,0.053295522150199046,0.04154174677200041,2.1054418108371475,1.8002250075340271,1.4950082042309067,33.90873941043743
2016-11-16,2.183500051498413,2.313999891281128,2.158750057220459,2.290750026702881,2.2479441165924072,987984000,0.06311623359021912,1.831675010919571,1.7090399980545044,75.51013490818254,0.1193075884018473,0.0664979354005287,0.052809653001318596,2.197036170923136,1.831675010919571,1.466313850916006,39.89366648837335
2016-11-17,2.30774998664856,2.369750022888184,2.266249895095825,2.3097500801086426,2.266589641571045,832988000,0.008294478871166078,1.8625000178813935,1.723914999961853,76.01673453592954,0.13863553426696695,0.08092545517381636,0.057710079093150596,2.2767063763247033,1.8625000178813935,1.4482936594380837,44.47853470782485
2016-11-18,2.3097500801086426,2.35824990272522,2.2950000762939453,2.3340001106262207,2.2903873920440674,576060000,0.010499364347455353,1.8947750210762024,1.7408350014686584,76.67979478529145,0.15413309503714445,0.09556698314648197,0.05856611189066248,2.348435106988011,1.8947750210762024,1.4411149351643937,47.88537751084949
2016-11-21,2.352250099182129,2.358750104904175,2.309999942779541,2.32450008392334,2.281064748764038,436436000,-0.004070334700764011,1.9226125240325929,1.7569500041007995,75.79572487650015,0.16376071920799773,0.10920573035878514,0.05455498884921259,2.408836159058592,1.9226125240325929,1.436388889006594,50.57947235318815
2016-11-22,2.3324999809265137,2.3434998989105225,2.309499979019165,2.341249942779541,2.297501802444458,330368000,0.007205868965063811,1.9498375236988068,1.7738400030136108,76.31424300539919,0.17077368165280227,0.12151932061758858,0.04925436103521369,2.4649412035243046,1.9498375236988068,1.4347338438733088,52.8355489690603
2016-11-23,2.3429999351501465,2.3812499046325684,2.3192501068115234,2.349250078201294,2.308802843093872,443236000,0.004918838643517054,1.9771000266075134,1.7906250047683716,76.57239214415799,0.1749602165175288,0.13220749979757662,0.04275271671995218,2.5156268940466275,1.9771000266075134,1.4385731591683992,54.476441271731424
2016-11-25,2.3605000972747803,2.377500057220459,2.335249900817871,2.3540000915527344,2.3134710788726807,195564000,0.002021929153791735,2.0064500331878663,1.8063600063323975,76.73452740152423,0.1766253350234268,0.14109106684274667,0.035534268180680145,2.5597562952142408,2.0064500331878663,1.4531437711614918,55.15275764403425
2016-11-28,2.346750020980835,2.368499994277954,2.3399999141693115,2.352750062942505,2.3122425079345703,278736000,-0.0005310509170959321,2.0358875334262847,1.8219950079917908,76.58431728928127,0.17581737333665082,0.1480363281415275,0.02778104519512331,2.5970558664256016,2.0358875334262847,1.4747192004269678,55.127635862566734
2016-11-29,2.3499999046325684,2.361000061035156,2.313250064849853,2.331249952316284,2.2911126613616943,444568000,-0.009138248475394684,2.0635000288486482,1.8367850065231324,73.90462223819145,0.17146562959094114,0.15272218843141022,0.018743441159530916,2.6257363257805837,2.0635000288486482,1.5012637319167128,54.493461504397565
2016-11-30,2.3399999141693115,2.3540000915527344,2.302500009536743,2.305000066757202,2.265315055847168,440500000,-0.011259858997590189,2.0924375295639037,1.8513400077819824,70.65409170474408,0.16400811151661543,0.15497937304845127,0.009028738468164155,2.6416889129424295,2.0924375295639037,1.5431861461853782,52.498712684913286
2016-12-01,2.302500009536743,2.3042500019073486,2.119250059127808,2.190999984741211,2.1532773971557617,1035524000,-0.049457870507776724,2.116037529706955,1.8627300071716308,58.59981109242384,0.1472022647560638,0.15342395138997378,-0.006221686633909984,2.6390107921461796,2.116037529706955,1.5930642672677304,49.42948838073301
2016-12-02,2.15625,2.220000028610229,2.128000020980835,2.211250066757202,2.173178195953369,478292000,0.00924209710457835,2.1416500329971315,1.8744450092315674,59.90828457202572,0.13397316326965836,0.1495337937659107,-0.015560630496252337,2.629406178311313,2.1416500329971315,1.6538938876829499,45.549565783312545
2016-12-05,2.2497498989105225,2.3152499198913574,2.2249999046325684,2.296999931335449,2.257452964782715,602284000,0.03877950229128557,2.1720375299453734,1.887910008430481,64.95877164026385,0.12892216796011668,0.1454114686047519,-0.01648930064463522,2.6171285501194497,2.1720375299453734,1.7269465097712968,40.98373200625778
2016-12-06,2.3052499294281006,2.343250036239624,2.289249897003174,2.334749937057495,2.294552803039551,498796000,0.016434379291887957,2.1996875286102293,1.9024350070953369,66.93361907936804,0.1265070334252245,0.14163058156884642,-0.015123548143621907,2.6118502575861235,2.1996875286102293,1.787524799634335,37.47466161580687
2016-12-07,2.321000099182129,2.382499933242798,2.302500009536743,2.376749992370605,2.3358287811279297,480804000,0.017988680859164052,2.2295750260353087,1.9167000079154968,69.02522523055859,0.1265235901715802,0.1386091832893932,-0.012085593117812987,2.5999528012844744,2.2295750260353087,1.8591972507861432,33.224069244064104
2016-12-08,2.3797500133514404,2.4154999256134038,2.3262500762939453,2.336999893188477,2.29676365852356,381544000,-0.01672430912744638,2.2589750230312347,1.9300500059127808,64.84461029191567,0.12192374962303809,0.13527209655612218,-0.013348346933084093,2.55870789978814,2.2589750230312347,1.9592421462743292,26.537068688320865
2016-12-09,2.3550000190734863,2.356750011444092,2.267750024795532,2.2955000400543213,2.255978345870972,382312000,-0.01775773162433536,2.289037525653839,1.9422600078582763,60.71043660606659,0.11361991191050969,0.1309416596269997,-0.017321747716490005,2.4397316642222786,2.289037525653839,2.1383433870853996,13.166593983678387
2016-12-12,2.2462499141693115,2.2487499713897705,2.188499927520752,2.2397499084472656,2.2011890411376958,601332000,-0.024286272442975876,2.291062521934509,1.9527950048446656,55.58364269999265,0.10137193839602254,0.12502771538080426,-0.023655776984781718,2.4379155581032843,2.291062521934509,2.144209485765734,12.819644576506503
2016-12-13,2.252249956130981,2.307250022888184,2.251250028610229,2.279249906539917,2.2400076389312744,387796000,0.017635285778778487,2.300475013256073,1.9641550040245057,58.27234281708211,0.09377170898441634,0.11877651410152668,-0.02500480511711034,2.4155156396065065,2.300475013256073,2.18543438690564,10.001467148091802
2016-12-14,2.313499927520752,2.4277501106262207,2.289249897003174,2.411250114440918,2.3697359561920166,983980000,0.05791422984728589,2.3133000135421753,1.9782300066947938,65.73667781178062,0.09727842094196237,0.11447689546961382,-0.01719847452765144,2.417143637466676,2.3133000135421753,2.2094563896176744,8.97796423434877
2016-12-15,2.422499895095825,2.498500108718872,2.414999961853028,2.467750072479248,2.425262928009033,746548000,0.023431712580436193,2.3221500158309936,1.9934700083732606,68.34670060094217,0.10342437800643722,0.1122663919769785,-0.008842013970541282,2.4451925768721527,2.3221500158309936,2.1991074547898344,10.597296488369015
2016-12-16,2.4957499504089355,2.5174999237060547,2.4432499408721924,2.5102500915527344,2.467030763626098,1089528000,0.01722198246412532,2.3321750164031982,2.010005009174347,70.18643218335826,0.11045127605419314,0.11190336879242144,-0.0014520927382283,2.4797658199710284,2.3321750164031982,2.184584212835368,12.656923475276086
2016-12-19,2.492500066757202,2.5612499713897705,2.4749999046325684,2.540750026702881,2.4970057010650635,744656000,0.012150208210175428,2.342512512207031,2.027395009994507,71.46805810734018,0.11713101976678608,0.11294889898729438,0.004182120779491705,2.515878110900482,2.342512512207031,2.1691469135135804,14.801679631594537
2016-12-20,2.614500045776367,2.653249979019165,2.6029999256134038,2.6292500495910645,2.58398175239563,848056000,0.03483213966771004,2.3577500104904177,2.0464300107955933,74.84690088918926,0.12808944165500558,0.11597700752083663,0.012112434134168945,2.57107065869183,2.3577500104904177,2.144429362289005,18.095272802653177
2016-12-21,2.6410000324249268,2.648750066757202,2.592750072479248,2.645750045776367,2.60019850730896,576136000,0.006275878263573453,2.3729750156402587,2.066280012130737,75.43108241832863,0.13653163010466063,0.12008793203760143,0.016443698067059198,2.6201851477948064,2.3729750156402587,2.125764883485711,20.83546017342684
2016-12-22,2.6705000400543213,2.721750020980835,2.663249969482422,2.6777501106262207,2.631648063659668,718612000,0.012095059766516147,2.3894000172615053,2.0866200137138367,76.56772138267937,0.1441426760278297,0.1248988808356471,0.01924379519218261,2.6695762544770854,2.3894000172615053,2.1092237800459253,23.45159748820044
2016-12-23,2.6594998836517334,2.746000051498413,2.656749963760376,2.744499921798706,2.697246551513672,647692000,0.024926770703062928,2.408925008773804,2.1088350129127504,78.77366954991824,0.15378786587851279,0.13067667784422024,0.023111188034292546,2.7282091772170394,2.408925008773804,2.0896408403305684,26.50843569478804
2016-12-27,2.801500082015991,2.934000015258789,2.7804999351501465,2.933000087738037,2.8825018405914307,1194272000,0.06868311277431993,2.4379375100135805,2.1345000147819517,83.49819853387285,0.17462912055579283,0.13946716638653478,0.03516195416925805,2.8289302108101295,2.4379375100135805,2.0469448092170315,32.07569506524152
2016-12-28,2.990000009536743,2.9982500076293945,2.717250108718872,2.731250047683716,2.6842257976531982,2295764000,-0.06878609413048986,2.457937514781952,2.1563200163841247,66.45041662188734,0.17287364315552978,0.1461484617403338,0.026725181415195975,2.8656203489443146,2.457937514781952,2.0502546806195894,33.17275819345057
2016-12-29,2.622499942779541,2.78725004196167,2.569999933242798,2.785749912261963,2.737788200378418,2175368000,0.019954507095509166,2.4819750070571898,2.1787300157546996,68.33140473786992,0.1738757666612174,0.15169392272451052,0.022181843936706885,2.9070730076615,2.4819750070571898,2.0568770064528796,34.25481718354104
2016-12-30,2.783750057220459,2.7980000972747803,2.657500028610229,2.6684999465942383,2.6225552558898926,1212932000,-0.042089795139228725,2.505850005149841,2.1988650155067444,60.47575351955087,0.16332614232709464,0.15402036664502733,0.009305775682067308,2.916280591088059,2.505850005149841,2.0954194192116233,32.75779357062319
2017-01-03,2.609999895095825,2.659250020980835,2.484499931335449,2.5502500534057617,2.50634241104126,1501996000,-0.044312829858449865,2.5228000044822694,2.216005017757416,53.76276153482435,0.14376646064484522,0.1519695854449909,-0.008203124800145678,2.910537678794358,2.5228000044822694,2.1350623301701805,30.738677154209103
2017-01-04,2.5850000381469727,2.637500047683716,2.538249969482422,2.6097500324249268,2.5648176670074463,1199220000,0.023330912691172268,2.538437509536743,2.2344300174713134,56.38613518613868,0.131549996563189,0.1478856676686305,-0.016335671105441513,2.913507242638278,2.538437509536743,2.163367776435208,29.551228398762824
2017-01-05,2.6132500171661377,2.6454999446868896,2.526249885559082,2.5434999465942383,2.499708652496338,984296000,-0.02538543591173703,2.5488750100135804,2.249945015907288,52.794352533533534,0.11519464040373784,0.14134746221565198,-0.02615282181191414,2.9121227756520427,2.5488750100135804,2.185627244375118,28.50259539690233
2017-01-06,2.571249961853028,2.606250047683716,2.5299999713897705,2.577500104904175,2.533123731613159,822856000,0.013367589492260024,2.558912515640259,2.2655600190162657,54.399755527850886,0.10378011882884941,0.13383399353829148,-0.03005387470944207,2.9135734918362495,2.558912515640259,2.204251539444268,27.719664039178916
2017-01-09,2.587500095367432,2.700000047683716,2.587500095367432,2.681999921798706,2.635824680328369,916248000,0.04054320262113986,2.5761625170707703,2.2831200170516968,59.01346829365526,0.1019906059075879,0.12746531601215078,-0.02547471010456287,2.919346458054552,2.5761625170707703,2.2329785760869885,26.64303503445114
2017-01-10,2.6952500343322754,2.729749917984009,2.640749931335449,2.661750078201294,2.615922451019287,880920000,-0.007550665056601069,2.5944750189781187,2.301015019416809,57.79321204050467,0.09781090762352829,0.12153443433442629,-0.023723526710898002,2.9140756875753318,2.5944750189781187,2.2748743503809057,24.63702030348271
2017-01-11,2.650000095367432,2.6549999713897705,2.603749990463257,2.628999948501587,2.583736658096313,525664000,-0.012303802396907093,2.613937520980835,2.318315017223358,55.78417943127791,0.09080901505884942,0.11538935047931091,-0.024580335420461494,2.8890772032777683,2.613937520980835,2.3387978386839015,21.051741297450143
2017-01-12,2.60575008392334,2.617500066757202,2.5404999256134038,2.5859999656677246,2.541476011276245,625616000,-0.016356406403741364,2.6292750239372253,2.3344550156593322,53.170680576577794,0.08085814316463225,0.10848310901637519,-0.02762496585174294,2.8584339869608266,2.6292750239372253,2.400116060913624,17.43134217130665
2017-01-13,2.5899999141693115,2.625,2.576499938964844,2.585750102996826,2.541231870651245,457820000,-9.606253370753048e-05,2.638000023365021,2.351645016670227,53.155096755359786,0.07212048362516388,0.10121058393813294,-0.02909010031296906,2.845560230028994,2.638000023365021,2.430439816701048,15.736179289279168
2017-01-17,2.575000047683716,2.5799999237060547,2.5142500400543213,2.527750015258789,2.484229326248169,580612000,-0.022431067806680693,2.6410000205039976,2.3678200173377992,49.526401725581756,0.059826065492629255,0.09293368024903222,-0.03310761475640296,2.8401965143517027,2.6410000205039976,2.4418035266562925,15.084929367754512
2017-01-18,2.50600004196167,2.580749988555908,2.477750062942505,2.5737500190734863,2.5294382572174072,654424000,0.01819837262669921,2.6441750168800353,2.3853150177001954,52.30721689435709,0.053181424063552196,0.08498322901193621,-0.03180180494838401,2.836851752651628,2.6441750168800353,2.4514982811084427,14.57367493010651
2017-01-19,2.5767500400543213,2.6614999771118164,2.57450008392334,2.628999948501587,2.583736658096313,644872000,0.02146658481343544,2.6485875129699705,2.404110016822815,55.479871600260225,0.051776854077046686,0.0783419540249583,-0.02656509994791162,2.835545141437093,2.6485875129699705,2.461629884502848,14.11753453881379
2017-01-20,2.6519999504089355,2.6700000762939453,2.578000068664551,2.600250005722046,2.555481433868408,492024000,-0.01093579879333495,2.6471375107765196,2.4204800176620482,53.48598665546486,0.047792915158458626,0.07223214625165837,-0.024439231093199745,2.835119585028319,2.6471375107765196,2.4591554365247204,14.202667861909147
2017-01-23,2.595000028610229,2.6475000381469727,2.5924999713897705,2.627249956130981,2.582016468048096,369904000,0.010383575410884527,2.6462125062942503,2.437445015907288,55.11736124803972,0.04628078908496791,0.06704187481832029,-0.020761085733352377,2.8343947468510327,2.6462125062942503,2.458030265737468,14.222761029900225
2017-01-24,2.637500047683716,2.689500093460083,2.622499942779541,2.6832499504089355,2.637052536010742,428052000,0.02131514986201899,2.646487498283386,2.456130015850067,58.37799888421971,0.04903589453577384,0.063440678761811,-0.014404784226037165,2.8348692477563753,2.646487498283386,2.458105748810397,14.236360428317216
2017-01-25,2.726249933242798,2.7325000762939453,2.658250093460083,2.6947500705718994,2.64835524559021,522760000,0.004286114677323205,2.644000005722046,2.4761400175094606,59.03614758266914,0.05155302782748761,0.06106314857494633,-0.009510120747458724,2.8284112342349665,2.644000005722046,2.4595887772091256,13.94941211148446
2017-01-26,2.697499990463257,2.7487499713897705,2.6675000190734863,2.7412500381469727,2.694054365158081,458800000,0.017255660713933585,2.6344125032424928,2.4869800186157227,61.67501754756976,0.05664704103550289,0.060179927067057645,-0.0035328860315547578,2.7716244730801964,2.6344125032424928,2.497200533404789,10.416893304964212
2017-01-27,2.7482500076293945,2.7972500324249268,2.721250057220459,2.794250011444092,2.7461423873901367,471996000,0.01933443619613051,2.6375625014305113,2.5010450172424314,64.48340008842783,0.06422044479727385,0.06098803061310089,0.0032324141841729576,2.7859590597307053,2.6375625014305113,2.4891659431303172,11.252552932467726
2017-01-30,2.7730000019073486,2.77524995803833,2.6977500915527344,2.750499963760376,2.7031450271606445,496004000,-0.015657367377208686,2.635800004005432,2.5129600143432618,60.539714941624,0.0659321340284813,0.06197685129617697,0.003955282732304333,2.7778147400730857,2.635800004005432,2.4937852679377785,10.775835484622824
2017-01-31,2.723750114440918,2.751250028610229,2.7049999237060547,2.7295000553131104,2.682506561279297,362756000,-0.007634982834430537,2.638850009441376,2.5217350149154663,58.684470868067216,0.06484663136735547,0.06255080731041267,0.0022958240569427996,2.7860677318856464,2.638850009441376,2.4916322869971053,11.157718090649299
2017-02-01,2.76449990272522,2.8529999256134038,2.746500015258789,2.848750114440918,2.799703359603882,590004000,0.043689286735124844,2.6537750124931336,2.5325150156021117,65.20526007118511,0.07276999859897737,0.06459464556812561,0.008175353030851762,2.8211776866389173,2.6537750124931336,2.48637233834735,12.6161919045665
2017-02-02,2.8324999809265137,2.8935000896453857,2.801500082015991,2.8847498893737797,2.835083484649658,483240000,0.012637097756950322,2.6675250053405763,2.543530011177063,66.90348411420544,0.08102025413293878,0.06787976728108824,0.013140486851850541,2.8613023132843733,2.6675250053405763,2.4737476973967794,14.528621666589137
2017-02-03,2.8862500190734863,2.8975000381469727,2.8475000858306885,2.859499931335449,2.8102684020996094,372744000,-0.008752857785108703,2.683325004577637,2.5542300081253053,64.52471102255066,0.08454658014500271,0.07121312985387114,0.013333450291131574,2.8854277422461836,2.683325004577637,2.48122226690909,15.063604842780364
2017-02-06,2.8499999046325684,2.9332499504089355,2.8499999046325684,2.93274998664856,2.8822567462921143,506768000,0.025616181051860032,2.701087498664856,2.5660600090026855,68.07134878985586,0.09218918664501574,0.07540834121210006,0.016780845432915678,2.9242158793033655,2.701087498664856,2.4779591180263463,16.521373761405485
2017-02-07,2.9674999713897705,3.0230000019073486,2.947499990463257,2.978250026702881,2.926973581314087,746224000,0.015514521764758982,2.7159000039100647,2.578640007972717,70.07280205739349,0.10075602756366075,0.08047787848241221,0.020278149081248545,2.969276362853372,2.7159000039100647,2.4625236449667574,18.65873990784071
2017-02-08,2.9600000381469727,2.982749938964844,2.9094998836517334,2.965250015258789,2.9141974449157715,449580000,-0.004364964712998742,2.7310750007629396,2.5908650064468386,68.7468305228547,0.10528268517602068,0.0854388398211339,0.019843845354886785,3.0051682328838685,2.7310750007629396,2.456981768642011,20.072186376746117
2017-02-09,2.9714999198913574,2.9765000343322754,2.890000104904175,2.9094998836517334,2.8594067096710205,842568000,-0.01880131194965573,2.745099997520447,2.602000002861023,63.22175627654696,0.10318210516946058,0.08898749289079924,0.01419461227866134,3.0254988603324224,2.745099997520447,2.4647011347084713,20.429045431150055
2017-02-10,2.9982500076293945,3.0174999237060547,2.815000057220459,2.8405001163482666,2.791595935821533,1651092000,-0.023714980320966306,2.7578250050544737,2.6121850061416625,57.104684365570094,0.09485623221510453,0.0901612407556603,0.004694991459444228,3.031199275070234,2.7578250050544737,2.4844507350387133,19.825352915049127
2017-02-13,2.834749937057495,2.8494999408721924,2.7049999237060547,2.7095000743865967,2.662850141525269,1180724000,-0.04611906495643181,2.7640125036239622,2.6202750062942504,47.673566637641116,0.07680198387825188,0.08748938938017863,-0.010687405501926747,3.026929707993782,2.7640125036239622,2.5010952992541426,19.024313676229944
2017-02-14,2.6997499465942383,2.7537500858306885,2.657249927520752,2.719500064849853,2.6726784706115723,850632000,0.0036909058204355194,2.7736000061035155,2.6308450078964234,48.37448695002896,0.06257940127091244,0.08250739175832539,-0.01992799048741295,3.0144112481539698,2.7736000061035155,2.5327887640530613,17.364525636034827
2017-02-15,2.7225000858306885,2.744999885559082,2.694000005722046,2.7249999046325684,2.678083658218384,373020000,0.0020223860319323883,2.7811625003814697,2.6411200046539305,48.780850745902065,0.05116193030741911,0.07623829946814414,-0.02507636916072503,3.005317981082886,2.7811625003814697,2.5570070196800536,16.11955293303937
2017-02-16,2.7347500324249268,2.736000061035156,2.6414999961853027,2.681250095367432,2.635087013244629,647176000,-0.016055004421467123,2.783775007724762,2.64880500793457,45.699288959682015,0.038143563083447685,0.06861935219120485,-0.030475789107757167,3.0019130100219913,2.783775007724762,2.565637005427533,15.672100057792962
2017-02-17,2.6675000190734863,2.6852500438690186,2.619750022888184,2.680749893188477,2.63459587097168,563740000,-0.0001863855995950514,2.7878000020980833,2.65572500705719,45.66377105132859,0.027469400975365765,0.06038936194803703,-0.03291996097267127,2.994937481324872,2.7878000020980833,2.5806625228712945,14.860282593507302
2017-02-21,2.705749988555908,2.780750036239624,2.7054998874664307,2.776750087738037,2.72894287109375,551952000,0.03581080543000814,2.7952750086784364,2.663725008964539,53.1841849804741,0.026451547025974964,0.053601798963624624,-0.02715025193764966,2.9890573326308245,2.7952750086784364,2.601492684726048,13.864991698545289
2017-02-22,2.7855000495910645,2.7950000762939453,2.7497498989105225,2.7690000534057617,2.7247602939605717,433772000,-0.0015326730278900635,2.7995625138282776,2.6723650121688842,52.5518366927957,0.02473440461717047,0.0478283200943338,-0.02309391547716333,2.9869290268278204,2.7995625138282776,2.612196000828735,13.385413761904347
2017-02-23,2.637500047683716,2.659749984741211,2.492000102996826,2.5122499465942383,2.472111940383911,1592888000,-0.09272314857811725,2.7904375076293944,2.6767000102996827,36.8993271947311,0.0026257015641437675,0.0387877963882958,-0.03616209482415203,3.0119904806334543,2.7904375076293944,2.5688845346253344,15.879443449158584
2017-02-24,2.4267499446868896,2.549999952316284,2.3924999237060547,2.5364999771118164,2.495973825454712,1029904000,0.009652429034866072,2.7802000045776367,2.6826350116729736,38.75479950374812,-0.012791379037984107,0.02847196130303982,-0.04126334034102393,3.027342607991648,2.7802000045776367,2.5330574011636253,17.77876433401106
2017-02-27,2.555000066757202,2.625499963760376,2.5390000343322754,2.6102499961853027,2.568547248840332,715400000,0.029076195689832218,2.7710000038146974,2.6892550134658815,44.13495888149658,-0.01884132523563542,0.019009303995304774,-0.037850629230940194,3.02883333544198,2.7710000038146974,2.5131666721874146,18.609406804210497
2017-02-28,2.619999885559082,2.630000114440918,2.5195000171661377,2.5369999408721924,2.496467113494873,625360000,-0.028062608300471137,2.760325002670288,2.691770009994507,40.34413193460102,-0.029209904871471792,0.009365462221949462,-0.038575367093421256,3.0376143098266684,2.760325002670288,2.4830356955139075,20.091062239999697
2017-03-01,2.594749927520752,2.609250068664551,2.527750015258789,2.5697500705718994,2.5286941528320312,504804000,0.012909058229908954,2.7523375034332274,2.6938100099563598,42.71329433639739,-0.03438801355744747,0.0006147670660700752,-0.03500278062351755,3.041660652800788,2.7523375034332274,2.463014354065667,21.02381332279656
2017-03-02,2.556750059127808,2.571000099182129,2.472249984741211,2.4749999046325684,2.435457229614258,754332000,-0.03687156990233553,2.73364999294281,2.6931050062179565,38.0101058923763,-0.045611467918457826,-0.008630479930835506,-0.036980987987622324,3.04322250948148,2.73364999294281,2.4240774764041397,22.64902363783678
2017-03-03,2.464250087738037,2.469249963760376,2.4054999351501465,2.460750102996826,2.4214353561401367,864692000,-0.005757388511537065,2.7124500036239625,2.6915050077438356,37.3441199473729,-0.055021720121890105,-0.017908727969046426,-0.03711299215284368,3.035507303578358,2.7124500036239625,2.389392703669567,23.820332136833898
2017-03-06,2.424000024795532,2.452500104904175,2.3792500495910645,2.4417500495910645,2.402738332748413,883568000,-0.0077214629514320565,2.6915625095367433,2.6877550077438355,36.42763024357031,-0.06328307046610027,-0.026983596468457195,-0.03629947399764307,3.0276455739591297,2.6915625095367433,2.355479445114357,24.973082603995046
2017-03-07,2.4417500495910645,2.4882500171661377,2.4287500381469727,2.4684998989105225,2.4290614128112797,603400000,0.0109554501645448,2.668350005149841,2.6842100048065185,38.7082788690132,-0.06690057269358896,-0.03496699171348355,-0.0319335809801054,2.998673559533507,2.668350005149841,2.3380264507661757,24.758637640950422
2017-03-08,2.5174999237060547,2.532500028610229,2.461750030517578,2.46399998664856,2.4246339797973637,638712000,-0.0018226929095184197,2.6426375031471254,2.6799350023269652,38.45833193609864,-0.06933136575660859,-0.04183986652210856,-0.027491499234500026,2.9518515081408836,2.6426375031471254,2.3334234981533672,23.401923618015278
2017-03-09,2.4477500915527344,2.4862499237060547,2.434999942779541,2.463500022888184,2.4241414070129395,478060000,-0.00020315346090526987,2.617550003528595,2.6743150043487547,38.42864139281293,-0.07048561537083842,-0.04756901629185453,-0.022916599078983885,2.898081732764961,2.617550003528595,2.3370182742922285,21.434679670546487
2017-03-10,2.4902501106262207,2.502249956130981,2.4595000743865967,2.4779999256134038,2.4384090900421143,499740000,0.005885664502862431,2.5959750056266784,2.665215001106262,39.87831453990223,-0.06942999971876951,-0.051941212977237534,-0.017488786741531974,2.8483319498919775,2.5959750056266784,2.3436180613613793,19.442170569310175
2017-03-13,2.4885001182556152,2.556250095367432,2.4877500534057617,2.546250104904175,2.505568742752075,774136000,0.027542405818705706,2.581262505054474,2.6615150022506713,46.28865079045477,-0.06236726660385283,-0.0540264237025606,-0.008340842901292236,2.807877164382291,2.581262505054474,2.354647845726657,17.55843575646209
2017-03-14,2.5592501163482666,2.5687499046325684,2.5117499828338623,2.5445001125335693,2.503848075866699,522016000,-0.0006867370493639502,2.5730125069618226,2.6566900062561034,46.15276799946848,-0.056262648693195416,-0.054473668700687566,-0.0017889799925078498,2.792245884464605,2.5730125069618226,2.35377912945904,17.04098809544071
2017-03-15,2.556250095367432,2.5747499465942383,2.507999897003174,2.563750028610229,2.52278995513916,615036000,0.007565107266304105,2.5652250051498413,2.6545950078964236,47.96237703054654,-0.04930305276627278,-0.053439545513804615,0.004136492747531834,2.7739021022430155,2.5652250051498413,2.356547908056667,16.269691483144168
2017-03-16,2.57450008392334,2.595750093460083,2.5602500438690186,2.595249891281128,2.5537867546081543,523100000,0.01228671432033046,2.558737504482269,2.6554950046539307,50.87186238717355,-0.04077571018577686,-0.05090677844819907,0.010131068262422209,2.754830531507922,2.558737504482269,2.3626444774566164,15.327326596194151
2017-03-17,2.61299991607666,2.6530001163482666,2.595249891281128,2.651750087738037,2.609384059906006,1119688000,0.021770535538070845,2.5572625041007995,2.6563350057601927,55.66053508361193,-0.02912292513970005,-0.046550007786499266,0.017427082646799215,2.7500633699891175,2.5572625041007995,2.3644616382124815,15.078691810414032
2017-03-20,2.6695001125335693,2.7402501106262207,2.653249979019165,2.7362499237060547,2.6925337314605717,748568000,0.031865631752790335,2.5600375056266786,2.660190005302429,61.676922834113356,-0.012920637403704749,-0.03982413370994037,0.02690349630623562,2.761280750422776,2.5600375056266786,2.358794260830581,15.721898163896983
2017-03-21,2.71875,2.749000072479248,2.6397500038146973,2.647749900817871,2.60544753074646,913484000,-0.03234358763887113,2.55358749628067,2.6615950012207032,53.49049908397093,-0.007139124480216363,-0.033287131863995574,0.02614800738377921,2.7338047465614586,2.55358749628067,2.373370245999882,14.114828690481678
2017-03-22,2.6364998817443848,2.7065000534057617,2.632499933242798,2.7017500400543213,2.658585786819458,616764000,0.02039505898542271,2.5502249956130982,2.6619900035858155,57.22156242255634,0.0017796118459969534,-0.02627378312199707,0.028053394967994024,2.716185670406473,2.5502249956130982,2.3842643208197236,13.015375120145123
2017-03-23,2.6937499046325684,2.71399998664856,2.6675000190734863,2.6772499084472656,2.634476661682129,533940000,-0.009068402177148327,2.5584749937057496,2.6623000001907347,55.06326580871044,0.0067925188469284414,-0.01966052272821197,0.02645304157514041,2.732283337953849,2.5584749937057496,2.38466664945765,13.586870669105258
2017-03-24,2.724250078201294,2.732249975204468,2.6605000495910645,2.6867499351501465,2.643825054168701,439500000,0.003548481800025982,2.565987491607666,2.6634549999237063,55.76006397611257,0.01140043935276669,-0.013448330312016237,0.024848769664782926,2.748135513504728,2.565987491607666,2.383839469710604,14.197109104607605
2017-03-27,2.63949990272522,2.710249900817871,2.5894999504089355,2.706249952316284,2.663012742996216,506644000,0.007257548602642938,2.570787489414215,2.665859999656677,57.22621277522204,0.016436270869422565,-0.0074714100757284786,0.02390768094515104,2.762173538225907,2.570787489414215,2.379401440602523,14.88929361915494
2017-03-28,2.7074999809265137,2.722249984741211,2.681750059127808,2.6922500133514404,2.6492366790771484,432444000,-0.005173112278677117,2.5785499930381777,2.6679899978637693,55.79650786306736,0.019077610734342887,-0.002161605913714206,0.021239216648057092,2.7763122318165845,2.5785499930381777,2.380787754259771,15.339026919186729
2017-03-29,2.6997499465942383,2.712249994277954,2.681250095367432,2.683500051498413,2.640627145767212,349992000,-0.003249816589786736,2.5842374920845033,2.671104998588562,54.873764646989784,0.020231625230157757,0.002317040315060187,0.01791458491509757,2.7871363036436607,2.5842374920845033,2.381338680525346,15.702799156860369
2017-03-30,2.6907498836517334,2.75,2.684999942779541,2.734999895095825,2.691303014755249,525532000,0.019190846034158104,2.597237491607666,2.674329996109009,59.15525049789073,0.025013457441428688,0.006856323740333888,0.0181571337010948,2.8037592050220077,2.597237491607666,2.390715778193324,15.903182830346928
2017-03-31,2.725250005722046,2.7472500801086426,2.7100000381469727,2.723249912261963,2.6797409057617188,440808000,-0.004296100784690671,2.610362482070923,2.6762149953842163,57.807633120950435,0.027537532965603795,0.01099256558538787,0.016544967380215925,2.81386241129652,2.610362482070923,2.4068625528453262,15.59169890184376
2017-04-03,2.723750114440918,2.7412500381469727,2.685499906539917,2.7095000743865967,2.666210889816284,445232000,-0.005049001534567665,2.6237499833106996,2.6783999967575074,56.19434857223557,0.028104413811118167,0.014414935230533929,0.013689478580584238,2.8160386787707226,2.6237499833106996,2.4314612878506767,14.657547150692249
2017-04-04,2.5850000381469727,2.6105000972747803,2.508500099182129,2.5195000171661377,2.4792468547821045,1271280000,-0.07012349838802978,2.6262999892234804,2.6762449979782104,39.70477664600452,0.01307157328433517,0.014146262841294178,-0.0010746895569590086,2.8115080495990283,2.6262999892234804,2.4410919288479325,14.10410548189573
2017-04-05,2.500499963760376,2.5592501163482666,2.487499952316284,2.500750064849853,2.460796356201172,747048000,-0.007441977205837502,2.628137493133545,2.672595000267029,38.504022856232744,-0.00035097971526187877,0.011246814329982967,-0.011597794045244846,2.8075053232494147,2.628137493133545,2.448769663017675,13.649805657770855
2017-04-06,2.50600004196167,2.53125,2.460249900817871,2.5190000534057617,2.478754997253418,635120000,0.00729789809993453,2.630912494659424,2.669079999923706,40.393543434131814,-0.009407385631110543,0.007115974337764265,-0.016523359968874808,2.801508839212611,2.630912494659424,2.460316150106237,12.968606511960107
2017-04-07,2.525500059127808,2.54325008392334,2.493000030517578,2.508249998092652,2.46817684173584,429068000,-0.004267527661789616,2.632424998283386,2.66441999912262,39.62127871823335,-0.017253207947637073,0.002242137880683998,-0.01949534582832107,2.7980351699649817,2.632424998283386,2.4668148266017904,12.582327837609098
2017-04-10,2.509000062942505,2.515749931335449,2.440000057220459,2.4442501068115234,2.4051992893218994,756332000,-0.025515818538208612,2.6273249983787537,2.6574200010299682,35.29494540596748,-0.028309006412383653,-0.003868090977929532,-0.02444091543445412,2.808762107247376,2.6273249983787537,2.4458878895101313,13.811546647680206
2017-04-11,2.413749933242798,2.4725000858306885,2.408750057220459,2.453000068664551,2.413809537887573,618148000,0.003579848291116461,2.622749996185303,2.651470003128052,36.318744432553125,-0.03595034436187383,-0.010284541654718392,-0.02566580270715544,2.8165064045315633,2.622749996185303,2.4289935878390425,14.775057373220646
2017-04-12,2.453000068664551,2.4674999713897705,2.427500009536743,2.43274998664856,2.393883228302002,414092000,-0.008255129194248312,2.616199994087219,2.6455350017547605,34.94085202984108,-0.04314284822258596,-0.016856202968291906,-0.026286645254294055,2.8257083164883205,2.616199994087219,2.4066916716861178,16.01623139474075
2017-04-13,2.408250093460083,2.4302499294281006,2.3872499465942383,2.3872499465942383,2.3491101264953613,506892000,-0.01870312690164022,2.6057999968528747,2.636304998397827,32.00290750212436,-0.05191597725485497,-0.02386815782560452,-0.028047819429250453,2.837870979255494,2.6057999968528747,2.373729014450255,17.8118798589992
2017-04-17,2.40024995803833,2.4809999465942383,2.3949999809265137,2.48075008392334,2.441115379333496,497292000,0.03916600239402035,2.59724999666214,2.6282250022888185,42.67064476888938,-0.05073917591479704,-0.029242361443443027,-0.021496814471354014,2.8344624432886536,2.59724999666214,2.3600375500356265,18.266431566569832
2017-04-18,2.466249942779541,2.4885001182556152,2.440000057220459,2.482249975204468,2.442591667175293,370116000,0.0006047595514309112,2.5845499992370606,2.6206800031661985,42.82560340067161,-0.04911930688902322,-0.03321775053255907,-0.015901556356464147,2.81779962976101,2.5845499992370606,2.3513003687131113,18.049535168041075
2017-04-19,2.5,2.524499893188477,2.4852499961853027,2.492000102996826,2.452186346054077,380828000,0.0039280732050805955,2.5767625093460085,2.611865005493164,43.88738317675035,-0.04651262658181521,-0.0358767257424103,-0.01063590083940491,2.8114475350532246,2.5767625093460085,2.3420774836387923,18.215495208115247
2017-04-20,2.5067501068115234,2.536250114440918,2.4852499961853027,2.531500101089477,2.4910552501678467,404016000,0.0158507138645132,2.5682500123977663,2.602930006980896,48.09300481220767,-0.040789300264425954,-0.03685924064681343,-0.003930059617612523,2.79644416531967,2.5682500123977663,2.3400558594758625,17.770400219631068
2017-04-21,2.5209999084472656,2.544749975204468,2.509000062942505,2.5420000553131104,2.501387357711792,341896000,0.004147683012349468,2.5614875197410583,2.5944650077819826,49.18331733630049,-0.03500277417724229,-0.0364879473528992,0.001485173175656912,2.784313152875234,2.5614875197410583,2.3386618866068827,17.398143181794705
2017-04-24,2.5739998817443848,2.586999893188477,2.5527501106262207,2.5737500190734863,2.532630443572998,371820000,0.012490302937241404,2.5558375239372255,2.5877500104904176,52.436717207094475,-0.027537518462214194,-0.03469786157476221,0.007160343112548012,2.771280120019023,2.5558375239372255,2.340394927855428,16.858864780255033
2017-04-25,2.588500022888184,2.633249998092652,2.5667500495910645,2.618499994277954,2.57666540145874,388440000,0.01738704436625893,2.551450026035309,2.5833100080490112,56.64941535510838,-0.017805054926012254,-0.03131930024501221,0.01351424531899996,2.757845396552118,2.551450026035309,2.3450546555185,16.178672394969546
2017-04-26,2.6322500705718994,2.6347498893737797,2.5985000133514404,2.6005001068115234,2.5589535236358643,327004000,-0.006873953371224761,2.546862530708313,2.5811300086975097,54.55629099781813,-0.01141288728185419,-0.02733801765238061,0.01592513037052642,2.7444254910942516,2.546862530708313,2.349299570322374,15.514222538818705
2017-04-27,2.6080000400543213,2.649499893188477,2.589750051498413,2.6410000324249268,2.598805904388428,319700000,0.015573702446904925,2.544737529754639,2.579560008049011,58.2905400943263,-0.003043954038417951,-0.022479204929588083,0.019435250891170132,2.7372251195587602,2.544737529754639,2.3522499399505175,15.12828632056846
2017-04-28,2.634000062942505,2.6410000324249268,2.601749897003174,2.6075000762939453,2.5658421516418457,348248000,-0.012684191878631235,2.5383625388145448,2.5772100114822387,54.31476238473669,0.000875230253408521,-0.017808317892988763,0.018683548146397284,2.7128239503278926,2.5383625388145448,2.363901127301197,13.745980634809088
2017-05-01,2.618499994277954,2.671250104904175,2.6112499237060547,2.6659998893737797,2.623405694961548,307732000,0.02243456141012734,2.5355000376701353,2.576905007362366,59.508529662984266,0.008602493858747895,-0.012526155542641432,0.021128649401389327,2.6992852596394017,2.5355000376701353,2.371714815700869,12.919362613756316
2017-05-02,2.6387500762939453,2.640000104904175,2.563999891281128,2.586999893188477,2.545668125152588,629972000,-0.029632309618851882,2.5293750286102297,2.5750300073623658,51.06561433133797,0.008256589650328827,-0.008369606504047382,0.01662619615437621,2.674808107584039,2.5293750286102297,2.3839419496364203,11.499526747025563
2017-05-03,2.5799999237060547,2.615999937057495,2.565000057220459,2.606250047683716,2.564610481262207,336904000,0.007441015552050345,2.5337125301361083,2.5716200065612793,52.822096262240265,0.009427114749902099,-0.004810262253257485,0.014237377003159584,2.6828365567822523,2.5337125301361083,2.3845885034899643,11.771187526008188
2017-05-04,2.612499952316284,2.6237499713897705,2.588249921798706,2.596250057220459,2.554770946502685,209788000,-0.003836658561373163,2.5384875297546388,2.568165006637573,51.78227023753338,0.009439041275291604,-0.0019604015475476674,0.011399442822839272,2.6891913998872523,2.5384875297546388,2.387783659622025,11.87351668000355
2017-05-05,2.5845000743865967,2.603749990463257,2.5687499046325684,2.5964999198913574,2.555016279220581,228428000,9.602924216434161e-05,2.5423625230789186,2.5698500061035157,51.80779773835836,0.00936075006209025,0.0003038287743799162,0.009056921287710334,2.694837863101101,2.5423625230789186,2.3898871830567363,11.994775618193714
2017-05-08,2.6085000038146973,2.609999895095825,2.55774998664856,2.5692501068115234,2.5282015800476074,365240000,-0.010494923023016356,2.545412528514862,2.5705050086975096,48.77498551174542,0.007018961315325534,0.0016468552825690398,0.0053721060327564935,2.6974762478625447,2.545412528514862,2.393348809167179,11.948060885549692
2017-05-09,2.575000047683716,2.6232500076293945,2.566499948501587,2.573499917984009,2.532383680343628,847672000,0.0016541799233991128,2.5518750190734862,2.5697700071334837,49.27372545132501,0.0054432546549492145,0.002406135157045075,0.0030371194979041394,2.697020920777362,2.5518750190734862,2.4067291173696104,11.375627773226467
2017-05-10,2.857249975204468,3.0455000400543213,2.8505001068115234,3.032249927520752,2.983804702758789,2129096000,0.17825933167990815,2.5808375120162963,2.579675006866455,76.20534894861645,0.040742137608811735,0.010073335647398407,0.030668801961413326,2.8296522787827643,2.5808375120162963,2.3320227452498283,19.281707244876472
2017-05-11,3.001250028610229,3.2607500553131104,2.9977500438690186,3.1624999046325684,3.111973762512207,1939792000,0.042954909091373894,2.617325007915497,2.5915300035476685,79.52860140002359,0.07832397128689639,0.023723462775298,0.05460050851159839,2.9635383575945418,2.617325007915497,2.271111658236452,26.45551077011853
2017-05-12,3.165750026702881,3.240000009536743,3.1445000171661377,3.1972498893737797,3.1461682319641118,962620000,0.010988032696104932,2.657825005054474,2.605975003242493,80.31838195841124,0.10964792555777825,0.04090835533179406,0.06873957022598419,3.0701093138529547,2.657825005054474,2.2455406962559934,31.02418767333635
2017-05-15,3.239000082015991,3.3602499961853027,3.234499931335449,3.357749938964844,3.304104804992676,1087540000,0.05019965919939584,2.701674997806549,2.623914999961853,83.4871239632358,0.14574335892191304,0.06187535604981786,0.08386800287209517,3.205654105416359,2.701674997806549,2.197695890196739,37.30864060399445
2017-05-16,3.4094998836517334,3.436000108718872,3.3340001106262207,3.420249938964844,3.365606546401977,1120700000,0.01861373807403721,2.748574995994568,2.6434849977493284,84.53151557668474,0.17734811886336477,0.08496990861252723,0.09237821025083753,3.3306720864274104,2.748574995994568,2.166477905561725,42.35628216665863
2017-05-17,3.352499961853028,3.371500015258789,3.188750028610229,3.193000078201294,3.1419870853424072,1271368000,-0.06644254400403149,2.783624994754791,2.657975001335144,67.75225862927334,0.181960427715405,0.10436801243310279,0.07759241528230221,3.3838412962941153,2.783624994754791,2.183408693215467,43.12479609647974
2017-05-18,3.237499952316284,3.335750102996826,3.1762499809265137,3.3267500400543213,3.2736003398895264,1156032000,0.04188854090492744,2.8233874917030333,2.6752300024032594,71.35606517915556,0.19416994952547384,0.12232839985157701,0.07184154967389683,3.4560160988213675,2.8233874917030333,2.190758884584699,44.81344547834207
2017-05-19,3.4257500171661377,3.4554998874664307,3.380500078201294,3.400000095367432,3.349202871322632,1018372000,0.023094612531613157,2.86628749370575,2.6939600038528444,73.12728585856468,0.2073663604896736,0.13933599197919633,0.06803036851047728,3.5322589307257326,2.86628749370575,2.200316056685767,46.469269986519414
2017-05-22,3.4442501068115234,3.486999988555908,3.4332499504089355,3.4725000858306885,3.4206197261810303,836608000,0.02132353804838205,2.91122499704361,2.71385000705719,74.78895846725898,0.22112575452433925,0.15569394448822493,0.06543181003611431,3.612526319342965,2.91122499704361,2.2099236747442554,48.17912205422364
2017-05-23,3.492500066757202,3.494750022888184,3.392750024795532,3.4257500171661377,3.374568223953247,681248000,-0.013462911961627966,2.9515874981880192,2.7314400053024293,71.70973618790424,0.22565660472043092,0.16968647653466612,0.0559701281857648,3.6734715833996834,2.9515874981880192,2.229703412976355,48.914971055733844
2017-05-24,3.5239999294281006,3.526750087738037,3.45199990272522,3.464250087738037,3.4124929904937744,815996000,0.01123840563403955,2.994774997234345,2.7498350048065188,72.70635493137003,0.2297060615895381,0.18169039354564054,0.048015668043897564,3.7306881083109804,2.994774997234345,2.2588618861577094,49.146470887211656
2017-05-25,3.5,3.500750064849853,3.4110000133514404,3.4565000534057617,3.4048593044281006,608228000,-0.002236982196575643,3.0355499982833867,2.767690005302429,72.15530984583403,0.22964274373011584,0.1912808635825356,0.03836188014758024,3.7788698248495924,3.0355499982833867,2.292230171717181,48.97430956410242
2017-05-26,3.4482500553131104,3.631999969482422,3.4277501106262207,3.5460000038146973,3.4930214881896973,779140000,0.02589304751798105,3.082474994659424,2.786705007553101,74.55381821571149,0.2341157215796561,0.1998478351819597,0.0342678863976964,3.8302604170321795,3.082474994659424,2.3346895722866687,48.5185069574507
2017-05-30,3.5924999713897705,3.657249927520752,3.5762500762939453,3.6217501163482666,3.5676400661468506,989652000,0.021362186923111537,3.1302625060081484,2.8061050081253054,76.40624513170837,0.24099494999345872,0.2080772581442595,0.03291769184919921,3.8875746488261202,3.1302625060081484,2.3729503631901765,48.38649419110415
2017-05-31,3.667249917984009,3.674999952316284,3.5512499809265137,3.608750104904175,3.5548341274261475,887316000,-0.0035894704856069826,3.1813500165939335,2.8235550117492676,75.39189416431769,0.24260123971820935,0.2149820544590495,0.02761918525915985,3.9228654715037177,3.1813500165939335,2.4398345616841493,46.61640190749442
2017-06-01,3.6247498989105225,3.6257500648498535,3.562999963760376,3.608999967575073,3.555079460144043,503340000,6.901382992885452e-05,3.231487512588501,2.8427800130844116,75.3986543804238,0.24111497439119667,0.22020863844547894,0.020906335945717724,3.945783667637911,3.231487512588501,2.5171913575390907,44.20850473763653
2017-06-02,3.6059999465942383,3.632499933242798,3.5850000381469727,3.5910000801086426,3.537350416183472,487456000,-0.00498696137718746,3.28122501373291,2.860565013885498,73.82524978675728,0.23576688404489143,0.22332028756536146,0.012446596479529975,3.9486590953758114,3.28122501373291,2.6137909320900086,40.68200619277798
2017-06-05,3.57450008392334,3.713249921798706,3.562750101089477,3.7002499103546143,3.64496660232544,817376000,0.030422823153064105,3.336412513256073,2.881025013923645,76.96694485452457,0.23760506884681076,0.22617724382165133,0.011427825025159433,3.9484846453569626,3.336412513256073,2.724340381155183,36.69043499081929
2017-06-06,3.695499897003174,3.7422499656677246,3.670000076293945,3.683500051498413,3.628467321395874,758728000,-0.004526593170713689,3.3921250104904175,2.90096001625061,75.47126657389,0.2350013209754911,0.2279420592524193,0.00705926172307178,3.910394328288075,3.3921250104904175,2.87385569269276,30.55720624651912
2017-06-07,3.708250045776367,3.746999979019165,3.692500114440918,3.7279999256134033,3.672301769256592,612612000,0.01208070625364055,3.449850010871887,2.921395015716553,76.76320687167282,0.23383311734787027,0.22912027087150952,0.004712846476360749,3.829069428096054,3.449850010871887,3.07063059364772,21.984690118648164
2017-06-08,3.8364999294281006,4.0,3.794749975204468,3.998500108718872,3.9387612342834473,1161744000,0.0725592507831394,3.4981625199317934,2.9475200176239014,82.72093850063024,0.2518314554104508,0.2336625077792978,0.01816894763115301,3.8979079293159535,3.4981625199317934,3.0984171105476332,22.8545933533102
2017-06-09,4.118500232696533,4.212500095367432,3.5687499046325684,3.740000009536743,3.684123516082764,3692928000,-0.0646491886800058,3.527037525177002,2.968650016784668,65.45074596482286,0.24244175275651392,0.23541835677474104,0.007023395981772873,3.9086453403824146,3.527037525177002,3.145429709971589,21.638999442528586
2017-06-12,3.6470000743865967,3.7925000190734863,3.5527501106262207,3.7492499351501465,3.693235158920288,1697532000,0.002473218608916916,3.5546375274658204,2.9889350175857543,65.72648772785448,0.23306016493975257,0.23494671840774337,-0.001886553467990798,3.916163706606359,3.5546375274658204,3.193111348325282,20.34109955499617
2017-06-13,3.859999895095825,3.869250059127808,3.641249895095825,3.785000085830689,3.7284512519836426,1672504000,0.009535296710878827,3.5760000348091125,3.010170021057129,66.8284186458646,0.22590582565111061,0.23313853985641683,-0.007232714205306218,3.9389548370670844,3.5760000348091125,3.2130452325511407,20.2994853873007
2017-06-14,3.788000106811523,3.8515000343322754,3.712500095367432,3.7929999828338623,3.7363317012786874,1184640000,0.002113598586236609,3.5946375370025634,3.0318400192260744,67.08345448243143,0.21836431713005044,0.23018369531114358,-0.011819378181093132,3.961942505043467,3.5946375370025634,3.2273325689616597,20.436272879250346
2017-06-15,3.674000024795532,3.839999914169312,3.662499904632568,3.8092501163482666,3.752339124679565,963824000,0.0042842618591383275,3.625450038909912,3.057635021209717,67.6279107291903,0.21126355253344498,0.22639966675560386,-0.01513611422215888,3.954181662932583,3.625450038909912,3.296718414887241,18.134665792912877
2017-06-16,3.819000005722046,3.867500066757202,3.75600004196167,3.7904999256134033,3.7338693141937256,924960000,-0.004922212484570365,3.648637533187866,3.0834300184249877,66.26592536544146,0.20179697186456647,0.2214791277773964,-0.01968215591282993,3.954444328772797,3.648637533187866,3.3428307376029354,16.76279393627479
2017-06-19,3.835249900817871,3.9382500648498535,3.8315000534057617,3.933000087738037,3.874239683151245,778176000,0.037593808766665626,3.6752875328063963,3.111710019111633,71.03952982105268,0.20344798886767146,0.21787289999545142,-0.014424911127779966,3.98267198865303,3.6752875328063963,3.3679030769597627,16.72709702861911
2017-06-20,3.975749969482422,4.043499946594238,3.92300009727478,3.9272499084472656,3.868575572967529,1095444000,-0.0014619927126214849,3.6980250239372254,3.1400900173187254,70.6053536616885,0.20196432134699194,0.21469118426575953,-0.012726862918767595,4.00929610788491,3.6980250239372254,3.3867539399895414,16.83444984459727
2017-06-21,3.955250024795532,3.990499973297119,3.892499923706055,3.986749887466431,3.9271862506866455,682652000,0.015150454376197553,3.72607501745224,3.170940012931824,72.47965686961082,0.20324675313890594,0.21240229804038882,-0.009155544901482876,4.035248355013469,3.72607501745224,3.416901679891011,16.595121467663354
2017-06-22,3.994999885559082,4.008500099182129,3.934999942779541,3.959249973297119,3.900097608566284,469132000,-0.006897722794691807,3.750825011730194,3.201065011024475,70.25010392775533,0.19974157973001683,0.20987015437831444,-0.010128574648297611,4.051327186488377,3.750825011730194,3.4503228369720107,16.023257487001057
2017-06-23,3.9670000076293945,3.983000040054321,3.830499887466431,3.845750093460083,3.7882936000823975,1088588000,-0.028666977010605388,3.77028751373291,3.2293250131607056,61.80039654780311,0.18566498245992724,0.20502911999463702,-0.01936413753470978,4.040959121234186,3.77028751373291,3.4996159062316345,14.358141468807379
2017-06-26,3.878999948501587,3.9149999618530273,3.708250045776367,3.8037500381469727,3.746920108795166,1063960000,-0.010921405692085662,3.783175015449524,3.2576550149917605,58.97361907040596,0.1691700373662477,0.1978573034689592,-0.028687266102711495,4.033697946520338,3.783175015449524,3.53265208437871,13.244057176722833
2017-06-27,3.78600001335144,3.794749975204468,3.658750057220459,3.6644999980926514,3.609750747680664,999492000,-0.03660856306824467,3.7853125095367433,3.2813300132751464,50.69438159129043,0.1432105183584187,0.1869279464468511,-0.0437174280884324,4.0309720621850795,3.7853125095367433,3.539652956888407,12.979618038374365
2017-06-28,3.733000040054321,3.798500061035156,3.643749952316284,3.793750047683716,3.73707127571106,994948000,0.03527127963397536,3.79456250667572,3.3075600147247313,56.76199962802037,0.1315503804323881,0.1758524332439585,-0.0443020528115704,4.026480052116263,3.79456250667572,3.562644961235178,12.223677698418891
2017-06-29,3.765000104904175,3.767999887466431,3.601999998092652,3.6670000553131104,3.612214803695679,1064424000,-0.03341024636775869,3.797462511062622,3.331060013771057,50.23344964541749,0.11080468459830017,0.16284288351482684,-0.05203819891652667,4.02133714651162,3.797462511062622,3.573587875613624,11.7907489433702
2017-06-30,3.684499979019165,3.6982500553131104,3.587500095367432,3.614000082015991,3.5600059032440186,731060000,-0.01445343183861747,3.7986125111579896,3.3527100133895873,47.75982301393604,0.08906028475474814,0.1480863637628111,-0.05902607900806295,4.018432682870681,3.7986125111579896,3.5787923394452985,11.573708614237145
2017-07-03,3.6262500286102295,3.641249895095825,3.4644999504089355,3.48324990272522,3.4312093257904053,709072000,-0.03617875389932601,3.7877625107765196,3.3715350103378294,42.23447575174015,0.0605789282985163,0.13058487666995214,-0.07000594837143584,4.044288713279945,3.7877625107765196,3.5312363082730944,13.544999285123374
2017-07-05,3.547499895095825,3.6054999828338623,3.528249979019165,3.5762500762939453,3.522819995880127,820188000,0.02669923673881902,3.7824000120162964,3.391585011482239,46.936838621160646,0.04499293434201057,0.11346648820436384,-0.06847355386235326,4.051591462296984,3.7824000120162964,3.513208561735609,14.233896437473245
2017-07-06,3.546750068664551,3.634500026702881,3.49399995803833,3.586999893188477,3.533409833908081,746284000,0.003006068445262189,3.77535001039505,3.4109550094604493,47.46914768213211,0.033126480774032796,0.09739848671829764,-0.06427200594426484,4.056969601723917,3.77535001039505,3.493730419066183,14.918860002566955
2017-07-07,3.6445000171661377,3.6875,3.621249914169312,3.6689999103546143,3.6141836643218994,654972000,0.02286002309686208,3.758875000476837,3.432325005531311,51.46851997742497,0.02999320392606064,0.08391743015985025,-0.053924226233789604,4.0244437597320495,3.758875000476837,3.4933062412216245,14.13022562450326
2017-07-10,3.743499994277954,3.849999904632568,3.7170000076293945,3.8424999713897705,3.785091400146485,958492000,0.04728806051328638,3.7639999985694885,3.4563550043106077,58.643089474342695,0.04103701520836234,0.07534134716955267,-0.03430433196119033,4.031860181437332,3.7639999985694885,3.4961398157016452,14.23274085917342
2017-07-11,3.846250057220459,3.904750108718872,3.8037500381469727,3.8970000743865967,3.838777780532837,757956000,0.014183641743571673,3.771387505531311,3.482145004272461,60.61283191239558,0.053569502176198824,0.0709869781708819,-0.017417475994683074,4.0452945475891,3.771387505531311,3.4974804634735226,14.525531606394853
2017-07-12,3.9574999809265137,4.074999809265137,3.9140000343322754,4.062749862670898,4.002051830291748,1145208000,0.042532821406569665,3.7852749943733217,3.5100800037384032,65.92781282402514,0.07600012889816643,0.0719896083163388,0.004010520581827631,4.087260031198999,3.7852749943733217,3.483289957547645,15.95577796987363
2017-07-13,4.074999809265137,4.15749979019165,3.96875,4.015749931335449,3.955753326416016,1369132000,-0.0115686917209058,3.796412491798401,3.5386550045013427,63.31861340594838,0.08895860113621712,0.07538340688031447,0.013575194255902645,4.1147057391273805,3.796412491798401,3.478119244469421,16.76810662785491
2017-07-14,4.032249927520752,4.125249862670898,4.02524995803833,4.12375020980835,4.062139987945557,941948000,0.02689415965831432,3.812137496471405,3.5690050077438356,66.59065558711734,0.10671288392299827,0.08164930228885124,0.025063581634147028,4.161019315448748,3.812137496471405,3.4632556774940633,18.303737433409708
2017-07-17,4.158249855041504,4.1875,4.043749809265137,4.106249809265137,4.044900417327881,930792000,-0.004243962706562132,3.8279249906539916,3.599205002784729,65.5699840026127,0.11801078994995873,0.08892159982107276,0.029089190128885972,4.1993120089186675,3.8279249906539916,3.4565379723893157,19.40409068471456
2017-07-18,4.04449987411499,4.163750171661377,4.03249979019165,4.14900016784668,4.087011814117432,776640000,0.010410984806733525,3.8387249946594237,3.6302550077438354,66.90448331905179,0.1289278584339968,0.09692285154365757,0.03200500689033922,4.233530586901829,3.8387249946594237,3.4439194024170185,20.569621048221663
2017-07-19,4.158249855041504,4.184999942779541,4.115250110626221,4.127500057220459,4.0658345222473145,687044000,-0.005181607696108537,3.8487375020980834,3.661420006752014,65.52886052538602,0.13429674533382663,0.10439763030169139,0.029899115032135243,4.261752428855261,3.8487375020980834,3.4357225753409057,21.462358840114636
2017-07-20,4.148250102996826,4.187749862670898,4.097750186920166,4.1875,4.124937534332275,699596000,0.014536502103458249,3.858775007724762,3.693700008392334,67.53497063835576,0.14175901118552225,0.11186990647845757,0.029889104707064684,4.293885161526476,3.858775007724762,3.4236648539230474,22.55172446855185
2017-07-21,4.166749954223633,4.232500076293945,4.152249813079834,4.202499866485596,4.139713764190674,648332000,0.0035821705748060317,3.870937502384186,3.717105007171631,68.0357936708327,0.14718659900908548,0.11893324498458316,0.028253354024502325,4.329565295698838,3.870937502384186,3.412309709069534,23.695954431306344
2017-07-24,4.209750175476074,4.2195000648498535,4.14300012588501,4.153749942779541,4.091691017150879,652524000,-0.01160049940051433,3.886337494850159,3.7369300079345704,64.55050032845426,0.14587275966912605,0.12432114792149174,0.021551611747634314,4.360953663879062,3.886337494850159,3.4117213258212553,24.424856032592338
2017-07-25,4.130499839782715,4.148250102996826,4.089499950408936,4.133749961853027,4.071990489959717,496556000,-0.004814764142400896,3.9028374910354615,3.7556600093841555,63.12186293373733,0.14158559065742304,0.127774036468678,0.013811554188745051,4.387657000308719,3.9028374910354615,3.4180179817622043,24.8444630547315
2017-07-26,4.191999912261963,4.2482500076293945,4.146249771118164,4.18149995803833,4.119027614593506,640404000,0.011551383715106445,3.9286874890327455,3.772135009765625,65.10742671933752,0.14042230305725312,0.13030368978639303,0.010118613270860083,4.415048125783805,3.9286874890327455,3.4423268522816857,24.759446410984612
2017-07-27,4.20674991607666,4.218500137329102,3.938999891281128,4.043499946594238,3.983088493347168,782856000,-0.033002721507550126,3.9411749839782715,3.784600009918213,55.763022087489134,0.12690209330594193,0.12962337049030281,-0.002721277184360882,4.425858051897438,3.9411749839782715,3.4564919160591048,24.595866455537152
2017-07-28,4.00724983215332,4.134500026702881,3.982000112533569,4.109749794006348,4.048348426818848,513348000,0.01638425397293619,3.9633124709129333,3.802935004234314,58.818726368371834,0.12014804678943092,0.12772830575012845,-0.007580258960697528,4.436182979646453,3.9633124709129333,3.490441962179413,23.862388454302028
2017-07-31,4.123499870300293,4.159999847412109,4.015500068664551,4.062749862670898,4.002051830291748,559672000,-0.011435921923222181,3.9857499599456787,3.8176550006866456,55.87021220751292,0.10973792412108141,0.12413022942431905,-0.014392305303237637,4.432030683641054,3.9857499599456787,3.5394692362503033,22.393814372713823
2017-08-01,4.053249835968018,4.113999843597412,4.025000095367432,4.112249851226807,4.050809860229492,431384000,0.012183257989986984,4.017199957370758,3.831899995803833,58.24429562338624,0.10427998750935696,0.12016018104132664,-0.015880193531969677,4.401789684206296,4.017199957370758,3.6326102305352213,19.14715378456042
2017-08-02,4.143750190734863,4.147749900817871,4.031750202178955,4.109749794006348,4.048348426818848,478444000,-0.0006076398289661666,4.0438749432563785,3.844644989967346,58.0743624687532,0.09861601565626765,0.11585134796431484,-0.01723533230804719,4.37233920832545,4.0438749432563785,3.7154106781873066,16.24502585654007
2017-08-03,4.109250068664551,4.165750026702881,4.0920000076293945,4.162000179290772,4.099819660186768,442420000,0.012714131280534335,4.072624957561493,3.859369993209839,60.657853762729125,0.09722272353586625,0.11212562307862514,-0.01490289954275889,4.328801209661322,4.072624957561493,3.8164487054616623,12.580399853622518
2017-08-04,4.184999942779541,4.2517499923706055,4.162000179290772,4.18025016784668,4.117796421051025,589096000,0.00438476868600568,4.0981874704360965,3.8736899948120116,61.549087785316566,0.09647900117778008,0.10899629869845615,-0.012517297520676068,4.279147425435247,4.0981874704360965,3.917227515436946,8.831218986665547
2017-08-07,4.209750175476074,4.309249877929688,4.199999809265137,4.308750152587891,4.244376182556152,717412000,0.030739684181088966,4.1214999794960026,3.890734996795654,67.18574273957888,0.10504754795717908,0.10820654855020073,-0.0031590005930216547,4.283872151335578,4.1214999794960026,3.9591278076564267,7.879275634956162
2017-08-08,4.347249984741211,4.363999843597412,4.217750072479248,4.257500171661377,4.193892478942871,755336000,-0.011894257587431345,4.139524984359741,3.904965000152588,63.20605667320459,0.1064753562379872,0.10786031008775804,-0.0013849538497708314,4.276215466696762,4.139524984359741,4.00283450202272,6.604162692747348
2017-08-09,4.210750102996826,4.30525016784668,4.1917500495910645,4.302750110626221,4.238465785980225,530784000,0.010628147302572,4.151524996757507,3.918585000038147,65.16788290208879,0.10999029681714934,0.1082863074336363,0.0017039893835130299,4.300715784939002,4.151524996757507,4.002334208576012,7.1872764007452
2017-08-10,4.303999900817871,4.316500186920166,4.108250141143799,4.118500232696533,4.05696964263916,1328088000,-0.04282118872857432,4.156662511825561,3.928780002593994,52.81852528422701,0.09679272100509717,0.1059875901479285,-0.009194869142831325,4.293349996124972,4.156662511825561,4.019975027526151,6.576790100737763
2017-08-11,3.928499937057495,3.974999904632568,3.8227500915527344,3.8989999294281006,3.840747833251953,1497196000,-0.053296383368190425,4.145424997806549,3.934580001831055,42.48862688065475,0.06783969330181883,0.09835801077870657,-0.03051831747688774,4.322172554586049,4.145424997806549,3.9686774410270482,8.527355186646588
2017-08-14,3.9917500019073486,4.213749885559082,3.9800000190734863,4.210000038146973,4.147100448608398,1279020000,0.07976379305721237,4.1506125092506405,3.946960000991821,55.70646011920125,0.06919172080187419,0.0925247527833401,-0.023333031981465913,4.3285425680241225,4.1506125092506405,3.972682450477158,8.573677180267838
2017-08-15,4.215250015258789,4.2417497634887695,4.139750003814697,4.174499988555908,4.112133026123047,764532000,-0.008431776109277811,4.151887500286103,3.956445002555847,54.17584730054948,0.06663057918010207,0.0873459180626925,-0.02071533888259043,4.330118265899462,4.151887500286103,3.9736567346727436,8.585529622422456
2017-08-16,4.1897501945495605,4.213500022888184,4.0960001945495605,4.128749847412109,4.067065715789795,596632000,-0.010959594460333344,4.151949989795685,3.965349998474121,52.18581371628494,0.06021507999282516,0.08191975044871905,-0.021704670455893887,4.330147382906853,4.151949989795685,3.9737525966845157,8.58379284669263
2017-08-17,4.120250225067139,4.137499809265137,4.0345001220703125,4.036749839782715,3.9764397144317623,525444000,-0.022282895751153053,4.144412481784821,3.9715249967575073,48.340383837755695,0.047163448055232315,0.0749684899700217,-0.027805041914789386,4.328609411919548,4.144412481784821,3.9602155516500934,8.888928452189285
2017-08-18,4.091750144958496,4.109000205993652,3.990999937057495,4.037499904632568,3.9771783351898193,601204000,0.00018574926595182895,4.1361624836921695,3.9723049926757814,48.37378475229259,0.03646016953881226,0.06726682588377982,-0.030806656344967556,4.323958889875394,4.1361624836921695,3.9483660775089455,9.080707391146136
2017-08-21,4.062250137329102,4.073750019073486,3.9342501163482666,3.978749990463257,3.919306755065918,623672000,-0.014550914051768116,4.127412486076355,3.9770799922943114,45.87201079578896,0.02297230667011796,0.05840792204104745,-0.03543561537092949,4.327049945496439,4.127412486076355,3.9277750266562705,9.673734335666836
2017-08-22,4.012249946594238,4.06974983215332,3.9927499294281006,4.06374979019165,4.006560325622559,450456000,0.02226250100068361,4.1239124774932865,3.9833699893951415,49.908444869751406,0.01892371087759326,0.05051107980835661,-0.03158736893076335,4.325428407416945,4.1239124774932865,3.9223965475696274,9.773045913241592
2017-08-23,4.03000020980835,4.15625,4.021249771118164,4.144999980926514,4.086666584014893,579520000,0.01999377318245843,4.122087478637695,3.990569987297058,53.479614234313765,0.022017575989050187,0.04481237904449533,-0.022794803055445144,4.322140023002444,4.122087478637695,3.922034934272947,9.70637063873586
2017-08-24,4.177499771118164,4.182000160217285,4.103000164031982,4.129749774932861,4.071630954742432,469700000,-0.003679191576644203,4.126399970054626,3.997304983139038,52.7198892206138,0.02297409118526783,0.04044472147264983,-0.017470630287382,4.32318201267105,4.126399970054626,3.9296179274382026,9.537710548879181
2017-08-25,4.154250144958496,4.164500236511231,4.088749885559082,4.095250129699707,4.0376176834106445,357200000,-0.008353721570018569,4.125674986839295,4.003024983406067,50.95633056577424,0.020709576221422665,0.0364976924224044,-0.015788116200981736,4.322803591389678,4.125674986839295,3.928546382288911,9.556186814483171
2017-08-28,4.114500045776367,4.127500057220459,4.058249950408936,4.1242499351501465,4.06620979309082,389496000,0.007081430665823563,4.128749990463257,4.009699983596802,52.39780691053515,0.02101275181307294,0.03340070430053811,-0.012387952487465173,4.32376372343346,4.128749990463257,3.9337362574930537,9.446623477839704
2017-08-29,4.0647501945495605,4.139500141143799,4.05649995803833,4.117499828338623,4.059553146362305,324096000,-0.00163706426063559,4.129012489318848,4.013389978408814,52.01458533862304,0.020472350929109595,0.03081503362625241,-0.010342682697142815,4.32395079426423,4.129012489318848,3.934074184373466,9.442369353430585
2017-08-30,4.137499809265137,4.153250217437744,4.106750011444092,4.142000198364258,4.083709716796875,384400000,0.005950549127855753,4.130625009536743,4.017684984207153,53.348264377307046,0.021770102250794565,0.029006047351160844,-0.007235945100366278,4.325432780635012,4.130625009536743,3.9358172384384744,9.432362930476557
2017-08-31,4.162499904632568,4.239999771118164,4.15500020980835,4.236000061035156,4.176387310028076,612684000,0.02269446157007815,4.134325003623962,4.022669987678528,58.1537559098951,0.030037331194513683,0.029212304119831414,0.0008250270746822698,4.334122921269602,4.134325003623962,3.934527085978323,9.665322270044356
2017-09-01,4.24875020980835,4.297500133514404,4.239999771118164,4.261499881744385,4.201526641845703,445432000,0.00601939665827067,4.1383874893188475,4.028714985847473,59.37624410916087,0.03820637283156003,0.03101111786217714,0.0071952549693828916,4.344945129019395,4.1383874893188475,3.9318298496182997,9.982518081434941
2017-09-05,4.209499835968018,4.214499950408936,4.089000225067139,4.147749900817871,4.089377403259277,695364000,-0.026692497310253693,4.130337476730347,4.034754981994629,52.06881258524503,0.03509714631565952,0.03182832355287362,0.0032688227627859015,4.321700198414985,4.130337476730347,3.938974755045709,9.266202714075762
2017-09-06,4.181000232696533,4.195000171661377,4.110000133514404,4.145249843597412,4.086913108825684,397672000,-0.0006026087080223119,4.124724960327148,4.0415849781036375,51.917578473622676,0.03206174039170495,0.03187500692063989,0.00018673347106506338,4.307219057299457,4.124724960327148,3.9422308633548395,8.848788645429305
2017-09-07,4.16225004196167,4.197249889373779,4.12375020980835,4.164500236511231,4.105894088745117,352868000,0.004644331654236611,4.117812466621399,4.05158498287201,53.04840698687428,0.030853841277552974,0.0316707737920225,-0.0008169325144695289,4.282405263681637,4.117812466621399,3.9532196695611614,7.994186155606241
2017-09-08,4.152750015258789,4.167749881744385,4.067749977111816,4.092249870300293,4.034659385681152,498856000,-0.017349376658114535,4.116499948501587,4.05755497932434,48.44340116267505,0.023792308868982204,0.030095080807414444,-0.00630277193843224,4.281468105097196,4.116499948501587,3.9515317919059774,8.014971877050943
2017-09-11,4.138500213623047,4.235750198364258,4.132999897003174,4.224999904632568,4.165541648864746,567444000,0.03243948266068997,4.132799947261811,4.06871497631073,56.00094178731101,0.028578378138130134,0.029791740273557583,-0.0012133621354274496,4.270803314209551,4.132799947261811,3.994796580314071,6.678444091598195
2017-09-12,4.25,4.25,4.17425012588501,4.240250110626221,4.180577278137207,411488000,0.0036095256127275377,4.134312450885773,4.081239976882935,56.784659959281875,0.033219008634669756,0.03047719394578002,0.0027418146888897356,4.276273415009488,4.134312450885773,3.9923514867620575,6.867452124635628
2017-09-13,4.214749813079834,4.28849983215332,4.182000160217285,4.259250164031982,4.1993088722229,580960000,0.00448062380849934,4.138549959659576,4.09675998210907,57.793357897065306,0.03799193982376092,0.0319801431213762,0.00601179670238472,4.289811217782553,4.138549959659576,3.9872887015365994,7.3098674462018165
2017-09-14,4.219749927520752,4.314000129699707,4.195000171661377,4.235000133514404,4.1754021644592285,513712000,-0.005693010085970895,4.143862473964691,4.109934983253479,55.99685073685976,0.0393639838784976,0.03345691127280048,0.005907072605697117,4.300733107747087,4.143862473964691,3.9869918401822955,7.571227798605385
2017-09-15,4.321499824523926,4.502749919891357,4.316249847412109,4.502749919891357,4.439383506774902,1364792000,0.06322297395988996,4.167162477970123,4.128249983787537,67.87194339888437,0.061349312078193385,0.03903539143387907,0.022313920644314318,4.381410585278335,4.167162477970123,3.952914370661911,10.282685565578177
2017-09-18,4.628499984741211,4.78000020980835,4.621500015258789,4.68874979019165,4.622766017913818,1684460000,0.041308102996521434,4.199724972248077,4.148644981384277,73.26878982459924,0.09271274334603419,0.04977086181631009,0.0429418815297241,4.504206787172937,4.199724972248077,3.8952431573232174,14.500083550084161
2017-09-19,4.637750148773193,4.746250152587891,4.615499973297119,4.683750152587891,4.61783504486084,874280000,-0.0010666715628414591,4.234974980354309,4.16546998500824,72.9142389844688,0.11582984526160889,0.06298265850536985,0.052847186756239034,4.588286471618911,4.234974980354309,3.881663489089707,16.685411030930958
2017-09-20,4.6875,4.735499858856201,4.605249881744385,4.645999908447266,4.5806169509887695,724920000,-0.008059641262736283,4.26408748626709,4.180449981689453,70.15380935200992,0.12961012107300274,0.07630815101889643,0.05330197005410631,4.650563285006218,4.26408748626709,3.877611687527961,18.127010760628686
2017-09-21,4.540999889373779,4.567500114440918,4.440249919891357,4.519000053405762,4.455402851104736,1075600000,-0.0273356408588159,4.282787489891052,4.189574985504151,61.69203270827607,0.1287985524766473,0.08680623131044661,0.04199232116620068,4.680436203029043,4.282787489891052,3.8851387767530614,18.56962149425286
2017-09-22,4.507500171661377,4.557750225067139,4.465000152587891,4.474999904632568,4.412024021148682,491232000,-0.00973623068569407,4.300049996376037,4.198759984970093,59.035242547084884,0.12318493498504068,0.09408197204536543,0.02910296293967525,4.699596660203871,4.300049996376037,3.9005033325482037,18.583349689634325
2017-09-25,4.443749904632568,4.445000171661377,4.254000186920166,4.275000095367432,4.214838027954102,874580000,-0.04469286482788515,4.309037494659424,4.201784982681274,48.75687475108946,0.10142858396066501,0.09555129442842536,0.005877289532239649,4.69769073149704,4.309037494659424,3.9203842578218073,18.03898143468509
2017-09-26,4.411250114440918,4.4670000076293945,4.258749961853027,4.298999786376953,4.238500118255615,1125620000,0.005613997535511395,4.317774987220764,4.205639982223511,49.88445132350503,0.08514163376328909,0.09346936229539811,-0.008327728532109016,4.697165058370435,4.317774987220764,3.938384916071093,17.573406315639165
2017-09-27,4.390500068664551,4.406750202178955,4.318749904632568,4.393249988555908,4.331423282623291,713720000,0.021923596030456016,4.331562495231628,4.210524978637696,54.15122399435007,0.07892946231508091,0.09056138229933466,-0.011631919984253752,4.700742277845206,4.331562495231628,3.9623827126180498,17.046032835494696
2017-09-28,4.4004998207092285,4.4045000076293945,4.343999862670898,4.392000198364258,4.330192565917969,435244000,-0.00028413678946126453,4.344062495231628,4.215814981460571,54.08546622117032,0.0730631970077189,0.08706174524101151,-0.013998548233292607,4.703523873134557,4.344062495231628,3.9846011173286997,16.549549105129163
2017-09-29,4.477000236511231,4.493249893188477,4.431250095367432,4.469250202178955,4.406354904174805,619092000,0.01758867235057715,4.3557250022888185,4.22144998550415,57.51928022791396,0.07379688464092826,0.08440877312099487,-0.010611888480066611,4.7155406778474145,4.3557250022888185,3.9959093267302226,16.521505621659877
2017-10-02,4.519999980926514,4.549499988555908,4.425000190734863,4.474999904632568,4.412024021148682,503480000,0.0012865774766588345,4.3664000034332275,4.22689998626709,57.77241649002573,0.07398938671861988,0.08232489584051988,-0.008335509121900009,4.727067611595447,4.3664000034332275,4.005732395271008,16.52013594167427
2017-10-03,4.481249809265137,4.514500141143799,4.439499855041504,4.484250068664551,4.421143054962158,390332000,0.0020668595115904687,4.383225011825561,4.23350998878479,58.2039224213769,0.07403492836359504,0.08066690234513492,-0.0066319739815398765,4.732746047026752,4.383225011825561,4.033703976624371,15.948121953959157
2017-10-04,4.490499973297119,4.544250011444092,4.453499794006348,4.521749973297119,4.458116054534912,427848000,0.00836276933659863,4.402050018310547,4.241269989013672,59.98891447493045,0.07621835163603308,0.07977719220331456,-0.0035588405672814794,4.7385895069637645,4.402050018310547,4.065510529657329,15.290125612083678
2017-10-05,4.546500205993652,4.550000190734863,4.488999843597412,4.51924991607666,4.4556498527526855,437364000,-0.0005531937150262678,4.419787502288818,4.248024988174438,59.80553673254899,0.07686099092721044,0.07919395194809373,-0.0023329610208832896,4.741441878152335,4.419787502288818,4.098133126425301,14.55519640692888
2017-10-06,4.491250038146973,4.546000003814697,4.474999904632568,4.53249979019165,4.46871280670166,318800000,0.0029317730029669864,4.441799998283386,4.257804985046387,60.4947863286203,0.07754554453571405,0.0788642704656178,-0.001318725929903744,4.729216019909936,4.441799998283386,4.1543839766568365,12.941421123761849
2017-10-09,4.56974983215332,4.66825008392334,4.550749778747559,4.634749889373779,4.56952428817749,563492000,0.022559400399292828,4.462287497520447,4.268304986953735,65.42245114722147,0.08535486886988863,0.08016239014647197,0.00519247872341666,4.743311508880042,4.462287497520447,4.1812634861608515,12.595513467733833
2017-10-10,4.785749912261963,4.823750019073486,4.68149995803833,4.723249912261963,4.656779766082764,974876000,0.019095090079951138,4.486437487602234,4.281514987945557,69.02390415229661,0.09756041119834347,0.08364199435684627,0.013918416841497194,4.7699895340110325,4.486437487602234,4.202885441193435,12.640409999798862
2017-10-11,4.739999771118164,4.775000095367432,4.69350004196167,4.773499965667725,4.706323146820068,529508000,0.01063897869900332,4.512149977684021,4.294739990234375,70.87860371994486,0.11001990974789688,0.0889175774350564,0.021102332312840477,4.801831512653393,4.512149977684021,4.222468442714649,12.840066770921405
2017-10-12,4.776999950408936,4.827250003814697,4.7482500076293945,4.775750160217285,4.708541393280029,528292000,0.0004713332235717349,4.539187479019165,4.308059997558594,70.96244832263568,0.11870733968955882,0.09487552988595689,0.02383180980360193,4.82119082972636,4.539187479019165,4.25718412831197,12.425278841671949
2017-10-13,4.838749885559082,4.875,4.791250228881836,4.864749908447266,4.79628849029541,628728000,0.018635728070823143,4.557287478446961,4.3221149921417235,74.13448005269476,0.13126063548909706,0.10215255100658494,0.02910808448251212,4.87216537516397,4.557287478446961,4.242409581729952,13.818654109760647
2017-10-16,4.894999980926514,4.951250076293945,4.830999851226807,4.948249816894531,4.878612995147705,576640000,0.017164210413711967,4.570262479782104,4.337474985122681,76.70553934045836,0.1462609524105778,0.11097423128738351,0.03528672112319428,4.92464719917244,4.570262479782104,4.215877760391769,15.508287366778607
2017-10-17,4.927249908447266,4.972499847412109,4.908750057220459,4.943749904632568,4.874176502227783,478596000,-0.0009093758665289498,4.583262467384339,4.350174980163574,76.26557028642664,0.15598757862263035,0.11997690075443289,0.03601067786819746,4.9708643398711025,4.583262467384339,4.195660594897575,16.913797769385337
2017-10-18,4.952750205993652,4.953499794006348,4.833000183105469,4.939499855041504,4.869986534118652,567316000,-0.0008596258480207952,4.59793746471405,4.363814973831177,75.82321397619641,0.16149148319605988,0.12827981724275828,0.033211665953301606,5.015031707469177,4.59793746471405,4.1808432219589236,18.14266705260926
2017-10-19,4.861000061035156,4.949999809265137,4.81125020980835,4.945000171661377,4.8754096031188965,570772000,0.001113569608919951,4.619237470626831,4.37665997505188,76.01708993532654,0.16440207205721524,0.13550426820564968,0.028897803851565568,5.0608222618751775,4.619237470626831,4.177652679378484,19.119380376364305
2017-10-20,4.962250232696533,4.989749908447266,4.91349983215332,4.922500133514404,4.853225231170654,451620000,-0.004550258081710834,4.641612482070923,4.392739973068237,73.42327265878154,0.1630140452209572,0.14100622360871118,0.022007821612246015,5.096834753895243,4.641612482070923,4.186390210246603,19.61483314614047
2017-10-23,4.944499969482422,4.971250057220459,4.894999980926514,4.915500164031982,4.8463239669799805,428696000,-0.0014219954487892927,4.67363748550415,4.413069977760315,72.5933784710819,0.1595104477669338,0.1447070684403557,0.014803379326578103,5.110955307499112,4.67363748550415,4.236319663509188,18.714238036277138
2017-10-24,4.924749851226807,4.96875,4.898499965667725,4.9670000076293945,4.897098541259766,407244000,0.010476925320249686,4.707037496566772,4.4282099771499634,74.84601074794482,0.15905593075782587,0.14757684090384973,0.011479089853976138,5.126473149837398,4.707037496566772,4.287601843296146,17.821640621157353
2017-10-25,4.927000045776367,4.980500221252441,4.779250144958496,4.84149980545044,4.773365020751953,828160000,-0.02526670016241539,4.7294499874115,4.441549973487854,61.56598716327645,0.14687581234885982,0.14743663519285177,-0.0005608228439919483,5.12674143045606,4.7294499874115,4.33215854436694,16.80074613758645
2017-10-26,4.869500160217285,4.90399980545044,4.845250129699707,4.892250061035156,4.823400974273682,322744000,0.01048232291144724,4.754462480545044,4.456819977760315,64.32275380903222,0.13970763954119914,0.14589083606252126,-0.006183196521322126,5.125763291524732,4.754462480545044,4.3831616695653555,15.619044739506416
2017-10-27,4.945000171661377,5.046750068664551,4.918749809265137,5.046500205993652,4.975480556488037,572192000,0.03152953341957154,4.783324980735779,4.4770149850845335,71.10633387450112,0.1448042947507906,0.14567352780017515,-0.000869233049384549,5.15118380479199,4.783324980735779,4.415466156679568,15.380883612872406
2017-10-30,5.046500205993652,5.152249813079834,5.0304999351501465,5.0960001945495605,5.024284362792969,504056000,0.009808862832614507,4.814374995231629,4.498184990882874,72.88787321812248,0.15109592632685764,0.14675800750551166,0.004337918821345987,5.1776985262492845,4.814374995231629,4.451051464213973,15.093279247150782
2017-10-31,5.1282501220703125,5.197249889373779,5.122499942779541,5.170249938964844,5.097489356994629,411908000,0.014570233075137162,4.848674988746643,4.522014989852905,75.3436870919812,0.1602264329414993,0.14945169259270918,0.010774740348790113,5.210380575733986,4.848674988746643,4.4869694017593,14.919770363112828
2017-11-01,5.233749866485596,5.2492499351501465,5.114999771118164,5.179999828338623,5.107101440429688,502576000,0.0018856505157525127,4.881587481498718,4.544339990615844,75.65551987796252,0.16633179046208735,0.1528277121665848,0.013504078295502542,5.238066428509664,4.881587481498718,4.525108534487772,14.605041837804041
2017-11-02,5.150000095367432,5.195250034332275,5.091249942779541,5.148499965667725,5.076046466827393,342308000,-0.006080743444109693,4.913049983978271,4.5644099903106685,72.46672958228126,0.1667068616915124,0.15560354207157034,0.011103319619942043,5.246379304606966,4.913049983978271,4.579720663349576,13.569140217001681
2017-11-03,5.179999828338623,5.217249870300293,5.133500099182129,5.217249870300293,5.143826484680176,353640000,0.01335291516650483,4.947287487983703,4.586159992218017,74.9485290872529,0.17058525049788642,0.15859988375683357,0.011985366741052855,5.257067141024633,4.947287487983703,4.637507834942774,12.523212115460957
2017-11-06,5.179999828338623,5.249499797821045,5.167500019073486,5.240749835968018,5.166997909545898,389944000,0.0045047057739475704,4.977587485313416,4.609069986343384,75.75306521136615,0.17355452388380677,0.16159081178222823,0.011963712101578539,5.277552739823599,4.977587485313416,4.677622230803233,12.052636157385209
2017-11-07,5.263750076293945,5.322500228881836,5.251500129699707,5.300749778747559,5.226150989532471,427700000,0.011448249258488863,5.006462478637696,4.632599983215332,77.72044049059383,0.178689368565915,0.16501052313896558,0.013678845426949415,5.314022791945237,5.006462478637696,4.698902165330154,12.28653224187276
2017-11-08,5.296249866485596,5.300000190734863,5.181000232696533,5.229000091552734,5.155411720275879,522988000,-0.01353563442737804,5.0292374849319454,4.654829988479614,70.36757211582638,0.17495242717520565,0.1669989039462136,0.007953523228992038,5.331840911907829,5.0292374849319454,4.726634057956062,12.033769647287922
2017-11-09,5.131750106811523,5.158249855041504,5.009250164031982,5.132999897003174,5.060762882232666,978564000,-0.01835912303007059,5.047099971771241,4.674649982452393,61.925862875773035,0.162372729059725,0.1660736689689159,-0.0037009399091909034,5.329225339554398,5.047099971771241,4.764974603988083,11.179701981775793
2017-11-10,5.327000141143799,5.466750144958496,5.290750026702881,5.403500080108643,5.327457904815674,1253256000,0.05269858098258684,5.074037480354309,4.6979999828338626,72.08703704497272,0.17224480093709627,0.16730789536255197,0.0049369055745442925,5.382981009171246,5.074037480354309,4.765093951537372,12.177423994722414
2017-11-13,5.403500080108643,5.4292497634887695,5.300250053405762,5.3157501220703125,5.240941524505615,582376000,-0.016239711670336,5.0924124956130985,4.719084987640381,65.9392104946765,0.1710164298187351,0.16804960225378862,0.0029668275649464837,5.412749868131746,5.0924124956130985,4.772075123094451,12.580967185773135
2017-11-14,5.324999809265137,5.369999885559082,5.280749797821045,5.354499816894531,5.279145240783691,529292000,0.007289475774427734,5.112949991226197,4.743219985961914,67.26678571305007,0.1711962693579192,0.16867893567461473,0.002517333683304479,5.444984201710305,5.112949991226197,4.780915780742088,12.987970195440127
2017-11-15,5.298749923706055,5.300000190734863,5.195000171661377,5.249499797821045,5.175622463226318,501948000,-0.019609761208616572,5.1284499883651735,4.765304985046387,60.397250277264206,0.16101014474762465,0.1671451774892167,-0.00613503274159205,5.455555318915278,5.1284499883651735,4.801344657815069,12.756498797578308
2017-11-16,5.32450008392334,5.355000019073486,5.28125,5.290249824523926,5.215799331665039,441768000,0.007762712354733026,5.1457124710083,4.787819976806641,62.018400088789434,0.1544454037244316,0.1646052227362597,-0.01015981901182808,5.468684597348553,5.1457124710083,4.8227403446680475,12.553057644006552
2017-11-17,5.3480000495910645,5.383749961853027,5.268750190734863,5.283999919891357,5.209637641906738,515664000,-0.0011813510003909622,5.163787460327148,4.811654977798462,61.60189333733041,0.14704345863614687,0.16109286991623714,-0.014049411280090268,5.475017451843161,5.163787460327148,4.852557468811135,12.054330040001124
2017-11-20,5.299749851226807,5.364250183105469,5.262499809265137,5.352000236511231,5.27668046951294,396100000,0.012869000152122778,5.185612463951111,4.834194984436035,64.40304464752687,0.14499303166045951,0.1578729022650816,-0.01287987060462209,5.485135882083626,5.185612463951111,4.886089045818596,11.552094191948042
2017-11-21,5.392250061035156,5.413000106811523,5.360000133514404,5.401249885559082,5.32523775100708,399176000,0.009202240267283335,5.207324957847595,4.857414979934692,66.31943098840792,0.14566297647067028,0.15543091710619936,-0.009767940635529077,5.503247526694093,5.207324957847595,4.911402389001097,11.365627121101161
2017-11-22,5.425000190734863,5.425000190734863,5.340250015258789,5.3732500076293945,5.301312446594238,356640000,-0.004492814317692662,5.233912467956543,4.879694976806641,64.20319292784102,0.14229427657008298,0.1528035889989761,-0.010509312428893108,5.4858711946981975,5.233912467956543,4.981953741214888,9.62793047397011
2017-11-24,5.389750003814697,5.425000190734863,5.364999771118164,5.423999786376953,5.351381778717041,180752000,0.009444704990925201,5.260499954223633,4.9034749698638915,66.30208204959347,0.14208180997746123,0.15065923319467311,-0.008577423217211888,5.471534595790971,5.260499954223633,5.049465312656294,8.023368250308593
2017-11-27,5.432750225067139,5.434000015258789,5.350249767303467,5.353499889373779,5.281827449798584,422896000,-0.012997452208526994,5.275849938392639,4.92048996925354,60.955263667828696,0.13467225821401474,0.14746183819854145,-0.012789579984526706,5.46601763024535,5.275849938392639,5.085682246539928,7.208987900465118
2017-11-28,5.358749866485596,5.368249893188477,5.205999851226807,5.267749786376953,5.197225093841553,512752000,-0.016017629648287235,5.284437417984009,4.932069969177246,55.13155842048328,0.12049186319488392,0.14206784319780996,-0.021575980002926043,5.455938753903325,5.284437417984009,5.112936082064692,6.490807719121159
2017-11-29,5.250249862670898,5.252999782562256,4.780749797821045,4.9105000495910645,4.844758033752441,1396788000,-0.06781831722215892,5.27144992351532,4.93660496711731,38.58977397499327,0.07951018594974002,0.12955631174819598,-0.050046125798455965,5.50403557052517,5.27144992351532,5.038864276505469,8.824351948116329
2017-11-30,4.980000019073486,5.066999912261963,4.916250228881836,5.017749786376953,4.9505720138549805,823768000,0.02184092154145878,5.263337421417236,4.944039964675904,44.02006925976442,0.055051469835186495,0.11465534336559409,-0.059603873530407595,5.5183530295063585,5.263337421417236,5.008321813328114,9.690262571859034
2017-12-01,4.982749938964844,5.0032501220703125,4.8117499351501465,4.941999912261963,4.875835418701172,811548000,-0.015096557517928488,5.253012418746948,4.952499961853027,41.2458943535339,0.029218565886289127,0.0975679878697331,-0.06834942198344397,5.540450357018703,5.253012418746948,4.965574480475193,10.94373724478346
2017-12-04,5.00124979019165,5.007500171661377,4.612500190734863,4.666500091552734,4.604023456573486,1240844000,-0.055746746718553286,5.22547492980957,4.956329965591431,33.08046822816212,-0.01333105755915387,0.0753881787839557,-0.08871923634310958,5.610352657387936,5.22547492980957,4.840597202231204,14.730822853355145
2017-12-05,4.559999942779541,4.817500114440918,4.514500141143799,4.69350004196167,4.630663871765137,981488000,0.005786333506536234,5.198112440109253,4.964699964523316,34.45007735611168,-0.044361894042943106,0.05143816421857595,-0.09580005826151905,5.647210239618462,5.198112440109253,4.749014640600044,17.279264528559143
2017-12-06,4.642499923706055,4.753499984741211,4.620999813079834,4.731500148773193,4.668153762817383,467032000,0.008096007849076603,5.169649958610535,4.97334997177124,36.42229627515639,-0.06513690676700978,0.028123150021458806,-0.09326005678846859,5.659432464974717,5.169649958610535,4.679867452246352,18.94838181638987
2017-12-07,4.798999786376953,4.840000152587891,4.752999782562256,4.799749851226807,4.735489368438721,542600000,0.014424461798511645,5.148187446594238,4.981479969024658,39.918709983792944,-0.0752269044973497,0.0074531391176971065,-0.0826800436150468,5.66268241846921,5.148187446594238,4.6336924747192665,19.987421872734398
2017-12-08,4.850249767303467,4.869500160217285,4.778749942779541,4.78725004196167,4.72315788269043,466876000,-0.0026040573188651495,5.130899953842163,4.9893849658966065,39.490362320876386,-0.08327202249529186,-0.010691893204900688,-0.07258012929039118,5.6689693509853925,5.130899953842163,4.592830556698933,20.973685005894843
2017-12-11,4.801499843597412,4.869500160217285,4.7855000495910645,4.866499900817871,4.801347255706787,372748000,0.016554469479605594,5.104049944877625,4.9973299598693846,43.620999684369146,-0.08230428264195666,-0.025014371092311884,-0.05728991154964477,5.638609853640192,5.104049944877625,4.569490036115058,20.946499918130556
2017-12-12,4.822500228881836,4.8460001945495605,4.747250080108643,4.770999908447266,4.707125663757324,455016000,-0.01962399029511419,5.076812434196472,5.003249959945679,40.071120848892,-0.08822637436885739,-0.037656771747620985,-0.0505696026212364,5.620878460017226,5.076812434196472,4.532746408375718,21.433371150607258
2017-12-13,4.8125,4.81374979019165,4.646999835968018,4.6545000076293945,4.592185020446777,554280000,-0.024418435266246763,5.041812443733216,5.006654958724976,36.200832071651824,-0.1011542004381516,-0.05035625748572711,-0.050797942952424485,5.599804687180499,5.041812443733216,4.483820200285932,22.134589482432922
2017-12-14,4.6479997634887695,4.733500003814697,4.614999771118164,4.661749839782715,4.599337577819824,438164000,0.001557549911686884,5.012424945831299,5.009454956054688,36.611141870248325,-0.10955175048661481,-0.06219535608590466,-0.04735639440071015,5.585280558346632,5.012424945831299,4.439569333315966,22.85742404948176
2017-12-15,4.706250190734863,4.809500217437744,4.640500068664551,4.789000034332275,4.724885940551758,670036000,0.02729705324031606,4.9873624563217165,5.014849958419799,43.48182881258452,-0.10473156192249178,-0.07070259725322209,-0.03402896466926969,5.553222372590929,4.9873624563217165,4.421502540052504,22.69175024774701
2017-12-18,4.829999923706055,4.950500011444092,4.800000190734863,4.947500228881836,4.881260871887207,477704000,0.03309602248666943,4.97053747177124,5.0231499671936035,50.65608475605455,-0.0871176486740266,-0.073985607537383,-0.01313204113664361,5.5198863289616344,4.97053747177124,4.421188614580846,22.104203431128553
2017-12-19,4.938000202178955,4.943250179290772,4.874000072479248,4.902750015258789,4.837112903594971,373100000,-0.009044377969327333,4.9480749607086185,5.028509969711304,48.77363294358556,-0.07589459808548416,-0.07436740564700323,-0.0015271924384809288,5.469210421945818,4.9480749607086185,4.426939499471419,21.064170020680827
2017-12-20,4.942500114440918,4.951749801635742,4.863749980926514,4.920000076293945,4.854130744934082,288820000,0.003518181543057164,4.924012470245361,5.032444972991943,49.55187991939206,-0.06486064078298881,-0.07246605267420034,0.007605411891211528,5.4018725883699705,4.924012470245361,4.446152352120752,19.40937887595552
2017-12-21,4.923500061035156,4.948750019073486,4.888750076293945,4.897250175476074,4.8316850662231445,300904000,-0.004624036699951373,4.9002124786376955,5.03491997718811,48.505266415538046,-0.05729145674191294,-0.06943113348774285,0.012139676745829914,5.331333001435271,4.9002124786376955,4.46909195584012,17.595993017732624
2017-12-22,4.860000133514404,4.891250133514404,4.78125,4.881750106811523,4.81639289855957,466276000,-0.0031649760805970706,4.873099994659424,5.0370399761199955,47.76502227100043,-0.051944762965114855,-0.06593385938321725,0.013989096418102392,5.231041471876452,4.873099994659424,4.515158517442396,14.690504098389393
2017-12-26,4.82574987411499,4.943749904632568,4.795499801635742,4.935999870300293,4.8699164390563965,355080000,0.01111278536118454,4.852224993705749,5.038464975357056,50.606255887097745,-0.04283617829797581,-0.061314323166168964,0.01847814486819315,5.13685370897506,4.852224993705749,4.567596278436438,11.731884471084012
2017-12-27,4.922500133514404,4.9992499351501465,4.907750129699707,4.9292497634887695,4.863255977630615,329488000,-0.0013676746837717468,4.835299992561341,5.038084974288941,50.240076995234126,-0.03575013127252902,-0.056201484787440976,0.02045135351491196,5.050989758818438,4.835299992561341,4.619610226304244,8.921463677079634
2017-12-28,4.953249931335449,4.984499931335449,4.928750038146973,4.934999942779541,4.868929862976074,240248000,0.0011666844952347155,4.8365249872207645,5.03790997505188,50.568210709487545,-0.029332272363042478,-0.05082764230256128,0.021495369939518803,5.054178563161125,4.8365249872207645,4.618871411280404,9.000411515104439
2017-12-29,4.96150016784668,4.96150016784668,4.837500095367432,4.837500095367432,4.772734642028809,279964000,-0.019756953510204678,4.827512502670288,5.035869979858399,45.13348916758315,-0.0317475300210992,-0.047011619846268865,0.015264089825169663,5.0287086363554945,4.827512502670288,4.626316368985082,8.335395654549496
2018-01-02,4.894499778747559,4.987500190734863,4.862500190734863,4.983749866485596,4.917026519775391,355616000,0.030232537228435996,4.82960000038147,5.036644973754883,53.24980724152232,-0.021611382284839387,-0.041931572333982974,0.020320190049143587,5.036295435750729,4.82960000038147,4.622904565012211,8.559526062321215
2018-01-03,5.102499961853027,5.34250020980835,5.09375,5.3117499351501465,5.240636348724365,914704000,0.06581413129408076,4.8618624925613405,5.044429969787598,65.5561045084112,0.012741575205811984,-0.030996942826023985,0.04373851803183597,5.1442326844431365,4.8618624925613405,4.5794923006795445,11.615721025175969
2018-01-04,5.394000053405762,5.451250076293945,5.317249774932861,5.339749813079834,5.268261432647705,583268000,0.005271322428251235,4.894174981117248,5.052914962768555,66.36994347432807,0.04174469085007626,-0.016448616090803937,0.05819330694088019,5.234119995589801,4.894174981117248,4.554229966644696,13.8918210233239
2018-01-05,5.354750156402588,5.422749996185303,5.276999950408936,5.385000228881836,5.312905311584473,580124000,0.008474119879493314,4.926849985122681,5.0612749671936035,67.69826492912304,0.06760192640913143,0.00036149240918313674,0.0672404339999483,5.319509193432793,4.926849985122681,4.534190776812569,15.93956420413864
2018-01-08,5.510000228881836,5.625,5.464499950408936,5.550000190734863,5.475697040557861,881216000,0.030640811274846413,4.9643625020980835,5.075444974899292,72.03563523045737,0.10025244209285944,0.0203396823459184,0.07991275974694104,5.436575213802285,4.9643625020980835,4.492149790393882,19.024102752554047
2018-01-09,5.555500030517578,5.5954999923706055,5.466000080108643,5.548500061035156,5.474215984344482,497000000,-0.00027047811491553997,5.002425003051758,5.088569974899292,71.94105353539638,0.12457118401041534,0.04118598267881779,0.08338520133159755,5.530780377799398,5.002425003051758,4.474069628304117,21.123969851634524
2018-01-10,5.454999923706055,5.5954999923706055,5.400000095367432,5.5920000076293945,5.517134666442871,582664000,0.007840151397228379,5.038700008392334,5.0994799709320064,73.04621091066646,0.14567479596461652,0.06208374533597754,0.08359105062863897,5.621555486616542,5.038700008392334,4.455844530168127,23.13515300587126
2018-01-11,5.625,5.656750202178955,5.580249786376953,5.602000236511231,5.526999473571777,406032000,0.0017880308756839103,5.080250024795532,5.109599971771241,73.30650488079125,0.1613465922957804,0.08193631472793812,0.07941027756784229,5.698265925676072,5.080250024795532,4.4622341239149925,24.3301372123083
2018-01-12,5.590000152587891,5.624750137329102,5.5335001945495605,5.57450008392334,5.499867916107178,359916000,-0.004908912619647099,5.1262500286102295,5.11768497467041,71.26828772251964,0.16959261323431551,0.09946757442921361,0.0701250388051019,5.747606336298138,5.1262500286102295,4.504893720922321,24.242138179762705
2018-01-16,5.601250171661377,5.687749862670898,5.417250156402588,5.502749919891357,5.429079055786133,702348000,-0.012871010977141717,5.168300032615662,5.124139976501465,66.10402507053453,0.16839683178777598,0.11325342590092609,0.05514340588684989,5.771797504274743,5.168300032615662,4.56480256095658,23.353809486700918
2018-01-17,5.517499923706055,5.627999782562256,5.422500133514404,5.618000030517578,5.54278564453125,538408000,0.020943992079822893,5.209750032424926,5.133529977798462,69.8795441850809,0.1747346547865929,0.12554967167805944,0.04918498310853345,5.81721123138762,5.209750032424926,4.602288833462233,23.320166809613504
2018-01-18,5.598499774932861,5.665999889373779,5.566999912261963,5.611000061035156,5.535878658294678,408632000,-0.0012461218382830985,5.242925024032592,5.141404981613159,69.37410903510568,0.17715050538494115,0.13586983841943578,0.041280666965505364,5.861837063964586,5.242925024032592,4.624012984100599,23.60941791442815
2018-01-19,5.702250003814697,5.777249813079834,5.675000190734863,5.752749919891357,5.675731658935547,609380000,0.025263017720108527,5.285425019264221,5.151644983291626,73.54670492485984,0.1883321376954239,0.14636229827463343,0.04196983942079047,5.921559904616893,5.285425019264221,4.64929013391155,24.071285962211117
2018-01-22,5.760749816894531,5.843999862670898,5.702499866485596,5.842249870300293,5.764033317565918,550944000,0.015557757825170215,5.331537508964539,5.162474985122681,75.78957846743593,0.20208603782662493,0.15750704618503175,0.04457899164159318,5.988398111143199,5.331537508964539,4.674676906785879,24.640569482037897
2018-01-23,5.896249771118164,5.995749950408936,5.877500057220459,5.972750186920166,5.892786026000977,475228000,0.02233725957875432,5.385312509536743,5.17734998703003,78.63416029636053,0.22096919238540025,0.17019947542510547,0.05076971696029478,6.0667877402068315,5.385312509536743,4.703837278866655,25.308660526692822
2018-01-24,5.97599983215332,6.012249946594238,5.838749885559082,5.894999980926514,5.816077709197998,579972000,-0.013017326009211128,5.4359750032424925,5.192589988708496,73.12179971237184,0.2270432236284181,0.181568225065768,0.04547499856265011,6.110795706802757,5.4359750032424925,4.761154299682228,24.827954622960643
2018-01-25,5.949999809265137,5.993750095367432,5.893750190734863,5.908750057220459,5.829643726348877,409884000,0.002332502732799613,5.484612512588501,5.202694988250732,73.47592332236295,0.2303115650345351,0.19131689305952143,0.03899467197501366,6.148411259433279,5.484612512588501,4.820813765743723,24.205857581413476
2018-01-26,5.953000068664551,6.083499908447266,5.940000057220459,6.083250045776367,6.001806259155273,516356000,0.029532256324388273,5.542312526702881,5.218044986724854,77.52320996701565,0.24416782516590008,0.20188707948079718,0.0422807456851029,6.203598722240205,5.542312526702881,4.8810263311655575,23.863186796170172
2018-01-29,6.06850004196167,6.202750205993652,6.015250205993652,6.171249866485596,6.088628768920898,455116000,0.014466063384366068,5.604125022888184,5.234379987716675,79.24330689869971,0.25926125882778095,0.21336191535019394,0.04589934347758701,6.2578551003864265,5.604125022888184,4.950394945389941,23.33031739400174
2018-01-30,6.027750015258789,6.1605000495910645,5.960249900817871,6.067999839782715,5.98676061630249,570832000,-0.016730885801149342,5.665650010108948,5.250749988555908,72.25635503722295,0.25989558496460585,0.22266864927307634,0.03722693569152952,6.246782465979677,5.665650010108948,5.084517554238219,20.514237725021562
2018-01-31,6.14424991607666,6.231750011444092,6.111249923706055,6.144999980926514,6.062729358673096,478576000,0.012689457160477646,5.723712515830994,5.26784499168396,74.09103870335183,0.2635732524853882,0.23084956991553873,0.03272368256984948,6.250198632184792,5.723712515830994,5.197226399477196,18.39666527267435
2018-02-01,5.9629998207092285,6.172500133514404,5.951499938964844,6.012499809265137,5.932004451751709,519224000,-0.02156205550135215,5.758750009536743,5.282414989471436,66.00253986379599,0.25288111787500345,0.23525587950743168,0.017625238367571766,6.263739230655513,5.758750009536743,5.253760788417973,17.53815394946769
2018-02-02,5.925000190734863,5.949250221252441,5.779250144958496,5.8379998207092285,5.75984001159668,718464000,-0.029022978919746034,5.783662509918213,5.292134981155396,57.15327823107622,0.22770202622565527,0.2337451088510764,-0.006043082625421137,6.251289985942777,5.783662509918213,5.316035033893649,16.170634964355028
2018-02-05,5.675000190734863,5.830749988555908,5.125,5.34250020980835,5.270973205566406,1165204000,-0.08487506685012158,5.781537508964538,5.290959987640381,40.5343720776328,0.16585288829489198,0.22016666473983953,-0.05431377644494756,6.256717375920527,5.781537508964538,5.30635764200855,16.437837382156577
2018-02-06,5.110000133514404,5.642499923706055,5.099999904632568,5.639500141143799,5.563999652862549,1114800000,0.05559247521628308,5.786012506484985,5.296284990310669,49.93201824376964,0.13919782730700891,0.20397289725327342,-0.0647750699462645,6.25401765642884,5.786012506484985,5.31800735654113,16.177121961603554
2018-02-07,5.739500045776367,5.8742499351501465,5.667500019073486,5.71999979019165,5.643418312072754,802932000,0.014273663581079843,5.79458749294281,5.302204990386963,52.13976972779183,0.12314955691511198,0.18780822918564113,-0.06465867227052916,6.251012516574004,5.79458749294281,5.338162469311616,15.753494935992293
2018-02-08,5.8470001220703125,5.880499839782715,5.437749862670898,5.438000202178955,5.365195274353027,1144000000,-0.04930044564028413,5.786887502670288,5.303894996643066,44.703270052854094,0.08667701831172892,0.16758198701085872,-0.0809049686991298,6.261554969579161,5.786887502670288,5.312220035761414,16.40493155223232
2018-02-09,5.956250190734863,5.972249984741211,5.438000202178955,5.802000045776367,5.724321842193604,1674604000,0.06693634611163013,5.796887493133545,5.314580001831055,53.85250873283012,0.08615091982611567,0.1512957735739101,-0.06514485374779444,6.263918779514766,5.796887493133545,5.329856206752323,16.11317407606835
2018-02-12,5.883999824523926,5.88700008392334,5.6257500648498535,5.70074987411499,5.624427795410156,1093172000,-0.017450808940744023,5.803199982643127,5.3303849983215335,51.30941802409011,0.07668002076809266,0.1363726230127466,-0.05969260224465395,6.2613659883296355,5.803199982643127,5.345033976956619,15.790116041385568
2018-02-13,5.664000034332275,5.862500190734863,5.631249904632568,5.8157501220703125,5.737888813018799,625524000,0.020172899668341904,5.818849992752075,5.3463450050354,53.9683090141645,0.07755976327156855,0.12461005106451101,-0.04705028779294246,6.255786888263898,5.818849992752075,5.381913097240253,15.017981080662612
2018-02-14,5.775000095367432,6.0647501945495605,5.763750076293945,6.0355000495910645,5.954695701599121,744988000,0.037785132414627,5.839724993705749,5.368215007781982,58.618554414775716,0.09489505702071543,0.1186670522557519,-0.023771995235036467,6.276176704620019,5.839724993705749,5.40327328279148,14.947680289215395
2018-02-15,6.119750022888184,6.209249973297119,6.038000106811523,6.162499904632568,6.079996109008789,698900000,0.02104228556566179,5.86729998588562,5.398135004043579,61.066498930504686,0.11752645728879063,0.11843893326235966,-0.0009124759735690269,6.312072157727388,5.86729998588562,5.422527814043852,15.161051008529034
2018-02-16,6.135000228881836,6.25,6.086750030517578,6.0960001945495605,6.014387130737305,637656000,-0.01079095727944146,5.884462499618531,5.426185007095337,59.09521386860405,0.12861345832081827,0.12047383827405139,0.008139620046766882,6.336657690768372,5.884462499618531,5.432267308468689,15.369124747728637
2018-02-20,6.118750095367432,6.296750068664551,6.114999771118164,6.227000236511231,6.143632411956787,686240000,0.021489351850824123,5.9037000179290775,5.456095008850098,61.71695184576736,0.14628432050158935,0.12563593471955897,0.020648385782030376,6.379210482041456,5.9037000179290775,5.428189553816699,16.10889654515949
2018-02-21,6.292250156402588,6.29925012588501,6.033999919891357,6.037749767303467,5.956915855407715,892292000,-0.030391882851858565,5.906949996948242,5.48085500717163,56.12080310003039,0.1433650517833236,0.1291817581323119,0.014183293651011702,6.385184493738047,5.906949996948242,5.428715500158438,16.19226494339308
2018-02-22,6.068250179290772,6.140749931335449,5.987500190734863,6.053750038146973,5.976413726806641,534364000,0.0032731487018111682,5.914887499809265,5.506185007095337,56.48009528392044,0.14072046055529341,0.1314894986169082,0.009230961938385213,6.3973164665553846,5.914887499809265,5.432458533063146,16.31236322792871
2018-02-23,6.114250183105469,6.148250102996826,6.063000202178955,6.148250102996826,6.06970739364624,415300000,0.01561030930993601,5.926862502098084,5.531820011138916,58.634450690099065,0.144583302110469,0.13410825931562037,0.010475042794848621,6.419861683141469,5.926862502098084,5.433863321054699,16.636093071801998
2018-02-26,6.195000171661377,6.19950008392334,6.101500034332275,6.164500236511231,6.085751056671143,469312000,0.0026432350003720018,5.930925011634827,5.559690017700195,59.010214174679305,0.14725837891284765,0.13673828323506582,0.010520095677781838,6.430309735444397,5.930925011634827,5.431540287825256,16.84002825292569
2018-02-27,6.137499809265137,6.222750186920166,6.1282501220703125,6.151500225067139,6.072916507720947,455436000,-0.00210895069986905,5.929937529563904,5.58963002204895,58.55197856198246,0.14663904069224376,0.13871843472650142,0.007920605965742344,6.427492229748047,5.929937529563904,5.43238282937976,16.781111021948135
2018-02-28,6.162499904632568,6.202499866485596,6.038249969482422,6.050000190734863,5.97271203994751,523116000,-0.016500221540348914,5.929037547111511,5.6173950290679935,54.96324550956989,0.13638583518016745,0.13825191481723464,-0.0018660796370671973,6.425654308832835,5.929037547111511,5.432420785390187,16.7520194559491
2018-03-01,6.047749996185303,6.102250099182129,5.703000068664551,5.80525016784668,5.731088638305664,1040120000,-0.04045455398247677,5.912050056457519,5.637720031738281,47.41634103985939,0.10727422407643328,0.13205637666907438,-0.024782152592641105,6.401141680958376,5.912050056457519,5.422958431956663,16.5455846899212
2018-03-02,5.696499824523926,5.920000076293945,5.546249866485596,5.91349983215332,5.837955951690674,913428000,0.018646948272746267,5.907100057601928,5.657040023803711,50.64426020047251,0.0918787843349893,0.12402085820225736,-0.032142073867268056,6.39402407323917,5.907100057601928,5.4201760419646865,16.48605951783778
2018-03-05,5.862750053405762,5.931250095367432,5.73799991607666,5.891250133514404,5.815989971160889,620776000,-0.0037626149822908017,5.909762573242188,5.676810026168823,49.965333488910694,0.07699487371354596,0.11461566130451509,-0.037620787590969124,6.3957275066655255,5.909762573242188,5.42379763981885,16.44617452564528
2018-03-06,5.977499961853027,6.073500156402588,5.934000015258789,6.053999900817871,5.976661682128906,636808000,0.027625857638118756,5.945337557792664,5.699490022659302,54.744428301038184,0.07743914314017353,0.10718035767164678,-0.029741214531473256,6.358741914268995,5.945337557792664,5.531933201316333,13.90684220896673
2018-03-07,5.949999809265137,6.098750114440918,5.948750019073486,6.046000003814697,5.968762874603272,581208000,-0.0013216086079044231,5.965662550926209,5.722465019226075,54.469022602594784,0.07626655169764618,0.10099759647684667,-0.02473104477920049,6.3562646772561,5.965662550926209,5.575060424596318,13.0950124314104
2018-03-08,6.073750019073486,6.073750019073486,5.984749794006348,6.0295000076293945,5.952473640441895,411912000,-0.0027290804650134115,5.9811375617980955,5.745420017242432,53.86709990049583,0.07316248119430036,0.09543057342033742,-0.022268092226037067,6.355780222237097,5.9811375617980955,5.606494901359094,12.527471791716286
2018-03-09,6.077499866485596,6.146249771118164,6.06125020980835,6.133250236511231,6.054898738861084,505524000,0.017207148591687815,6.015900063514709,5.769365024566651,57.07892326112062,0.07817312819001021,0.09197908437427198,-0.013805956184261767,6.300770932150465,6.015900063514709,5.731029194878953,9.470598435085172
2018-03-12,6.175000190734863,6.324999809265137,6.166749954223633,6.24399995803833,6.164234161376953,605060000,0.01805734946715809,6.038000059127808,5.795660028457641,60.25954480064418,0.09004272253137557,0.0915918120056927,-0.0015490894743171307,6.321642512634929,6.038000059127808,5.754357605620687,9.39524513844054
2018-03-13,6.28725004196167,6.362500190734863,6.151000022888184,6.192749977111816,6.113638401031494,619772000,-0.00820795560663079,6.062600064277649,5.8208150291442875,58.11342668497928,0.09422781679863235,0.09211901296428063,0.002108803834351719,6.307700799452038,6.062600064277649,5.817499329103259,8.085663991546609
2018-03-14,6.236249923706055,6.263750076293945,6.1554999351501465,6.218500137329102,6.139059066772461,505496000,0.004158025724366965,6.082737565040588,5.848435029983521,58.9053515052039,0.09848705936953017,0.09339262224533054,0.00509443712419963,6.308848781916384,6.082737565040588,5.856626348164792,7.4345215277847405
2018-03-15,6.232250213623047,6.315499782562256,6.190999984741211,6.233500003814697,6.153868675231934,401952000,0.002412358033762718,6.09263756275177,5.873430032730102,59.38703959801988,0.10189828367470266,0.09509375453120497,0.0068045291434976896,6.326803804115,6.09263756275177,5.85847132138854,7.686859392222491
2018-03-16,6.25,6.28125,6.211999893188477,6.26200008392334,6.182003974914551,399456000,0.004571969466273362,6.097612571716309,5.892435035705566,60.33829126823608,0.10568317197175592,0.09721163801931518,0.00847153395244074,6.341529379440372,6.097612571716309,5.853695763992246,8.000403595842345
2018-03-19,6.204500198364258,6.233749866485596,5.925000190734863,6.025000095367432,5.948031425476074,713772000,-0.037847363150831814,6.094062566757202,5.9061400413513185,49.87634803766519,0.08853819167043753,0.09547694874953966,-0.006938757079102131,6.340027997949751,6.094062566757202,5.848097135564653,8.072297535449604
2018-03-20,6.027999877929688,6.278749942779541,6.027999877929688,6.239500045776367,6.159792423248291,554696000,0.035601862637312465,6.094687557220459,5.923230037689209,57.12257028570671,0.09120763971005541,0.09462308694164281,-0.003415447231587404,6.342060470333806,6.094687557220459,5.8473146441071115,8.11765691976387
2018-03-21,6.232999801635742,6.300000190734863,6.183249950408936,6.214000225067139,6.134615898132324,438688000,-0.004087235962845992,6.103500080108643,5.936510038375855,56.08454775367589,0.09022551057101325,0.09374357166751691,-0.003518061096503669,6.354660260195329,6.103500080108643,5.852339900021956,8.230037741957917
2018-03-22,6.150000095367432,6.197000026702881,6.008500099182129,6.046249866485596,5.969008922576904,551196000,-0.026995492188164327,6.103125071525573,5.946465034484863,49.687792215967846,0.07504603024108825,0.09000406338223119,-0.01495803314114294,6.35460345547212,6.103125071525573,5.851646687579027,8.240971010731233
2018-03-23,6.059999942779541,6.0625,5.813000202178955,5.824250221252441,5.749846458435059,735620000,-0.03671672583917507,6.086925077438354,5.951110038757324,42.74030639157643,0.04458867617207929,0.0809209859402008,-0.03633230976812152,6.365023263496047,6.086925077438354,5.8088268913806616,9.137559030863864
2018-03-26,5.949999809265137,6.113249778747559,5.897500038146973,6.111999988555908,6.033918857574463,611424000,0.04940521476406867,6.084300065040589,5.961310033798218,52.09097536294539,0.04317234116020252,0.07337125698420115,-0.030198915823998626,6.360403682366946,6.084300065040589,5.808196447714232,9.075936899062693
2018-03-27,6.193749904632568,6.25,5.496250152587891,5.638000011444092,5.565974712371826,1409000000,-0.07755227676209464,6.058625054359436,5.962580032348633,40.39013633177222,0.003758720499125623,0.059448749687186046,-0.05569002918806042,6.3940799068706475,6.058625054359436,5.723170201848225,11.073629726263961
2018-03-28,5.603250026702881,5.734749794006348,5.425000190734863,5.533750057220459,5.463056564331055,945904000,-0.018490588505910566,6.032812547683716,5.963200035095215,38.349808513573336,-0.03547996691413413,0.04046300636692201,-0.07594297328105615,6.438951305917404,6.032812547683716,5.626673789450028,13.464325470865948
2018-03-29,5.602749824523926,5.887499809265137,5.517499923706055,5.789750099182129,5.715786457061768,916628000,0.046261628404292265,6.032037544250488,5.966635036468506,45.61508184770836,-0.0453965424014946,0.023291096613238686,-0.06868763901473329,6.439965518100301,6.032037544250488,5.624109570400675,13.525379139545802
2018-04-02,5.718500137329102,5.866250038146973,5.4375,5.526249885559082,5.455652713775635,922092000,-0.045511452402974495,6.012675046920776,5.964940032958984,40.34483357131831,-0.07366855969740094,0.0038991653511107616,-0.0775677250485117,6.47447543663142,6.012675046920776,5.550874657210133,15.360896310108815
2018-04-03,5.695000171661377,5.758749961853027,5.533750057220459,5.633749961853027,5.561779499053955,667432000,0.019452628465581823,5.999800038337708,5.962560033798217,43.226734048419274,-0.08640396819128782,-0.014161461357368954,-0.07224250683391886,6.488025988746345,5.999800038337708,5.511574087929071,16.274740734323004
2018-04-04,5.375249862670898,5.666500091552734,5.349999904632568,5.656000137329102,5.58374547958374,789168000,0.003949451885591815,5.979900050163269,5.958835039138794,43.83156304951353,-0.09362224895973092,-0.030053618877841352,-0.06356863008188957,6.489637914072923,5.979900050163269,5.4701621862536145,17.04837404082488
2018-04-05,5.715000152587891,5.728250026702881,5.462250232696533,5.5345001220703125,5.463796615600586,701240000,-0.02148179289721064,5.9543250560760494,5.9500700378417966,41.24743936220937,-0.10790298583360336,-0.04562349226899376,-0.0622794935646096,6.4984011050135395,5.9543250560760494,5.410249007138559,18.27498646155676
2018-04-06,5.430749893188477,5.539999961853027,5.326749801635742,5.356249809265137,5.287823677062988,662988000,-0.03220708070193323,5.920662546157837,5.93929503440857,37.732775898182894,-0.132081331860741,-0.06291506018734322,-0.06916627167339778,6.522239336129684,5.920662546157837,5.3190857561859906,20.321265915154537
2018-04-09,5.420000076293945,5.54925012588501,5.364999771118164,5.385250091552734,5.31645393371582,499524000,0.00541437430620495,5.8832625389099125,5.9288250350952145,38.64871588500751,-0.14720586726235663,-0.0797732216023459,-0.06743264566001073,6.519339724600098,5.8832625389099125,5.247185353219727,21.623280670661405
2018-04-10,5.618000030517578,5.724999904632568,5.56024980545044,5.697750091552734,5.624960422515869,761676000,0.05802862070215009,5.855950045585632,5.921115036010742,47.5944727187147,-0.13244923981618761,-0.09030842524511425,-0.04214081457107337,6.474389188510943,5.855950045585632,5.237510902660321,21.121735606044204
2018-04-11,5.682750225067139,5.724500179290772,5.623000144958496,5.656000137329102,5.58374547958374,460244000,-0.007327152519536306,5.829112553596497,5.910810041427612,46.61650657194942,-0.1227088671988108,-0.09678851363585356,-0.025920353562957243,6.4331780500323354,5.829112553596497,5.225047057160658,20.72581343666582
2018-04-12,5.75,5.882999897003174,5.705249786376953,5.864999771118164,5.790074825286865,593920000,0.036951781999652766,5.8114375352859495,5.906750040054321,51.940315078668476,-0.09700679402311962,-0.09683216971330678,-0.00017462430981284027,6.3890001200319055,5.8114375352859495,5.2338749505399935,19.876754460117834
2018-04-13,5.9292497634887695,5.937749862670898,5.738749980926514,5.787499904632568,5.713563442230225,503036000,-0.013214230448714392,5.789137530326843,5.899600038528442,49.95101691465153,-0.08194667710627979,-0.0938550711919014,0.01190839408562161,6.333266775063668,5.789137530326843,5.245008285590018,18.798283574586453
2018-04-16,5.794250011444092,5.821000099182129,5.691999912261963,5.78725004196167,5.713317394256592,350792000,-4.3063838552015454e-05,5.765400028228759,5.895095043182373,49.94437540213627,-0.06923350700436881,-0.08893075835439489,0.019697251350026077,6.264502895940565,5.765400028228759,5.266297160516954,17.313728978668603
2018-04-17,5.840000152587891,5.960000038146973,5.783750057220459,5.938499927520752,5.862635135650635,447224000,0.026135033482324488,5.761075019836426,5.897105045318604,53.936955691581126,-0.04641854232716813,-0.08042831514894953,0.0340097728217814,6.252545391092997,5.761075019836426,5.269604648579855,17.061759118371114
2018-04-18,5.887499809265137,5.981249809265137,5.819250106811523,5.909249782562256,5.833758354187012,391364000,-0.004925563470259964,5.74456250667572,5.908440036773682,53.05560311066424,-0.03034792866135394,-0.07041223785143041,0.040064309190076475,6.190730103473365,5.74456250667572,5.298394909878075,15.533562260978325
2018-04-19,5.793749809265137,5.827499866485596,5.670000076293945,5.72599983215332,5.652850151062012,471996000,-0.031010575368648596,5.720162487030029,5.910170030593872,47.787239730257596,-0.032029376349974825,-0.0627356655511393,0.03070628920116447,6.110903630096282,5.720162487030029,5.329421343963776,13.661889638702569
2018-04-20,5.717249870300293,5.802499771118164,5.68625020980835,5.717750072479248,5.6447062492370605,386200000,-0.001440671804013971,5.703737497329712,5.910125036239624,47.55828334943456,-0.03363984324411984,-0.05691650108973541,0.02327665784561557,6.064755624130643,5.703737497329712,5.342719370528781,12.65900217076775
2018-04-23,5.735750198364258,5.787499904632568,5.570750236511231,5.5970001220703125,5.525500297546387,427508000,-0.021118185150340807,5.692374992370605,5.913305034637451,44.21880841343906,-0.04415071969529638,-0.054363344810847605,0.010212625115551224,6.051807283536923,5.692374992370605,5.332942701204288,12.628552814881619
2018-04-24,5.623000144958496,5.71999979019165,5.464000225067139,5.53000020980835,5.459354400634766,414596000,-0.011971024043016198,5.6632750034332275,5.907865037918091,42.43815077926409,-0.057227317098792696,-0.05493613926843663,-0.002291177830356067,5.972888344596315,5.6632750034332275,5.35366166227014,10.934074046391599
2018-04-25,5.5,5.539500236511231,5.257500171661377,5.416500091552734,5.34730339050293,588492000,-0.020524589889018285,5.65220000743866,5.902180042266846,39.533802199429346,-0.07587449182450179,-0.059123809779649664,-0.016750682044852125,5.979952360998122,5.65220000743866,5.324447653879198,11.597337430668366
2018-04-26,5.579999923706055,5.638750076293945,5.51324987411499,5.630499839782715,5.55856990814209,375824000,0.039508982792032965,5.6570374965667725,5.898475036621094,46.911104940562,-0.0725482300918312,-0.061808693842085975,-0.010739536249745225,5.980481620602793,5.6570374965667725,5.333593372530752,11.43510624535607
2018-04-27,5.737500190734863,5.757500171661377,5.615499973297119,5.658249855041504,5.585965156555176,400848000,0.004928470607693081,5.650462484359741,5.890930032730102,47.80048232711913,-0.06690174768699375,-0.06282730461106753,-0.004074443075926221,5.968143055398267,5.650462484359741,5.332781913321215,11.244409529940368
2018-04-30,5.674749851226807,5.724999904632568,5.603000164031982,5.622499942779541,5.550673007965088,327844000,-0.006318003711260567,5.655274987220764,5.880130033493042,46.71472533836187,-0.06456729723473398,-0.06317530313580083,-0.001391994098933147,5.968163036347567,5.655274987220764,5.342386938093961,11.065352253739627
2018-05-01,5.614250183105469,5.681250095367432,5.554999828338623,5.678500175476074,5.605958938598633,253788000,0.009960221139708736,5.657512497901917,5.871780033111572,48.681147788548905,-0.057535247152644686,-0.06204729193916961,0.004512044786524921,5.97039286162049,5.657512497901917,5.344632134183343,11.060704287780352
2018-05-02,5.675000190734863,5.71999979019165,5.631249904632568,5.657750129699707,5.585472583770752,268248000,-0.0036543890264386647,5.657599997520447,5.860395030975342,47.97467479372089,-0.053025408179861344,-0.06024291518730796,0.007217507007446618,5.970479599320895,5.657599997520447,5.344720395719999,11.060506290214008
2018-05-03,5.690000057220459,5.851250171661377,5.64424991607666,5.824749946594238,5.750339984893799,443144000,0.029517180265478116,5.672112488746643,5.856135034561158,53.78736417039877,-0.03556585768618081,-0.05530750368708254,0.019741646000901725,5.98772031634975,5.672112488746643,5.3565046611435365,11.128405095253893
2018-05-04,5.795750141143799,5.979750156402588,5.778250217437744,5.976500034332275,5.900150299072266,400660000,0.026052427260304656,5.703125,5.854590034484863,58.342044512413075,-0.009375993660050597,-0.046121201681676154,0.03674520802162556,6.010269439231897,5.703125,5.395980560768103,10.77109266347475
2018-05-07,6.082250118255615,6.274750232696533,6.072249889373779,6.2170000076293945,6.137579917907715,687616000,0.04024128315388542,5.744712495803833,5.855965032577514,64.34054417716513,0.03043516256258627,-0.030809928832823668,0.06124509139540994,6.091157643744012,5.744712495803833,5.398267347863655,12.061357228694588
2018-05-08,6.217249870300293,6.262750148773193,6.167749881744385,6.260000228881836,6.180028915405273,506616000,0.006916243546369882,5.772825002670288,5.857875032424927,65.30256053163117,0.06470961699575728,-0.011706019667107478,0.07641563666286476,6.184560578557958,5.772825002670288,5.361089426782618,14.26461310354002
2018-05-09,6.280250072479248,6.396749973297119,6.252749919891357,6.394499778747559,6.312810897827148,596760000,0.021485657144885373,5.809749984741211,5.862735023498535,68.19300852884191,0.10155469932447225,0.010946124131208467,0.09060857519326379,6.298256548522649,5.809749984741211,5.321243420959774,16.81678437331921
2018-05-10,6.447999954223633,6.512499809265137,6.429999828338623,6.5032501220703125,6.420172691345215,994080000,0.017006971261410708,5.841662502288818,5.871800022125244,70.34416674592609,0.13793985162115696,0.03634486962919817,0.1015949819919588,6.416243226007252,5.841662502288818,5.267081778570384,19.671821968260154
2018-05-11,6.319499969482422,6.494750022888184,6.263500213623047,6.363249778747559,6.281959056854248,1214456000,-0.02152802442172419,5.8704499959945675,5.882960014343261,64.31388436724305,0.15370665464698785,0.059817226632756106,0.09388942801423175,6.4874200673020175,5.8704499959945675,5.2534799246871176,21.019515428235014
2018-05-14,6.401750087738037,6.462250232696533,6.360000133514404,6.383999824523926,6.302444934844971,523140000,0.0032610651876774366,5.90028748512268,5.892370014190674,64.79558950430346,0.16596319451950414,0.08104642021010572,0.08491677430939842,6.554850854603077,5.90028748512268,5.245724115642283,22.187507680968093
2018-05-15,6.31974983215332,6.322500228881836,6.037499904632568,6.138999938964844,6.060575485229492,963528000,-0.0383770825633446,5.910312485694885,5.897325010299682,55.30341982445721,0.15413042782779396,0.09566322173364337,0.058467206094150584,6.573000867283626,5.910312485694885,5.247624104106145,22.424817069915957
2018-05-16,6.099999904632568,6.2129998207092285,6.062749862670898,6.15024995803833,6.071681022644043,553828000,0.0018324229178592333,5.922362494468689,5.899250011444092,55.62488328572124,0.14400070698028955,0.10533071878297262,0.03866998819731693,6.593249111197799,5.922362494468689,5.251475877739579,22.656047054049736
2018-05-17,6.151999950408936,6.287499904632568,6.135749816894531,6.192749977111816,6.113638401031494,519784000,0.0069103396952134855,5.945700001716614,5.902185010910034,56.8863975998229,0.13781359721696518,0.11182729446977113,0.025986302747194046,6.620103823363367,5.945700001716614,5.271296180069861,22.68543052801327
2018-05-18,6.245250225067139,6.309249877929688,6.143499851226807,6.148499965667725,6.069952964782715,483716000,-0.007145570834122039,5.967237496376038,5.904565010070801,55.12911095289484,0.12786570578045087,0.11503497673190709,0.01283072904854378,6.63865271140678,5.967237496376038,5.295822281345296,22.50338504001221
2018-05-21,6.247000217437744,6.2507500648498535,6.012249946594238,6.105999946594238,6.027996063232422,640624000,-0.006912228446204205,5.992687487602234,5.904020004272461,53.42217904769688,0.11522429979121718,0.1150728413437691,0.0001514584474480718,6.644334204476245,5.992687487602234,5.341040770728224,21.7480627255183
2018-05-22,6.119500160217285,6.144999980926514,6.006249904632568,6.067500114440918,5.989988327026367,518264000,-0.006305202559418022,6.019562482833862,5.900490007400513,51.85583474586843,0.10093575521430243,0.11224542411787578,-0.01130966890357335,6.636050815698576,6.019562482833862,5.403074149969148,20.48282859834977
2018-05-23,6.006999969482422,6.1897501945495605,6.006249904632568,6.188499927520752,6.113221168518066,442956000,0.020573135499393658,6.0581624746322635,5.9004050064086915,56.2022205348963,0.0982431682818996,0.10944497295068055,-0.011201804668780943,6.612300679035184,6.0581624746322635,5.504024270229343,18.29393670847552
2018-05-24,6.184750080108643,6.235000133514404,6.13100004196167,6.192249774932861,6.11692476272583,437372000,0.0006058335050653785,6.086249971389771,5.899879999160767,56.33378655098173,0.09531314448702943,0.10661860725795033,-0.011305462770920899,6.606759658767029,6.086249971389771,5.565740284012513,17.104446574625378
2018-05-25,6.204999923706055,6.248499870300293,6.169000148773193,6.23199987411499,6.156189918518066,292112000,0.006419100661741561,6.114937472343445,5.899849996566773,57.781568089421555,0.09510230020088262,0.10431534584653679,-0.009213045645654172,6.59996348269728,6.114937472343445,5.629911461989609,15.86364578697671
2018-05-29,6.213749885559082,6.2835001945495605,6.167500019073486,6.214749813079834,6.139151573181152,352684000,-0.0027676770149117624,6.1445499658584595,5.8989049911499025,56.89989803188574,0.09247724866675533,0.1019477264105805,-0.009470477743825173,6.574940704837712,6.1445499658584595,5.7141592268792065,14.008861230543276
2018-05-30,6.24875020980835,6.333499908447266,6.223750114440918,6.324749946594238,6.247813701629639,390996000,0.017699860828192637,6.176862454414367,5.904899988174439,60.98783405826954,0.09814165200536351,0.10118651152953712,-0.0030448595241736043,6.556485590854637,6.176862454414367,5.797239317974098,12.291778851865715
2018-05-31,6.292500019073486,6.380000114440918,6.281750202178955,6.304749965667725,6.228056907653809,493868000,-0.003162193195785701,6.209212446212769,5.9062049865722654,59.875850059598015,0.09986571139041533,0.10092235150171276,-0.0010566401112974272,6.508048789076392,6.209212446212769,5.9103761033491455,9.625579586857102
2018-06-01,6.349999904632568,6.446750164031982,6.341249942779541,6.440499782562256,6.362154960632324,421968000,0.021531282543953534,6.239999938011169,5.910734977722168,64.59452544822736,0.11090744460515811,0.10291937012240183,0.007988074482756277,6.4981629967157435,6.239999938011169,5.981836879306595,8.27445709196134
2018-06-04,6.474999904632568,6.643499851226807,6.442500114440918,6.621250152587891,6.540707111358643,642024000,0.028064728355590374,6.2722374439239506,5.922234983444214,69.70347587527222,0.1327133056204044,0.10887815722200235,0.023835148398402048,6.550939871442975,6.2722374439239506,5.993535016404926,8.886858318446142
2018-06-05,6.624499797821045,6.664750099182129,6.579249858856201,6.6267499923706055,6.546138763427734,391712000,0.000830438051515836,6.29272494316101,5.9382849788665775,69.84605663032903,0.14872400097831573,0.11684732597326503,0.0318766750050507,6.6097764959605385,6.29272494316101,5.975673390361482,10.076765015578905
2018-06-06,6.535749912261963,6.631999969482422,6.51924991607666,6.628749847412109,6.5481157302856445,371356000,0.00030200503370858556,6.311162424087525,5.948619976043701,69.90152504560953,0.15973266525374186,0.1254243938293604,0.03430827142438145,6.659774371948454,6.311162424087525,5.962550476226595,11.047471905663466
2018-06-07,6.625,6.63700008392334,6.481249809265137,6.572500228881836,6.492548942565918,369448000,-0.008485920226291244,6.320062446594238,5.967309980392456,66.21221215632286,0.16205022279186032,0.13274955962186039,0.029300663169999935,6.685416952924058,6.320062446594238,5.954707940264418,11.561737227033332
2018-06-08,6.499000072479248,6.599999904632568,6.480000019073486,6.557000160217285,6.477237701416016,360456000,-0.002358278895599808,6.322749948501587,5.987774982452392,65.19116383277692,0.1607827741001442,0.13835620251751715,0.022426571582627036,6.6941949320019924,6.322749948501587,5.951304965001181,11.749475672003564
2018-06-11,6.544250011444092,6.586249828338623,6.502500057220459,6.515500068664551,6.436243534088135,265372000,-0.006328958302536769,6.330362462997437,6.002289981842041,62.415904430092716,0.15464692780356515,0.14161434757472677,0.01303258022883838,6.710943661658637,6.330362462997437,5.949781264336237,12.02399391459155
2018-06-12,6.542250156402588,6.576749801635742,6.491499900817871,6.564499855041504,6.484647274017334,319160000,0.007520495405874517,6.339387464523315,6.02305498123169,64.34589085028875,0.15198609753513548,0.14368869756680852,0.008297399968326957,6.732967083564446,6.339387464523315,5.945807845482184,12.416960510575954
2018-06-13,6.565999984741211,6.641749858856201,6.550749778747559,6.559999942779541,6.480202674865723,338208000,-0.0006854033787496716,6.3604374647140505,6.041579980850219,64.0207545342698,0.14781039879640723,0.14451303781272828,0.003297360983678943,6.753928821067685,6.3604374647140505,5.966946108360416,12.373090955979551
2018-06-14,6.605500221252441,6.730000019073486,6.590499877929688,6.672749996185303,6.591579914093018,430016000,0.01718730799258572,6.386562466621399,6.061914978027343,68.33776957180041,0.1518486972209816,0.14598016969437896,0.005868527526602635,6.790019342255801,6.386562466621399,5.983105590986997,12.63455505972174
2018-06-15,6.614999771118164,6.686999797821045,6.583749771118164,6.631499767303467,6.550831317901611,432260000,-0.006181916433158019,6.4084999561309814,6.0838549709320064,65.25297589158181,0.1499915202101061,0.1467824397975244,0.003209080412581694,6.815118495732712,6.4084999561309814,6.001881416529251,12.68997557572643
2018-06-18,6.586999893188477,6.644999980926514,6.559500217437744,6.6272501945495605,6.546634197235107,356268000,-0.0006407004642349223,6.432437467575073,6.109274978637695,64.92781396130106,0.14648816466611514,0.14672358477124253,-0.00023542010512739298,6.83130706190981,6.432437467575073,6.033567873240336,12.401818015188724
2018-06-19,6.5229997634887695,6.591000080108643,6.375500202178955,6.5042500495910645,6.425130367279053,594932000,-0.018559740210835396,6.452349972724915,6.131654977798462,56.19869105382605,0.13226201226697043,0.1438312702703881,-0.011569258003417682,6.822795704520715,6.452349972724915,6.081904240929115,11.482505857919415
2018-06-20,6.545750141143799,6.611249923706055,6.506999969482422,6.557750225067139,6.477978229522705,369780000,0.008225181315042018,6.476862478256225,6.14885498046875,58.793693562321025,0.12387672723704934,0.13984036166372035,-0.01596363442667101,6.804622372768281,6.476862478256225,6.1491025837441695,10.120946542014558
2018-06-21,6.590000152587891,6.608500003814697,6.420000076293945,6.427750110626221,6.349560737609863,359516000,-0.019823699210286372,6.488824987411499,6.164289979934693,50.902180320482955,0.1055249793837092,0.13297728520771812,-0.027452305824008927,6.789999280383037,6.488824987411499,6.187650694439962,9.282860719955424
2018-06-22,6.448750019073486,6.462250232696533,6.258250236511231,6.273749828338623,6.197434425354004,434160000,-0.023958556905327555,6.492899990081787,6.172464981079101,43.460270019764316,0.07765934268497432,0.12191369670316937,-0.04425435401819505,6.779779103365673,6.492899990081787,6.206020876797901,8.836702050612443
2018-06-25,6.166250228881836,6.170000076293945,5.888500213623047,5.978000164031982,5.905282974243164,665816000,-0.04714070872870135,6.480200004577637,6.17627498626709,33.37019817530788,0.031349718572500684,0.10380090107703564,-0.07245118250453496,6.82814405062851,6.480200004577637,6.1322559585267635,10.738682318603884
2018-06-26,6.09250020980835,6.141250133514404,5.99774980545044,6.049749851226807,5.976157188415527,478884000,0.01200183200051419,6.4719500064849855,6.181524982452393,37.18064368406289,0.0004336095589252409,0.08312744277341357,-0.08269383321448832,6.8511036895461475,6.4719500064849855,6.092796323423824,11.716829786424325
2018-06-27,6.09375,6.160749912261963,5.887499809265137,5.89300012588501,5.821315288543701,453892000,-0.025909944298650567,6.450362515449524,6.180614986419678,32.77131420736552,-0.03629760618620104,0.05924243298149065,-0.09554003916769169,6.902685914827665,6.450362515449524,5.998039116071383,14.024743517740685
2018-06-28,5.882999897003174,6.0335001945495605,5.875249862670898,6.021500110626221,5.9482526779174805,338012000,0.021805620050092678,6.436200022697449,6.182859992980957,39.142904468816695,-0.05441126525289963,0.0365116933346126,-0.09092295858751223,6.922346237682777,6.436200022697449,5.950053807712121,15.106622332149996
2018-06-29,6.087250232696533,6.099999904632568,5.921249866485596,5.922500133514404,5.850456237792969,392300000,-0.016441204740271886,6.4103000402450565,6.1867899990081785,36.28933207726536,-0.07588024115449787,0.014033306436790505,-0.08991354759128838,6.94549040228718,6.4103000402450565,5.875109678202933,16.69782564566709
2018-07-02,5.852250099182129,6.059750080108643,5.831500053405762,6.056000232696533,5.982334136962891,357572000,0.022541472632170656,6.382037544250489,6.193555002212524,42.388571326454326,-0.0811863512149591,-0.005010625093559415,-0.07617572612139968,6.929248042733202,6.382037544250489,5.834827045767775,17.148457516539988
2018-07-03,6.091000080108643,6.0970001220703125,5.912499904632568,5.921000003814697,5.848974704742432,222732000,-0.022292207216657256,6.346750044822693,6.2000349998474125,38.38654337411503,-0.09518760839575258,-0.023046021753998048,-0.07214158664175453,6.916831429777036,6.346750044822693,5.77666865986835,17.9645135204082
2018-07-05,5.976749897003174,6.073249816894531,5.9375,6.068250179290772,5.994433879852295,306216000,0.024869174932817373,6.318725061416626,6.210799999237061,44.53742497314646,-0.09332604252055354,-0.03710202590730915,-0.056224016613244394,6.885698468182751,6.318725061416626,5.751751654650501,17.945816640390813
2018-07-06,6.043499946594238,6.1917500495910645,6.021999835968018,6.183249950408936,6.108034610748291,296352000,0.018951035773005387,6.299262547492981,6.226134996414185,48.83351354746162,-0.08163023517847279,-0.04600766776154187,-0.035622567416930914,6.856697763642073,6.299262547492981,5.74182733134389,17.698427774563637
2018-07-09,6.258250236511231,6.26800012588501,6.151750087738037,6.231249809265137,6.155450344085693,303880000,0.007762846211441632,6.282975029945374,6.238149995803833,50.555075222113665,-0.0677075456976759,-0.050347643348768685,-0.017359902348907212,6.828238542754928,6.282975029945374,5.7377115171358195,17.356857546330083
2018-07-10,6.243750095367432,6.353499889373779,6.203000068664551,6.331250190734863,6.254234790802002,360016000,0.016048289108728353,6.273762536048889,6.2516100025177,54.02563188196789,-0.04805062127840998,-0.049888238934696946,0.001837617656286969,6.809136552723048,6.273762536048889,5.73838851937473,17.067079399257228
2018-07-11,6.237500190734863,6.272500038146973,6.177499771118164,6.1882500648498535,6.112973690032959,367508000,-0.022586472285433423,6.254950046539307,6.262925004959106,48.75551099228762,-0.04350972904014405,-0.04861253695578637,0.00510280791564232,6.774340590830152,6.254950046539307,5.735559502248461,16.60734427697661
2018-07-12,6.234000205993652,6.329249858856201,6.223999977111816,6.280749797821045,6.204348087310791,345508000,0.014947618280578556,6.240987539291382,6.274969997406006,52.01616290738248,-0.0320773164906365,-0.0453054928627564,0.013228176372119899,6.741496049367036,6.240987539291382,5.740479029215727,16.039401037883938
2018-07-13,6.299499988555908,6.299499988555908,6.190499782562256,6.232999801635742,6.157179355621338,246988000,-0.007602528263351838,6.219000029563904,6.286474990844726,50.23904519832039,-0.026563861151922552,-0.041557166520589627,0.014993305368667074,6.678678137891943,6.219000029563904,5.759321921235864,14.783023191600575
2018-07-16,6.204999923706055,6.258500099182129,6.192500114440918,6.204999923706055,6.129519939422607,197036000,-0.004492221941444385,6.197675037384033,6.294079990386963,49.17804223212284,-0.024175088842170567,-0.03808075098490581,0.013905662142735246,6.6165938075244055,6.197675037384033,5.7787562672436605,13.518578099480132
2018-07-17,6.155250072479248,6.357500076293945,6.129499912261963,6.342249870300293,6.265100955963135,362136000,0.02211935320880909,6.18342502117157,6.301394987106323,54.27561911242179,-0.011079330308868762,-0.0326804668496984,0.021601136540829638,6.560192983529698,6.18342502117157,5.806657058813442,12.186384117802156
2018-07-18,6.334750175476074,6.348750114440918,6.241000175476074,6.292500019073486,6.21595573425293,277640000,-0.007844282487328269,6.172837519645691,6.302904987335205,52.23058041213569,-0.004661509558033572,-0.027076675391365435,0.022415165833331863,6.523977730909854,6.172837519645691,5.821697308381529,11.376946506258191
2018-07-19,6.273499965667725,6.334750175476074,6.258250236511231,6.300749778747559,6.224106311798096,235752000,0.0013112348114470151,6.159987497329712,6.30371997833252,52.549858015968894,0.001077920685800926,-0.021445756175932165,0.02252367686173309,6.470277211499056,6.159987497329712,5.849697783160368,10.074361816606006
2018-07-20,6.298250198364258,6.337500095367432,6.261250019073486,6.272250175476074,6.195952415466309,222352000,-0.004523363664020286,6.152212500572205,6.30127498626709,51.27487241540257,0.0032888686707277515,-0.016498831206600183,0.019787699877327935,6.442417812008815,6.152212500572205,5.8620071891355945,9.434177100014628
2018-07-23,6.245500087738037,6.247250080108643,6.081999778747559,6.235249996185303,6.159401893615723,301584000,-0.005899096603671272,6.150287508964539,6.295914983749389,49.5925850723972,0.0020320316366273516,-0.012792658637954677,0.014824690274582029,6.43774025489451,6.150287508964539,5.862834763034567,9.347619782359303
2018-07-24,6.283750057220459,6.371250152587891,6.199999809265137,6.217750072479248,6.142114639282227,354620000,-0.002806644968469163,6.162275004386902,6.293004989624023,48.77744610127532,-0.0003718321089394294,-0.010308493332151628,0.009936661223212198,6.439814073000834,6.162275004386902,5.884735935772969,9.007682014072829
2018-07-25,6.227250099182129,6.309500217437744,6.168749809265137,6.296750068664551,6.220152854919434,319112000,0.012705431308316806,6.174625015258789,6.291259994506836,52.56767082000659,0.004051030260272093,-0.007436588613666884,0.011487618873938977,6.45301713098174,6.174625015258789,5.896232899535837,9.017296274186249
2018-07-26,6.276500225067139,6.408249855041504,6.259500026702881,6.370999813079834,6.293498516082764,325124000,0.011791617163446677,6.19852499961853,6.295899991989136,55.87261762456955,0.013393126767736518,-0.0032706455373862032,0.016663772305122723,6.457498800741366,6.19852499961853,5.939551198495694,8.355981500075375
2018-07-27,6.4079999923706055,6.414999961853027,6.245999813079834,6.30049991607666,6.223857879638672,295420000,-0.011065488657243328,6.212474989891052,6.298904991149902,52.15660213511684,0.014935881515294902,0.00037065987315001775,0.014565221642144884,6.461676184122494,6.212474989891052,5.96327379565961,8.022605954533173
2018-07-30,6.3147501945495605,6.320750236511231,6.067999839782715,6.103250026702881,6.029006481170654,340340000,-0.0313071734985263,6.221512484550476,6.297114992141724,43.44945639789879,0.000239349113734022,0.00034439772126681865,-0.00010504860753279664,6.439098019497219,6.221512484550476,6.003926949603732,6.9946186071975625
2018-07-31,6.092750072479248,6.197000026702881,6.053500175476074,6.121500015258789,6.047034740447998,283988000,0.0029902537563442078,6.224787473678589,6.296574993133545,44.37472789308229,-0.009821916206262493,-0.0016888650642390437,-0.008133051142023449,6.434125001377076,6.224787473678589,6.015449945980102,6.7259333297294885
2018-08-01,6.153250217437744,6.209000110626221,6.097249984741211,6.161749839782715,6.086795330047607,283556000,0.0065752209646912085,6.236824965476989,6.2976899909973145,46.45554071142059,-0.01438193105385377,-0.004227478262161989,-0.01015445279169178,6.3967623874766755,6.236824965476989,6.076887543477303,5.128809061822184
2018-08-02,6.089749813079834,6.269499778747559,6.030250072479248,6.265500068664551,6.18928337097168,269668000,0.0168377668981472,6.2466874599456785,6.3016499900817875,51.49261634822886,-0.00951432407431163,-0.005284847424591918,-0.004229476649719713,6.386943883571635,6.2466874599456785,6.106431036319722,4.490585595174827
2018-08-03,6.290249824523926,6.326499938964844,6.273250102996826,6.302499771118164,6.225832462310791,214288000,0.005905221840468711,6.25264995098114,6.303929986953736,53.18403744643161,-0.0026407033211137687,-0.004756018603896288,0.002115315282782519,6.3917463149285485,6.25264995098114,6.113553587033731,4.449197221590251
2018-08-06,6.289750099182129,6.354249954223633,6.24275016784668,6.350749969482422,6.273496627807617,207508000,0.007655870244721363,6.258624958992004,6.307099990844726,55.36958554028197,0.0066237242418871745,-0.0024800700347395958,0.00910379427662677,6.403670210873504,6.258624958992004,6.113579707110504,4.635051719247314
2018-08-07,6.400000095367432,6.442500114440918,6.373000144958496,6.423749923706055,6.345609664916992,258132000,0.011494871423016306,6.263249945640564,6.310934991836548,58.52435567089188,0.019630053020004645,0.0019419545762092523,0.017688098443795392,6.422469696377063,6.263249945640564,6.104030194904065,5.084253450473308
2018-08-08,6.425000190734863,6.50600004196167,6.389750003814697,6.4604997634887695,6.381913185119629,262100000,0.005721045276917636,6.27686243057251,6.315849990844726,60.05514421518742,0.03252810349242097,0.008059184359451596,0.02446891913296937,6.453685030216924,6.27686243057251,6.100039830928095,5.634107855643626
2018-08-09,6.478499889373779,6.481249809265137,6.403749942779541,6.411499977111816,6.333508968353272,204280000,-0.0075845934224266776,6.283399939537048,6.317584991455078,57.0326265040863,0.03835390818584017,0.01411812912472931,0.02423577906111086,6.469726821961359,6.283399939537048,6.097073057112738,5.930766279952539
2018-08-10,6.328750133514404,6.402500152587891,6.317500114440918,6.369750022888184,6.292266368865967,256396000,-0.0065118088082583014,6.290237450599671,6.318884992599488,54.515056214172276,0.039150722828818374,0.01912464786554712,0.020026074963271252,6.478688859410251,6.290237450599671,6.10178604178909,5.991869473627419
2018-08-13,6.378499984741211,6.525000095367432,6.3767499923706055,6.402999877929688,6.325111389160156,375208000,0.005219903031554063,6.300137448310852,6.318134994506836,56.174282809123774,0.04198125581077239,0.023695969454592174,0.018285286356180215,6.490431640206586,6.300137448310852,6.109843256415118,6.040953660360348
2018-08-14,6.509500026702881,6.550000190734863,6.42549991607666,6.535749912261963,6.456246852874756,466220000,0.02073251451971858,6.309812450408936,6.316424989700318,62.11613551181846,0.05431023731532569,0.029818823026738883,0.02449141428858681,6.52564899092865,6.309812450408936,6.093975909889222,6.841298127830267
2018-08-15,6.5567498207092285,6.591000080108643,6.397500038146973,6.477000236511231,6.398211479187012,591136000,-0.008989026443730674,6.319037461280823,6.31342999458313,58.34597967912081,0.058664191855126724,0.03558789679241645,0.02307629506271027,6.54657958052423,6.319037461280823,6.091495342037416,7.201796812810339
2018-08-16,6.547500133514404,6.550000190734863,6.375249862670898,6.435999870300293,6.357709884643555,801260000,-0.006330143146284883,6.32579996585846,6.309574995040894,55.80055451889415,0.05813618751643368,0.0400975549372199,0.01803863257921378,6.558741253129246,6.32579996585846,6.092858678587674,7.364800927250761
2018-08-17,6.323500156402588,6.324250221252441,6.093249797821045,6.120500087738037,6.046047687530518,1143188000,-0.04902114169534966,6.318212461471558,6.300534992218018,40.983686090034105,0.03189191442540906,0.03845642683485773,-0.006564512409448671,6.566984353785256,6.318212461471558,6.06944056915786,7.87475552082835
2018-08-20,6.079500198364258,6.329999923706055,5.9679999351501465,6.196000099182129,6.120629787445068,854388000,0.012335678408288198,6.316249966621399,6.293314990997314,44.76355115262027,0.016989514319144305,0.03416304433171505,-0.017173530012570742,6.568207635746965,6.316249966621399,6.064292297495832,7.978077829631566
2018-08-21,6.212500095367432,6.337500095367432,6.192500114440918,6.333000183105469,6.255963802337647,673988000,0.02211112574888663,6.32201247215271,6.289664993286133,50.90788063746586,0.01604901364493916,0.030540238194359873,-0.014491224549420714,6.569934857734256,6.32201247215271,6.074090086571164,7.843147626601443
2018-08-22,6.300000190734863,6.575500011444092,6.296500205993652,6.570499897003174,6.490573883056641,749856000,0.03750182835638016,6.335699963569641,6.289784994125366,59.34975452263423,0.03407510552285942,0.03124721166005978,0.0028278938627996353,6.605769735745376,6.335699963569641,6.065630191393906,8.525333387901576
2018-08-23,6.531499862670898,6.736999988555908,6.517499923706055,6.671000003814697,6.589850425720215,720684000,0.015295495352534383,6.3506999731063845,6.292004995346069,62.30377218505554,0.05582689422673148,0.036163148173394125,0.019663746053337358,6.657740179302939,6.3506999731063845,6.04365976690983,9.669491788205793
2018-08-24,6.679500102996826,6.820250034332275,6.675000190734863,6.805500030517578,6.722715377807617,531512000,0.020162058848684827,6.37594997882843,6.294659996032715,65.87757311579998,0.08296203686017467,0.04552292591075023,0.03743911094942444,6.740076394190536,6.37594997882843,6.011823563466324,11.421871770362095
2018-08-27,6.8354997634887695,6.972499847412109,6.803750038146973,6.897500038146973,6.813597679138184,505776000,0.013518689431740283,6.415662479400635,6.299980001449585,68.10500858001586,0.11061535962478697,0.058541412653557584,0.052073946971229385,6.822859674448499,6.415662479400635,6.008465284352771,12.693847170274001
2018-08-28,6.891499996185303,6.914500236511231,6.738249778747559,6.859499931335449,6.776058197021484,475384000,-0.005509494966460582,6.452562475204468,6.304624996185303,66.18326669896365,0.12798914689272678,0.07243095950139142,0.05555818739133536,6.879710157604308,6.452562475204468,6.025414792804629,13.239629497312356
2018-08-29,6.8480000495910645,6.987500190734863,6.827000141143799,6.962250232696533,6.881321430206299,420108000,0.015534582219362436,6.4925874948501585,6.313784999847412,68.75091905314613,0.1483391279446442,0.08761259319004198,0.06072653475460223,6.9520317874823245,6.4925874948501585,6.0331432022179925,14.152887211657653
2018-08-30,6.930749893188477,7.043000221252441,6.9079999923706055,6.945250034332275,6.864518642425537,346608000,-0.0024417966739649355,6.526574993133545,6.321534996032715,67.83321523081915,0.1612362297204255,0.10233732049611868,0.05889890922430682,7.013540487781553,6.526574993133545,6.039609498485538,14.922543452280326
2018-08-31,6.925000190734863,7.03000020980835,6.914999961853027,7.017000198364258,6.935434341430664,306592000,0.010330760640205439,6.562300014495849,6.333319997787475,69.67315999393293,0.17522700653624845,0.11691525770414465,0.0583117488321038,7.082003506626987,6.562300014495849,6.042596522364712,15.839065296714075
2018-09-04,7.003749847412109,7.130499839782715,6.974999904632568,7.09250020980835,7.010056018829346,391720000,0.01075948148667627,6.599387526512146,6.34969500541687,71.51926790462939,0.19021434533579384,0.13157507523047451,0.05863927010531933,7.157833182467951,6.599387526512146,6.040941870556341,16.924166180947104
2018-09-05,7.074749946594238,7.110499858856201,6.878749847412109,6.9604997634887695,6.8795905113220215,393156000,-0.018611193285315797,6.626225018501282,6.369344997406006,64.16497355187119,0.18925892736309802,0.14311184565699922,0.0461470817060988,7.199715421895968,6.626225018501282,6.052734615106596,17.30971712531423
2018-09-06,6.943999767303467,6.946499824523926,6.784749984741211,6.817999839782715,6.7387471199035645,322796000,-0.020472641676370862,6.644100022315979,6.384709997177124,57.313291320009924,0.1749860683439719,0.14948669019439376,0.025499378149578145,7.218099782007576,6.644100022315979,6.070100262624383,17.278480389026818
2018-09-07,6.724999904632568,6.923250198364258,6.679749965667725,6.796500205993652,6.717498779296875,295420000,-0.003153158922365562,6.663350033760071,6.402779998779297,56.335862245832374,0.16009441521084078,0.15160823519768318,0.008486180013157596,7.230640152971416,6.663350033760071,6.096059914548725,17.027174509433017
2018-09-10,6.819250106811523,6.898250102996826,6.775000095367432,6.868249893188477,6.788412570953369,220140000,0.01055657678346722,6.688275027275085,6.419714994430542,58.85756300696588,0.15232634959545788,0.15175185807723812,0.0005744915182197552,7.245491013540636,6.688275027275085,6.131059041009535,16.6624722815135
2018-09-11,6.821499824523926,6.909999847412109,6.80049991607666,6.820000171661377,6.740724563598633,243112000,-0.007024912946332451,6.70912504196167,6.437664995193481,56.49471406189664,0.14065536485081154,0.14953255943195282,-0.008877194581141279,7.253133023030033,6.70912504196167,6.165117060893307,16.216957581380882
2018-09-12,6.779749870300293,6.799499988555908,6.547999858856201,6.704999923706055,6.627060413360596,419092000,-0.016862304514242865,6.717587542533875,6.4506449890136714,51.21710344497326,0.12073471183961448,0.14377298991348517,-0.023038278073870683,7.255778813368682,6.717587542533875,6.179396271699067,16.023349675077
2018-09-13,6.771500110626221,6.875,6.754000186920166,6.7835001945495605,6.704648017883301,305536000,0.011707695370678062,6.732912540435791,6.467894992828369,54.35189957126939,0.11001359833015645,0.13702111159681943,-0.02700751326666298,7.260172312213718,6.732912540435791,6.205652768657864,15.662160130890387
2018-09-14,6.874750137329102,6.977499961853027,6.837500095367432,6.910749912261963,6.830419063568115,386936000,0.018758784256734273,6.756650042533875,6.484744987487793,58.95616170730072,0.11051112393564377,0.1317191140645843,-0.021207990128940535,7.270890054919235,6.756650042533875,6.242410030148514,15.221744774353013
2018-09-17,6.885000228881836,6.934500217437744,6.828750133514404,6.848249912261963,6.768646240234375,205528000,-0.009043782344662077,6.793037533760071,6.498044986724853,55.97008361964261,0.1046557821856906,0.12630644768880556,-0.021650665503114952,7.21716881826599,6.793037533760071,6.3689062492541515,12.487235125614118
2018-09-18,6.852250099182129,6.955999851226807,6.768750190734863,6.7754998207092285,6.696741104125977,299520000,-0.01062326698077054,6.822012519836425,6.508929986953735,52.628653173156145,0.09307217912741006,0.11965959397652647,-0.026587414849116406,7.146512014200392,6.822012519836425,6.4975130254724585,9.513306914064346
2018-09-19,6.756750106811523,6.817500114440918,6.706250190734863,6.799499988555908,6.720461368560791,224860000,0.003542060842131045,6.845337510108948,6.518294982910156,53.6125340876657,0.08485059833587183,0.11269779484839554,-0.02784719651252371,7.080706265205146,6.845337510108948,6.6099687550127495,6.876761145775914
2018-09-20,6.676249980926514,6.718999862670898,6.602499961853027,6.6570000648498535,6.57961893081665,430584000,-0.020957257250673322,6.849662518501281,6.527669982910156,47.327273023340915,0.06607471521682395,0.10337317892208123,-0.03729846370525727,7.067172711427884,6.849662518501281,6.632152325574679,6.350975463071258
2018-09-21,6.669000148773193,6.715000152587891,6.552750110626221,6.586249828338623,6.509689807891846,435128000,-0.010628141790595347,6.845425009727478,6.533779983520508,44.535613965737646,0.04496738376121012,0.09169201988990701,-0.046724636128696886,7.079373825371957,6.845425009727478,6.611476194082999,6.835187451824634
2018-09-24,6.554999828338623,6.645999908447266,6.4670000076293945,6.642499923706055,6.565287590026856,293912000,0.008540772874862324,6.8372750043869015,6.541969985961914,47.202148406274155,0.032405038988986945,0.07983462370972301,-0.047429584720736065,7.087041445903025,6.8372750043869015,6.587508562870778,7.30602298008693
2018-09-25,6.709249973297119,6.735499858856201,6.62274980545044,6.710249900817871,6.63224983215332,280388000,0.010199437756265972,6.827912497520447,6.5520749855041505,50.30133875304148,0.02759801446139054,0.06938730186005652,-0.041789287398665984,7.081948545390416,6.827912497520447,6.573876449650477,7.441104377427877
2018-09-26,6.715250015258789,6.75600004196167,6.6570000648498535,6.672999858856201,6.595431804656982,268548000,-0.005551363176616642,6.8185874938964846,6.558689985275269,48.61177051910173,0.020545806547255907,0.0596190027974964,-0.03907319625024049,7.08085934289219,6.8185874938964846,6.556315644900779,7.692849852860964
2018-09-27,6.708499908447266,6.730000019073486,6.653250217437744,6.684999942779541,6.607294082641602,214428000,0.0017985597207210713,6.804724979400635,6.56653998374939,49.203700675275925,0.01574370383294621,0.05084394300458636,-0.03510023917164015,7.064454022447063,6.804724979400635,6.544995936354206,7.6337851664155245
2018-09-28,6.818250179290772,7.047999858856201,6.789999961853027,7.0254998207092285,6.943833827972412,709396000,0.05093457943925239,6.808737468719483,6.581034984588623,62.428356190787184,0.038964340642816175,0.04846802253223233,-0.009503681889416152,7.079280669369465,6.808737468719483,6.5381942680695,7.94694176102119
2018-10-01,7.104000091552734,7.301499843597412,7.065000057220459,7.234000205993652,7.149912357330322,622060000,0.029677917770403406,6.819587469100952,6.600269985198975,67.93360570740931,0.07334561855764932,0.053443541737315726,0.01990207682033359,7.136159324476301,6.819587469100952,6.503015613725603,9.284193708482006
2018-10-02,7.206250190734863,7.318999767303467,7.139500141143799,7.162000179290772,7.07874870300293,383964000,-0.009953080649224066,6.823062467575073,6.618804988861084,64.42310593639868,0.09370307783020859,0.0614954489558943,0.03220762887431429,7.152793353556404,6.823062467575073,6.4933315815937425,9.665187371456604
2018-10-03,7.232999801635742,7.240499973297119,7.0632500648498535,7.16825008392334,7.084926605224609,320552000,0.0008727393047671672,6.833449983596802,6.637814989089966,64.59414087505135,0.10908338073147661,0.07101303531101077,0.038070345420465834,7.191701223996683,6.833449983596802,6.475198743196922,10.485223167209433
2018-10-04,7.131750106811523,7.15625,6.9045000076293945,6.982250213623047,6.901088237762451,391220000,-0.025947815369970262,6.841662502288818,6.6515249919891355,55.97034060314491,0.10505276365601812,0.07782098098001225,0.027231782676005872,7.205605807897513,6.841662502288818,6.477719196680123,10.639031243851642
2018-10-05,6.957250118255615,7.019999980926514,6.688499927520752,6.746500015258789,6.668078422546387,426636000,-0.03376421329335355,6.8391624927520756,6.659034996032715,47.342857128922695,0.08189140666292971,0.07863506611659575,0.0032563405463339606,7.204994397720554,6.8391624927520756,6.473330587783597,10.698149235558468
2018-10-08,6.662499904632568,6.77899980545044,6.501999855041504,6.64424991607666,6.567017078399658,408612000,-0.015155992137857233,6.827962493896484,6.665909996032715,44.16318098860063,0.054655105874181764,0.07383907406811295,-0.019183968193931186,7.203142703838087,6.827962493896484,6.452782283954881,10.98952169924708
2018-10-09,6.623499870300293,6.718999862670898,6.570000171661377,6.638500213623047,6.561334133148193,273500000,-0.0008653769563288227,6.818887495994568,6.676614999771118,43.984288415666136,0.032234607842547724,0.0655181808229999,-0.033283572980452175,7.203071408982024,6.818887495994568,6.434703583007113,11.268228525932601
2018-10-10,6.531499862670898,6.577750205993652,6.139999866485596,6.142250061035156,6.070852279663086,684940000,-0.07475337233736778,6.790750002861023,6.677030000686646,31.953574955453988,-0.0252855621361725,0.047357432231165425,-0.07264299436733793,7.273869007633477,6.790750002861023,6.307630998088568,14.228737755591386
2018-10-11,6.0542497634887695,6.189000129699707,5.856500148773193,5.8782501220703125,5.8099212646484375,725436000,-0.04298095275497782,6.74548749923706,6.671360006332398,27.624663817200428,-0.09112289201257973,0.0196613673824164,-0.11078425939499613,7.371370787382375,6.74548749923706,6.119604211091746,18.55709578339903
2018-10-12,6.137750148773193,6.238500118255615,5.991250038146973,6.16349983215332,6.091854572296143,608236000,0.0485261838853448,6.708124995231628,6.6693200016021725,37.48025114278423,-0.11891144547593324,-0.008053195189253529,-0.11085825028667971,7.3777709161877105,6.708124995231628,6.038479074275546,19.965218937693916
2018-10-15,6.150000095367432,6.150000095367432,5.883500099182129,5.884500026702881,5.816097736358643,449760000,-0.045266483739049845,6.659937500953674,6.660960006713867,32.77864462021908,-0.1615843827213208,-0.038759432695666986,-0.12282495002565383,7.415504930317997,6.659937500953674,5.9043700715893515,22.689925521256885
2018-10-16,5.9982500076293945,6.1570000648498535,5.948500156402588,6.145750045776367,6.074311256408691,408712000,0.04439635160115318,6.628450012207031,6.656860008239746,40.327099287098264,-0.1723357208339662,-0.06547469032332684,-0.10686103051063936,7.4140218487622995,6.628450012207031,5.842878175651762,23.70303268814128
2018-10-17,6.208499908447266,6.247000217437744,6.026999950408936,6.076499938964844,6.005865097045898,329668000,-0.01126813501540258,6.592300009727478,6.649915008544922,39.07455350005508,-0.18431941909141436,-0.08924363607694435,-0.09507578301447,7.408984757632293,6.592300009727478,5.775615261822663,24.7769290444831
2018-10-18,6.146500110626221,6.18524980545044,5.927249908447266,5.988249778747559,5.918641090393066,524020000,-0.014523137839998257,6.558862495422363,6.640470008850098,37.47705019708839,-0.19864774909288663,-0.11112445868013282,-0.08752329041275381,7.415973821267228,6.558862495422363,5.7017511695774985,26.13597484146282
2018-10-19,6.044000148773193,6.06374979019165,5.692500114440918,5.729249954223633,5.662653923034668,613608000,-0.04325100364235768,6.516012501716614,6.626825008392334,33.18855668444462,-0.22827081131711235,-0.13455372920752873,-0.09371708210958363,7.445956971860504,6.516012501716614,5.586068031572724,28.54336052605486
2018-10-22,5.7820000648498535,5.882999897003174,5.676750183105469,5.7804999351501465,5.713306903839111,368844000,0.008945095619987686,6.4729125022888185,6.615040006637574,34.778955445247675,-0.24479006886825516,-0.15660099713967401,-0.08818907172858115,7.4539131196584645,6.4729125022888185,5.491911884919173,30.31094942262126
2018-10-23,5.510749816894531,5.604750156402588,5.417749881744385,5.526500225067139,5.462259769439697,626436000,-0.04394077521561468,6.413725018501282,6.597510013580322,30.85835854801796,-0.2752049618409478,-0.18032179007992877,-0.09488317176101901,7.4702395758445785,6.413725018501282,5.357210461157985,32.94542732329913
2018-10-24,5.487750053405762,5.534749984741211,4.971250057220459,4.985249996185303,4.927302360534668,884288000,-0.09793701352286721,6.329337525367737,6.566500015258789,24.51618521945325,-0.3390747114957007,-0.21207237436308313,-0.12700233713261755,7.546876643095278,6.329337525367737,5.111798407640196,38.47287691161016
2018-10-25,4.886750221252441,5.243750095367432,4.8420000076293945,5.196000099182129,5.135601997375488,951720000,0.042274579800338774,6.254887533187866,6.540880012512207,30.505410713128498,-0.3684390403423192,-0.24334570755893037,-0.12509333278338886,7.555588071798191,6.254887533187866,4.954186994577542,41.58989371779829
2018-10-26,4.957749843597412,5.120999813079834,4.828000068664551,4.957250118255615,4.899628162384033,664784000,-0.045948622013942675,6.151475048065185,6.511305017471313,27.813092790344996,-0.40629212791323965,-0.27593499162979224,-0.13035713628344742,7.5178751488463655,6.151475048065185,4.785074947284005,44.42512048263781
2018-10-29,5.09975004196167,5.103250026702881,4.40024995803833,4.640500068664551,4.586558818817139,758016000,-0.06389655157312246,6.0218000411987305,6.481705017089844,24.698647749879783,-0.4565868058588256,-0.3120653544755989,-0.1445214513832267,7.443778852558764,6.0218000411987305,4.599821229838697,47.22769941317969
2018-10-30,4.663750171661377,5.085000038146973,4.640500068664551,5.074999809265137,5.016007423400879,807192000,0.0936319845767275,5.917450022697449,6.459285011291504,35.38695877481702,-0.45612725165593204,-0.34087773391166554,-0.1152495177442665,7.2950359181569295,5.917450022697449,4.539864127237968,46.56011931407958
2018-10-31,5.241250038146973,5.3147501945495605,5.100249767303467,5.270750045776367,5.209482669830322,745772000,0.03857156301779674,5.8225750207901,6.438040008544922,39.54990456885732,-0.4349537672264905,-0.3596929405746305,-0.07526082665185996,7.100261151582254,5.8225750207901,4.544888889997946,43.88732223217546
2018-11-01,5.307499885559082,5.462250232696533,5.179749965667725,5.452750205993652,5.389368057250977,566528000,0.034530374476994474,5.7461000204086305,6.4156850147247315,43.21328069151876,-0.3988895855367849,-0.3675322695670614,-0.031357315969723465,6.915489995668663,5.7461000204086305,4.576710045148598,40.70204037892372
2018-11-02,5.443250179290772,5.550000190734863,5.255249977111816,5.373000144958496,5.310545444488525,452960000,-0.014625576120451012,5.677425026893616,6.389725017547607,42.0118458559333,-0.3724502505002274,-0.36851586575369466,-0.0039343847465327375,6.761993405915635,5.677425026893616,4.592856647871597,38.20634790893706
2018-11-05,5.359749794006348,5.383250236511231,5.131999969482422,5.294250011444092,5.23270845413208,379332000,-0.014657061345219713,5.609925031661987,6.3595000171661376,40.80540608960731,-0.3537732864015064,-0.365567349883257,0.011794063481750605,6.6101640613811625,5.609925031661987,4.609686001942812,35.65962197619051
2018-11-06,5.286250114440918,5.371250152587891,5.238999843597412,5.276500225067139,5.215165615081787,299012000,-0.0033525351553725935,5.5418250322341915,6.327080020904541,40.52294321365308,-0.3365246702926763,-0.35975881396514087,0.02323414367246457,6.432088317013817,5.5418250322341915,4.651561747454566,32.128884603948435
2018-11-07,5.34375,5.43524980545044,5.2795000076293945,5.344749927520752,5.282622814178467,483812000,0.012934814361714508,5.501950025558472,6.296785020828247,42.18028445791665,-0.3137313375866926,-0.3505533186894512,0.03682198110275864,6.351581903452944,5.501950025558472,4.652318147663999,30.884754457878994
2018-11-08,5.284999847412109,5.285749912261963,5.095749855041504,5.149750232696533,5.089890956878662,511352000,-0.03648412239134613,5.465525031089783,6.260535020828247,38.849364190066396,-0.30785355869947306,-0.34201336669145566,0.034159807991982594,6.309951341277797,5.465525031089783,4.621098720901768,30.900098540748694
2018-11-09,5.059999942779541,5.232999801635742,5.026000022888184,5.141749858856201,5.081981182098389,413240000,-0.0015540165491333413,5.414437532424927,6.2244650173187255,38.71428544614523,-0.300378365077667,-0.3336863663686979,0.0333080012910309,6.205732907809781,5.414437532424927,4.623142157040072,29.229088733450126
2018-11-12,5.049499988555908,5.071750164031982,4.71649980545044,4.738500118255615,4.68341875076294,617116000,-0.07842658543077852,5.357137537002563,6.178895015716552,32.567643297337995,-0.323266687101909,-0.33160243051534016,0.008335743413431185,6.16966553102693,5.357137537002563,4.544609542978196,30.334408568460773
2018-11-13,4.837250232696533,5.105249881744385,4.830999851226807,4.982749938964844,4.924830436706543,644712000,0.05154603907760236,5.298987531661988,6.136700010299682,38.895870767812994,-0.3180308661002007,-0.3288881176323123,0.01085725153211159,6.040828030356156,5.298987531661988,4.557147032967819,27.999329844110644
2018-11-14,5.15749979019165,5.171999931335449,4.820750236511231,4.929749965667725,4.8724470138549805,526580000,-0.0106365941984784,5.241650032997131,6.096085014343262,38.06118665285986,-0.31453236186216316,-0.3260169664782825,0.011484604616119332,5.907637373579922,5.241650032997131,4.57566269241434,25.41136231493062
2018-11-15,4.923749923706055,5.132500171661377,4.887499809265137,5.059750080108643,5.0009355545043945,840708000,0.026370433641259128,5.195225048065185,6.06092001914978,41.383867132566884,-0.29783657463351787,-0.3203808881093296,0.022544313475811706,5.769727705512528,5.195225048065185,4.620722390617843,22.116564812194227
2018-11-16,4.083000183105469,4.266499996185303,4.040249824523926,4.110750198364258,4.0629658699035645,1963520000,-0.1875588426161563,5.114300060272217,6.007205018997192,29.10813930010032,-0.3570653749253445,-0.3277177854725326,-0.029347589452811906,5.808589991543116,5.114300060272217,4.420010129001318,27.15092673830891
2018-11-19,4.044750213623047,4.045499801635742,3.6157500743865967,3.617500066757202,3.5754504203796387,1697820000,-0.11999004302133043,5.00615006685257,5.942190022468567,24.96333099054678,-0.4387481734026908,-0.34992386305856427,-0.08882431034412652,5.897536859337911,5.00615006685257,4.114763274367228,35.61166887055654
2018-11-20,3.3515000343322754,3.8564999103546143,3.332750082015991,3.7269999980926514,3.6836769580841056,1692032000,0.030269343713337005,4.916175055503845,5.880330018997192,27.433669608160315,-0.4890096514946203,-0.37774102074577554,-0.11126863074884474,5.933662414343947,4.916175055503845,3.8986876966637434,41.39345517003044
2018-11-21,3.865499973297119,3.882499933242798,3.590250015258789,3.6177499294281006,3.5756969451904297,1025496000,-0.029313105932567085,4.847800052165985,5.818585019111634,26.49640451807052,-0.5315306480527662,-0.4084989462071737,-0.12303170184559248,6.010902478090945,4.847800052165985,3.6846976262410243,47.984752399401835
2018-11-23,3.582750082015991,3.7397499084472656,3.5697500705718994,3.625,3.58286190032959,411968000,0.0020037926169322873,4.769250047206879,5.755415015220642,26.67543757043684,-0.558209136614777,-0.4384409842886944,-0.11976815232608262,6.035317256735363,4.769250047206879,3.5031828376783953,53.0929264348368
2018-11-26,3.7472500801086426,3.836750030517578,3.6640000343322754,3.826250076293945,3.781773805618286,814832000,0.05551760319603671,4.712700045108795,5.693725018501282,31.651994551850294,-0.5566955915203717,-0.46209190573502984,-0.0946036857853419,6.039694977947485,4.712700045108795,3.385705112270105,56.315696740171184
2018-11-27,3.799999952316284,3.9252500534057617,3.763750076293945,3.843250036239624,3.7985763549804688,738060000,0.004443033937466145,4.672837543487549,5.633625020980835,32.07139484128159,-0.5478095341257214,-0.47923543141316816,-0.06857410271255326,6.052948253504087,4.672837543487549,3.2927268334710105,59.06949245175339
2018-11-28,3.961999893188477,4.006999969482422,3.828249931335449,4.0017499923706055,3.955233335494995,804524000,0.041240971847025465,4.619175052642822,5.578150024414063,36.01374764135987,-0.5219608085083447,-0.4877805068322035,-0.03418030167614122,6.01592546802041,4.619175052642822,3.2224246372652336,60.47618457665722
2018-11-29,4.0,4.037499904632568,3.9035000801086426,3.934000015258789,3.8921613693237305,549172000,-0.015946458987702528,4.552337551116944,5.52084002494812,35.07664843627728,-0.5011652432101075,-0.4904574541077843,-0.010707789102323173,5.945903368885169,4.552337551116944,3.1587717333487184,61.224186568779615
2018-11-30,3.943749904632568,4.096499919891357,3.892999887466431,4.085750102996826,4.042296886444092,729564000,0.03857381615871902,4.483987545967102,5.46941502571106,38.91094035187515,-0.46705571646788435,-0.48577710657980433,0.018721390111919978,5.827390305816995,4.483987545967102,3.1405847861172083,59.920004062373
2018-12-03,4.315000057220459,4.367000102996826,4.183499813079834,4.250999927520752,4.205788612365723,890804000,0.040445254397296404,4.4278875350952145,5.422710027694702,42.8678961493519,-0.4218268338278479,-0.4729870520294131,0.05116021820156519,5.710435817277909,4.4278875350952145,3.14533925291252,57.93048138722048
2018-12-04,4.205999851226807,4.210999965667725,3.912499904632568,3.9277501106262207,3.885977745056152,812112000,-0.07604064226368235,4.359562540054322,5.368415031433106,37.720817347417515,-0.4073702663398855,-0.4598636948915076,0.05249342855162209,5.594944091206131,4.359562540054322,3.1241809889025127,56.674564927168845
2018-12-06,3.78600001335144,3.962249994277954,3.770250082015991,3.9572501182556152,3.915163993835449,692308000,0.007510657727370917,4.293600034713745,5.313355035781861,38.44716614832528,-0.3890482226413887,-0.44570060044148385,0.05665237780009513,5.465342106071772,4.293600034713745,3.121857963355718,54.580867425214066
2018-12-07,3.9614999294281006,3.971750020980835,3.640500068664551,3.690249919891357,3.651003360748291,681676000,-0.06747115408271209,4.210875034332275,5.253700037002563,34.52269492296486,-0.3915589082440869,-0.43487226200200446,0.04331335375791756,5.305145947689449,4.210875034332275,3.1166041209751016,51.97356389991725
2018-12-10,3.6449999809265137,3.821500062942505,3.641249895095825,3.796499967575073,3.7561240196228023,629472000,0.028792265711025333,4.143212521076203,5.195930037498474,37.2668953578001,-0.3805879725535508,-0.42401540411231375,0.04342743155876294,5.1616230378072165,4.143212521076203,3.124802004345189,49.16042860705011
2018-12-11,3.888999938964844,3.897249937057495,3.625,3.704750061035156,3.665349721908569,671912000,-0.024167012920768505,4.07136253118515,5.129515042304993,35.86890451813592,-0.3749744061091227,-0.4142072045116756,0.03923279840255289,4.996319178376707,4.07136253118515,3.1464058839935927,45.437203889691816
2018-12-12,3.7105000019073486,3.819499969482422,3.620500087738037,3.722500085830689,3.6829113960266113,654136000,0.004791268351031386,4.020562529563904,5.0592850399017335,36.36623689766273,-0.36488714374180464,-0.40434319235770144,0.0394560486158968,4.904049217445657,4.020562529563904,3.137075841682151,43.94841176503635
2018-12-13,3.7697501182556152,3.8345000743865967,3.686000108718872,3.722249984741211,3.682662963867188,471384000,-6.745537231533927e-05,3.957537531852722,4.990490036010742,36.36195805180824,-0.35284571099116446,-0.3940436960843941,0.04119798509322964,4.730387633124677,3.957537531852722,3.1846874305807678,39.05712049735859
2018-12-14,3.6802499294281006,3.764750003814697,3.637500047683716,3.661250114440918,3.622312545776367,471820000,-0.01638771146937823,3.894112539291382,4.920350036621094,35.27188656879882,-0.34425659280887855,-0.384086275429291,0.03982968262041248,4.534209566124702,3.894112539291382,3.254015512458061,32.87511700675195
2018-12-17,3.63100004196167,3.703749895095825,3.5309998989105225,3.5894999504089355,3.551324844360352,662868000,-0.019597343000892442,3.8206000328063965,4.852495031356812,33.98147395535234,-0.33932773446566245,-0.37513456723656535,0.03580683277090291,4.187919294308792,3.8206000328063965,3.4532807713040006,19.22835462222325
2018-12-18,3.6337499618530273,3.7582499980926514,3.606250047683716,3.673500061035156,3.634432077407837,564372000,0.023401754750614456,3.7987375259399414,4.7910350322723385,36.89234903675872,-0.3248982470588784,-0.365087303201028,0.040189056142149626,4.1458712460955764,3.7987375259399414,3.4516038057843064,18.276267722379263
2018-12-19,3.63949990272522,3.69350004196167,3.410749912261963,3.46274995803833,3.425923585891724,745364000,-0.057370309053849766,3.791000020503998,4.727405033111572,32.96512972679547,-0.3267025230099043,-0.3574103471628033,0.030707824152898966,4.160148323415295,3.791000020503998,3.4218517175927015,19.47498290238574
2018-12-20,3.4542500972747803,3.5450000762939453,3.3172500133514404,3.377500057220459,3.341580390930176,749588000,-0.02461911156129737,3.773525023460388,4.662185029983521,31.504204032591304,-0.33119358573751967,-0.3521669948777466,0.02097340914022694,4.183922648708099,3.773525023460388,3.3631273982126775,21.751419306681523
2018-12-21,3.404249906539917,3.4375,3.2114999294281006,3.2392499446868896,3.2047998905181885,863740000,-0.04093287738437812,3.7546000242233277,4.604125027656555,29.241008971521765,-0.3419664377548526,-0.35012688345316784,0.008160445698315255,4.222820468458734,3.7546000242233277,3.286379579987922,24.94116237226954
2018-12-24,3.16225004196167,3.249500036239624,3.112499952316284,3.177000045776367,3.1432125568389893,463840000,-0.019217216607318677,3.732200026512146,4.550100026130676,28.256697124583866,-0.35147545690938786,-0.3503965981444118,-0.0010788587649760428,4.2619060379702045,3.732200026512146,3.2024940150540875,28.38572465008446
2018-12-26,3.2235000133514404,3.3285000324249268,3.111500024795532,3.327500104904175,3.292112112045288,695100000,0.04737177410491178,3.7072625279426576,4.493380031585693,34.037891740727304,-0.34291442210677037,-0.34890016293688353,0.005985740830113162,4.263219600181422,3.7072625279426576,3.151305455703893,29.99286228306537
2018-12-27,3.274749994277954,3.309499979019165,3.129499912261963,3.279249906539917,3.2443747520446777,637044000,-0.014500526827730842,3.679062521457672,4.441275029182434,33.11653415076874,-0.33614822066817274,-0.3463497744831414,0.010201553814968678,4.261168821924117,3.679062521457672,3.0969562209912276,31.644273347972884
2018-12-28,3.299999952316284,3.4347500801086426,3.2577500343322754,3.341249942779541,3.305715799331665,628728000,0.01890689330766393,3.646037518978119,4.385185027122498,35.531390985702245,-0.32207044490464964,-0.34149390856744305,0.019423463662793405,4.2261092117656816,3.646037518978119,3.0659658261905562,31.81929367255334
2018-12-31,3.384999990463257,3.4177498817443848,3.30649995803833,3.337500095367432,3.3020052909851074,465140000,-0.0011224523134468756,3.616212522983551,4.3304050302505495,35.44802842627408,-0.3076696631751674,-0.33472905948898796,0.02705939631382054,4.195332230582895,3.616212522983551,3.0370928153842076,32.02907483554321
2019-01-02,3.2660000324249268,3.461999893188477,3.251250028610229,3.4054999351501465,3.3692822456359863,508752000,0.020374575060359,3.582200014591217,4.278750033378601,38.27610479328206,-0.28745630379561105,-0.3252745083503126,0.03781820455470153,4.125835079636454,3.582200014591217,3.0385649495459797,30.352021820717585
2019-01-03,3.344749927520752,3.378999948501587,3.1922500133514404,3.1997499465942383,3.165720224380493,705552000,-0.06041702843955976,3.5296375155448914,4.228160033226013,33.494518729969855,-0.2847568754053116,-0.3171709817613124,0.03241410635600084,4.003222528945892,3.5296375155448914,3.056052502143891,26.834767667517273
2019-01-04,3.2734999656677246,3.4432499408721924,3.242500066757202,3.404750108718872,3.368539810180664,585620000,0.0640674385052018,3.5034875154495237,4.1806450366973875,41.3554016259111,-0.2630435567487779,-0.3063454967588055,0.04330194001002763,3.94276888325647,3.5034875154495237,3.0642061476425777,25.076805090346266
2019-01-07,3.462500095367432,3.6222500801086426,3.410749912261963,3.5850000381469727,3.5468735694885254,709160000,0.052940968299940216,3.4848750114440916,4.141815032958984,47.25840128706044,-0.22865513828288409,-0.2908074250636212,0.06215228678073714,3.8744018747169098,3.4848750114440916,3.0953481481712735,22.355284593773867
2019-01-08,3.667249917984009,3.669500112533569,3.422499895095825,3.4957499504089355,3.4585723876953125,786016000,-0.024895497418574886,3.4751500129699706,4.112025032043457,44.85107041144651,-0.20622655373989973,-0.27389125079887694,0.06766469705897721,3.8532250810258097,3.4751500129699706,3.0970749449141315,21.758776838109757
2019-01-09,3.547499895095825,3.6122500896453857,3.496500015258789,3.564500093460083,3.526590585708618,617260000,0.019666553244713558,3.463550019264221,4.079395031929016,47.08705265923443,-0.1808197988404352,-0.2552769604071886,0.07445716156675342,3.814756577262945,3.463550019264221,3.112343461265497,20.280149329174844
2019-01-10,3.5450000762939453,3.63949990272522,3.483999967575073,3.630749940872192,3.5921363830566406,523156000,0.01858616580377781,3.459850013256073,4.052865028381348,49.22348957861868,-0.15356870903914288,-0.23493531013357946,0.08136660109443658,3.8022634430898803,3.459850013256073,3.1174365834222657,19.79354183111315
2019-01-11,3.60824990272522,3.743750095367432,3.580250024795532,3.720750093460083,3.6811795234680176,874764000,0.02478835180962924,3.4597625136375427,4.034470028877259,52.05559306611254,-0.12328856999648519,-0.21260596210616062,0.08931739210967543,3.8019082202469057,3.4597625136375427,3.11761680702818,19.778566029356508
2019-01-14,3.6679999828338623,3.786499977111816,3.64424991607666,3.760999917984009,3.721001386642456,730168000,0.01081769115593767,3.4617000102996824,4.008190031051636,53.30982315606482,-0.0949490041748704,-0.1890745705199026,0.09412556634503219,3.8101501921566543,3.4617000102996824,3.1132498284427106,20.131737632967578
2019-01-15,3.7939999103546143,3.833750009536743,3.728250026702881,3.7467501163482666,3.7069032192230233,617012000,-0.003788810041845725,3.46597501039505,3.9777100324630736,52.7833626104749,-0.0728003370186232,-0.16581972381964674,0.09301938680102353,3.826018189072277,3.46597501039505,3.105931831717823,20.775866969461465
2019-01-16,3.774250030517578,3.807499885559082,3.7155001163482666,3.720999956130981,3.681426763534546,470104000,-0.006872705916993849,3.4725500106811524,3.94307502746582,51.788084987527775,-0.05667190303013747,-0.1439901596617449,0.08731825663160742,3.845931893510768,3.4725500106811524,3.099168127851537,21.504766334891475
2019-01-17,3.6877501010894775,3.833250045776367,3.660249948501587,3.7929999828338623,3.752661943435669,493436000,0.019349883747987517,3.4785250067710876,3.9114750242233276,54.37841422907128,-0.03764624004827244,-0.1227213757390504,0.08507513569077796,3.868053799667542,3.4785250067710876,3.088996213874633,22.396204836142978
2019-01-18,3.843250036239624,3.94950008392334,3.791249990463257,3.923249959945679,3.8815255165100098,651336000,0.03433924371998254,3.501550006866455,3.8840550231933593,58.70123592399427,-0.01192076529232633,-0.10056125364970558,0.08864048835737925,3.9364274198698523,3.501550006866455,3.0666725938630575,24.839137647648233
2019-01-22,3.892750024795532,3.9045000076293945,3.6887500286102295,3.719249963760376,3.6796953678131104,661552000,-0.05199763542411817,3.518637502193451,3.852910017967224,50.61231909567907,-0.007903133594702183,-0.08202962963870492,0.07412649604400273,3.959490550951442,3.518637502193451,3.0777844534354597,25.058168025729948
2019-01-23,3.775000095367432,3.864500045776367,3.700750112533569,3.732249975204468,3.692556858062744,591020000,0.003495259515810867,3.5432875037193297,3.8206600189208983,51.07499012387309,-0.0036283143022237674,-0.06634936657140869,0.06272105226918492,3.9739097239606833,3.5432875037193297,3.112665283477976,24.306366321634172
2019-01-24,3.817500114440918,3.963749885559082,3.8127501010894775,3.946000099182129,3.90403413772583,708972000,0.05727123177570648,3.5817375063896177,3.7965850162506105,58.036077324008005,0.016813543344542214,-0.049716784588218516,0.06653032793276073,4.011997976667596,3.5817375063896177,3.15147703611164,24.025237444699247
2019-01-25,3.885999917984009,4.021999835968018,3.7825000286102295,4.003749847412109,3.961169481277466,1154572000,0.014634949781693773,3.615549993515015,3.7738250160217284,59.70422342690771,0.037244453971100544,-0.03232453687635471,0.06956899084745526,4.066374224311952,3.615549993515015,3.1647257627180783,24.938072028076057
2019-01-28,3.413749933242798,3.5409998893737797,3.275000095367432,3.4502499103546143,3.4135560989379883,2511528000,-0.13824538054425128,3.6240999937057494,3.7480600118637084,42.334168119457,0.0086732983266824,-0.02412496983574729,0.032798268162429686,4.055139842048427,3.6240999937057494,3.1930601453630714,23.787414756286946
2019-01-29,3.403749942779541,3.452500104904175,3.27524995803833,3.289999961853028,3.255009651184082,1153932000,-0.046446123385296856,3.6215374946594237,3.714205012321472,38.813359725531406,-0.026593822908548503,-0.024618740450307534,-0.001975082458240969,4.0598214451399715,3.6215374946594237,3.183253544178876,24.204302792770886
2019-01-30,3.3667500019073486,3.4492499828338623,3.2864999771118164,3.4347500801086426,3.398221731185913,974228000,0.043997436366965736,3.6263999938964844,3.6843050146102905,43.39295947415551,-0.042374676859822547,-0.02816992773221054,-0.014204749127612007,4.053998759635015,3.6263999938964844,3.1988012281579534,23.58254833764688
2019-01-31,3.43149995803833,3.62975001335144,3.4094998836517334,3.59375,3.555530548095703,842852000,0.046291510488014165,3.635812497138977,3.6549850130081176,47.99722242522544,-0.04157193717948893,-0.030850329621666218,-0.01072160755782271,4.051673244050027,3.635812497138977,3.219951750227927,22.87580821278827
2019-02-01,3.612499952316284,3.669749975204468,3.564500093460083,3.618249893188477,3.5797693729400635,625048000,0.006817217435339584,3.656737494468689,3.645135006904602,48.689763683954276,-0.038514848375823085,-0.03238323337249759,-0.006131615003325493,4.02173108096359,3.656737494468689,3.291743907973787,19.96279946520656
2019-02-04,3.6342499256134033,3.766999959945679,3.611999988555908,3.7295000553131104,3.6898367404937744,528592000,0.03074705549070411,3.6729749917984007,3.6473750066757202,51.826977724327215,-0.02680612087154577,-0.031267810872307226,0.004461690000761458,4.020142159659943,3.6729749917984007,3.3258078239368585,18.903867771316275
2019-02-05,3.741499900817871,3.785749912261963,3.7074999809265137,3.7487499713897705,3.7088816165924072,542424000,0.005161441396478672,3.681162488460541,3.6478100061416625,52.36964894314421,-0.015791527716819687,-0.02817255424120972,0.012381026524390035,4.027366695608656,3.681162488460541,3.3349582813124266,18.80950423858616
2019-02-06,3.782249927520752,3.890000104904175,3.776750087738037,3.825000047683716,3.7843213081359854,702464000,0.02034028026294621,3.69762499332428,3.651955008506775,54.553530934676175,-0.0008992731166843626,-0.02271789801630465,0.021818624899620286,4.038264955185493,3.69762499332428,3.3569850314630667,18.424797672895828
2019-02-07,3.778249979019165,3.7804999351501465,3.642250061035156,3.685499906539917,3.646304130554199,637120000,-0.036470787320585174,3.7036749839782717,3.653165006637573,50.033653587651855,-0.0003495205369761223,-0.018244222520438943,0.01789470198346282,4.038897491907394,3.7036749839782717,3.368452476049149,18.10215579818757
2019-02-08,3.6177499294281006,3.714999914169312,3.603250026702881,3.70425009727478,3.664854526519776,461604000,0.0050874516500512,3.707349991798401,3.65072500705719,50.62578717431457,0.001580922147194297,-0.014279193586912296,0.015860115734106593,4.040901428403064,3.707349991798401,3.3737985551937375,17.994062462004596
2019-02-11,3.659749984741211,3.714499950408936,3.612499952316284,3.661250114440918,3.622312545776367,495180000,-0.011608095337908964,3.7043749928474425,3.647085008621216,49.18621713527743,-0.00035483702599670153,-0.011494322274729178,0.011139485248732477,4.038456248801093,3.7043749928474425,3.3702937368937924,18.03711862857879
2019-02-12,3.700000047683716,3.795000076293945,3.685499906539917,3.779249906539917,3.7390568256378174,591060000,0.032229212246628114,3.705287492275238,3.642635006904602,53.12531705072475,0.007545675094369209,-0.007686322800909501,0.01523199789527871,4.040081352836467,3.705287492275238,3.3704936317140084,18.07114083639695
2019-02-13,3.809000015258789,3.895750045776367,3.795249938964844,3.822000026702881,3.7813525199890137,605372000,0.011311861874145679,3.7090499877929686,3.640395007133484,54.50142974170917,0.017059810414272736,-0.0027370961578730537,0.01979690657214579,4.047296697871439,3.7090499877929686,3.370803277714498,18.238994415911915
2019-02-14,3.821000099182129,3.89175009727478,3.777499914169312,3.8632500171661377,3.822163820266724,827264000,0.01079277852619498,3.7161624908447264,3.63594500541687,55.84832564136776,0.027610088774066455,0.0033323408285148483,0.024277747945551605,4.061032691852795,3.7161624908447264,3.371292289836658,18.560555511644232
2019-02-15,4.073750019073486,4.096749782562256,3.910500049591065,3.933500051498413,3.891666173934937,1516748000,0.01818403316458661,3.723187494277954,3.629595007896423,58.1220065615766,0.04116532283432495,0.010898937229676869,0.030266385604648078,4.079564227342194,3.723187494277954,3.3668107612137135,19.143636124258812
2019-02-19,3.922749996185303,3.9972500801086426,3.9035000801086426,3.9159998893737793,3.87435245513916,551892000,-0.00444892188125956,3.722824990749359,3.6293600034713744,57.329971728936975,0.04992037564271268,0.01870322491228403,0.031217150730428647,4.078400828146975,3.722824990749359,3.367249153351743,19.102473969695957
2019-02-20,3.945499897003174,4.031499862670898,3.9342501163482666,3.963749885559082,3.921594858169556,540988000,0.012193625535469987,3.7350499868392943,3.629489998817444,58.97279762004776,0.060019970836228786,0.02696657409707298,0.033053396739155805,4.105782746179012,3.7350499868392943,3.3643172274995767,19.8515554354571
2019-02-21,3.9765000343322754,4.00124979019165,3.879499912261963,3.89424991607666,3.852834463119507,448548000,-0.017533783457209018,3.743149983882904,3.63356999874115,55.61644348552563,0.06170461371190994,0.03391418202004037,0.027790431691869566,4.120307370818412,3.743149983882904,3.3659925969473954,20.151871475065466
2019-02-22,3.946500062942505,3.9987499713897705,3.93274998664856,3.979749917984009,3.9374239444732666,401740000,0.021955129960416375,3.7448374748229982,3.637234997749329,58.72840017898057,0.06914181710042966,0.04095970903611823,0.02818210806431143,4.125892032498506,3.7448374748229982,3.3637829171474904,20.350926321229377
2019-02-25,4.064000129699707,4.131999969482422,3.9584999084472656,3.967250108718872,3.9250576496124263,656020000,-0.0031407069787844355,3.743012487888336,3.642484998703003,58.08717050501845,0.07318360913466782,0.04740448905582815,0.025779120078839667,4.119410689562288,3.743012487888336,3.3666142862143835,20.112046267112607
2019-02-26,3.962500095367432,4.019000053405762,3.893749952316284,3.927500009536743,3.885730743408203,488464000,-0.01001944677375799,3.7668749928474425,3.646584997177124,55.993433846142906,0.07234530598873334,0.05239265244240919,0.019952653546324153,4.126128487499407,3.7668749928474425,3.407621498195478,19.074351834564
2019-02-27,3.913000106811523,3.939749956130981,3.827749967575073,3.8852500915527344,3.843930721282959,500256000,-0.010757313073262775,3.796637499332428,3.6498449993133546,53.774763979182886,0.06749370401540311,0.05541286275700798,0.012080841258395134,4.084457616787909,3.796637499332428,3.508817381876946,15.161843473657397
2019-02-28,3.875,3.8975000381469727,3.8340001106262207,3.8564999103546143,3.819417953491211,324944000,-0.006377005614598197,3.8177249908447264,3.6537499952316286,52.25735582487437,0.0606299705901181,0.05645628432363001,0.004173686266488091,4.053491594992027,3.8177249908447264,3.5819583866974254,12.351157022189502
2019-03-01,3.906749963760376,3.953749895095825,3.848000049591065,3.911250114440918,3.8736419677734375,357188000,0.014196931297519422,3.8335999965667726,3.660184998512268,54.86908351271251,0.05892899947929964,0.056950827354763936,0.0019781721245357015,4.048761003369604,3.8335999965667726,3.6184389897639413,11.225010799015099
2019-03-04,3.950000047683716,3.973000049591065,3.862499952316284,3.919500112533569,3.881812810897827,409992000,0.0021093439177823914,3.8486625075340273,3.6651049995422365,55.26619282859368,0.057582893761925824,0.05707724063619632,0.0005056531257295049,4.042537143527153,3.8486625075340273,3.6547878715409015,10.074909692060688
2019-03-05,3.903749942779541,3.951499938964844,3.848999977111816,3.913000106811523,3.8753743171691895,362924000,-0.0016586306559044361,3.857837510108948,3.6741100025177,54.85664021512437,0.05535351824186163,0.056732496157329386,-0.0013789779154677537,4.045556926059366,3.857837510108948,3.6701180941585303,9.731846686571116
2019-03-06,3.9040000438690186,3.912499904632568,3.798500061035156,3.8012499809265137,3.764699459075928,403524000,-0.02855849500858154,3.860462510585785,3.6825850009918213,48.238138855470254,0.044061507228284835,0.05419829837152047,-0.010136791143235638,4.043414493591669,3.860462510585785,3.6775105275799005,9.478241661677128
2019-03-07,3.777499914169312,3.78725004196167,3.684999942779541,3.7314999103546143,3.695619583129883,450104000,-0.01834937335555642,3.8557875037193297,3.6924300003051758,44.61956760458392,0.029148256420137297,0.04918828998124384,-0.020040033561106542,4.046729271087395,3.8557875037193297,3.664845736351264,9.904164437686532
2019-03-08,3.641499996185303,3.776750087738037,3.619999885559082,3.766000032424927,3.729788303375244,422416000,0.009245735248654352,3.8598125100135805,3.704210000038147,46.74745017027131,0.01988405818665484,0.043327443622326045,-0.023443385435671205,4.039274875629959,3.8598125100135805,3.6803501443972024,9.299019843621712
2019-03-11,3.789750099182129,4.051499843597412,3.7422499656677246,4.028500080108643,3.9897654056549072,859728000,0.06970291103234971,3.8760250091552733,3.7182299995422365,59.49872145577643,0.03333935900770779,0.0413298266994024,-0.007990467691694605,4.054928688738565,3.8760250091552733,3.697121329571981,9.231296452459254
2019-03-12,4.05649995803833,4.109749794006348,3.979749917984009,4.063000202178955,4.023932456970215,579576000,0.008563674261870435,3.8961125135421755,3.733905005455017,60.82636911299683,0.046253472135136864,0.042314555786549295,0.003938916348587569,4.063918320115734,3.8961125135421755,3.728306706968617,8.614012351557932
2019-03-13,4.100749969482422,4.244999885559082,4.093249797821045,4.215499877929688,4.174966335296631,768900000,0.03753389997011425,3.917925012111664,3.75139000415802,66.11406580146294,0.0680094782391909,0.04745354027707762,0.02055593796211328,4.127510155352866,3.917925012111664,3.7083398688704623,10.69878277880773
2019-03-14,4.22475004196167,4.23675012588501,4.131249904632568,4.138999938964844,4.099201202392578,519384000,-0.0181474835529829,3.933775007724762,3.767420001029968,61.620657453328235,0.07817718614415492,0.053598269450493084,0.024578916693661836,4.159286752241954,3.933775007724762,3.7082632632075705,11.465411421565994
2019-03-15,4.182499885559082,4.288249969482422,4.178999900817871,4.245250225067139,4.204432010650635,661484000,0.025671052251994064,3.952875018119812,3.7842150068283082,65.16215546118431,0.0937282372557009,0.06162426301153465,0.03210397424416625,4.213268782776074,3.952875018119812,3.6924812534635496,13.174905022932847
2019-03-18,4.276999950408936,4.331250190734863,4.196499824523926,4.223750114440918,4.183135986328125,486992000,-0.005065137043139933,3.967387521266937,3.8046950101852417,63.87765662165889,0.10312887260931403,0.06992518493109053,0.0332036876782235,4.252978220304139,3.967387521266937,3.6817968222297353,14.396914720647302
2019-03-19,4.318999767303467,4.4375,4.302000045776367,4.392749786376953,4.350511074066162,854972000,0.04001186867581508,3.991225016117096,3.8244550037384033,69.04328331410694,0.12280024026177916,0.08050019599722825,0.042300044264550904,4.3302642709346175,3.991225016117096,3.6521857612995747,16.98923280188092
2019-03-20,4.421999931335449,4.475749969482422,4.324999809265137,4.360000133514404,4.318077087402344,719148000,-0.007455212988000559,4.011037528514862,3.839955005645752,67.04248762004134,0.13420033958721955,0.09124022471522651,0.04296011487199304,4.385771453586529,4.011037528514862,3.636303603443195,18.68513682096698
2019-03-21,4.383250236511231,4.625,4.3782501220703125,4.598499774932861,4.55428409576416,824312000,0.054701897066852245,4.046250021457672,3.8620100021362305,73.14572719038682,0.16062830515948168,0.10511784080407754,0.05551046435540413,4.495427430586985,4.046250021457672,3.5970726123283585,22.202157886797906
2019-03-22,4.571000099182129,4.619999885559082,4.423500061035156,4.4375,4.39483118057251,747644000,-0.03501163121113904,4.069137525558472,3.8794700002670286,64.4668302252761,0.16666016730653066,0.11742630610456817,0.04923386120196249,4.548090393684073,4.069137525558472,3.5901846574328706,23.54075600135274
2019-03-25,4.396500110626221,4.461249828338623,4.277750015258789,4.3445000648498535,4.302725791931152,525212000,-0.020957662503286234,4.088000023365021,3.893745002746582,60.0355793645942,0.16206792581652518,0.12635463004695957,0.03571329576956561,4.578980034219518,4.088000023365021,3.597020012510524,24.02054833895764
2019-03-26,4.487249851226807,4.543749809265137,4.364999771118164,4.421750068664551,4.379233360290527,703508000,0.017781186173390084,4.1127125263214115,3.9077650022506716,62.350568665048236,0.1627854813543994,0.13364080030844755,0.02914468104595186,4.618424210494238,4.1127125263214115,3.6070008421485844,24.59261039697114
2019-03-27,4.447500228881836,4.4942498207092285,4.34250020980835,4.412499904632568,4.370071887969971,474372000,-0.002092026518529466,4.1390750169754025,3.9207950019836426,61.88827340424411,0.1607546587179387,0.1390635719903458,0.0216910867275929,4.6495562080566675,4.1390750169754025,3.628593825894137,24.666438225335447
2019-03-28,4.43874979019165,4.497499942779541,4.377749919891357,4.431250095367432,4.388641357421875,480264000,0.004249236609361606,4.167812526226044,3.934485001564026,62.49529716419617,0.15882733815006933,0.14301632522229052,0.01581101292777881,4.676134457492395,4.167812526226044,3.659490594959692,24.392744542501646
2019-03-29,4.498499870300293,4.513500213623047,4.447750091552734,4.488999843597412,4.445835590362549,456896000,0.013032332396893054,4.196700012683868,3.9498449993133544,64.37722885493125,0.16011414852521177,0.1464358898828748,0.013678258642336988,4.709067695750232,4.196700012683868,3.6843323296175043,24.41764631819347
2019-04-01,4.581500053405762,4.587500095367432,4.509250164031982,4.557000160217285,4.513182640075684,483824000,0.015148344634949185,4.2285750150680546,3.965125002861023,66.50831334931945,0.16472219731273263,0.15009315136884635,0.014629045943886282,4.747277108640734,4.2285750150680546,3.709872921495375,24.533186320419652
2019-04-02,4.581250190734863,4.619750022888184,4.538000106811523,4.574999809265137,4.531009197235107,440920000,0.0039498860518361045,4.261675000190735,3.978159999847412,67.06988350756897,0.16789118534879233,0.15365275816483556,0.014238427183956764,4.780089842646919,4.261675000190735,3.743260157734551,24.329158954307015
2019-04-03,4.625,4.775000095367432,4.619999885559082,4.715499877929688,4.670158386230469,783504000,0.030710418570828013,4.307387495040894,3.9980849981307984,71.13797722749197,0.1796687035571365,0.15885594724329577,0.02081275631384072,4.816493166189067,4.307387495040894,3.7982818238927205,23.638721695427126
2019-04-04,4.699999809265137,4.7492499351501465,4.643249988555908,4.706500053405762,4.661243915557861,457376000,-0.0019088154909030486,4.356137502193451,4.017569999694825,70.53686436522794,0.18613066254971855,0.16431089030458035,0.021819772245138203,4.820046110019914,4.356137502193451,3.892228894366988,21.299080095284893
2019-04-05,4.75,4.791250228881836,4.713250160217285,4.773749828338623,4.727848052978516,481744000,0.014288919144168633,4.406524991989135,4.0341249942779545,72.4127420668342,0.19443695819325502,0.1703361038823153,0.024100854310939723,4.819178798767366,4.406524991989135,3.9938711852109043,18.729216674291735
2019-04-08,4.743000030517578,4.820000171661377,4.71875,4.794750213623047,4.748646259307861,424192000,0.004399085185540885,4.444837498664856,4.049945001602173,72.99104376534268,0.2004041782991326,0.1763497187656788,0.02405445953345381,4.852237755561618,4.444837498664856,4.037437241768093,18.331390383524155
2019-04-09,4.761000156402588,4.772250175476074,4.689000129699707,4.731500148773193,4.68600606918335,439972000,-0.013191167904269552,4.478262495994568,4.075570006370544,68.34412063666848,0.1977499532282616,0.18062976565819536,0.017120187570066253,4.863984155134263,4.478262495994568,4.092540836854873,17.22639793824908
2019-04-10,4.73075008392334,4.828499794006348,4.726250171661377,4.802499771118164,4.756321907043457,444772000,0.015005494406532316,4.507612490653992,4.105820002555848,70.60631394020294,0.19908065897827942,0.18431994432221216,0.014760714656067264,4.8981923582981155,4.507612490653992,4.117032623009869,17.32978903816356
2019-04-11,4.804999828338623,4.836750030517578,4.738749980926514,4.78849983215332,4.74245548248291,374600000,-0.0029153671327444286,4.540087485313416,4.132894997596741,69.55087595273837,0.19673770500200138,0.18680349645817002,0.009934208543831369,4.910139682937939,4.540087485313416,4.170035287688893,16.301544797169363
2019-04-12,4.827499866485596,4.831500053405762,4.741499900817871,4.750249862670898,4.704575061798096,471708000,-0.007987512128417973,4.565337467193603,4.156024994850159,66.62073678747933,0.1896087525547303,0.1873645476774821,0.002244204877248218,4.920071488105532,4.565337467193603,4.210603446281675,15.540319788451049
2019-04-15,4.742499828338623,4.747499942779541,4.577499866485596,4.617499828338623,4.573101043701172,440092000,-0.027945992224571725,4.585024952888489,4.176009993553162,57.55763573849828,0.17127286111734552,0.18414621036545478,-0.012873349248109262,4.903605610952232,4.585024952888489,4.266444294824746,13.896572487050149
2019-04-16,4.6570000648498535,4.724249839782715,4.624000072479248,4.705249786376953,4.660006999969482,394964000,0.019003725357875423,4.600649952888489,4.195524988174438,61.30494721336137,0.1619553033832224,0.1797080289690083,-0.017752725585785917,4.910511094980211,4.600649952888489,4.290788810796767,13.470320292339466
2019-04-17,4.740499973297119,4.761499881744385,4.659749984741211,4.682250022888184,4.637228012084961,351004000,-0.004888187482265716,4.616762447357178,4.214194989204406,59.814261444988524,0.15097483908663456,0.17396139099253358,-0.022986551905899016,4.907837565905995,4.616762447357178,4.32568732880836,12.60949082253259
2019-04-18,4.689000129699707,4.723249912261963,4.629499912261963,4.65749979019165,4.612715721130371,380988000,-0.005285979229554649,4.619712448120117,4.230844984054565,58.17492896429008,0.13867702269515014,0.1669045173330569,-0.028227494637906747,4.911183056929358,4.619712448120117,4.328241839310875,12.618560660754921
2019-04-22,4.633749961853027,4.727499961853027,4.602000236511231,4.711750030517578,4.66644287109375,279936000,0.011647617848475011,4.633424949645996,4.251369986534119,60.71637514660588,0.13178927093072623,0.15988146805259076,-0.02809219712186453,4.914950957453392,4.633424949645996,4.3518989418386,12.151961491419224
2019-04-23,4.724999904632568,4.798250198364258,4.715250015258789,4.766749858856201,4.720914840698242,346856000,0.011673124713883931,4.6545374393463135,4.272619981765747,63.16038875536836,0.129278462880988,0.15376086701827021,-0.024482404137282227,4.9081779973390685,4.6545374393463135,4.4008968813535585,10.898636493871514
2019-04-24,4.777249813079834,4.820250034332275,4.716000080108643,4.779250144958496,4.733295440673828,318204000,0.0026225001706987605,4.672412443161011,4.294979982376098,63.71295828291229,0.12683522056093732,0.14837573772680365,-0.02154051716586633,4.907631765096543,4.672412443161011,4.437193121225478,10.068431449360673
2019-04-25,4.738749980926514,4.761250019073486,4.59250020980835,4.672749996185303,4.627819061279297,499296000,-0.02228392051934025,4.685424947738648,4.312849984169007,56.00540119600607,0.11497984538741335,0.1416965592589256,-0.026716713871512254,4.888254791602486,4.685424947738648,4.48259510387481,8.657906001107998
2019-04-26,4.517749786376953,4.522250175476074,4.332499980926514,4.452250003814697,4.409439563751221,868988000,-0.047188426046135934,4.686474943161011,4.325454983711243,44.10805854667967,0.08679139142545989,0.13071552569223246,-0.04392413426677258,4.884183504886301,4.686474943161011,4.488766381435721,8.437410382991875
2019-04-29,4.460249900817871,4.511250019073486,4.387499809265137,4.483250141143799,4.440141201019287,391920000,0.006962707351849451,4.68618745803833,4.337854986190796,45.849707356586585,0.06619029011484923,0.11781047857675582,-0.051620188461906594,4.885057078217371,4.68618745803833,4.4873178378592895,8.4874803647863
2019-04-30,4.45074987411499,4.550749778747559,4.43149995803833,4.525000095367432,4.481489181518555,362920000,0.00931231207011507,4.684587454795837,4.349684987068176,48.19119585663529,0.052626001503408126,0.10477358316208629,-0.052147581658678166,4.88805068828521,4.684587454795837,4.481124221306464,8.686495255033732
2019-05-01,4.577750205993652,4.620250225067139,4.511499881744385,4.511750221252441,4.468367099761963,354280000,-0.002928062799014808,4.681424975395203,4.36159999370575,47.489372075380004,0.04034201332853815,0.09188726919537667,-0.051545255866838516,4.893391797627617,4.681424975395203,4.469458153162789,9.055653923601326
2019-05-02,4.521500110626221,4.621749877929688,4.478000164031982,4.579750061035156,4.53571367263794,394684000,0.01507185317866222,4.674637484550476,4.373919997215271,51.401091635293064,0.03568255666902953,0.08064632669010725,-0.04496377002107772,4.890463783793446,4.674637484550476,4.458811185307506,9.233926692979665
2019-05-03,4.588250160217285,4.598249912261963,4.51324987411499,4.575250148773193,4.531257152557373,336824000,-0.000982539993088949,4.668074989318848,4.387540001869201,51.129651431892235,0.03126637902978224,0.07077033715804225,-0.039503958128260006,4.887577267015515,4.668074989318848,4.448572711622181,9.404402379949598
2019-05-06,4.387499809265137,4.508500099182129,4.349999904632568,4.496250152587891,4.453016757965088,422176000,-0.017266818447531196,4.654200005531311,4.39787000656128,46.48821498696302,0.021148104784481703,0.06084589068333014,-0.03969778589884844,4.880214407277658,4.654200005531311,4.428185603784963,9.712277146566084
2019-05-07,4.447500228881836,4.447500228881836,4.279250144958496,4.327750205993652,4.286135196685791,555220000,-0.03747606855078567,4.630850005149841,4.405080008506775,38.46722744231515,-0.00046191328171296675,0.04858432989032152,-0.04904624317203449,4.888269199947373,4.630850005149841,4.37343081035231,11.117578609165173
2019-05-08,4.300000190734863,4.428750038146973,4.288000106811523,4.3480000495910645,4.306192398071289,419168000,0.004679554065631697,4.6116750001907345,4.4134900093078615,39.81125098768277,-0.015772203009203345,0.03571302331041655,-0.051485226319619895,4.892332527756132,4.6116750001907345,4.331017472625337,12.171609124831631
2019-05-09,4.278500080108643,4.288249969482422,4.135000228881836,4.254749774932861,4.213838577270508,660248000,-0.02144674744262376,4.584287500381469,4.420880002975464,35.92031844973204,-0.035026472392259755,0.02156512416988129,-0.05659159656214105,4.890824042805185,4.584287500381469,4.277750957957754,13.37335594236651
2019-05-10,4.223750114440918,4.289750099182129,4.099999904632568,4.2204999923706055,4.179917812347412,569500000,-0.008049849157977906,4.555887508392334,4.428160004615783,34.5833910199196,-0.05244474049059189,0.0067631512377866534,-0.059207891728378544,4.885836214358222,4.555887508392334,4.2259388024264455,14.484497492885618
2019-05-13,4.087500095367432,4.110750198364258,3.9452500343322754,3.961250066757202,3.923161268234253,656912000,-0.061426218322930715,4.516437518596649,4.429160003662109,26.533248272270683,-0.08617477662237061,-0.011824434334244797,-0.07435034228812581,4.92362830218068,4.516437518596649,4.109246735012618,18.031503011273983
2019-05-14,4.00124979019165,4.08650016784668,3.962249994277954,4.051000118255615,4.012048721313477,524880000,0.022657098957145516,4.488112533092499,4.43179000377655,32.399822773815686,-0.10445984610326509,-0.030351516688048856,-0.07410832941521622,4.939641924890754,4.488112533092499,4.036583141294244,20.121126129033676
2019-05-15,3.994999885559082,4.026249885559082,3.9352500438690186,3.989500045776367,3.951138734817505,502320000,-0.015181766405875208,4.4523250460624695,4.433320002555847,30.596822927721874,-0.1225013183319037,-0.04878147701681983,-0.07371984131508387,4.941251400327337,4.4523250460624695,3.963398691797602,21.96274302556873
2019-05-16,3.983999967575073,4.047749996185303,3.941250085830689,4.004749774932861,3.966242790222168,781088000,0.003822709456280604,4.418450033664703,4.437389998435974,31.613065484882455,-0.13402384589078142,-0.06582995079161215,-0.06819389509916927,4.932211203574054,4.418450033664703,3.904688863755352,23.25526671094809
2019-05-17,3.962500095367432,4.092750072479248,3.873500108718872,3.913249969482422,3.875622034072876,1022068000,-0.022848010306554145,4.381237542629242,4.441024999618531,28.880529434819906,-0.1488232597020085,-0.08242861257369143,-0.06639464712831707,4.927156882368368,4.381237542629242,3.8353182028901154,24.92078251532157
2019-05-20,3.8137500286102295,3.869250059127808,3.768749952316284,3.793750047683716,3.757270812988281,572064000,-0.030537348596973546,4.335337543487549,4.4415799999237064,25.750058710523035,-0.16825500776366997,-0.09959389161168714,-0.06866111615198284,4.915666154043516,4.335337543487549,3.755008932931583,26.7720150846258
2019-05-21,3.8550000190734863,3.892499923706055,3.815999984741211,3.876499891281128,3.8392252922058105,361848000,0.021812236406869134,4.290825045108795,4.438539996147155,31.303040579338102,-0.1749607486900926,-0.11466726302736824,-0.060293485662724355,4.868526462129952,4.290825045108795,3.7131236280876374,26.927288386166754
2019-05-22,3.837500095367432,3.8637499809265137,3.7939999103546143,3.805000066757202,3.768413543701172,325868000,-0.018444280581396688,4.242112541198731,4.433379993438721,29.26636698526741,-0.18392436933589362,-0.12851868428907331,-0.05540568504682031,4.811094668655231,4.242112541198731,3.6731304137422303,26.8254140799253
2019-05-23,3.7422499656677246,3.7422499656677246,3.6227500438690186,3.683000087738037,3.647586107254028,591844000,-0.03206321043217364,4.192625045776367,4.422729997634888,26.141028611701074,-0.19858333689369445,-0.14253161480999754,-0.05605172208369691,4.775185116625472,4.192625045776367,3.6100649749272624,27.789752934666723
2019-05-24,3.70199990272522,3.737499952316284,3.621999979019165,3.628750085830689,3.593858003616333,357584000,-0.014729769786885782,4.151450049877167,4.412525000572205,24.869238614999816,-0.21213286049547841,-0.1564518639470937,-0.05568099654838471,4.770081349862855,4.151450049877167,3.532818749891479,29.803143121232655
2019-05-28,3.6465001106262207,3.679500102996826,3.581249952316284,3.583250045776367,3.548794746398926,428356000,-0.012538964303003164,4.1064500451087955,4.399284996986389,23.822411047910123,-0.22396074844428027,-0.16995364084653103,-0.05400710759774924,4.752326714779165,4.1064500451087955,3.4605733754384262,31.456691915182304
2019-05-29,3.535249948501587,3.570499897003174,3.4735000133514404,3.508500099182129,3.474764585494995,559800000,-0.020860648810149263,4.05562504529953,4.3849799966812135,22.17125991858711,-0.236638311682976,-0.18329057501382,-0.05334773666915599,4.721429782932477,4.05562504529953,3.389820307666584,32.83364365276391
2019-05-30,3.5077500343322754,3.543750047683716,3.439249992370605,3.477750062942505,3.448241710662842,394300000,-0.007632999064992818,4.003925037384033,4.366680002212524,21.51075479587145,-0.24632713692120678,-0.19589788739529737,-0.05042924952590941,4.680521112749414,4.003925037384033,3.3273289620186532,33.79664049891577
2019-05-31,3.428499937057495,3.4962499141693115,3.3847498893737797,3.3864998817443848,3.3577654361724854,389720000,-0.026238379464693762,3.9442625284194945,4.347209997177124,19.640852408777207,-0.25839016673994175,-0.20839634326422626,-0.04999382347571549,4.617665574363618,3.9442625284194945,3.2708594824753714,34.14595459060188
2019-06-03,3.397749900817871,3.4367499351501465,3.315000057220459,3.344500064849853,3.316121816635132,478644000,-0.012402182442149079,3.8827250242233275,4.322130002975464,18.829516317567652,-0.26824705393720505,-0.22036648539882203,-0.04788056853838302,4.5389552671484354,3.8827250242233275,3.226494781298219,33.80256077013209
2019-06-04,3.4089999198913574,3.580250024795532,3.3867499828338623,3.575000047683716,3.544665813446045,641836000,0.06891905950632915,3.8366625189781187,4.304880003929139,34.758043569676374,-0.2545252768550128,-0.2271982436900602,-0.027327033164952608,4.44148268215226,3.8366625189781187,3.2318423558039777,31.528452668556977
2019-06-05,3.649250030517578,3.654750108718872,3.495500087738037,3.532000064849853,3.502031087875366,511616000,-0.012027854758254408,3.796875011920929,4.288630003929138,33.43971949523623,-0.2443042219100695,-0.23061943933406207,-0.013684782576007443,4.371162105484877,3.796875011920929,3.222587918356981,30.250513475470054
2019-06-06,3.536250114440918,3.619250059127808,3.533750057220459,3.594500064849853,3.5640010833740234,408140000,0.01769544414188906,3.7592000126838685,4.272085003852844,37.16990957654848,-0.22852642419639535,-0.23020083630652874,0.0016744121101333886,4.280325147344534,3.7592000126838685,3.2380748780232027,27.725320967351784
2019-06-07,3.6005001068115234,3.671999931335449,3.581249952316284,3.637500047683716,3.606635808944702,348856000,0.011962601742622647,3.728337526321411,4.256585006713867,39.674793386191666,-0.2101304139758997,-0.22618675184040293,0.016056337864503223,4.199091917315701,3.728337526321411,3.2575831353271214,25.25277755411606
2019-06-10,3.694000005722046,3.779750108718872,3.694000005722046,3.710750102996826,3.679263830184937,402780000,0.020137331598636177,3.702850031852722,4.242175006866455,43.78617153349314,-0.18747962760750347,-0.21844532699382305,0.030965699386319573,4.115921856161222,3.702850031852722,3.2897782075442223,22.311021011122033
2019-06-11,3.7709999084472656,3.809000015258789,3.7290000915527344,3.768749952316284,3.736772298812866,383872000,0.01563042806447479,3.6932250261306763,4.2277700090408326,46.87363816597257,-0.1629699964317659,-0.20735026088141162,0.04438026444964571,4.090430531370278,3.6932250261306763,3.2960195208910745,21.509954169012367
2019-06-12,3.724999904632568,3.731250047683716,3.639750003814697,3.6549999713897705,3.623987197875977,358892000,-0.030182492246776715,3.673425018787384,4.209730005264282,42.001364651085225,-0.15098415855965053,-0.19607704041705942,0.045092881857408895,4.035220098746269,3.673425018787384,3.3116299388284993,19.697970047490724
2019-06-13,3.6772499084472656,3.724999904632568,3.659499883651733,3.7065000534057617,3.6750502586364746,308080000,0.014090298329537676,3.6592750191688537,4.192360010147095,44.79900065697258,-0.1357646589997703,-0.18401456413360162,0.04824990513383132,3.9914389801450882,3.6592750191688537,3.327111058192619,18.154632228308458
2019-06-14,3.6127500534057617,3.6372499465942383,3.571000099182129,3.615999937057495,3.5853188037872314,394428000,-0.02441638849383665,3.6398375272750854,4.170370011329651,41.051605583841386,-0.12951275655756334,-0.17311420261839397,0.043601446060830634,3.9319430181157196,3.6398375272750854,3.347732036434451,16.05046866250181
2019-06-17,3.6142499446868896,3.663000106811523,3.591249942779541,3.6257500648498535,3.5949862003326416,276040000,0.002696384080321801,3.625462532043457,4.148755011558532,41.61821576330097,-0.12236082557174255,-0.1629635272090637,0.04060270163732116,3.8892576692927436,3.625462532043457,3.3616673947941704,14.552357660174245
2019-06-18,3.6875,3.877749919891357,3.676500082015991,3.822000026702881,3.7895705699920654,581920000,0.0541265971038829,3.626875030994415,4.129720015525818,51.68476159615504,-0.09970776786441338,-0.15031237534013367,0.05060460747572029,3.8945336822660503,3.626875030994415,3.35921637972278,14.759739389104274
2019-06-19,3.857500076293945,3.86899995803833,3.8017499446868896,3.828000068664551,3.795520067214966,331644000,0.0015699660721486541,3.6244500398635866,4.110385012626648,51.957507372430584,-0.0803447390441856,-0.13631884808094405,0.05597410903675845,3.883767168595074,3.6244500398635866,3.365132911132099,14.309322842328234
2019-06-20,3.919250011444092,3.933249950408936,3.838000059127808,3.8524999618530273,3.819811344146729,350168000,0.006399986431790072,3.6268250346183777,4.092805008888245,53.121217509883365,-0.06230425787319804,-0.12151593003939486,0.05921167216619681,3.8934793085290407,3.6268250346183777,3.3601707607077147,14.704556815695463
2019-06-21,3.837500095367432,3.88700008392334,3.787499904632568,3.7939999103546143,3.761807680130005,434428000,-0.015184955169476044,3.6323750257492065,4.072635011672974,50.00647420388379,-0.052126628495537286,-0.10763806973062334,0.055511441235086056,3.907946527696523,3.6323750257492065,3.35680352380189,15.173075466814034
2019-06-24,3.815500020980835,3.846250057220459,3.767999887466431,3.816499948501587,3.784116983413696,282948000,0.005930474171109035,3.6417625188827514,4.053195013999939,51.19185592023131,-0.041763791854642296,-0.09446321415542713,0.05269942230078484,3.9287554142199053,3.6417625188827514,3.3547696235455975,15.761208692169188
2019-06-25,3.821500062942505,3.8970000743865967,3.784250020980835,3.786999940872192,3.7548670768737793,311868000,-0.007729651770313373,3.651950013637543,4.033930015563965,49.53353958745827,-0.03552209661235839,-0.08267499064681338,0.047152894034454995,3.944326178233616,3.651950013637543,3.3595738490414697,16.012057312079715
2019-06-26,3.915250062942505,4.043000221252441,3.902250051498413,3.9814999103546143,3.9477171897888175,584072000,0.05136003724414162,3.675600004196167,4.021210017204285,58.97072413571325,-0.014711402243169136,-0.06908227296608455,0.05437087072291541,3.9931713894058753,3.675600004196167,3.358028618986459,17.279975233820867
2019-06-27,4.067749977111816,4.099999904632568,4.031499862670898,4.080749988555908,4.046124458312988,445440000,0.024927638884242098,3.7057500004768373,4.008720021247864,62.79410340175609,0.00967830929567981,-0.05333015651373168,0.0630084658094115,4.055343875874621,3.7057500004768373,3.3561561250790537,18.867644895246567
2019-06-28,4.125,4.134250164031982,4.058750152587891,4.10575008392334,4.070912837982178,397668000,0.006126450119017024,3.741712510585785,3.997190022468567,63.71141946874861,0.03067107313126005,-0.03652991058473333,0.06720098371599338,4.100402564631898,3.741712510585785,3.3830224565396723,19.172507403031762
2019-07-01,4.3142499923706055,4.348750114440918,4.116499900817871,4.154250144958496,4.119001865386963,709756000,0.011812836412538275,3.782200014591217,3.987125029563904,65.48908091733352,0.0506378180635787,-0.01909636485507093,0.06973418291864963,4.135163918545302,3.782200014591217,3.4292361106371323,18.66447583905653
2019-07-02,4.137499809265137,4.158750057220459,4.042500019073486,4.055749893188477,4.021336078643799,400228000,-0.023711032413914368,3.806237506866455,3.9740050268173217,59.15148606595252,0.05784664009939888,-0.003707763864176967,0.06155440396357585,4.164918221867698,3.806237506866455,3.4475567918652126,18.846995982472574
2019-07-03,4.079249858856201,4.085000038146973,4.008500099182129,4.068749904632568,4.034225463867188,246636000,0.003205249442303826,3.833074998855591,3.960045027732849,59.705716149587246,0.06387239457201233,0.009808267823060893,0.05406412674895143,4.185937816795024,3.833074998855591,3.4802121809161584,18.41147475824417
2019-07-05,4.010000228881836,4.014500141143799,3.941999912261963,4.005750179290772,3.9717607498168954,396552000,-0.015483694357135591,3.8536375045776365,3.9445750284194947,55.75753556123691,0.06283991762645824,0.020414597783740364,0.04242531984271788,4.196275280484465,3.8536375045776365,3.510999728670808,17.78256390227767
2019-07-08,3.9457499980926514,3.964750051498413,3.900000095367432,3.9302499294281006,3.896901845932007,329788000,-0.018847787820134854,3.868274998664856,3.9297250270843507,51.37312237310649,0.05529206057036751,0.027390090341065793,0.027901970229301715,4.197477722255571,3.868274998664856,3.5390722750741417,17.02064737922406
2019-07-09,3.8877499103546143,3.9609999656677246,3.875,3.93274998664856,3.899380922317505,342860000,0.000636165980953729,3.879374992847443,3.919335026741028,51.50909592112172,0.04894782316143953,0.03170163690514054,0.017246186256298993,4.201477740429928,3.879374992847443,3.5572722452649574,16.60590936304733
2019-07-10,3.9765000343322754,4.059249877929688,3.962500095367432,4.001500129699707,3.967546224594116,452076000,0.017481057540820855,3.891012501716614,3.909700026512146,55.217560494122026,0.048903798732183645,0.035142069270549164,0.013761729461634481,4.213105319769422,3.891012501716614,3.5689196836638057,16.555732879846012
2019-07-11,4.074999809265137,4.197999954223633,4.037499904632568,4.1570000648498535,4.12172794342041,682560000,0.03886072400884677,3.916112506389618,3.9023400259017946,62.24981018157375,0.060716551641671224,0.04025696574477358,0.020459585896897642,4.238964231422825,3.916112506389618,3.5932607813564106,16.48837843685211
2019-07-12,4.184999942779541,4.261750221252441,4.184999942779541,4.190249919891357,4.154695987701416,506392000,0.007998597853512646,3.940299999713898,3.895910019874573,63.56722637445872,0.07193204105678364,0.046591980807175595,0.02534006024960804,4.269140212021902,3.940299999713898,3.6114597874058934,16.691125667176678
2019-07-15,4.21150016784668,4.227749824523926,4.153250217437744,4.1817498207092285,4.146268367767334,289840000,-0.002028456464451156,3.9685874938964845,3.8879500150680544,62.96229883798117,0.0792212964637038,0.053117843938481235,0.02610345252522256,4.277716355386643,3.9685874938964845,3.659458632406326,15.578785246165552
2019-07-16,4.166749954223633,4.204249858856201,4.120999813079834,4.177000045776367,4.141558170318604,341444000,-0.0011360088231012755,3.99614999294281,3.8799850130081177,62.60378624669931,0.08365054533244587,0.05922438421727417,0.0244261611151717,4.274899962264144,3.99614999294281,3.7174000236214764,13.950926257202841
2019-07-17,4.178750038146973,4.249750137329102,4.149250030517578,4.24275016784668,4.206749439239502,348204000,0.015740758970405277,4.0171875,3.8749150133132932,65.5297968486584,0.09141249597501844,0.06566200656882303,0.025750489406195412,4.303592677481433,4.0171875,3.7307823225185683,14.258989777371966
2019-07-18,4.2532501220703125,4.317749977111816,4.196249961853027,4.254499912261963,4.218400955200195,442192000,0.002769719501715784,4.038512492179871,3.8734500074386595,66.04114633391666,0.09738936003893617,0.07200747726284566,0.025381882776090506,4.328881161099131,4.038512492179871,3.7481438232606106,14.3799812174174
2019-07-19,4.293000221252441,4.299499988555908,4.204999923706055,4.210999965667725,4.17526912689209,344896000,-0.010224686739399469,4.0564374923706055,3.870710005760193,62.35325514906002,0.09749215682749224,0.07710441317577499,0.02038774365171725,4.342896904464044,4.0564374923706055,3.769978080277167,14.123694134679232
2019-07-22,4.232500076293945,4.296000003814697,4.224999904632568,4.2829999923706055,4.246657848358154,315940000,0.01709799279913815,4.080887496471405,3.8712750101089477,65.76132910017176,0.10220526576545108,0.08212458369371022,0.020080682071740866,4.356857060672193,4.080887496471405,3.8049179322706164,13.524977811292729
2019-07-23,4.322500228881836,4.393499851226807,4.3067498207092285,4.391499996185303,4.354238510131836,428176000,0.025333018485413028,4.109637498855591,3.8746950101852415,70.14713471947144,0.11338841106940656,0.08837734916884948,0.025011061900557074,4.389224372131531,4.109637498855591,3.8300506255796507,13.606400727742862
2019-07-24,4.434999942779541,4.472249984741211,4.358500003814697,4.46649980545044,4.428602695465088,366236000,0.017078574166347282,4.143612492084503,3.8848000049591063,72.74596752323471,0.12684084974101317,0.09607004928328222,0.03077080045773095,4.4232600585998245,4.143612492084503,3.8639649255691815,13.497766359645317
2019-07-25,4.424749851226807,4.4375,4.310999870300293,4.334499835968018,4.297721862792969,392700000,-0.029553527754056952,4.161262488365173,3.8904699993133547,62.442753530286254,0.12540511780431718,0.10193706298748921,0.02346805481682797,4.442310828981278,4.161262488365173,3.880214147749068,13.507840055844206
2019-07-26,4.36175012588501,4.423749923706055,4.36175012588501,4.3767499923706055,4.33961296081543,274160000,0.009747279921748397,4.176062488555909,3.898214998245239,64.19097122344007,0.12622152129566722,0.10679395464912482,0.019427566646542396,4.469494814811682,4.176062488555909,3.882630162300135,14.053062043965877
2019-07-29,4.369500160217285,4.386750221252441,4.281750202178955,4.370500087738037,4.333415508270264,248160000,-0.0014281118157600803,4.189299988746643,3.9055300045013426,63.718476564403346,0.12492416387466054,0.11041999649423198,0.014504167380428562,4.492572199133246,4.189299988746643,3.88602777836004,14.478419363676851
2019-07-30,4.323750019073486,4.398499965667725,4.309249877929688,4.386250019073486,4.349031925201416,197772000,0.0036037201836169874,4.200899982452393,3.914990005493164,64.42904905546123,0.12374048333653231,0.11308409386269205,0.010656389473840261,4.515459927067274,4.200899982452393,3.8863400378375115,14.975835936529405
2019-07-31,4.354499816894531,4.355500221252441,4.17549991607666,4.2179999351501465,4.182209968566895,359416000,-0.038358411596804864,4.209012484550476,3.9234750032424928,52.58175292383009,0.10798129122489453,0.11206353333513255,-0.004082242110238027,4.516468952995588,4.209012484550476,3.901556016105363,14.60943485312322
2019-08-01,4.228499889373779,4.319499969482422,4.070499897003174,4.123000144958496,4.088016510009766,421212000,-0.02252241261559773,4.2117249965667725,3.92840500831604,47.293732177471725,0.0868254589714299,0.10701591846239203,-0.020190459490962126,4.515114111978579,4.2117249965667725,3.9083358811549664,14.40688153472113
2019-08-02,4.029749870300293,4.099500179290772,3.982000112533569,4.029749870300293,3.99555778503418,428348000,-0.02261701359307,4.212924981117249,3.932900004386902,42.74911434046144,0.06182214445285972,0.09797716366048558,-0.03615501920762586,4.513219935693972,4.212924981117249,3.912630026540525,14.255889004559814
2019-08-05,3.8450000286102295,3.846250057220459,3.722500085830689,3.7697501182556152,3.7377641201019287,589156000,-0.06452006923735332,4.204899990558625,3.9346350049972534,33.17647804130459,0.02078740619739161,0.08253921216786678,-0.061751805970475165,4.541380618077305,4.204899990558625,3.868419363039944,16.004215475953746
2019-08-06,3.8450000286102295,3.890749931335449,3.7607500553131104,3.808749914169312,3.776432991027832,361272000,0.010345455112573676,4.1986999869346615,3.938235001564026,35.50926898604175,-0.008488116194231843,0.06433374649544706,-0.0728218626896789,4.558754571955625,4.1986999869346615,3.8386454019136984,17.150765053057654
2019-08-07,3.747499942779541,3.859250068664551,3.7300000190734863,3.847249984741211,3.814605951309204,372560000,0.010108205381126778,4.190987479686737,3.943515000343323,37.8170861693868,-0.02825681766689936,0.04581563366297777,-0.07407245132987714,4.573514912940979,4.190987479686737,3.8084600464324954,18.254763828730624
2019-08-08,3.905250072479248,3.957750082015991,3.847500085830689,3.9565000534057617,3.92292857170105,309300000,0.028396804748513693,4.180962479114532,3.9524749994277952,43.946916930519244,-0.03470799633273547,0.029710907663835124,-0.06441890399657059,4.576804715857282,4.180962479114532,3.7851202423717822,18.935459895664195
2019-08-09,3.915250062942505,3.918750047683716,3.8037500381469727,3.8545000553131104,3.8217952251434326,341816000,-0.025780063212765603,4.16417498588562,3.9600099992752074,39.983901919953006,-0.04750355785515126,0.014268014560037848,-0.0617715724151891,4.584724731092394,4.16417498588562,3.743625240678847,20.198466521326207
2019-08-12,3.802000045776367,3.8545000553131104,3.764250040054321,3.786250114440918,3.7541236877441406,279200000,-0.017706740788748676,4.144400000572205,3.968005003929138,37.54425174345848,-0.06243165908496717,-0.0010719201689631547,-0.06135973891600402,4.59584385615602,4.144400000572205,3.692956144988389,21.78572799543896
2019-08-13,3.784749984741211,3.947499990463257,3.745500087738037,3.901249885559082,3.8681480884552,351956000,0.03037310706711871,4.13061249256134,3.979140000343323,43.769977946394434,-0.06424222207798991,-0.013705980550768505,-0.0505362415272214,4.5939191041399985,4.13061249256134,3.667305880982682,22.432828662238784
2019-08-14,3.8125,3.8237500190734863,3.707750082015991,3.7517499923706055,3.7199161052703857,419880000,-0.03832117586894479,4.106062483787537,3.9826749992370605,38.40970220388761,-0.07685456664792367,-0.02633569777019954,-0.05051886887772413,4.594360130490648,4.106062483787537,3.6177648370844264,23.784228741336268
2019-08-15,3.770750045776367,3.790750026702881,3.6847500801086426,3.719249963760376,3.687692642211914,477200000,-0.008662416610099699,4.079299986362457,3.986419997215271,37.33916216103903,-0.08845279254885341,-0.03875911672593031,-0.0496936758229231,4.590267419568935,4.079299986362457,3.568332553155979,25.051721369582896
2019-08-16,3.983750104904175,4.03849983215332,3.921999931335449,3.989000082015991,3.955153226852417,1007960000,0.07252789497122447,4.068199992179871,3.994309997558594,49.836382061087434,-0.07501318468960294,-0.046009930318664835,-0.029003254370938106,4.576881342289541,4.068199992179871,3.5595186420702007,25.007686499556897
2019-08-19,4.103000164031982,4.2855000495910645,4.086750030517578,4.269499778747559,4.233273506164551,815112000,0.07031845882073884,4.067524981498718,4.00694999217987,58.994647029403964,-0.04125268210118049,-0.04505848067516797,0.0038057985739874747,4.575099021604957,4.067524981498718,3.55995094139248,24.95739017780871
2019-08-20,4.263999938964844,4.264500141143799,4.17549991607666,4.196750164031982,4.161139965057373,463188000,-0.01703965997050172,4.057787489891052,4.016669993400574,56.1323132360755,-0.02013541791831841,-0.040073868123798054,0.019938450205479644,4.547277018635486,4.057787489891052,3.5682979611466186,24.125932171848465
2019-08-21,4.26324987411499,4.336249828338623,4.241499900817871,4.280749797821045,4.244427680969238,427244000,0.0200156006794443,4.048499989509582,4.026909990310669,58.62830074899994,0.0033397361217222254,-0.031391147274694,0.03473088339641622,4.5130301337097345,4.048499989509582,3.58396984530943,22.94825962227177
2019-08-22,4.290500164031982,4.333250045776367,4.247499942779541,4.287000179290772,4.250625133514404,303488000,0.001460138565430924,4.04612500667572,4.039549994468689,58.816076370849245,0.022192497083763918,-0.020674418403002416,0.042866915486766334,4.5052360807820335,4.04612500667572,3.5870139325694073,22.693865036242016
2019-08-23,4.210000038146973,4.264750003814697,4.040999889373779,4.060999870300293,4.026541709899902,568056000,-0.05271775717122118,4.030337500572204,4.04663999080658,49.982423097260394,0.01868175812220585,-0.012803183097960765,0.031484941220166617,4.463889888469675,4.030337500572204,3.596785112674734,21.51444576718039
2019-08-26,4.140250205993652,4.164500236511231,4.097750186920166,4.136250019073486,4.101152896881104,318208000,0.018529843313868755,4.018624997138977,4.057044992446899,52.53847127631797,0.021721142506057056,-0.0058983179771572025,0.02761946048321426,4.426694007575313,4.018624997138977,3.61055598670264,20.30888727994563
2019-08-27,4.174749851226807,4.177499771118164,4.015500068664551,4.045000076293945,4.010677814483643,290968000,-0.02206088986983812,4.0015625,4.0654299926757815,49.251642881909454,0.01657569446533902,-0.001403515488657958,0.017979209953996978,4.373671757683327,4.0015625,3.6294532423166745,18.598197963086967
2019-08-28,4.014500141143799,4.083499908447266,3.974999904632568,4.0304999351501465,4.000256061553955,255612000,-0.0025985016527759752,3.9921875,4.0695999908447265,48.729944098851625,0.01119875731124953,0.0011169390713235397,0.01008181823992599,4.351230922885553,3.9921875,3.6331440771144465,17.98730259465785
2019-08-29,4.122499942779541,4.207499980926514,4.11899995803833,4.175000190734863,4.143672466278076,357976000,0.03585180611373384,3.994787502288818,4.076539993286133,53.96334420442076,0.018385522011399758,0.004570655659338783,0.013814866352060974,4.358307578532625,3.994787502288818,3.6312674260450106,18.199720312308383
2019-08-30,4.221499919891357,4.271500110626221,4.16949987411499,4.187749862670898,4.156327247619629,290616000,0.003054001358586911,4.0026875019073485,4.08324499130249,54.40557296979607,0.02482372434389113,0.008621269396249253,0.016202454947641876,4.375648125734937,4.0026875019073485,3.6297268780797602,18.635510448910455
2019-09-03,4.114500045776367,4.147749900817871,4.081250190734863,4.104249954223633,4.073453426361084,296140000,-0.01993919542933187,4.019412493705749,4.089449992179871,50.95343339514442,0.022924047157385274,0.011481824948476459,0.011442222208908816,4.378845028302765,4.019412493705749,3.659979959108733,17.88482944509297
2019-09-04,4.165249824523926,4.226500034332275,4.165249824523926,4.218999862670898,4.187342643737793,227728000,0.027958885362400876,4.039924991130829,4.097499990463257,55.16384320719719,0.030328292233181564,0.01525111840541748,0.015077173827764084,4.395733894632523,4.039924991130829,3.684116087629135,17.614629196474173
2019-09-05,4.321750164031982,4.499750137329102,4.320000171661377,4.493500232696533,4.459782123565674,695676000,0.06506261918530032,4.072237503528595,4.111629996299744,63.28372400601597,0.05768118279622758,0.023737131283579502,0.03394405151264808,4.46738931020052,4.072237503528595,3.6770856968566705,19.407110038622534
2019-09-06,4.46999979019165,4.527249813079834,4.427999973297119,4.466249942779541,4.432738780975342,376976000,-0.006063825954060409,4.097724997997284,4.121324996948243,62.08174178488243,0.07628036244288605,0.03424577751544081,0.04203458492744524,4.524241855581637,4.097724997997284,3.6712081404129315,20.817251415983637
2019-09-09,4.497499942779541,4.599500179290772,4.495999813079834,4.512499809265137,4.478640556335449,417524000,0.010355172643403021,4.130624985694885,4.1299599933624265,63.353947253572166,0.0936725254476043,0.04613112710187351,0.04754139834573078,4.57802072472839,4.130624985694885,3.6832292466613796,21.662375092530496
2019-09-10,4.479499816894531,4.606249809265137,4.469749927520752,4.579500198364258,4.545138359069824,352812000,0.01484776505234553,4.170287489891052,4.1394349956512455,65.17671023496857,0.11157613120054588,0.05922012792160799,0.05235600327893789,4.6290352106139485,4.170287489891052,3.711539769168156,22.000771977227927
2019-09-11,4.594250202178955,4.656750202178955,4.565000057220459,4.608250141143799,4.573671817779541,361512000,0.006277797606046187,4.205637502670288,4.148514995574951,65.95914440414373,0.12662509261104127,0.07270112085949465,0.05392397175154662,4.684528918258431,4.205637502670288,3.7267460870821445,22.77378472510199
2019-09-12,4.65500020980835,4.710000038146973,4.598750114440918,4.606750011444092,4.572183609008789,327840000,-0.00032538599839337934,4.248387503623962,4.159534997940064,65.87597155997965,0.13685289997813666,0.08553147668322306,0.0513214232949136,4.709909130566422,4.248387503623962,3.7868658766815018,21.726908223356403
2019-09-13,4.539750099182129,4.577000141143799,4.504499912261963,4.548500061035156,4.514370918273926,324592000,-0.012644437686393895,4.289850008487702,4.169130001068115,62.5763206384266,0.1386598424698411,0.09615714984054667,0.04250269262929442,4.699901050556753,4.289850008487702,3.8797989664186496,19.117267095947106
2019-09-16,4.4730000495910645,4.539999961853027,4.462500095367432,4.505249977111816,4.471445083618164,231832000,-0.009508707953526874,4.315662503242493,4.179119997024536,60.16656897837622,0.1350452198643879,0.10393476384531493,0.03111045601907296,4.711457919088987,4.315662503242493,3.919867087395998,18.342278412601594
2019-09-17,4.51200008392334,4.531000137329102,4.465250015258789,4.526750087738037,4.492783069610596,223048000,0.0047720559222803605,4.328525018692017,4.191050000190735,60.97118023835498,0.13238938226204233,0.10962568752866042,0.022763694733381912,4.734083434002828,4.328525018692017,3.9229666033812047,18.738873568223593
2019-09-18,4.519750118255615,4.5355000495910645,4.412499904632568,4.499499797821045,4.465738296508789,258152000,-0.006019603591532974,4.34366250038147,4.202384996414184,59.335244490837795,0.12662607460572062,0.11302576494407246,0.013600309661648158,4.751013218285997,4.34366250038147,3.936311782476943,18.756094326792304
2019-09-19,4.505499839782715,4.52400016784668,4.412749767303467,4.423500061035156,4.390307426452637,245476000,-0.016891018919564238,4.350800013542175,4.210824995040894,54.91017483384818,0.1146049733694916,0.1133416066291563,0.0012633667403353088,4.758493570751988,4.350800013542175,3.9431064563323615,18.741084671363346
2019-09-20,4.422500133514404,4.446249961853027,4.307000160217285,4.317249774932861,4.284854888916016,350244000,-0.024019397115847663,4.35231249332428,4.214029989242554,49.36713496612642,0.09540488577887896,0.10975426245910083,-0.014349376680221876,4.75927186002085,4.35231249332428,3.945353126627709,18.700833973699186
2019-09-23,4.317500114440918,4.416749954223633,4.31374979019165,4.370999813079834,4.338201999664307,249712000,0.01245015575353281,4.3678124904632565,4.217644987106323,52.006566198478524,0.08356259927626208,0.10451592982253309,-0.020953330546271007,4.752197923088048,4.3678124904632565,3.9834270578384654,17.60082116455611
2019-09-24,4.402500152587891,4.432250022888184,4.277500152587891,4.3132500648498535,4.280884742736816,317268000,-0.013212214860425009,4.376662492752075,4.220274991989136,49.04816792258119,0.06872535672422675,0.09735781520287182,-0.028632458478645068,4.7472161955788525,4.376662492752075,4.006108789925298,16.933163269520044
2019-09-25,4.312749862670898,4.475500106811523,4.267749786376953,4.455749988555908,4.42231559753418,308432000,0.03303776282165094,4.397199988365173,4.2258499908447265,55.73884974042431,0.0676850568241214,0.09142326352712174,-0.023738206703000336,4.736130462761826,4.397199988365173,4.05826951396852,15.415740711973546
2019-09-26,4.446000099182129,4.454750061035156,4.38224983215332,4.433499813079834,4.400232315063477,234564000,-0.004993601651364865,4.4173499822616575,4.22966498374939,54.53468237663527,0.06432372459290914,0.08600335574027923,-0.021679631147370093,4.7116619376897555,4.4173499822616575,4.12303802683356,13.325272238330182
2019-09-27,4.391499996185303,4.442500114440918,4.232999801635742,4.294000148773193,4.261779308319092,362056000,-0.03146493112884374,4.423299980163574,4.2304549884796145,47.59255920845819,0.049828989941795854,0.07876848258058256,-0.0289394926387867,4.702180365277856,4.423299980163574,4.144419595049293,12.609607594552916
2019-09-30,4.320000171661377,4.361999988555908,4.28849983215332,4.351749897003174,4.319096565246582,186184000,0.013449137738222428,4.431499981880188,4.233269987106323,50.40705768651184,0.042511682140131235,0.0715171224924923,-0.029005440352361064,4.691177513443415,4.431499981880188,4.171822450316962,11.719622368273182
2019-10-01,4.375,4.525000095367432,4.345250129699707,4.349999904632568,4.3173604011535645,366008000,-0.0004019739005114431,4.443787479400635,4.234609985351563,50.31886964742044,0.036154684532167636,0.06444463490042737,-0.028289950368259736,4.659978197091154,4.443787479400635,4.2275967617101164,9.730020559834596
2019-10-02,4.328000068664551,4.340000152587891,4.2532501220703125,4.326000213623047,4.293540000915527,293372000,-0.00551735273980658,4.449137496948242,4.233299989700317,49.05143881655431,0.02884760638805073,0.05732522919795205,-0.02847762280990132,4.647361635572599,4.449137496948242,4.250913358323885,8.910677126086718
2019-10-03,4.33050012588501,4.539000034332275,4.300000190734863,4.532750129699707,4.498737335205078,450588000,0.04779210959855873,4.451099991798401,4.234624996185302,58.70189583949792,0.03928681076116192,0.05371754551059403,-0.014430734749432114,4.651803772519473,4.451099991798401,4.250396211077328,9.01816544633414
2019-10-04,4.534999847412109,4.578750133514404,4.4695000648498535,4.54925012588501,4.515114784240723,265524000,0.0036404546021129303,4.455250000953674,4.238920001983643,59.36343586132402,0.04833420065503535,0.052640876539482295,-0.004306675884446942,4.660417987864583,4.455250000953674,4.250082014042765,9.210167190033843
2019-10-07,4.614500045776367,4.708499908447266,4.60575008392334,4.608250141143799,4.573671817779541,480984000,0.012969112932234239,4.460037517547607,4.243550004959107,61.724459338247975,0.05957834836284448,0.05402837090415473,0.0055499774586897505,4.6745801055384915,4.460037517547607,4.245494929556723,9.620662927017369
2019-10-08,4.515999794006348,4.515999794006348,4.412499904632568,4.430749893188477,4.39750337600708,444436000,-0.03851794549132925,4.452600002288818,4.244755001068115,51.94606584278144,0.05354934632138342,0.053932565987600475,-0.00038321966621705783,4.660264496354287,4.452600002288818,4.2449355082233495,9.327785741307137
2019-10-09,4.507999897003174,4.567500114440918,4.479000091552734,4.517749786376953,4.483850955963135,292412000,0.019635591510212436,4.448074984550476,4.247384996414184,55.65429226836162,0.055155682682038076,0.054177189326488,0.0009784933555500794,4.645675957932614,4.448074984550476,4.250474011168338,8.88478607345724
2019-10-10,4.515500068664551,4.626999855041504,4.510250091552734,4.57574987411499,4.541416645050049,309124000,0.01283844839007342,4.446524977684021,4.254539995193482,57.98219724095586,0.060412441158154806,0.05542423969282136,0.004988201465333443,4.639556470579736,4.446524977684021,4.253493484788306,8.68235279749876
2019-10-11,4.660250186920166,4.733500003814697,4.641250133514404,4.649750232696533,4.6148600578308105,446404000,0.01617191694155884,4.45158748626709,4.265074996948242,60.80896571835603,0.06974568576380324,0.058288528907017745,0.0114571568567855,4.6597675972455885,4.45158748626709,4.243407375288591,9.353072881111443
2019-10-14,4.640999794006348,4.684249877929688,4.609749794006348,4.663249969482422,4.628259658813477,200040000,0.0029035768831016107,4.45948748588562,4.277744998931885,61.32019687821944,0.07734013634358394,0.06209885039433099,0.015241285949252954,4.686365398884162,4.45948748588562,4.232609572887078,10.175066696189436
2019-10-15,4.754000186920166,4.982250213623047,4.739999771118164,4.909249782562256,4.872411727905273,664124000,0.05275245709839638,4.478612470626831,4.300534992218018,69.2037585167775,0.10203275209942664,0.07008563073535012,0.031947121364076514,4.777883084656919,4.478612470626831,4.179341856596743,13.364434453432485
2019-10-16,4.875,4.980500221252441,4.84375,4.855249881744385,4.818819522857666,428944000,-0.010999112562814495,4.496399974822998,4.321464991569519,66.02268110632326,0.11590836777338254,0.07925017814295661,0.03665818963042593,4.837839883156859,4.496399974822998,4.154960066489136,15.187256927573603
2019-10-17,4.900000095367432,4.945250034332275,4.802499771118164,4.857250213623047,4.820802688598633,263436000,0.00041154596713144365,4.518087482452392,4.341664996147156,66.08487271411212,0.12561825418890038,0.08852379335214537,0.03709446083675501,4.891824714390411,4.518087482452392,4.144350250514373,16.54404583309028
2019-10-18,4.857749938964844,4.890500068664551,4.6875,4.762249946594238,4.726517200469971,307440000,-0.01955804753255108,4.540337491035461,4.357779994010925,60.42785772672505,0.12421579911968461,0.09566219450565322,0.02855360461403139,4.916575676013716,4.540337491035461,4.1640993060572065,16.573137381135542
2019-10-21,4.823999881744385,4.913750171661377,4.804999828338623,4.90024995803833,4.863480567932129,261868000,0.028977651334589405,4.566799998283386,4.37869499206543,65.10126790588563,0.1327099927946751,0.1030717541634576,0.029638238631217506,4.965455816781104,4.566799998283386,4.168144179785669,17.458869170866603
2019-10-22,4.957499980926514,5.0632500648498535,4.882500171661377,4.890250205993652,4.8535566329956055,328720000,-0.00204050058346239,4.595650005340576,4.400774993896484,64.50677800562212,0.1370549222311217,0.10986838777699043,0.027186534454131273,5.00020366509169,4.595650005340576,4.191096345589462,17.6059386280933
2019-10-23,4.807750225067139,4.891499996185303,4.775750160217285,4.8772501945495605,4.840653896331787,279916000,-0.0026584085938345936,4.616725015640259,4.420295000076294,63.692481834937766,0.13786015181990763,0.11546674058557387,0.022393411234333763,5.0336571081382235,4.616725015640259,4.199792923142294,18.061811829186617
2019-10-24,4.918749809265137,4.955249786376953,4.884500026702881,4.921500205993652,4.884571552276611,232020000,0.009072670115519932,4.64112503528595,4.443690004348755,65.29824968701334,0.14044988928449786,0.12046337032535867,0.019986518959139193,5.069277127748688,4.64112503528595,4.212972942823212,18.45035801481519
2019-10-25,5.002500057220459,5.134500026702881,4.994750022888184,5.113500118255615,5.075129508972168,423092000,0.039012215228322544,4.6821000337600704,4.47157500743866,71.24150828089677,0.15619454965190194,0.12760960619066733,0.028584943461234608,5.126089806970251,4.6821000337600704,4.23811026054989,18.965411674625162
2019-10-28,5.15749979019165,5.222499847412109,5.127999782562256,5.169750213623047,5.130958557128906,330792000,0.011000516944058125,4.7230000495910645,4.495190010070801,72.7158256392483,0.17123730199582443,0.13633514535169877,0.03490215664412566,5.187940874372399,4.7230000495910645,4.25805922480973,19.688368405653122
2019-10-29,5.155749797821045,5.16225004196167,5.053500175476074,5.072999954223633,5.034934997558594,211236000,-0.018714545927660642,4.759150052070618,4.511260013580323,66.40960277677294,0.173353542518365,0.14373882478503203,0.029614717733332963,5.214799966864874,4.759150052070618,4.303500137276362,19.148373546070935
2019-10-30,5.099999904632568,5.10575008392334,5.006499767303467,5.074999809265137,5.036919593811035,205960000,0.00039416521830037965,4.796600031852722,4.528825006484985,66.47432433679124,0.17319555936960995,0.14963017170194762,0.023565387667662335,5.22605934101231,4.796600031852722,4.367140722693134,17.906821761567908
2019-10-31,5.053999900817871,5.074999809265137,4.945250034332275,5.0254998207092285,4.987790107727051,209732000,-0.009753875393276212,4.821237516403198,4.543720006942749,63.22698570215352,0.1671493277942515,0.1531340029204084,0.014015324873843105,5.2438046047316815,4.821237516403198,4.398670428074715,17.529403473311227
2019-11-01,4.989999771118164,5.097249984741211,4.964749813079834,5.0647501945495605,5.026745796203613,283640000,0.0078102100600048185,4.847012519836426,4.5592750072479244,64.6995597810419,0.16363850008236724,0.15523490235280019,0.008403597729567058,5.262908898389914,4.847012519836426,4.431116141282938,17.160936838988135
2019-11-04,5.146249771118164,5.275000095367432,5.123000144958496,5.262499809265137,5.223012447357178,376716000,0.039044475115847854,4.879725003242493,4.583305006027222,71.00037608782743,0.17479792341837452,0.15914750656591506,0.015650416852459464,5.317690543269458,4.879725003242493,4.441759463215528,17.950418916473534
2019-11-05,5.262249946594238,5.28849983215332,5.191999912261963,5.240250110626221,5.200929164886475,300868000,-0.0042280738737042745,4.92020001411438,4.605385007858277,69.4973107249154,0.1797741574976861,0.16327283675226928,0.016501320745416825,5.333649949356849,4.92020001411438,4.506750078871911,16.806224708606234
2019-11-06,5.216000080108643,5.2417497634887695,5.102749824523926,5.1907501220703125,5.151800632476807,269012000,-0.009446106811327848,4.953850030899048,4.628300008773803,66.14253345195543,0.1776754910083831,0.16615336760349203,0.01152212340489106,5.339411685443924,4.953850030899048,4.568288376354172,15.56614157231169
2019-11-07,5.277750015258789,5.292500019073486,5.16349983215332,5.208499908447266,5.169417858123779,280340000,0.00341962488530978,4.985487532615662,4.651860008239746,66.76211964094057,0.17542238209089778,0.1680071705009732,0.007415211589924586,5.344696983647992,4.985487532615662,4.626278081583331,14.410203563135553
2019-11-08,5.191500186920166,5.226250171661377,5.153749942779541,5.194499969482422,5.15552282333374,189100000,-0.0026879302798482607,5.012725019454956,4.672250003814697,65.74024809996453,0.17054120610318435,0.16851397762141543,0.0020272284817689223,5.347773135096972,5.012725019454956,4.677676903812941,13.367903259869857
2019-11-11,5.193749904632568,5.227749824523926,5.10699987411499,5.204500198364258,5.165448188781738,243436000,0.001925190865817994,5.039787530899048,4.692585010528564,66.138938008904,0.1655711724497868,0.16792541658708973,-0.0023542441373029244,5.343525416963823,5.039787530899048,4.736049644834273,12.053598855211717
2019-11-12,5.243000030517578,5.296500205993652,5.207749843597412,5.240250110626221,5.200929164886475,283504000,0.006868905622128496,5.056337547302246,4.715305013656616,67.59093992469005,0.16264226532400716,0.16686878633447322,-0.0042265210104660556,5.365837336777654,5.056337547302246,4.746837757826839,12.24205411842165
2019-11-13,5.208749771118164,5.236499786376953,5.147500038146973,5.214250087738037,5.175124168395996,300188000,-0.0049616127565624835,5.074287557601929,4.735210018157959,65.3946372867691,0.15641998850989136,0.16477902676955686,-0.008359038259665497,5.376614090416637,5.074287557601929,4.771961024787221,11.916018924145682
2019-11-14,5.223249912261963,5.247000217437744,5.163000106811523,5.244750022888184,5.205394744873047,518080000,0.005849246412658049,5.093662548065185,4.750235013961792,66.7591744479955,0.15219546459616673,0.16226231433487884,-0.010066849738712108,5.387414518441505,5.093662548065185,4.799910577688865,11.534017717286787
2019-11-15,5.242499828338623,5.29449987411499,5.015999794006348,5.104750156402588,5.066446781158447,1053628000,-0.02669306950283712,5.110787558555603,4.763005018234253,55.869180215396845,0.1359831506467204,0.15700648159724717,-0.021023330950526775,5.36213369576834,5.110787558555603,4.859441421342866,9.835906279922611
2019-11-18,5.097249984741211,5.333749771118164,5.094250202178955,5.307000160217285,5.267178058624268,574588000,0.03961973472460367,5.13112506866455,4.778895025253296,64.80186395539398,0.13786543317699618,0.15317827191319697,-0.01531283873620079,5.376797786290855,5.13112506866455,4.8854523510382455,9.575783647395864
2019-11-19,5.275750160217285,5.299499988555908,5.141250133514404,5.199749946594238,5.160733222961426,414564000,-0.020209082449482274,5.14660005569458,4.7913000202178955,58.087332578690464,0.1292134673128169,0.14838531099312097,-0.019171843680304057,5.367359921096797,5.14660005569458,4.925840190292363,8.578862278523143
2019-11-20,5.176750183105469,5.363749980926514,5.164000034332275,5.2795000076293945,5.239885330200195,472588000,0.015337376264016322,5.166712546348572,4.804725017547607,61.298572371360635,0.1273241716634823,0.14417308312719324,-0.016848911463710925,5.356816409950197,5.166712546348572,4.976608682746948,7.358793890555228
2019-11-21,5.275000095367432,5.330999851226807,5.232749938964844,5.254499912261963,5.215072154998779,288388000,-0.004735442407184931,5.183362531661987,4.8176800155639645,59.753023835295465,0.12239865696117747,0.13981819789399008,-0.017419540932812616,5.340034471915668,5.183362531661987,5.026690591408307,6.045185506383841
2019-11-22,5.277249813079834,5.323999881744385,5.248499870300293,5.272250175476074,5.232689380645752,224100000,0.0033781365095948424,5.19130003452301,4.8321550178527835,60.514261672477545,0.11856075439427283,0.13556670919404665,-0.01700595479977382,5.349091454883402,5.19130003452301,5.033508614162619,6.079071496968087
2019-11-25,5.401000022888184,5.535250186920166,5.388000011444092,5.530250072479248,5.488753795623779,506476000,0.04893552747945207,5.2093250274658205,4.852655019760132,69.53412864565401,0.13478391933049316,0.13541015122133596,-0.0006262318908427933,5.424924372425262,5.2093250274658205,4.993725682506379,8.277438778448582
2019-11-26,5.512499809265137,5.517250061035156,5.418499946594238,5.425000190734863,5.384292602539063,385244000,-0.01903185986735345,5.226925039291382,4.870620021820068,63.19234915481747,0.13756237514614966,0.13584059600629872,0.001721779139850943,5.452380768811015,5.226925039291382,5.00146930977175,8.626706058527965
2019-11-27,5.466750144958496,5.50124979019165,5.429500102996826,5.455999851226807,5.419055938720703,215784000,0.006456435180592912,5.245975041389466,4.889750022888183,64.22721922275765,0.14064447298801674,0.13680137140264234,0.0038431015853744033,5.481044125793237,5.245975041389466,5.010905956985694,8.9618834458469
2019-11-29,5.425000190734863,5.453499794006348,5.394499778747559,5.418499946594238,5.381810665130615,141556000,-0.006873018845212409,5.265625047683716,4.909650020599365,61.95786606683347,0.13846499060867057,0.13713409524384798,0.0013308953648225874,5.489106786197974,5.265625047683716,5.042143309169457,8.488327083318062
2019-12-02,5.411499977111816,5.425000190734863,5.216000080108643,5.231249809265137,5.195827960968018,372036000,-0.0345576453232741,5.2739500284194945,4.927930021286011,52.06531823349156,0.12024213744066614,0.13375570368321163,-0.013513566242545488,5.47848133729734,5.2739500284194945,5.069418719541649,7.756285432197756
2019-12-03,5.046750068664551,5.195499897003174,5.009250164031982,5.191500186920166,5.15634822845459,465232000,-0.0075983525262973695,5.270400047302246,4.944340028762817,50.23179690267509,0.10142378246453099,0.1272893194394755,-0.02586553697494451,5.4780440229347445,5.270400047302246,5.062756071669748,7.879628634216671
2019-12-04,5.2754998207092285,5.297999858856201,5.20674991607666,5.235499858856201,5.200050354003906,273424000,0.008475402283374178,5.270162534713745,4.962785024642944,52.2368749786887,0.08903417581471196,0.1196382907145228,-0.03060411489981084,5.477954728652668,5.270162534713745,5.062370340774822,7.885608558378535
2019-12-05,5.257500171661377,5.273250102996826,5.187749862670898,5.218500137329102,5.183164596557617,184884000,-0.0032472296029378844,5.271550035476684,4.978040027618408,51.37565567150145,0.07695648141380751,0.11110192885437975,-0.03414544744057224,5.4775656407905,5.271550035476684,5.065534430162868,7.816130129747945
2019-12-06,5.288000106811523,5.337250232696533,5.277999877929688,5.3042497634887695,5.268333911895752,232236000,0.016431914084823696,5.27633752822876,4.995455026626587,55.37247471408229,0.07345732940972383,0.10357300896544858,-0.03011567955572475,5.480713505349706,5.27633752822876,5.071961551107814,7.746887913349762
2019-12-09,5.28125,5.359250068664551,5.272500038146973,5.3042497634887695,5.268333911895752,211880000,0.0,5.281825017929077,5.015660018920898,55.37247471408229,0.06987870798874951,0.09683414877010878,-0.026955440781359266,5.482985230750667,5.281825017929077,5.080664805107488,7.617072210410382
2019-12-10,5.334499835968018,5.401500225067139,5.281499862670898,5.349500179290772,5.313277721405029,256388000,0.00853093411710204,5.289075016975403,5.03561502456665,57.509980803616,0.06988832599368777,0.09144498421482458,-0.02155665822113681,5.489013360538264,5.289075016975403,5.089136673412542,7.5604275954171465
2019-12-11,5.360000133514404,5.439000129699707,5.357500076293945,5.433499813079834,5.396709442138672,233796000,0.015702495730183674,5.298737502098083,5.057285022735596,61.222930323628454,0.07580023879561626,0.08831603513098293,-0.012515796335366675,5.506816373686808,5.298737502098083,5.090658630509358,7.853903746178574
2019-12-12,5.4045000076293945,5.619999885559082,5.395500183105469,5.601749897003174,5.563818454742432,404348000,0.030964982346267655,5.31811249256134,5.082800016403199,67.37290235066678,0.09298991804120416,0.08925081171302718,0.0037391063281769776,5.560457150922129,5.31811249256134,5.075767834200551,9.113935017349348
2019-12-13,5.604750156402588,5.724500179290772,5.545499801635742,5.59975004196167,5.561831951141357,454704000,-0.0003570396153708133,5.335862493515014,5.104140014648437,67.23640301549926,0.10523836869422443,0.09244832310926664,0.01279004558495779,5.604671374982354,5.335862493515014,5.067053612047674,10.075555050155026
2019-12-16,5.647500038146973,5.701499938964844,5.6192498207092285,5.628749847412109,5.590636253356934,320976000,0.005178923503732502,5.362062478065491,5.125730009078979,68.24122756574954,0.11594881031079396,0.09714842054957211,0.01880038976122185,5.637718923546815,5.362062478065491,5.086406032584168,10.28173194956035
2019-12-17,5.647500038146973,5.730000019073486,5.638000011444092,5.707250118255615,5.668605327606201,321196000,0.013946368662860253,5.382074975967408,5.147710008621216,70.84758488854878,0.1292809578519094,0.10357492801003958,0.02570602984186983,5.694499375246568,5.382074975967408,5.069650576688248,11.609812225739308
2019-12-18,5.742249965667725,5.798500061035156,5.733749866485596,5.737750053405762,5.698897838592529,343548000,0.0053439089927116434,5.408974981307983,5.173850011825562,71.81540467369791,0.14068612858297325,0.11099716812462632,0.02968896045834693,5.7456751936492045,5.408974981307983,5.0722747689667615,12.449686437995009
2019-12-19,5.772500038146973,5.900000095367432,5.767499923706055,5.886499881744385,5.846641540527344,445360000,0.025924960601031444,5.439324975013733,5.20122501373291,76.00016388093066,0.15988462610488785,0.12077465972067863,0.039109966384209216,5.8291144013254454,5.439324975013733,5.04953554870202,14.33227204119123
2019-12-20,5.953249931335449,6.009749889373779,5.934000015258789,5.984250068664551,5.943728923797607,603044000,0.016605667133392732,5.475812482833862,5.229395017623902,78.28218950140565,0.18090187268002023,0.13280010231254696,0.04810177036747326,5.922093845575521,5.475812482833862,5.029531120092203,16.30009662093826
2019-12-23,6.013000011444092,6.045249938964844,5.959750175476074,5.9704999923706055,5.93007230758667,355060000,-0.002297651253282962,5.510724973678589,5.255810012817383,77.1706205005134,0.1942099444213623,0.14508207073431004,0.049127873687052265,5.995438446243144,5.510724973678589,5.026011501114034,17.591640841440604
2019-12-24,5.954999923706055,5.982749938964844,5.920499801635742,5.965499877929688,5.925105571746826,138864000,-0.0008375506371970376,5.532487463951112,5.2818550109863285,76.74386742092821,0.20202440808756705,0.15647053820496146,0.0455538698826056,6.05626272431077,5.532487463951112,5.008712203591454,18.934530399662062
2019-12-26,5.968999862670898,6.007999897003174,5.949999809265137,5.979750156402588,5.9392595291137695,182852000,0.0023888110001677454,5.560224962234498,5.303265018463135,77.13200074448292,0.2069813530251663,0.16657270116900244,0.04040865185616385,6.1160676814922414,5.560224962234498,5.004382242976755,19.99353346431385
2019-12-27,5.994999885559082,6.008500099182129,5.895249843597412,5.921750068664551,5.881652355194092,254644000,-0.009699386537545984,5.583512473106385,5.324595022201538,71.87417383426505,0.20387944986013373,0.1740340509072287,0.029845398952905028,6.15862933224403,5.583512473106385,5.00839561396874,20.60053996145831
2019-12-30,5.899750232696533,5.90500020980835,5.776500225067139,5.808000087738037,5.768672466278076,258056000,-0.0192088688846499,5.602987480163575,5.343610019683838,62.82859430049168,0.1900516987610832,0.1772375804779996,0.012814118283083598,6.180807010041423,5.602987480163575,5.025167950285727,20.625408567251664
2019-12-31,5.772500038146973,5.892000198364258,5.7532501220703125,5.882500171661377,5.842668056488037,231004000,0.012827143617966996,5.635549998283387,5.366015024185181,65.85918655012296,0.18299518594789355,0.1783891015719784,0.004606084375915143,6.199129476717189,5.635549998283387,5.071970519849584,20.00086872108211
2020-01-02,5.96875,5.99774980545044,5.918000221252441,5.99774980545044,5.957137107849121,237536000,0.0195919142169938,5.675862479209901,5.3879650211334225,69.94188861287464,0.18457486679881985,0.17962625461734671,0.004948612181473133,6.221685836264127,5.675862479209901,5.130039122155674,19.23314241856709
2020-01-03,5.877500057220459,5.945750236511231,5.852499961853027,5.901750087738037,5.861787796020508,205384000,-0.016005895130897896,5.709174990653993,5.4081950187683105,63.16591507820668,0.17605099406623292,0.17891120250712395,-0.002860208440891021,6.223864643053818,5.709174990653993,5.194485338254167,18.030263680562612
2020-01-06,5.808000087738037,5.9317498207092285,5.781750202178955,5.926499843597412,5.88637113571167,262636000,0.004193829689271844,5.744574975967408,5.429180011749268,64.13072679604552,0.16934080656291783,0.17699712331828274,-0.007656316755364906,6.214879620268302,5.744574975967408,5.274270331666514,16.37387087011404
2020-01-07,5.954999923706055,6.044250011444092,5.909749984741211,5.9982500076293945,5.957634449005127,314856000,0.012106493398133411,5.779274988174439,5.450715007781983,66.8422562001667,0.16787738719890655,0.17517317609440752,-0.007295788895500976,6.215695703598433,5.779274988174439,5.342854272750445,15.102957250416308
2020-01-08,5.99399995803833,6.051000118255615,5.953750133514404,6.009500026702881,5.968808174133301,277108000,0.001875530501882272,5.814537501335145,5.468635005950928,67.26016666798529,0.16571513836744955,0.17328156854901594,-0.007566430181566386,6.203073448667058,5.814537501335145,5.426001554003231,13.364294141802235
2020-01-09,6.096250057220459,6.148250102996826,6.021500110626221,6.075500011444092,6.034359931945801,255112000,0.010982386416199086,5.85083749294281,5.486750001907349,69.67493400266714,0.16739753321255968,0.1721047614817247,-0.004707228269165031,6.191510017464345,5.85083749294281,5.510164968421276,11.645256766486787
2020-01-10,6.183249950408936,6.213749885559082,6.09375,6.107999801635742,6.066641330718994,316296000,0.005349597825992536,5.8845624923706055,5.5074499988555905,70.81639018302506,0.16940056049153718,0.17156392128368722,-0.002163360792150043,6.184396795634977,5.8845624923706055,5.584728189106234,10.190538503180473
2020-01-13,6.191500186920166,6.324749946594238,6.168749809265137,6.299499988555908,6.256844997406006,319840000,0.03135238368615889,5.919449996948242,5.531940002441406,76.44304182953665,0.1843157613277695,0.17411428929250367,0.010201472035265835,6.241117666818603,5.919449996948242,5.597782327077882,10.868160725614564
2020-01-14,6.256499767303467,6.2820000648498535,6.168749809265137,6.182000160217285,6.140141010284424,359088000,-0.018652210046751327,5.948562502861023,5.555070009231567,67.80482094953152,0.1845277897926456,0.17619698939253206,0.008330800400113553,6.254217280740543,5.948562502861023,5.6429077249815025,10.27659296620024
2020-01-15,6.19474983215332,6.217249870300293,6.113249778747559,6.139249801635742,6.097679615020752,263104000,-0.006915377870402528,5.974087500572205,5.576560001373291,64.92994827731337,0.17918074314987376,0.1767937401440004,0.002387003005873356,6.252718158385913,5.974087500572205,5.695456842758497,9.327973779661598
2020-01-16,6.192999839782715,6.229249954223633,6.16949987411499,6.223249912261963,6.1811113357543945,284192000,0.01368253598108371,5.999887490272522,5.595775003433228,67.81733420759004,0.17965037932700234,0.1773650679806008,0.0022853113464015307,6.27034715336307,5.999887490272522,5.729427827181975,9.015491158093798
2020-01-17,6.242499828338623,6.25,6.184249877929688,6.23199987411499,6.189801692962647,253792000,0.001405953838427676,6.024599981307984,5.615609998703003,68.11185010176283,0.1786690327836613,0.1776258609412129,0.0010431718424483982,6.284864510377033,6.024599981307984,5.764335452238934,8.64006008287853
2020-01-21,6.195250034332275,6.232250213623047,6.164249897003174,6.198500156402588,6.156528472900391,217916000,-0.00537549047816599,6.0401999950408936,5.635764999389648,65.63531786167698,0.17319171504434383,0.17673903176183908,-0.0035473167174952525,6.302874908303197,6.0401999950408936,5.77752508177859,8.69755681858098
2020-01-22,6.24399995803833,6.339749813079834,6.224999904632568,6.252749919891357,6.2104105949401855,239240000,0.00875203002422098,6.053624987602234,5.65664999961853,67.68446899557836,0.17125429093948785,0.17564208359736885,-0.004387792657881001,6.3305484492568125,6.053624987602234,5.776701525947655,9.149012772403815
2020-01-23,6.293000221252441,6.329999923706055,6.203750133514404,6.321499824523926,6.278695106506348,244516000,0.01099516859993055,6.0711749792099,5.67918999671936,70.11641169735259,0.17326907309652118,0.17516748149719935,-0.0018984084006781754,6.3685367579874566,6.0711749792099,5.773813200432343,9.795855984907066
2020-01-24,6.4375,6.487500190734863,6.207499980926514,6.26200008392334,6.219597816467285,373512000,-0.009412352254184575,6.085999989509583,5.700339994430542,65.52074499355545,0.16812661174034282,0.17375930754582805,-0.005632695805485227,6.390293108833489,6.085999989509583,5.781706870185677,9.999773902346854
2020-01-27,5.955999851226807,6.056250095367432,5.805749893188477,6.005000114440918,5.9643378257751465,470536000,-0.04104123742797339,6.087262487411499,5.715634994506836,50.21201469247452,0.14168022294997762,0.167343490626658,-0.025663267676680368,6.389987308675363,6.087262487411499,5.784537666147634,9.946172746448884
2020-01-28,6.071249961853027,6.231750011444092,6.017749786376953,6.199250221252441,6.157273769378662,310976000,0.03234825880749659,6.101137495040893,5.735334997177124,58.167813442493,0.1348412633533176,0.1608430451719899,-0.026001781818672326,6.397619589637935,6.101137495040893,5.804655400443852,9.718912082805119
2020-01-29,6.184750080108643,6.2210001945495605,6.098499774932861,6.138500213623047,6.096934795379639,258848000,-0.009799625005972756,6.117662501335144,5.753210000991821,55.19720067741988,0.12310029709657133,0.15329449555690622,-0.030194198460334887,6.382053529398639,6.117662501335144,5.85327147327165,8.64353102204617
2020-01-30,6.040249824523926,6.158750057220459,5.985000133514404,6.145249843597412,6.103638172149658,290504000,0.001099466698430085,6.1307999849319454,5.774019994735718,55.46930851717178,0.11303711399198679,0.14524301924392233,-0.032205905251935535,6.372262590423039,6.1307999849319454,5.8893373794408514,7.877034190792455
2020-01-31,6.099249839782715,6.111249923706055,5.868750095367432,5.910749912261963,5.8707275390625,370420000,-0.03815931195756461,6.126449990272522,5.786094989776611,45.19844734169859,0.08515813425659857,0.13322604224645757,-0.04806790798985899,6.3801672283167665,6.126449990272522,5.872732752228277,8.282683722125958
2020-02-03,5.892499923706055,6.027750015258789,5.886250019073486,6.008250236511231,5.96756649017334,255564000,0.016495221497931034,6.131774997711181,5.8022649955749515,49.394133509909494,0.07012296934127527,0.12060542766542111,-0.05048245832414584,6.370427969999309,6.131774997711181,5.893122025423054,7.7841399065428805
2020-02-04,6.150750160217285,6.197500228881836,6.100500106811523,6.178249835968018,6.136415481567383,271544000,0.028294446600986012,6.144362497329712,5.820239992141723,55.754802460513304,0.07110538118090748,0.11070541836851838,-0.039600037187610904,6.364193943975286,6.144362497329712,5.924531050684138,7.155549391531209
2020-02-05,6.299749851226807,6.309999942779541,6.18524980545044,6.269000053405762,6.22655200958252,208220000,0.014688791573173265,6.157899999618531,5.8405299949646,58.736428686880465,0.07830409291718166,0.10422515327825105,-0.025921060361069392,6.373376079982557,6.157899999618531,5.942423919254504,6.9983624410066625
2020-02-06,6.303500175476074,6.356249809265137,6.2220001220703125,6.356249809265137,6.313209056854248,218284000,0.013917340951840496,6.175237488746643,5.862209987640381,61.42773675257671,0.0900118493840445,0.10138249249940975,-0.011370643115365259,6.395899234631768,6.175237488746643,5.954575742861518,7.146664279300831
2020-02-07,6.315999984741211,6.338250160217285,6.264249801635742,6.289750099182129,6.247161388397217,189752000,-0.01046182185038258,6.185949993133545,5.877399988174439,58.306315293855455,0.09285399681574624,0.09967679336267705,-0.006822796546930812,6.407005845374848,6.185949993133545,5.964894140892242,7.147030043459028
2020-02-10,6.3125,6.574999809265137,6.307499885559082,6.574250221252441,6.529734611511231,529608000,0.045232259188762836,6.20926251411438,5.90038498878479,66.21581083984049,0.11671775172863352,0.10308498503586835,0.01363276669276517,6.484275172428013,6.20926251411438,5.934249855800747,8.858142418314486
2020-02-11,6.683000087738037,6.8125,6.620749950408936,6.697249889373779,6.651901721954346,638556000,0.018709353091892478,6.229150009155274,5.92520998954773,68.95763428057371,0.14389624831418057,0.1112472376915308,0.03264901062264977,6.575628995127757,6.229150009155274,5.88267102318279,11.12443866220101
2020-02-12,6.750249862670898,6.820000171661377,6.711249828338623,6.813499927520752,6.767364025115967,374644000,0.01735778849235592,6.260724997520446,5.9531099891662596,71.32619821214608,0.1728236062511712,0.12356251140345889,0.04926109484771232,6.689570088348419,6.260724997520446,5.831879906692474,13.699534510709743
2020-02-13,6.755249977111816,6.836999893188477,6.727749824523926,6.769499778747559,6.723661422729492,528016000,-0.006457847135794559,6.292237496376037,5.983874988555908,69.17478494587951,0.19000800751048352,0.13685161062486384,0.05315639688561968,6.770520961018348,6.292237496376037,5.813954031733727,15.202333507524918
2020-02-14,7.18149995803833,7.374249935150146,7.150000095367432,7.244750022888184,7.195693492889404,1041924000,0.07020461627710706,6.343312501907349,6.024939985275268,77.18095919782431,0.23921793671904812,0.1573248758437007,0.08189306087534742,6.974838125354483,6.343312501907349,5.711786878460214,19.91154064244016
2020-02-18,7.140999794006348,7.432750225067139,7.121500015258789,7.414249897003174,7.3640456199646,620164000,0.02339623376698241,6.402425003051758,6.068514986038208,79.25086522602382,0.2885679517067947,0.1835734910163195,0.10499446069047522,7.184569965655125,6.402425003051758,5.620280040448391,24.43277233956049
2020-02-19,7.53725004196167,7.885250091552734,7.53725004196167,7.867499828338623,7.81422758102417,694332000,0.06113242425319654,6.485874986648559,6.121494979858398,83.54836106017203,0.36010065937686786,0.21887892468842918,0.14122173468843868,7.488305494762859,6.485874986648559,5.48344447853426,30.911188087277164
2020-02-20,7.819250106811523,7.907999992370605,7.408750057220459,7.71750020980835,7.665243625640869,810052000,-0.019065730277051163,6.559112501144409,6.16975998878479,77.80507449051184,0.40007531080967507,0.25511820191267837,0.1449571088969967,7.688679970663051,6.559112501144409,5.429545031625768,34.4426923405128
2020-02-21,7.604750156402588,7.630000114440918,7.266499996185303,7.351749897003174,7.301969051361084,768180000,-0.047392436825439144,6.610625004768371,6.2107099914550785,65.90800605901401,0.3976585562291559,0.2836262727759739,0.114032283453182,7.785219133614978,6.610625004768371,5.436030875921764,35.53655298854041
2020-02-24,6.754749774932861,7.046750068664551,6.699999809265137,6.831999778747559,6.785738468170166,856916000,-0.070697448805907,6.6391249895095825,6.240359983444214,53.40980275614276,0.34977181820717185,0.2968553818622135,0.05291643634495835,7.806136498460523,6.6391249895095825,5.472113480558642,35.15558182124675
2020-02-25,6.90749979019165,6.969749927520752,6.448999881744385,6.551249980926514,6.506889343261719,1055496000,-0.04109340880383816,6.666437482833862,6.262714986801147,48.10346036331953,0.28587171972322967,0.2946586494344168,-0.008786929711187108,7.797831978510821,6.666437482833862,5.535042987156903,33.94300174839442
2020-02-26,6.551499843597412,6.886250019073486,6.550000190734863,6.691249847412109,6.645940780639648,747732000,0.021369878914865303,6.6910374641418455,6.284504985809326,50.73210084517564,0.24371782314095025,0.2844704841757235,-0.04075266103477326,7.8019394452982,6.6910374641418455,5.580135482985491,33.205672128121385
2020-02-27,6.372499942779541,6.675000190734863,6.222249984741211,6.315000057220459,6.275991439819336,906416000,-0.055665458515371524,6.699862456321716,6.298809986114502,44.245785891624934,0.17789962662226966,0.26315631266503275,-0.0852566860427631,7.79576985817092,6.699862456321716,5.603955054472512,32.714325375893374
2020-02-28,6.061500072479248,6.811500072479248,6.044750213623047,6.7517499923706055,6.710041999816895,1133252000,0.06916047674055692,6.730187463760376,6.321269989013672,51.92894924584791,0.15914576803274727,0.24235420373857566,-0.08320843570582839,7.796186545544279,6.730187463760376,5.664188381976473,31.67813935418359
2020-03-02,6.922500133514404,6.9397501945495605,6.525000095367432,6.910749912261963,6.868061542510986,890744000,0.023549709927062068,6.780187463760376,6.345339984893799,54.39296212959919,0.15532270128832604,0.22494790324852576,-0.06962520196019972,7.779476722065878,6.780187463760376,5.780898205454873,29.47674422415702
2020-03-03,6.966750144958496,7.026750087738037,6.561500072479248,6.647250175476074,6.606189727783203,652792000,-0.03812892664209322,6.812137460708618,6.363529987335205,49.83412419999528,0.1295374397787148,0.20586581055456357,-0.07632837077584878,7.749608985879089,6.812137460708618,5.874665935538147,27.523564536906825
2020-03-04,6.755000114440918,7.122250080108643,6.679999828338623,7.112750053405762,7.068814277648926,597408000,0.0700289529863325,6.8588624715805055,6.388054990768433,56.73319138639619,0.1449929950715152,0.1936912474579539,-0.04869825238643871,7.7576565725620945,6.8588624715805055,5.960068370598917,26.20825551483838
2020-03-05,6.912499904632568,7.079999923706055,6.787499904632568,6.832250118255615,6.790045738220215,540328000,-0.039436393216632726,6.887024974822998,6.405014991760254,52.08491628402548,0.1330736433365578,0.1815677266336747,-0.04849408329711691,7.7444702725526415,6.887024974822998,6.029579677093354,24.900310391329196
2020-03-06,6.651999950408936,6.709750175476074,6.449999809265137,6.651000022888184,6.609915256500244,515412000,-0.026528610949708598,6.90176248550415,6.418624992370606,49.27550174268432,0.10775991407516994,0.16680616412197374,-0.059046250046803805,7.7319075101998,6.90176248550415,6.0716174608085005,24.056029932621207
2020-03-09,5.997499942779541,6.485000133514404,5.954500198364258,6.136000156402588,6.098097324371338,614160000,-0.07743184477676635,6.8940749883651735,6.422034997940063,42.29472681610968,0.04561657656867535,0.14256824661131406,-0.09695167004263872,7.749218793996594,6.8940749883651735,6.038931182733753,24.80807960675243
2020-03-10,6.41349983215332,6.526999950408936,6.149750232696533,6.526999950408936,6.4866814613342285,580648000,0.06372219338151508,6.891712474822998,6.43297999382019,48.28495768127683,0.02759979625989306,0.11957455654102987,-0.09197476028113681,7.750630307211645,6.891712474822998,6.032794642434351,24.926107568372018
2020-03-11,6.386499881744385,6.414999961853027,6.0642499923706055,6.161749839782715,6.123687744140625,499964000,-0.05595984932470233,6.864937472343445,6.437779989242554,43.719334043707946,-0.015967203362583504,0.0924662045603072,-0.1084334079228907,7.778106783066907,6.864937472343445,5.951768161619983,26.6038638924919
2020-03-12,5.636499881744385,5.902999877929688,5.394999980926514,5.407750129699707,5.374346256256104,816540000,-0.12236768417878896,6.794649982452393,6.429774990081787,36.125405739691296,-0.11006705511487613,0.051959552625270536,-0.16202660774014666,7.907424304233394,6.794649982452393,5.681875660671392,32.754426634331715
2020-03-13,5.762499809265137,6.0254998207092285,5.490250110626221,6.020999908447266,5.983806610107422,634836000,0.11340176549694103,6.757224988937378,6.432544984817505,44.56004863010292,-0.13361747450658434,0.014844147198899565,-0.1484616217054839,7.920085492828157,6.757224988937378,5.594364485046599,34.418285784314165
2020-03-16,5.31024980545044,5.652500152587891,4.849999904632568,4.909999847412109,4.879669666290283,726972000,-0.18452082691845506,6.640487480163574,6.410789985656738,35.431705292996114,-0.23917273702418473,-0.035959229645717294,-0.20321350737846744,8.030683862205018,6.640487480163574,5.250291098122131,41.87031106358472
2020-03-17,5.022749900817871,5.521500110626221,4.775000095367432,5.4317498207092285,5.398198127746582,833632000,0.1062630253515715,6.541362476348877,6.4013899803161625,41.49327539362166,-0.2775260332974714,-0.08427259037606812,-0.19325344292140328,7.978655280703648,6.541362476348877,5.1040696719941065,43.944753392018384
2020-03-18,5.002500057220459,5.248499870300293,4.517000198364258,5.070499897003174,5.039178371429443,874268000,-0.0665073322284685,6.401512479782104,6.384269981384278,38.77877497503627,-0.3332298800374538,-0.13406404830834526,-0.19916583172910854,7.839753700678833,6.401512479782104,4.963271258885375,44.93441902797584
2020-03-19,5.048999786376953,5.41825008392334,4.834750175476074,5.324250221252441,5.291360855102539,765512000,0.05004436538759793,6.281849980354309,6.370789985656739,41.665599959131484,-0.3528328123860742,-0.17781780112389106,-0.17501501126218316,7.659164544287995,6.281849980354309,4.904535416420623,43.850603508236034
2020-03-20,5.474999904632568,5.757999897003174,5.1282501220703125,5.143750190734863,5.111976146697998,804636000,-0.03390143165752113,6.171449995040893,6.353474988937378,40.2130185836133,-0.3785692112488057,-0.217968083148874,-0.1606011280999317,7.541982680128096,6.171449995040893,4.80091730995369,44.41525690683722
2020-03-23,5.142749786376953,5.412000179290772,4.9629998207092285,5.317249774932861,5.284403324127197,643876000,0.033730043427643075,6.095712494850159,6.338309984207154,42.29548714081249,-0.38057845479499264,-0.2504901574780978,-0.13008829731689486,7.479215861310575,6.095712494850159,4.712209128389743,45.39267124652749
2020-03-24,5.724999904632568,6.316500186920166,5.701250076293945,6.229499816894531,6.191018104553223,1101644000,0.17156426654389922,6.079624986648559,6.340739984512329,51.801629590849586,-0.305043488929166,-0.2614008237683114,-0.04364266516085458,7.448976388806006,6.079624986648559,4.710273584491112,45.04723252387028
2020-03-25,6.34499979019165,6.545499801635742,6.09149980545044,6.140500068664551,6.102568626403809,793432000,-0.014286741963226213,6.052087497711182,6.337559986114502,50.92028661461696,-0.24948708830700195,-0.25901807667604954,0.009530988369047588,7.392988005006165,6.052087497711182,4.7111869904161985,44.312000043029585
2020-03-26,6.348499774932861,6.555500030517578,6.25,6.431000232696533,6.391275405883789,696108000,0.04730905904619265,6.0578875064849855,6.342539987564087,53.689902300182155,-0.17994303384199117,-0.2432030681092379,0.06326003426724672,7.40427897237227,6.0578875064849855,4.711496040597701,44.45085731440107
2020-03-27,6.25,6.578000068664551,6.2170000076293945,6.318250179290772,6.279222011566162,638828000,-0.017532243128573488,6.036212515830994,6.346119995117188,52.45270089179908,-0.1324006246742293,-0.22104257942223618,0.08864195474800687,7.350807310035257,6.036212515830994,4.721617721626731,43.556942064465574
2020-03-30,6.383999824523926,6.64900016784668,6.339749813079834,6.639750003814697,6.598734855651856,602252000,0.05088414512134776,6.02266252040863,6.354449996948242,55.594870341947015,-0.06799674972693115,-0.1904334134831752,0.12243666375624404,7.306139606987992,6.02266252040863,4.7391854338292685,42.62158413260318
2020-03-31,6.679999828338623,6.885000228881836,6.443749904632568,6.590000152587891,6.5492939949035645,949960000,-0.007492475729032444,6.019800019264221,6.3616100025177005,54.98928196933367,-0.02073163070965478,-0.1564930569284711,0.13576142621881632,7.297936594958644,6.019800019264221,4.741663443569799,42.464419801461936
2020-04-01,6.391250133514404,6.538249969482422,6.0320000648498535,6.076749801635742,6.039212703704834,656912000,-0.07788340111096836,5.96800000667572,6.3591749954223635,49.052804781965385,-0.024407344595895886,-0.13007591446195607,0.10566856986606019,7.144707634350335,5.96800000667572,4.7912923790011055,39.43390168761282
2020-04-02,6.105999946594238,6.400000095367432,6.057750225067139,6.386750221252441,6.3472981452941895,675764000,0.05101417298985944,5.945725011825561,6.361855001449585,52.395641627461636,-0.0022796528325486065,-0.10451666213607458,0.10223700930352597,7.071931403573432,5.945725011825561,4.819518620077691,37.882895341037056
2020-04-03,6.348999977111816,6.390749931335449,5.959750175476074,6.097750186920166,6.060082912445068,663212000,-0.04524999870410362,5.918062520027161,6.357380008697509,49.15743602928212,-0.00797129703497923,-0.0852075891158555,0.07723629208087628,6.999921912707375,5.918062520027161,4.836203127346947,36.56126947017279
2020-04-06,6.38100004196167,6.747000217437744,6.323249816894531,6.710000038146973,6.668550968170166,727884000,0.1004058961760308,5.94676251411438,6.366340007781982,55.44041835796864,0.03650072252861758,-0.0608659267869609,0.09736664931557848,7.079484294049484,5.94676251411438,4.814040734179276,38.09540997296054
2020-04-07,6.932499885559082,6.956250190734863,6.432499885559082,6.475749969482422,6.43574857711792,784520000,-0.03491049137412927,5.944200015068054,6.375755004882812,52.754259766285706,0.05224089508493357,-0.03824456241258201,0.09048545749751558,7.071880295212083,5.944200015068054,4.816519734924024,37.94220508345795
2020-04-08,6.585249900817871,6.698750019073486,6.514999866485596,6.673749923706055,6.632524967193604,542444000,0.0305755247766073,5.9698000192642215,6.385244998931885,54.74995496846017,0.07977246941800775,-0.01464115604646406,0.09441362546447181,7.138570485163497,5.9698000192642215,4.8010295533649465,39.15610111319361
2020-04-09,6.800000190734863,6.822999954223633,6.510499954223633,6.573750019073486,6.533142566680908,525564000,-0.014984097459756374,6.02810001373291,6.393949995040893,53.52033873460636,0.09245650284881002,0.006778375732590755,0.08567812711621926,7.195233232059011,6.02810001373291,4.860966795406809,38.723087396267395
2020-04-13,6.513750076293945,6.755000114440918,6.425000190734863,6.746250152587891,6.704577922821045,398408000,0.026240871738274718,6.064362525939941,6.4059700012207035,55.381875697749365,0.1151011949299452,0.02844293957206164,0.08665825535788355,7.272699363184612,6.064362525939941,4.85602568869527,39.8504156727466
2020-04-14,6.875,7.132999897003174,6.847249984741211,7.098750114440918,7.054898738861084,530948000,0.052250987321307285,6.173800039291382,6.4297300052642825,58.99589424358426,0.1596507233472586,0.05468449632710104,0.10496622702015757,7.3398414334372575,6.173800039291382,5.007758645145506,37.77386331675595
2020-04-15,6.929999828338623,7.104249954223633,6.884500026702881,7.020999908447266,6.97763204574585,366148000,-0.010952204415014433,6.253262543678284,6.449984998703003,57.88223703490713,0.18653252293002254,0.08105410164768534,0.1054784212823372,7.422799713984509,6.253262543678284,5.083725373372059,37.40566343207723
2020-04-16,7.177000045776367,7.474999904632568,7.163750171661377,7.367499828338623,7.321990013122559,745620000,0.0493516948327275,6.368112540245056,6.473769998550415,61.38101862184381,0.23310905441292196,0.11146509220073267,0.12164396221218929,7.501062034050412,6.368112540245056,5.235163046439699,35.58195577246374
2020-04-17,7.449999809265137,7.471499919891357,7.173500061035156,7.308000087738037,7.262857437133789,539120000,-0.00807602521756945,6.467300033569336,6.49454999923706,60.45234880004527,0.2621977074138604,0.14161161524335822,0.12058609217050217,7.564099893329515,6.467300033569336,5.370500173809156,33.91832307352687
2020-04-20,7.181000232696533,7.337500095367432,7.131750106811523,7.176249980926514,7.131920337677002,449388000,-0.018028317448078646,6.5689250230789185,6.510950002670288,58.34726994504183,0.27148997452178136,0.16758728709904286,0.1039026874227385,7.523820067927713,6.5689250230789185,5.614029978230124,29.07309922076797
2020-04-21,7.057750225067139,7.1192498207092285,6.677750110626221,6.737750053405762,6.69612979888916,735160000,-0.06110423534677156,6.6399500370025635,6.519910001754761,51.872880919194124,0.24069628673263566,0.1822090870257614,0.05848719970687424,7.40415454436564,6.6399500370025635,5.875745529639487,23.0183812560149
2020-04-22,6.930749893188477,7.196750164031982,6.885000228881836,7.153749942779541,7.109561443328857,483356000,0.06174188028856342,6.686162543296814,6.531499996185302,56.77335557217057,0.2470123767996455,0.19516974498053824,0.051842631819107254,7.45724641559606,6.686162543296814,5.915078670997568,23.065065119372345
2020-04-23,7.196000099182129,7.328499794006348,7.074999809265137,7.100249767303467,7.056390762329102,424160000,-0.007478756801468811,6.734150028228759,6.539559993743897,55.98384548508954,0.24487810428653667,0.20511141684173795,0.03976668744479872,7.482550510492349,6.734150028228759,5.98574954596517,22.22702135017435
2020-04-24,7.090000152587891,7.2417497634887695,7.014999866485596,7.239749908447266,7.195028781890869,352328000,0.019647157340250132,6.774587512016296,6.548084993362426,57.638064606925624,0.2515435361776346,0.2143978407089173,0.037145695468717294,7.540295556600689,6.774587512016296,6.008879467431904,22.605303812999157
2020-04-27,7.374750137329102,7.587500095367432,7.349999904632568,7.427000045776367,7.381122589111328,479388000,0.02586421998600441,6.830025005340576,6.561234998703003,59.82086347355668,0.26883648053819353,0.22528556867477256,0.04355091186342097,7.615833644559168,6.830025005340576,6.044216366121984,23.010417636952944
2020-04-28,7.574999809265137,7.605000019073486,7.278500080108643,7.283999919891357,7.2390055656433105,442904000,-0.01925412046098096,6.862237501144409,6.562019996643066,57.388858435311086,0.2679140026242921,0.2338112554646765,0.034102747159615615,7.666800964952002,6.862237501144409,6.057674037336816,23.44901247365504
2020-04-29,7.419250011444092,7.514500141143799,7.34375,7.46150016784668,7.415409564971924,379160000,0.024368540364968938,6.905812501907349,6.562965002059936,59.58519795651918,0.2782976764303573,0.24270853965781267,0.03558913677254463,7.740514699387935,6.905812501907349,6.071110304426762,24.173902701529943
2020-04-30,7.407249927520752,7.46150016784668,7.293000221252441,7.307000160217285,7.261864185333252,375916000,-0.020706257462025035,6.967325019836426,6.551755008697509,56.83896911300832,0.2709367629754391,0.248354184321338,0.022582578654101126,7.726478439291766,6.967325019836426,6.208171600381085,21.791818733702854
2020-05-01,7.108749866485596,7.222499847412109,7.020999908447266,7.069499969482422,7.0258307456970215,342096000,-0.0325031470724757,7.001462507247925,6.538795003890991,52.809649104536206,0.2431361829395966,0.2473105840449897,-0.004174401105393105,7.713029065484413,7.001462507247925,6.289895949011436,20.326226341992797
2020-05-04,7.021999835968018,7.296000003814697,7.021999835968018,7.282249927520752,7.237267971038818,317556000,0.030094266855388074,7.060687494277954,6.537405004501343,55.83029795275542,0.23555582562751276,0.24495963236149434,-0.009403806733981585,7.64782094924365,7.060687494277954,6.473554039312258,16.63105626588103
2020-05-05,7.386750221252441,7.506750106811523,7.282249927520752,7.343500137329102,7.298138618469238,368896000,0.00841072179087532,7.09236249923706,6.547635011672973,56.68982540111242,0.23181845899304054,0.2423313976878036,-0.010512938694763052,7.668654725472769,7.09236249923706,6.516070273001351,16.251065178851242
2020-05-06,7.423250198364258,7.550000190734863,7.385250091552734,7.44474983215332,7.3987627029418945,323464000,0.013787636784262869,7.140812492370605,6.56550500869751,58.13995170747458,0.23432541567288645,0.24073020128482017,-0.006404785611933722,7.661884739560026,7.140812492370605,6.619740245181184,14.594200526792875
2020-05-07,7.584499835968018,7.685249805450439,7.532999992370605,7.621749877929687,7.574668884277344,373732000,0.02377508083419211,7.188212490081787,6.584115009307862,60.622127222039346,0.2477388421857203,0.2421319294650002,0.005606912720720086,7.703149294762838,7.188212490081787,6.673275685400736,14.32725605681677
2020-05-08,7.693749904632568,7.818749904632568,7.659749984741211,7.8125,7.764240741729736,339216000,0.025027081757446057,7.250149989128113,6.614065008163452,63.15758827094927,0.2706412363175019,0.24783379083550056,0.022807445482001365,7.7523940045380835,7.250149989128113,6.747905973718143,13.854720693036837
2020-05-11,7.807499885559082,8.112500190734863,7.778749942779541,8.065500259399414,8.015679359436035,469060000,0.03238418617739591,7.316112494468689,6.640340013504028,66.26059643236961,0.30568283376523375,0.2594035994214472,0.04627923434378656,7.879158714742971,7.316112494468689,6.753066274194406,15.391950867348491
2020-05-12,8.123499870300293,8.172499656677246,7.792749881744385,7.802499771118164,7.754302501678467,493060000,-0.03260819776303503,7.351299977302551,6.658175010681152,60.55134785018636,0.3086734157914153,0.2692575626954408,0.03941585309597445,7.942851873672983,7.351299977302551,6.759748080932119,16.093803767955965
2020-05-13,7.917500019073486,8.078499794006348,7.594749927520752,7.78000020980835,7.7319416999816895,625852000,-0.002883663835907546,7.389249992370606,6.680830011367798,60.07446064416396,0.3057039818237781,0.2765468465211083,0.029157135302669834,7.988507851975082,7.389249992370606,6.7899921327661295,16.21972081667854
2020-05-14,7.841750144958496,8.03600025177002,7.6875,8.030500411987305,7.980895042419434,602312000,0.03219803667665189,7.42240002155304,6.699185018539429,63.51933449220591,0.3198766182699764,0.2852128008708819,0.034663817399094465,8.083353946394393,7.42240002155304,6.761446096711686,17.809709067743224
2020-05-15,7.889750003814697,8.500499725341797,7.874000072479248,8.490750312805176,8.438302040100098,987660000,0.05731274440391587,7.481537532806397,6.73235502243042,68.83920819261928,0.3640503099295911,0.30098030268262377,0.06307000724696732,8.286849962740618,7.481537532806397,6.676225102872176,21.52799277963765
2020-05-18,8.760499954223633,8.916500091552734,8.680500030517578,8.750249862670898,8.696198463439941,774460000,0.030562596848783263,7.560237526893616,6.7743400192260745,71.37391705495199,0.4152114249236538,0.3238265271308298,0.091384897792824,8.52306640621368,7.560237526893616,6.597408647573552,25.470863207539335
2020-05-19,8.790249824523926,9.087499618530272,8.762749671936035,8.805500030517578,8.751106262207031,717320000,0.006314000191914859,7.663625025749207,6.827730016708374,71.8980455842277,0.4549705862438236,0.3500553389534286,0.10491524729039498,8.692761636191063,7.663625025749207,6.634488415307351,26.857697420842854
2020-05-20,8.991000175476074,9.04300022125244,8.888750076293945,8.970000267028809,8.914591789245605,587536000,0.01868169830648858,7.75443754196167,6.876590023040771,73.45635618070357,0.4940586023132987,0.3788559916254026,0.11520261068789606,8.9013740025851,7.75443754196167,6.607501081338238,29.581422364085125
2020-05-21,9.05150032043457,9.052499771118164,8.737500190734863,8.775250434875488,8.721046447753906,761068000,-0.021711071697661843,7.838187575340271,6.928860034942627,68.60598732770258,0.5035172197194511,0.4037882372442123,0.09972898247523876,9.025717126934296,7.838187575340271,6.650658023746246,30.301126125894534
2020-05-22,8.825249671936035,9.093000411987305,8.713250160217285,9.026249885559082,8.970492362976074,1038764000,0.028602750451628633,7.927512574195862,7.001230030059815,71.24164936900412,0.5252124776310048,0.42807308532157085,0.09713939230943391,9.188061461224098,7.927512574195862,6.666963687167625,31.801876697902358
2020-05-26,9.156749725341797,9.181750297546388,8.67199993133545,8.71774959564209,8.663898468017578,770780000,-0.03417804536837932,7.992050051689148,7.055165023803711,64.11670353299328,0.511615149703589,0.44478149819797447,0.06683365150561454,9.275450030018277,7.992050051689148,6.708650073360018,32.116915435430194
2020-05-27,8.625,8.632749557495117,7.996749877929687,8.525250434875488,8.472585678100586,1175892000,-0.02208160571401152,8.054112577438355,7.127470035552978,60.079053869126646,0.47977554206735284,0.4517803069718501,0.027995235095502724,9.314391121199204,8.054112577438355,6.793834033677506,31.295280060803083
2020-05-28,8.412249565124512,8.760499954223633,8.379249572753906,8.487000465393066,8.434574127197266,734896000,-0.004486416820967731,8.105387592315674,7.188575048446655,59.280224136666966,0.44631117336723314,0.4506864802509267,-0.004375306883693586,9.348378336596765,8.105387592315674,6.862396848034583,30.670729317361957
2020-05-29,8.554499626159668,8.875499725341797,8.484999656677246,8.875499725341797,8.820674896240234,745256000,0.0457759648822087,8.183812570571899,7.264675045013428,64.45044495139946,0.4459978776195488,0.44974875972465117,-0.003750882105102382,9.413265344228043,8.183812570571899,6.954359796915756,30.045966059318662
2020-06-01,8.833250045776367,8.840749740600586,8.689499855041504,8.806249618530273,8.751852035522461,389876000,-0.007802448398490314,8.270650053024292,7.334315032958984,62.91693635379243,0.4351455960474304,0.44682812698920704,-0.011682530941776625,9.41543745265838,8.270650053024292,7.125862653390205,27.6831299183183
2020-06-02,8.796250343322754,8.837249755859375,8.657999992370605,8.825249671936035,8.770733833312988,391320000,0.0021574630962553076,8.347800040245057,7.407945022583008,63.17582462943465,0.4231998458446906,0.4421024707603038,-0.018902624915613175,9.421512708554717,8.347800040245057,7.274087371935396,25.7244462764621
2020-06-03,8.822250366210938,8.866250038146973,8.699999809265137,8.769499778747559,8.715330123901367,365440000,-0.006316884135873169,8.419100022315979,7.476990022659302,61.81223059136272,0.4045705646526425,0.4345960895387716,-0.030025524886129085,9.402139502299676,8.419100022315979,7.436060542332282,23.352602472426177
2020-06-04,8.727999687194824,8.943249702453613,8.677499771118164,8.766500473022461,8.716324806213379,424280000,0.00011413019333406105,8.485187554359436,7.52773003578186,61.735028829840296,0.3851252223542758,0.42470191610187247,-0.03957669374759665,9.370152032548505,8.485187554359436,7.6002230761703675,20.859043421719075
2020-06-05,8.794500350952148,8.996999740600586,8.708000183105469,8.920000076293945,8.868946075439453,481748000,0.017509818945397715,8.550100064277649,7.583320035934448,64.19944344756695,0.37774635873642204,0.41531080462878245,-0.03756444589236041,9.359430067126583,8.550100064277649,7.740770061428715,18.931474409997094
2020-06-08,8.877249717712402,8.889749526977539,8.685750007629395,8.805000305175781,8.754605293273926,387736000,-0.012892262642363872,8.599725079536437,7.6308000373840335,61.02828492207894,0.35848662505789264,0.40394596871460453,-0.04545934365671189,9.340905584239053,8.599725079536437,7.858544574833822,17.237306956853754
2020-06-09,8.800000190734863,9.109749794006348,8.751250267028809,9.04599952697754,8.994224548339844,468488000,0.02737065202128708,8.648750042915344,7.685355024337769,64.93704125616006,0.35853678160667357,0.3948641312930184,-0.03632734968634482,9.371583147588684,8.648750042915344,7.925916938242004,16.715319579976793
2020-06-10,9.167750358581545,9.5,9.153499603271484,9.36674976348877,9.313135147094728,632180000,0.035457264496887575,8.726962542533874,7.73989501953125,69.34401428614484,0.380077102252832,0.3919067254849812,-0.0118296232321492,9.403642475789422,8.726962542533874,8.050282609278327,15.507799648675322
2020-06-11,9.149999618530272,9.261249542236328,8.78600025177002,8.796250343322754,8.745901107788086,583652000,-0.060906883702164794,8.777775049209595,7.784020023345947,55.88882737590806,0.3471121336033569,0.38294780710865634,-0.035835673505299426,9.296601336785209,8.777775049209595,8.258948761633981,11.821362125754911
2020-06-12,9.162500381469728,9.187250137329102,8.70324993133545,8.932499885559082,8.881375312805176,570908000,0.015490022508538592,8.822875022888184,7.841135025024414,57.9855637268782,0.32819809448540305,0.37199786458400574,-0.0437997700986027,9.21549285804827,8.822875022888184,8.430257187728097,8.89999765703498
2020-06-15,8.815250396728516,9.182250022888184,8.743749618530273,9.173749923706056,9.12124252319336,400004000,0.027007890325537964,8.857025003433227,7.896875019073486,61.47720805930931,0.3288842709319457,0.36337514585359376,-0.03449087492164804,9.246954682216638,8.857025003433227,8.467095324649817,8.80498087410305
2020-06-16,9.225000381469728,9.26675033569336,8.838749885559082,9.068499565124512,9.016593933105469,535716000,-0.011473062997918504,8.872937488555909,7.956290006637573,59.1669959565815,0.31727786466068686,0.3541556896150124,-0.036877824954325567,9.270047596179168,8.872937488555909,8.47582738093265,8.951040354683935
2020-06-17,9.113750457763672,9.298999786376951,9.070249557495115,9.236000061035156,9.183138847351074,408304000,0.018470934310806264,8.894462490081787,8.006810007095337,61.63769372682653,0.3179306871742469,0.3469106891268593,-0.02898000195261241,9.320251709028813,8.894462490081787,8.468673271134762,9.574254080487117
2020-06-18,9.22700023651123,9.282500267028809,9.114500045776367,9.218000411987305,9.165239334106444,254408000,-0.0019491715787128827,8.906862497329712,8.061655015945435,61.20908912282865,0.3133831466306347,0.3402051806276144,-0.02682203399697969,9.35460749672724,8.906862497329712,8.459117497932183,10.05393312250555
2020-06-19,9.24250030517578,9.44499969482422,9.227250099182127,9.261249542236328,9.20824146270752,524160000,0.0046918718686432825,8.931162452697754,8.11340500831604,61.89472506329506,0.30969901389831733,0.334103947281755,-0.024404933383437688,9.399955927145486,8.931162452697754,8.462368978250021,10.497927384718624
2020-06-22,9.300000190734863,9.53125,9.273249626159668,9.52674961090088,9.47222137451172,398468000,0.02866778775006007,8.956187438964843,8.172465000152588,65.88153082475137,0.3244627442847179,0.3321757066823476,-0.007712962397629697,9.491349854087364,8.956187438964843,8.421025023842322,11.950674743457023
2020-06-23,9.550999641418455,9.642499923706056,9.407500267028809,9.449999809265137,9.395914077758787,375108000,-0.00805590301745529,8.992799949645995,8.226539993286133,63.803361892690695,0.3262096970862025,0.3309825047631186,-0.004772807676916069,9.557101745844536,8.992799949645995,8.428498153447455,12.550080049779252
2020-06-24,9.47624969482422,9.556500434875488,9.14449977874756,9.23550033569336,9.18264102935791,449372000,-0.022698488580873533,9.02831244468689,8.269274997711182,58.27108483119315,0.3067498337587189,0.32613597056223864,-0.01938613680351975,9.558833088679057,9.02831244468689,8.497791800694722,11.752376698136441
2020-06-25,9.35575008392334,9.505000114440918,9.182250022888184,9.489999771118164,9.435681343078612,376072000,0.027556376527374082,9.078462409973145,8.3186549949646,62.433163283151956,0.3083097267553061,0.32257072180085217,-0.014260995045546065,9.583852737661624,9.078462409973145,8.573072082284666,11.133830925670468
2020-06-26,9.5,9.5,9.125,9.154999732971191,9.102601051330566,592084000,-0.03530007846146377,9.092437410354615,8.354404993057251,54.699281865150624,0.2792947142166291,0.31391552028400754,-0.03462080606737844,9.590002484360227,9.092437410354615,8.594872336349002,10.944591676572378
2020-06-29,9.169750213623049,9.204500198364258,8.899999618530273,9.199999809265137,9.147343635559082,342248000,0.004915362540465873,9.112124919891357,8.392244987487793,55.49677459749529,0.25696905846514007,0.3025262279202341,-0.045557169455094026,9.593740798198118,9.112124919891357,8.630509041584597,10.570879625572617
2020-06-30,9.314000129699709,9.526249885559082,9.26650047302246,9.497750282287598,9.443388938903809,367892000,0.03236407367422922,9.145749950408936,8.438674993515015,60.45713947230109,0.26030120000106294,0.2940812223363999,-0.033780022335336946,9.63637525140219,9.145749950408936,8.655124649415681,10.729033784076229
2020-07-01,9.520750045776367,9.575750350952148,9.413000106811523,9.529999732971191,9.475454330444336,326648000,0.003395538587680935,9.183774948120117,8.494519987106322,60.96463812109142,0.26251806251250365,0.28776859037162067,-0.025250527859117022,9.669723839379031,9.183774948120117,8.697826056861203,10.582770026575751
2020-07-02,9.638999938964844,9.737500190734863,9.57824993133545,9.612250328063965,9.557232856750488,364056000,0.008630565190251627,9.226062440872193,8.543689994812011,62.29380918748976,0.2678245628065028,0.2837797848585971,-0.01595522205209432,9.706570535988957,9.226062440872193,8.745554345755428,10.416320032434973
2020-07-06,9.74174976348877,9.9087495803833,9.712499618530272,9.83924961090088,9.782936096191406,315892000,0.023615961107560368,9.27202491760254,8.59846999168396,65.75908748585263,0.2870381504106536,0.2844314579690084,0.0026066924416451864,9.800137310279805,9.27202491760254,8.743912524925275,11.391522291418058
2020-07-07,9.946249961853027,10.06999969482422,9.850749969482422,9.871749877929688,9.815248489379885,357800000,0.003302934095732013,9.325362396240234,8.651109991073609,66.23750505220147,0.30141305487306447,0.2878277773498196,0.013585277523244843,9.869269337430552,9.325362396240234,8.781455455049915,11.665111082645083
2020-07-08,9.993749618530272,10.225000381469728,9.965499877929688,10.215999603271484,10.157527923583984,365480000,0.03487221282012842,9.383862400054932,8.70688998222351,70.87882989332797,0.33670205435238465,0.2976026327503326,0.03909942160205204,10.035923718685995,9.383862400054932,8.73180108142387,13.897503838659134
2020-07-09,10.380249977111816,10.56999969482422,10.23349952697754,10.508999824523926,10.448850631713867,494548000,0.028680473272781448,9.440974903106689,8.771389980316162,74.13761041531419,0.3838863074420473,0.31485936768867556,0.06902693975337176,10.25661262143366,9.440974903106689,8.625337184779717,17.278675702412354
2020-07-10,10.588749885559082,10.65524959564209,10.37874984741211,10.479249954223633,10.419271469116213,497676000,-0.0028308532335487024,9.525124883651733,8.831744976043701,73.2414106971586,0.41410604533800566,0.3347087032185416,0.07939734211946403,10.402284547231499,9.525124883651733,8.647965220071967,18.417809200281717
2020-07-13,10.595000267028809,10.79224967956543,10.024999618530272,10.052249908447266,9.994714736938477,457076000,-0.04074725698780046,9.581112384796143,8.886649971008302,61.71074151417998,0.3990006392362897,0.3475670904220912,0.05143354881419848,10.442623821141629,9.581112384796143,8.719600948450656,17.983536811708454
2020-07-14,10.074999809265137,10.402750015258787,9.785499572753906,10.376999855041504,10.317604064941406,542676000,0.032306007375037415,9.641274881362914,8.952799968719482,66.08402801583156,0.40852488216996896,0.35975864877166674,0.04876623339830222,10.547488095291687,9.641274881362914,8.735061667434142,18.798617923041068
2020-07-15,10.414250373840332,10.43299961090088,10.055749893188477,10.227250099182127,10.168713569641112,403984000,-0.014430723873793072,9.699212408065796,9.01169997215271,62.53696045231546,0.3993854921814215,0.36768401745361773,0.03170147472780377,10.599686971670224,9.699212408065796,8.798737844461368,18.567993476575477
2020-07-16,10.015000343322754,10.20674991607666,9.895500183105469,10.134750366210938,10.076745986938477,344964000,-0.009044170835650789,9.744149923324585,9.067524976730347,60.38104071848827,0.3802947037518756,0.3702061547132693,0.010088549038606287,10.637347799215908,9.744149923324585,8.850952047433262,18.333007659360288
2020-07-17,10.225500106811523,10.248499870300291,10.087750434875488,10.201499938964844,10.143110275268556,266284000,0.006585884810047071,9.793324899673461,9.122659978866578,61.41477646403933,0.36632844279454524,0.36943061232952445,-0.0031021695349792155,10.673436755068137,9.793324899673461,8.913213044278786,17.973708917265085
2020-07-20,10.274250030517578,10.53125,10.156749725341797,10.510749816894531,10.450592041015623,284852000,0.030314347118633345,9.855799913406372,9.180439977645873,65.8592946739287,0.37588103837171793,0.37072069753796316,0.005160340833754773,10.753186805339897,9.855799913406372,8.958413021472847,18.21033096893237
2020-07-21,10.512999534606934,10.5600004196167,10.286749839782717,10.328499794006348,10.26938533782959,277036000,-0.017339372015944043,9.895887422561646,9.230759973526,61.3726537831316,0.36454325771464013,0.36948520957329856,-0.004941951858658422,10.802479621602137,9.895887422561646,8.989295223521156,18.322605347622485
2020-07-22,10.36750030517578,10.602499961853027,10.291500091552734,10.438750267028809,10.379002571105955,367292000,0.010674176659100088,9.94532494544983,9.278224973678588,63.0141409740907,0.3603009515410651,0.3676483579668519,-0.0073474064257867955,10.857086976643354,9.94532494544983,9.033562914256306,18.33549001555091
2020-07-23,10.449999809265137,10.54699993133545,10.03125,10.12975025177002,10.071771621704102,411660000,-0.029601201781869868,9.990037441253662,9.324769983291626,55.85052043280025,0.3282216397714244,0.3597630143277664,-0.03154137455634204,10.844054721992865,9.990037441253662,9.136020160514459,17.097378979032765
2020-07-24,9.875,10.364749908447266,9.777000427246094,10.194499969482422,10.136151313781738,473292000,0.0063920921259674746,10.025262451171875,9.373059978485108,56.9548106810282,0.30451307794866267,0.3487130270519457,-0.04419994910328301,10.851540710165335,10.025262451171875,9.198984192178415,16.48392275050863
2020-07-27,10.232250213623049,10.441749572753906,10.21774959564209,10.421500205993652,10.36185073852539,292132000,0.022266777375035574,10.088587474822997,9.420879974365235,60.669013394082334,0.30057604036820607,0.3390856297151978,-0.038509589346991724,10.827928369630552,10.088587474822997,9.349246580015443,14.656975451769599
2020-07-28,10.374250411987305,10.381999969482422,10.209250450134276,10.215499877929688,10.157029151916504,271636000,-0.01976689220655914,10.139362478256226,9.455374965667724,55.95084019926724,0.27763302418048674,0.32679510860825556,-0.049162084427768815,10.757113478721957,10.139362478256226,9.521611477790495,12.185203986749508
2020-07-29,10.39074993133545,10.516249656677246,10.347000122070312,10.465499877929688,10.405599594116213,284508000,0.024472750691358014,10.18774995803833,9.4896799659729,60.014915487578044,0.27643683743306724,0.3167234543732179,-0.04028661694015068,10.745594725395499,10.18774995803833,9.62990519068116,10.951285016904423
2020-07-30,10.375,10.623000144958496,10.295249938964844,10.61400032043457,10.553252220153809,308880000,0.014189727819345022,10.241949987411498,9.52584997177124,62.24330211268516,0.28419556587997263,0.3102178766745689,-0.02602231079459627,10.741200439894996,10.241949987411498,9.742699534928,9.749128888485735
2020-07-31,10.563249588012695,10.76650047302246,10.43299961090088,10.614749908447266,10.553997993469238,386080000,7.066762926455361e-05,10.292074966430665,9.55874496459961,62.254737070010655,0.2870954420159695,0.305593389742849,-0.018497947726879516,10.725309988383723,10.292074966430665,9.858839944477607,8.418808128897755
2020-08-03,10.732500076293944,11.098750114440918,10.715250015258787,11.010250091552734,10.94723129272461,412720000,0.037259178891136946,10.350624990463256,9.603444957733155,67.79654806151407,0.3176455539712073,0.30800382258852066,0.009641731382686647,10.83655204726961,10.350624990463256,9.864697933656903,9.389327837769637
2020-08-04,11.050000190734863,11.227749824523926,10.906000137329102,11.227749824523926,11.163488388061523,310336000,0.019754501348723252,10.418424987792969,9.64747495651245,70.37273590231248,0.3553113405666455,0.31746532618414564,0.03784601438249985,10.989164040433694,10.418424987792969,9.847685935152244,10.956340393283
2020-08-05,11.244000434875488,11.371749877929688,11.166250228881836,11.286749839782717,11.222150802612305,249924000,0.005254846201436125,10.471962499618531,9.698854961395263,71.04930502275477,0.38547899406728625,0.33106805976077375,0.054410934306512504,11.147891791760996,10.471962499618531,9.796033207476066,12.909314603964395
2020-08-06,11.349749565124512,11.357999801635742,11.178750038146973,11.33549976348877,11.270617485046388,244316000,0.004318840771842192,10.513287496566772,9.75505994796753,71.62587184645815,0.40861057982277593,0.3465765637731742,0.06203401604960174,11.287183067697914,10.513287496566772,9.73939192543563,14.722237385477492
2020-08-07,11.3125,11.50475025177002,11.037500381469728,11.19950008392334,11.135398864746094,342516000,-0.011997445612868973,10.549300003051759,9.809309940338135,67.58223773816141,0.4112281089841332,0.35950687281536603,0.05172123616876717,11.37856026658465,10.549300003051759,9.720039739518867,15.721616852170254
2020-08-10,11.334250450134276,11.408249855041504,10.856499671936035,11.164999961853027,11.101096153259276,427796000,-0.0030805103529266686,10.604937505722045,9.855099945068359,66.55574726338983,0.4058403729883153,0.3687735728499559,0.037066800138359446,11.442610464820884,10.604937505722045,9.767264546623206,15.79779152205019
2020-08-11,11.073749542236328,11.13675022125244,10.79574966430664,10.850000381469728,10.7878999710083,354512000,-0.028213086160777112,10.628587532043458,9.895974960327148,57.90744627898751,0.3718660791377868,0.36939207410752206,0.0024740050302647365,11.465891980568474,10.628587532043458,9.791283083518442,15.755704998442729
2020-08-12,10.990750312805176,11.467000007629396,10.958250045776367,11.440250396728516,11.374770164489746,464412000,0.054400781899963446,10.689237546920776,9.948274974822999,66.65181000768493,0.388095723872258,0.3731328040604692,0.014962919811788766,11.57575320751562,10.689237546920776,9.802721886325932,16.587070063761853
2020-08-13,11.54599952697754,11.721750259399414,11.35575008392334,11.442999839782717,11.377503395080566,374460000,0.00024028886309745978,10.754650020599366,10.001744976043701,66.68652653385931,0.39660784299478813,0.377827811847333,0.018780031147455134,11.660704743970252,10.754650020599366,9.84859529722848,16.849543623185067
2020-08-14,11.529999732971191,11.704750061035156,11.440500259399414,11.564000129699709,11.497815132141112,366436000,0.010574528776899017,10.822775030136109,10.057694969177247,68.2528969146698,0.4084095794745384,0.3839441653727741,0.024465414101764282,11.756683811175703,10.822775030136109,9.888866249096514,17.25821295257672
2020-08-17,11.85124969482422,12.409749984741213,11.81725025177002,12.336999893188477,12.266387939453123,621300000,0.06684511783143354,10.914087533950806,10.126034965515137,76.01246839962185,0.47466551278427715,0.40208843485507473,0.07257707792920243,12.044546360414083,10.914087533950806,9.783628707487528,20.715590248781172
2020-08-18,12.449999809265137,12.496000289916992,12.08625030517578,12.260749816894531,12.190574645996094,503448000,-0.006180571968801507,11.010700035095216,10.195149955749512,74.08879313127082,0.5150835112823149,0.4246874501405228,0.0903960611417921,12.249537602109232,11.010700035095216,9.7718624680812,22.502430600513648
2020-08-19,12.296500205993652,12.3149995803833,12.097999572753906,12.138500213623049,12.069022178649902,622624000,-0.00997102030675101,11.095687532424927,10.256999969482422,70.98696730550225,0.5311280316533402,0.44597556644308634,0.08515246521025388,12.397527906562622,11.095687532424927,9.793847158287232,23.46569999079962
2020-08-20,11.975000381469728,12.375,11.87874984741211,12.140999794006348,12.071510314941406,921388000,0.00020615889627784156,11.196250009536744,10.312484970092774,71.01368888767979,0.5378451804457924,0.4643494892436276,0.07349569120216481,12.494812942680229,11.196250009536744,9.89768707639326,23.19639043496518
2020-08-21,12.201749801635742,12.80875015258789,12.195249557495115,12.683500289916992,12.6109037399292,999868000,0.04468317641415287,11.320700025558471,10.390229969024658,76.14828578397922,0.5802550068892085,0.4875305927727438,0.0927244141164647,12.686714855687132,11.320700025558471,9.95468519542981,24.13304525417407
2020-08-24,12.883749961853027,12.912500381469728,12.50749969482422,12.720250129699709,12.647442817687988,490564000,0.0028974194484647775,11.435637521743775,10.46598497390747,76.45258209683585,0.6098010973686936,0.5119846936919338,0.09781640367675981,12.86503950848974,11.435637521743775,10.00623553499781,24.99907825913673
2020-08-25,12.630749702453612,12.761249542236328,12.573749542236328,12.75,12.677024841308594,289076000,0.0023389727114824233,11.56236252784729,10.53750997543335,76.7116007500382,0.6283736525276424,0.5352624854590755,0.09311116706856692,12.985990183487871,11.56236252784729,10.138734872206708,24.62520358122063
2020-08-26,12.799249649047852,12.868499755859377,12.677749633789062,12.77299976348877,12.69989013671875,321244000,0.0018036799403948756,11.677737522125245,10.611599979400635,76.92294532544103,0.6375985853945547,0.5557297054461714,0.08186887994838332,13.10110575044623,11.677737522125245,10.25436929380426,24.37746567987503
2020-08-27,12.781499862670898,12.850000381469728,12.566499710083008,12.628250122070312,12.555973052978516,317604000,-0.011332151868316709,11.778450012207031,10.679444980621337,72.46573644346508,0.6260130362125196,0.5697863715994411,0.05622666461307846,13.171214372907883,11.778450012207031,10.38568565150618,23.649365735855042
2020-08-28,12.675000190734863,13.14799976348877,12.642499923706056,13.147749900817873,13.07249927520752,537160000,0.041137888720338855,11.905100011825562,10.758039970397949,77.50384889494214,0.6512435650872259,0.5860778102969981,0.06516575479022779,13.312149593580516,11.905100011825562,10.498050430070608,23.63776163757222
2020-08-31,13.18274974822998,13.574999809265137,13.037750244140623,13.374500274658203,13.297951698303224,500840000,0.017246313681063663,12.023312520980834,10.840304985046387,79.28547549621868,0.6816778432858737,0.6051978168947733,0.07648002639110041,13.505057400085775,12.023312520980834,10.541567641875893,24.647864330554114
2020-09-01,13.479999542236328,13.993749618530272,13.43649959564209,13.821000099182127,13.746005058288574,511316000,0.033693411598308076,12.152975034713744,10.926189994812011,82.26412293550284,0.7333721743917252,0.6308326883941637,0.10253948599756146,13.78026435805138,12.152975034713744,10.52568571137611,26.780098184838653
2020-09-02,14.703749656677246,14.726750373840332,13.899999618530272,14.346500396728516,14.268653869628906,874012000,0.03802186956312692,12.305962562561035,11.02412000656128,84.99826981110098,0.8074361649553747,0.666153383706406,0.14128278124896876,14.140817132339006,12.305962562561035,10.471107992783065,29.820577796331488
2020-09-03,13.828749656677246,13.884499549865724,12.87874984741211,13.01550006866455,12.94487476348877,945128000,-0.0927753324339744,12.389962577819825,11.099720001220703,59.837150612219254,0.7500852919052061,0.682939765346166,0.06714552655904016,14.192959074660036,12.389962577819825,10.586966080979613,29.10414757939443
2020-09-04,12.7837495803833,13.175000190734863,11.704750061035156,12.6225004196167,12.554009437561035,1463684000,-0.030194600802950666,12.461112594604492,11.162370014190675,54.68935435971172,0.6652538918204289,0.6794025906410186,-0.014148698820589667,14.180973533100074,12.461112594604492,10.74125165610891,27.603649761422762
2020-09-08,11.73449993133545,12.550000190734863,11.70425033569336,11.913000106811523,11.84835720062256,795728000,-0.05620931228768988,12.498512601852417,11.21753002166748,46.8527079202496,0.5346109876918241,0.6504442700511798,-0.11583328235935564,14.13449257547485,12.498512601852417,10.862532628229983,26.178794641211354
2020-09-09,12.399999618530272,12.809249877929688,12.231749534606934,12.71500015258789,12.64600658416748,736200000,0.06732151723979163,12.591762590408326,11.287830028533936,54.746506707342014,0.4901402147448284,0.6183834589899095,-0.12824324424508116,14.043486770962408,12.591762590408326,11.140038409854244,23.05831562707387
2020-09-10,12.989250183105469,13.065250396728516,12.166999816894531,12.311750411987305,12.244945526123049,698684000,-0.03171444324143813,12.635337591171265,11.34411003112793,50.67128522224199,0.4175447271202728,0.5782157126159821,-0.16067098549570935,13.995629203735874,12.635337591171265,11.275045978606656,21.53154362120234
2020-09-11,12.48550033569336,12.65250015258789,11.895750045776367,12.16450023651123,12.098495483398438,636928000,-0.011960040362137825,12.67141261100769,11.39680004119873,49.23018985229597,0.34416312336368016,0.5314051947655217,-0.18724207140184157,13.938374071834428,12.67141261100769,11.404451150180954,19.99716211160426
2020-09-14,13.081000328063965,13.3149995803833,12.631250381469728,12.872249603271484,12.80240249633789,1201744000,0.05818136758453596,12.736825084686279,11.462000026702881,55.74499654466336,0.3392069659356718,0.4929655489995518,-0.15375858306388002,13.89909475869063,12.736825084686279,11.574555410681928,18.25053993089329
2020-09-15,13.279999732971191,13.298749923706056,12.827750205993652,12.991000175476074,12.920509338378906,727556000,0.009225365479237135,12.76952509880066,11.525035037994385,56.74786607912122,0.34093131028120993,0.4625587012558835,-0.12162739097467357,13.921715443328077,12.76952509880066,11.617334754273243,18.04593883660769
2020-09-16,12.957249641418455,13.09274959564209,12.513750076293944,12.51449966430664,12.4465913772583,556384000,-0.03667951074598008,12.782212591171264,11.577890033721923,51.68645990799463,0.30038559843264423,0.43012408069123564,-0.12973848225859141,13.917173311691421,12.782212591171264,11.647251870651107,17.758439118812337
2020-09-17,12.13224983215332,12.589750289916992,12.034749984741213,12.463500022888184,12.395872116088867,792512000,-0.0040749518990480516,12.79846258163452,11.622840042114257,51.16050931452524,0.26112746990899005,0.39632475853478655,-0.1351972886257965,13.905043804861254,12.79846258163452,11.691881358407787,17.292408618120277
2020-09-18,12.59375,12.63249969482422,11.988750457763672,12.189249992370604,12.12310791015625,698460000,-0.022004438524223735,12.800875091552735,11.656445045471191,48.3134255891744,0.20551636997128853,0.358163080822087,-0.15264671085079845,13.901908812717494,12.800875091552735,11.699841370387976,17.202475819662183
2020-09-21,11.925000190734863,12.522500038146973,11.904500007629396,12.517250061035156,12.449328422546388,721044000,0.026908983637508044,12.792562580108642,11.697205047607422,51.77036143711158,0.1857696006261449,0.32368438478289857,-0.13791478415675368,13.899509790472035,12.792562580108642,11.68561536974525,17.30610584754304
2020-09-22,12.574999809265137,12.64799976348877,12.155500411987305,12.637749671936035,12.569175720214844,646452000,0.009626808258299757,12.788437557220458,11.748915042877197,53.013677149925506,0.17779395712986457,0.29450629925229177,-0.1167123421224272,13.897045536844693,12.788437557220458,11.679829577596223,17.33766106553503
2020-09-23,12.575499534606934,12.72700023651123,12.07925033569336,12.123749732971191,12.057966232299805,647012000,-0.04067167961482687,12.757125043869019,11.78385004043579,47.40045729501473,0.1285162474973518,0.26130828890130375,-0.13279204140395195,13.903055342838822,12.757125043869019,11.611194744899215,17.96533772349483
2020-09-24,12.072250366210938,12.569499969482422,12.013999938964844,12.347999572753906,12.280999183654783,731240000,0.018496730465004774,12.735875034332276,11.826265029907226,49.89318411746383,0.10633265882209564,0.23031316288546216,-0.12398050406336653,13.895519948672096,12.735875034332276,11.576230119992456,18.21068299137278
2020-09-25,12.447500228881836,12.883500099182127,12.245750427246094,12.873749732971191,12.803892135620115,588016000,0.0425773948964403,12.74815001487732,11.881045017242432,55.24791829203202,0.12968076983377586,0.2101866842751249,-0.08050591444134905,13.908175397755539,12.74815001487732,11.5881246319991,18.199117229157935
2020-09-28,13.040249824523926,13.051750183105469,12.75,13.03499984741211,12.96427059173584,573808000,0.012525758137992726,12.742512512207032,11.937715015411378,56.77370702701871,0.15935886286290035,0.20002111999268002,-0.040662257129779666,13.895791452746845,12.742512512207032,11.589233571667219,18.10128009582096
2020-09-29,12.9375,13.442749977111816,12.933250427246094,13.225749969482422,13.153985977172852,621460000,0.014633710712421255,12.735074996948242,11.992015018463135,58.573048596690626,0.1960114085880491,0.19921917771175385,-0.00320776912370474,13.87378173259396,12.735074996948242,11.596368261302525,17.883000075281704
2020-09-30,13.157500267028809,13.6225004196167,13.150250434875488,13.530500411987305,13.457082748413086,689184000,0.02304219966223342,12.7205500125885,12.056055030822755,61.34172557305921,0.24680461893049888,0.20873626595550285,0.03806835297499603,13.809817097268837,12.7205500125885,11.631282927908163,17.12610042179587
2020-10-01,13.758000373840332,13.762749671936035,13.460749626159668,13.614500045776367,13.540626525878906,525004000,0.0062081640596043375,12.683949995040894,12.119570026397705,62.09372609487166,0.2904881064363263,0.22508663405166754,0.06540147238465874,13.585188553170964,12.683949995040894,11.782711436910825,14.210692386558305
2020-10-02,13.225000381469728,13.51949977874756,13.050999641418455,13.062250137329102,12.991372108459473,552496000,-0.04056344190349659,12.68628749847412,12.178220024108887,54.577006769970694,0.27734853151277683,0.23553901354388943,0.041809517968887405,13.591188704263047,12.68628749847412,11.781386292685195,14.265815840887502
2020-10-05,13.236000061035156,13.64424991607666,13.222749710083008,13.642499923706056,13.568472862243652,479820000,0.044421847743734144,12.737287473678588,12.247180023193359,60.04929628612006,0.31018105797581796,0.25046742243027514,0.05971363554554282,13.732524573319965,12.737287473678588,11.74205037403721,15.627143560950788
2020-10-06,13.829999923706056,14.142000198364258,13.664999961853027,13.736499786376951,13.661964416503906,784420000,0.006890352010093137,12.82846245765686,12.313480014801025,60.87169285316901,0.3398682850419661,0.26834759495261334,0.07152069008935275,13.838927939612132,12.82846245765686,11.817996975701588,15.75349322322194
2020-10-07,13.999750137329102,14.119250297546388,13.863499641418455,13.96399974822998,13.888228416442873,418084000,0.016561600736248128,12.890912437438965,12.38845001220703,62.864150117480634,0.3774025107824439,0.2901585781185795,0.08724393266386443,14.013745790633497,12.890912437438965,11.768079084244434,17.420541154767232
2020-10-08,14.074999809265137,14.084500312805176,13.758000373840332,13.838749885559082,13.763659477233888,378900000,-0.008969390153570789,12.967262411117554,12.455915012359618,61.021835340976224,0.39251734235143587,0.31063033096515075,0.08188701138628512,14.1291707123143,12.967262411117554,11.805354109920808,17.920641448584824
2020-10-09,13.767000198364258,13.82425022125244,13.66075038909912,13.762749671936035,13.688072204589844,346892000,-0.005491800546872816,13.047174882888793,12.518889999389648,59.87518787910387,0.39382361964665513,0.32726898870145166,0.06655463094520347,14.197027683224869,13.047174882888793,11.897322082552718,17.626080904979567
2020-10-12,13.989500045776367,14.347000122070312,13.912500381469728,14.22599983215332,14.148809432983398,434744000,0.03365976022825645,13.114862394332885,12.59111499786377,64.28103084308728,0.42731346655173397,0.34727788427150813,0.08003558228022584,14.370107767608804,13.114862394332885,11.859617021056966,19.142333873336376
2020-10-13,14.296500205993652,14.34850025177002,14.018750190734863,14.248250007629396,14.170939445495604,344604000,0.001564090082421865,13.177724885940552,12.655874996185302,64.48275495814863,0.45045722423270185,0.3679137522637469,0.08254347196895495,14.524453998371435,13.177724885940552,11.83099577350967,20.439478348310658
2020-10-14,14.290499687194824,14.34274959564209,13.960000038146973,14.095250129699709,14.018768310546877,276100000,-0.010738253136569287,13.256762409210205,12.713225002288818,61.89423550820369,0.45125126378627556,0.38458125456825265,0.06667000921802291,14.623908545362173,13.256762409210205,11.889616273058238,20.62564137382648
2020-10-15,13.810750007629396,14.005749702453612,13.767749786376951,13.970000267028809,13.894195556640623,267224000,-0.008886141146403848,13.332087421417237,12.766890010833741,59.77867716727006,0.4367394679666248,0.3950128972479271,0.041726570718697675,14.682006579512924,13.332087421417237,11.98216826332155,20.250679663667963
2020-10-16,14.036749839782717,14.121500015258787,13.792499542236328,13.81149959564209,13.736557006835938,242392000,-0.011345640642674293,13.41319990158081,12.816410007476806,57.11803427994672,0.4077488112113592,0.39756008004061355,0.010188731170745646,14.670465396356533,13.41319990158081,12.155934406805088,18.74668988758675
2020-10-19,13.902999877929688,13.98349952697754,13.406749725341797,13.497750282287598,13.42450714111328,298068000,-0.022716745219880652,13.462224912643432,12.862375011444092,52.16828492944673,0.3553601883439246,0.38912010170127576,-0.03375991335735118,14.65049560888047,13.462224912643432,12.273954216406393,17.65340727773818
2020-10-20,13.583499908447266,13.799750328063965,13.506999969482422,13.645500183105469,13.571459770202637,229212000,0.010946593982531061,13.512612438201904,12.91198501586914,54.18189855539275,0.3220515991159463,0.37570640118420984,-0.05365480206826356,14.640707166960405,13.512612438201904,12.384517709443402,16.69691532881135
2020-10-21,13.625,13.791500091552734,13.477499961853027,13.524749755859377,13.45136547088623,219596000,-0.008849033291178032,13.582662439346313,12.965480003356934,52.24609971911517,0.2826525096656667,0.35709562288050123,-0.07444311321483454,14.513904215960324,13.582662439346313,12.651420662732303,13.712212620647707
2020-10-22,13.522500038146973,13.611749649047852,13.231749534606934,13.361000061035156,13.28849983215332,290480000,-0.01210774022053096,13.633312463760376,13.003894996643066,49.655219029588515,0.23550051225094393,0.3327766007545898,-0.09727608850364589,14.382910962812977,13.633312463760376,12.883713964707775,10.996571831609653
2020-10-23,13.449999809265137,13.593250274658203,13.291250228881836,13.590250015258787,13.516510009765623,233484000,0.017158458854821257,13.669137477874756,13.046840000152589,53.15747045121792,0.2141620432486917,0.3090536892534102,-0.0948916460047185,14.3337786966764,13.669137477874756,13.004496259073111,9.724698721882802
2020-10-26,13.427000045776367,13.692749977111816,13.03849983215332,13.141249656677246,13.069942474365234,336896000,-0.03303867160071239,13.674449968338013,13.078384990692138,46.35575257430668,0.15918558402106342,0.27908006820694087,-0.11989448418587745,14.320160478543958,13.674449968338013,13.028739458132069,9.44404362443872
2020-10-27,13.305999755859377,13.44200038909912,13.191499710083008,13.396750450134276,13.324056625366213,250520000,0.019442637295411735,13.682999992370606,13.099580001831054,50.25627567516517,0.13468060850287245,0.25020017626612717,-0.11551956776325473,14.30894465289109,13.682999992370606,13.05705533185012,9.14923132163269
2020-10-28,13.197999954223633,13.260000228881836,12.609000205993652,12.626999855041504,12.558484077453612,376520000,-0.057457917617605436,13.637824964523315,13.106905002593994,40.66345301725102,0.05254212598403463,0.21066856620970867,-0.15812644022567404,14.413724197075128,13.637824964523315,12.861925731971501,11.378636029868321
2020-10-29,12.838500022888184,13.192749977111816,12.75,13.02400016784668,12.953330039978027,320080000,0.031440575159328965,13.608299970626831,13.124615001678468,46.35121606775037,0.019259383995226642,0.17238672976681227,-0.15312734577158563,14.429141053816663,13.608299970626831,12.787458887437,12.06382994145626
2020-10-30,12.850000381469728,12.93649959564209,12.300000190734863,12.534000396728516,12.465988159179688,416820000,-0.037622903090884785,13.581887483596802,13.13247501373291,41.11294974371004,-0.046124619350106144,0.12868445994342861,-0.17480907929353476,14.499590832601552,13.581887483596802,12.664184134592052,13.513634980603161
2020-11-02,12.657750129699709,12.836750030517578,12.395000457763672,12.580750465393066,12.512487411499023,299652000,0.0037300895625425046,13.528800010681152,13.130420017242432,41.78888241541768,-0.09309641570326477,0.08432828481408994,-0.1774247005173547,14.543997828801656,13.528800010681152,12.513602192560649,15.007950702486436
2020-11-03,12.708499908447266,13.104999542236328,12.602749824523926,13.01949977874756,12.948856353759766,272900000,0.03487467582662407,13.492950010299683,13.136405010223388,47.84005629634487,-0.0938368076131777,0.04869526632863641,-0.1425320739418141,14.526746521075344,13.492950010299683,12.459153499524023,15.323506127074127
2020-11-04,13.389249801635742,13.827500343322754,13.336999893188477,13.794249534606934,13.719398498535156,410228000,0.05950657909272894,13.48446249961853,13.157290000915527,56.44919266655901,-0.03154412208813895,0.03264738864528134,-0.06419151073342029,14.505357099413432,13.48446249961853,12.463567899823628,15.141791522261752
2020-11-05,14.162500381469728,14.33899974822998,13.991000175476074,14.15999984741211,14.083168983459473,319028000,0.026515046192670644,13.500524997711182,13.185030002593994,59.82076211324806,0.046796828812952995,0.03547727667881567,0.011319552134137323,14.552836738497136,13.500524997711182,12.448213256925227,15.589197323279782
2020-11-06,14.109749794006348,14.588749885559082,13.895000457763672,14.562000274658203,14.482983589172363,383348000,0.028389534073081757,13.54048752784729,13.223705005645751,63.19353074356252,0.13971017965466181,0.0563238572739849,0.08338632238067692,14.686160073252797,13.54048752784729,12.394814982441783,16.922175705259107
2020-11-09,14.552499771118164,14.691499710083008,13.610750198364258,13.630749702453612,13.556788444519045,582976000,-0.06395057613306643,13.510725021362305,13.233365001678466,52.25128317280093,0.13662560626754683,0.0723842070726973,0.06424139919484953,14.613751032972546,13.510725021362305,12.407699009752063,16.32815426065154
2020-11-10,13.606499671936035,13.606499671936035,12.628250122070312,12.770000457763672,12.700706481933594,644068000,-0.06314784405531981,13.436812543869019,13.221275005340576,44.56943340076072,0.06398817333921158,0.07070500032600016,-0.006716826986788577,14.530320714721912,13.436812543869019,12.343304373016126,16.276303137857514
2020-11-11,13.053750038146973,13.4350004196167,12.948249816894531,13.41800022125244,13.34519386291504,404744000,0.05074421504805371,13.402950048446655,13.213215007781983,50.47274840990186,0.05804158253874725,0.06817231676854958,-0.010130734229802332,14.453919227417503,13.402950048446655,12.351980869475808,15.682654567419657
2020-11-12,13.479000091552734,13.765999794006348,13.315999984741213,13.45674991607666,13.383733749389648,365812000,0.002887922563770795,13.377287530899048,13.195419998168946,50.810113841740765,0.0558122738629514,0.06570030818742995,-0.009888034324478545,14.396194617434283,13.377287530899048,12.358380444363814,15.233388445628435
2020-11-13,13.627249717712402,13.668749809265137,13.059249877929688,13.29699993133545,13.224847793579102,346312000,-0.011871571774041967,13.351562547683717,13.201049995422363,49.318609913722526,0.040686038666226665,0.06069745428318929,-0.020011415616962624,14.35111532179875,13.351562547683717,12.352009773568684,14.972820904598008
2020-11-16,13.172499656677246,13.649499893188477,13.156000137329102,13.515250205993652,13.441914558410645,413776000,0.016413554864270985,13.35243754386902,13.218904991149902,51.41686565612539,0.045781619454448474,0.05771428731744113,-0.011932667862992657,14.352531161944166,13.35243754386902,12.352343925793873,14.979940775448226
2020-11-17,13.552499771118164,13.5962495803833,13.303750038146973,13.422249794006348,13.349419593811035,312028000,-0.0068810855922109004,13.341275024414063,13.249089984893798,50.45822330055223,0.04183331946384783,0.05453809374672247,-0.012704774282874642,14.332983875591117,13.341275024414063,12.34956617323701,14.86677771595685
2020-11-18,13.465250015258787,13.60575008392334,13.1850004196167,13.428750038146973,13.355883598327637,510924000,0.00048421614671534385,13.336475038528443,13.26336498260498,50.52765263647499,0.03878172704409266,0.051386820406196514,-0.012605093362103852,14.3255109662048,13.336475038528443,12.347439110852086,14.83204407190174
2020-11-19,13.212750434875488,13.487500190734863,13.100000381469728,13.440250396728516,13.36732292175293,565936000,0.0008565006830940636,13.34043755531311,13.285934982299805,50.65940009801274,0.03686632880100049,0.04848272208515732,-0.011616393284156826,14.33046928698926,13.34043755531311,12.350405823636962,14.842567608014448
2020-11-20,13.45400047302246,13.494500160217283,13.0649995803833,13.087750434875488,13.016735076904297,341088000,-0.02622722940867339,13.315312576293945,13.30439998626709,46.56602726582114,0.006825876482086102,0.04015135296454308,-0.03332547648245698,14.304214328027154,13.315312576293945,12.326410824560735,14.853601762136787
2020-11-23,13.171250343322754,13.38249969482422,13.01550006866455,13.140000343322754,13.068699836730955,361356000,0.003992150068327094,13.31525011062622,13.309755001068115,47.24645816343862,-0.012619794335879675,0.029597123504458527,-0.0422169178403382,14.304195991239483,13.31525011062622,12.326304230012957,14.854334276815969
2020-11-24,13.142499923706056,13.161999702453612,12.885000228881836,12.95775032043457,12.887441635131836,346500000,-0.013869643029804202,13.293300104141235,13.309090003967285,45.08965640619375,-0.042249654559432415,0.015227767891680339,-0.05747742245111275,14.29345984266934,13.293300104141235,12.293140365613128,15.047576308256646
2020-11-25,13.032500267028809,13.26949977874756,13.020000457763672,13.234749794006348,13.162935256958008,259916000,0.02137690548876381,13.323687601089478,13.323495006561279,48.90730392199741,-0.04288563086492836,0.003605088140358599,-0.04649071900528696,14.276850927105956,13.323687601089478,12.370524275073,14.307800581252561
2020-11-27,13.375,13.407500267028809,13.170499801635742,13.261249542236328,13.189292907714844,167276000,0.0020024143735648536,13.33555006980896,13.339449996948241,49.270673238814,-0.04078123773134479,-0.005272177033982078,-0.03550906069736271,14.279358654277363,13.33555006980896,12.391741485340557,14.154775461495813
2020-11-30,13.265000343322754,13.412500381469728,12.972249984741213,13.40149974822998,13.328783988952637,286952000,0.010576084875346226,13.378925037384032,13.36369499206543,51.24690583930396,-0.0274797026017648,-0.009713682147538621,-0.017766020454226178,14.24819058323374,13.378925037384032,12.509659491534325,12.994549912205407
2020-12-01,13.492250442504885,13.5287504196167,13.228249549865724,13.390000343322754,13.317343711853027,296948000,-0.0008583136397957158,13.419387531280517,13.381149997711182,51.071230087566654,-0.01766244438626785,-0.011303434595284469,-0.006359009790983382,14.207855500546124,13.419387531280517,12.63091956201491,11.75117668265698
2020-12-02,13.350500106811523,13.673500061035156,13.23425006866455,13.544500350952148,13.4710054397583,283360000,0.011538466771606082,13.445637559890747,13.399285011291504,53.38341442283093,0.002555208036611134,-0.008531706068905348,0.011086914105516483,14.213800357189433,13.445637559890747,12.67747476259206,11.426201158213098
2020-12-03,13.587499618530272,13.65999984741211,13.32900047302246,13.395999908447266,13.32724666595459,199520000,-0.010671718191087809,13.425725078582763,13.424730014801025,50.89393733435158,0.006519940783073608,-0.005521376698509557,0.012041317481583165,14.17717352858545,13.425725078582763,12.674276628580076,11.19415816433523
2020-12-04,13.44849967956543,13.5600004196167,13.388750076293944,13.558250427246094,13.488665580749512,202244000,0.012111947714397608,13.395637607574463,13.44893503189087,53.448287749496764,0.02249497288709712,8.18932186117784e-05,0.022413079668485342,14.071458926966304,13.395637607574463,12.71981628818262,10.090170235864008
2020-12-07,13.60124969482422,13.731249809265137,13.5,13.606749534606934,13.536914825439451,223244000,0.0035770213444092924,13.347875070571899,13.463595027923583,54.21494532808149,0.03862354537473678,0.007790223649836779,0.030833321724899998,13.777342986596578,13.347875070571899,12.91840715454722,6.435000533853187
2020-12-08,13.585000038146973,13.598750114440918,13.281499862670898,13.350000381469728,13.28148365020752,271920000,-0.018869231174588497,13.333837604522705,13.469895038604736,49.561543516615544,0.030338323052115257,0.012299843530292474,0.018038479521822783,13.743290631131487,13.333837604522705,12.924384577913923,6.141563123131176
2020-12-09,13.30049991607666,13.413999557495115,12.868249893188477,12.930749893188477,12.864385604858398,401300000,-0.031404476814049564,13.341875076293945,13.463995037078858,43.0618425065096,-0.009943167269264919,0.007851241370380995,-0.017794408639645914,13.711072655080505,13.341875076293945,12.972677497507386,5.534418163494213
2020-12-10,12.869000434875488,13.068750381469728,12.849499702453612,12.972249984741213,12.905672073364258,207764000,0.003209361859478621,13.319587564468383,13.452830028533935,43.84686611216889,-0.03807887839697344,-0.001334782583089892,-0.03674409581388355,13.720193921844853,13.319587564468383,12.918981207091914,6.015296726531318
2020-12-11,12.967249870300291,13.020000457763672,12.822999954223633,13.013250350952148,12.946463584899902,209264000,0.003160742912400094,13.297412586212157,13.440805034637451,44.65867209369141,-0.05641789490018212,-0.012351405046508338,-0.044066489853673785,13.713975103086904,13.297412586212157,12.880850069337411,6.26531686783446
2020-12-14,13.088000297546388,13.388750076293944,13.077500343322754,13.30875015258789,13.240446090698242,270156000,0.022707552828652444,13.29800009727478,13.445735034942627,50.24202508707222,-0.04657049750126774,-0.01919522353746022,-0.02737527396380752,13.714591772435824,13.29800009727478,12.881408422113736,6.265478599995166
2020-12-15,13.439749717712402,13.46399974822998,13.186750411987305,13.36050033569336,13.2919282913208,193016000,0.003888252727279884,13.290262603759766,13.440095043182373,51.171123298725824,-0.03419636245380353,-0.022195451320728882,-0.012000911133074648,13.6960345626267,13.290262603759766,12.884490644892832,6.106304607587552
2020-12-16,13.422499656677246,13.437250137329102,13.212499618530272,13.24250030517578,13.17453670501709,223116000,-0.008831795036117085,13.281275129318237,13.43021505355835,48.927712769969524,-0.03352493301398596,-0.0244613476593803,-0.009063585354605656,13.682896726808622,13.281275129318237,12.879653531827852,6.04793731896737
2020-12-17,13.36674976348877,13.37950038909912,13.178500175476074,13.3412504196167,13.272778511047363,231384000,0.0074569457909561265,13.276900148391723,13.417760066986084,50.86895605594741,-0.024739331782216212,-0.024516944483947485,-0.00022238729826872666,13.673879975436837,13.276900148391723,12.87992032134661,5.980007721805467
2020-12-18,13.378999710083008,13.404999732971191,13.070500373840332,13.272000312805176,13.203885078430176,342064000,-0.00519058104976633,13.268487644195556,13.406425075531006,49.44949321701148,-0.02309832131172307,-0.024233219849502604,0.001134898537779535,13.658331257872607,13.268487644195556,12.878644030518505,5.8762328327236695
2020-12-21,13.074749946594238,13.369999885559082,12.967499732971191,13.332249641418455,13.263824462890623,302332000,0.0045395263670058306,13.280712604522705,13.397815074920654,50.73745938645837,-0.016743186366412033,-0.022735213152884494,0.005992026786472461,13.662367127876209,13.280712604522705,12.899058081169201,5.747500675882898
2020-12-22,13.319250106811523,13.337249755859377,13.053999900817873,13.278249740600586,13.210105895996094,185580000,-0.004050005867072715,13.287625074386597,13.3788600730896,49.519642815905925,-0.015880970889130097,-0.021364364700133615,0.005483393811003517,13.663803584255318,13.287625074386597,12.911446564517876,5.662087961735881
2020-12-23,13.255999565124512,13.274999618530272,13.005000114440918,13.009249687194824,12.94248104095459,179144000,-0.020259099900374,13.29020004272461,13.354080066680908,43.87064658304621,-0.036483159936286924,-0.024388123747364276,-0.012095036188922648,13.65792120069507,13.29020004272461,12.92247888475415,5.533718932571811
2020-12-24,13.037249565124512,13.13249969482422,12.938750267028809,12.993749618530272,12.9270601272583,97884000,-0.001191495946371579,13.278150033950805,13.33205005645752,43.56227787457553,-0.0534451863489096,-0.030199536267673344,-0.023245650081236257,13.66750804909594,13.278150033950805,12.88879201880567,5.864642501396474
2020-12-28,13.0625,13.0625,12.763250350952148,12.899999618530272,12.83379364013672,212564000,-0.00721482581526145,13.260087537765504,13.310650043487549,41.655118535508194,-0.07360409380781618,-0.03888044777570192,-0.034723646032114266,13.682978860561905,13.260087537765504,12.837196214969103,6.378409216258669
2020-12-29,12.925000190734863,13.072500228881836,12.842249870300291,12.943249702453612,12.876819610595703,170372000,0.0033525527732052307,13.237175035476685,13.29328504562378,42.89715544646064,-0.08510916738648788,-0.048126191697859116,-0.036982975688628766,13.67628197003282,13.237175035476685,12.79806810092055,6.634450830774585
2020-12-30,12.990249633789062,13.213749885559082,12.896750450134276,13.145750045776367,13.078280448913574,225396000,0.01564523262810158,13.224962520599366,13.286245040893554,48.43234635793281,-0.076999335339627,-0.05390082042621269,-0.023098514913414303,13.659955519050449,13.224962520599366,12.789969522148283,6.578362664900298
2020-12-31,13.136500358581545,13.151000022888184,12.914999961853027,13.05500030517578,12.987998962402344,192424000,-0.006903161838736294,13.200487518310547,13.274435043334961,46.2678422254135,-0.07700728856632466,-0.05852211405423509,-0.018485174512089572,13.615432516692671,13.200487518310547,12.785542519928423,6.286813237867903
2021-01-04,13.104249954223633,13.65250015258789,12.962499618530272,13.113499641418455,13.046196937561035,560640000,0.004480903896525001,13.186362504959106,13.266210041046143,47.88472369580729,-0.0714693300714,-0.06111155725766808,-0.010357772813731916,13.592871603110023,13.186362504959106,12.77985340680819,6.165598708484424
2021-01-05,13.099749565124512,13.443499565124512,13.086999893188477,13.404749870300291,13.33595371246338,322760000,0.02221005679196164,13.178687477111817,13.267085037231446,55.124903023196886,-0.04308237190877762,-0.057505720187889985,0.014423348279112368,13.561953058124764,13.178687477111817,12.795421896098869,5.816445403665381
2021-01-06,13.22249984741211,13.244999885559082,12.586000442504885,12.614500045776367,12.549759864807127,580424000,-0.05895295264271205,13.129075002670287,13.247570037841797,39.2084375722208,-0.08339078246237719,-0.06268273264278743,-0.020708049819589763,13.534119422000238,13.129075002670287,12.724030583340337,6.170189739148715
2021-01-07,12.967499732971191,13.377750396728516,12.886500358581545,13.343999862670898,13.275514602661133,461480000,0.057830169315766344,13.128774976730346,13.25162504196167,52.766421256335384,-0.05582740610723036,-0.061311667335676015,0.0054842612284456554,13.533172746330774,13.128774976730346,12.724377207129919,6.160479866814512
2021-01-08,13.362500190734863,13.42099952697754,13.041999816894531,13.27674961090088,13.208609580993652,292528000,-0.0050397309384955236,13.146074962615966,13.249225025177003,51.62340641206249,-0.0389606509148237,-0.05684146405150556,0.017880813136681856,13.544668627568704,13.146074962615966,12.747481297663228,6.064071079561548
2021-01-11,13.418749809265137,13.961000442504885,13.362500190734863,13.621500015258787,13.551589012145996,518344000,0.025966353918573715,13.178537464141845,13.269115028381348,56.790741198268854,0.002199496103957088,-0.04503327202041303,0.04723276812437012,13.618792418990326,13.178537464141845,12.738282509293365,6.681393228139204
2021-01-12,13.7524995803833,13.75450038909912,13.345000267028809,13.484749794006348,13.415544509887695,291476000,-0.01003900739141117,13.202112436294556,13.27833002090454,54.312524701802545,0.023513559496208813,-0.031323905717088665,0.05483746521329748,13.654760798995145,13.202112436294556,12.749464073593966,6.857211145334475
2021-01-13,13.489999771118164,13.625,13.385000228881836,13.531749725341797,13.462300300598145,210028000,0.0034851951537255843,13.21326241493225,13.298285007476807,55.0387213325465,0.043693933491299575,-0.01632033787541102,0.06001427136671059,13.68639144608535,13.21326241493225,12.74013338377915,7.161426395625334
2021-01-14,13.574999809265137,13.599749565124512,13.180500030517578,13.200249671936035,13.132502555847168,283120000,-0.024497874611839054,13.205249881744384,13.310674991607666,49.10954893704953,0.03256238254920163,-0.00654379379048849,0.039106176339690116,13.673536484800216,13.205249881744384,12.736963278688552,7.092430771843484
2021-01-15,13.227999687194824,13.325249671936035,12.84850025177002,12.85949993133545,12.793501853942873,277780000,-0.02581386909788619,13.186099863052368,13.307474994659424,43.87715087561893,-0.0037123148185749244,-0.005977497996105777,0.0022651831775308525,13.67748213437516,13.186099863052368,12.694717591729576,7.453034277400726
2021-01-19,13.016249656677246,13.093999862670898,12.843999862670898,13.025250434875488,12.958398818969728,226188000,0.01288911878150345,13.170299863815307,13.292095012664795,46.843971971992076,-0.01886809378650689,-0.008555617154185999,-0.010312476632320891,13.661032118038834,13.170299863815307,12.67956760959178,7.452104497207198
2021-01-20,13.111749649047852,13.430500030517578,13.056750297546388,13.365750312805176,13.297155380249023,258572000,0.026141853327078524,13.174987363815308,13.276210021972656,52.40964145874406,-0.003364875151188329,-0.007517468753586465,0.004152593602398136,13.671275419330877,13.174987363815308,12.67869930829974,7.533791749639299
2021-01-21,13.418499946594238,13.999250411987305,13.253000259399414,13.86750030517578,13.796329498291016,337780000,0.03753991765663223,13.201749897003173,13.262320022583008,59.1904541767619,0.04884550778811203,0.003755126554753235,0.045090381233358796,13.780027902218533,13.201749897003173,12.623471891787814,8.7606265794602
2021-01-22,13.739999771118164,13.841750144958496,13.627249717712402,13.712499618530272,13.64212131500244,246820000,-0.011177479003214419,13.223462390899659,13.263955020904541,56.51170462523924,0.07682970736383865,0.01837004271657032,0.05845966464726833,13.842754189767488,13.223462390899659,12.60417059203183,9.366560444774642
2021-01-25,13.781749725341797,13.828499794006348,13.236499786376951,13.653249740600586,13.583175659179688,251112000,-0.004320857032544367,13.255662393569946,13.28162000656128,55.47813248724232,0.09315261184201162,0.033326556541658586,0.05982605530035304,13.893738398575591,13.255662393569946,12.6175863885643,9.627221726998167
2021-01-26,13.580499649047852,13.644749641418455,13.387499809265137,13.435250282287598,13.366297721862791,163980000,-0.015966659252494297,13.277737426757813,13.281965007781983,51.7293354899902,0.08748937381171373,0.04415911999566962,0.04333025381604411,13.908548382125584,13.277737426757813,12.646926471390042,9.501783852067087
2021-01-27,13.229999542236328,13.232749938964844,12.793749809265137,12.917750358581545,12.851455688476562,371272000,-0.03851792351924943,13.278624963760375,13.27118501663208,44.10955701907643,0.04077328886200604,0.043481953768936904,-0.0027086649069308633,13.9073540612437,13.278624963760375,12.64989586627705,9.46979222922905
2021-01-28,12.99625015258789,13.339750289916992,12.96049976348877,13.050999641418455,12.984017372131348,228316000,0.010314915824955806,13.284012460708619,13.26626501083374,46.302846635073806,0.014337287160625323,0.03765302044727459,-0.023315733286649265,13.902924022907664,13.284012460708619,12.665100898509573,9.318141849530157
2021-01-29,13.074999809265137,13.334750175476074,12.911499977111816,12.989749908447266,12.923081398010254,271552000,-0.0046931525408988595,13.276212453842163,13.255755004882813,45.420509744796384,-0.011424086456797156,0.02783759906646024,-0.0392616855232574,13.905738428088888,13.276212453842163,12.646686479595438,9.483517628772791
2021-02-01,13.053250312805176,13.270750045776367,12.902750015258787,13.237000465393066,13.169065475463867,217204000,0.019034475592755173,13.285312461853028,13.252050018310547,49.59601808074862,-0.011753618663298937,0.019919355520508407,-0.031672974183807344,13.9069974823676,13.285312461853028,12.663627441338456,9.358982294163674
2021-02-02,13.39875030517578,13.571999549865724,13.285499572753906,13.556750297546388,13.48717212677002,220440000,0.024155597973055665,13.307474994659424,13.254610023498536,54.4492711738416,0.01362925432290929,0.018661335280988584,-0.005032080958079294,13.934658639190008,13.307474994659424,12.68029135012884,9.42603528892275
2021-02-03,13.63599967956543,13.931750297546388,13.51650047302246,13.530500411987305,13.4610595703125,245408000,-0.0019361031513559501,13.313762521743774,13.256415023803712,53.989670619970134,0.031266793520233094,0.021182426928837487,0.010084366591395607,13.947210845640829,13.313762521743774,12.68031419784672,9.515692094740599
2021-02-04,13.531000137329102,13.673500061035156,13.337750434875488,13.664250373840332,13.594120979309082,201340000,0.009884913464764722,13.366250038146973,13.267945022583008,56.026391491650465,0.05539857425262262,0.028025656393594514,0.02737291785902811,13.92928801765592,13.366250038146973,12.803212058638024,8.424771015087263
2021-02-05,13.725000381469728,13.737250328063965,13.54574966430664,13.590999603271484,13.521249771118164,169152000,-0.005360494312345088,13.378600025177002,13.276965007781982,54.60085343209201,0.06783055097190704,0.035986635309257026,0.03184391566265002,13.949918795211682,13.378600025177002,12.807281255142323,8.540785567391543
2021-02-08,13.727250099182127,14.473750114440918,13.727250099182127,14.438750267028809,14.364646911621094,434624000,0.062375679377246085,13.436700057983398,13.306585006713867,65.53156347028342,0.1444245395164092,0.05767421615068746,0.08675032336572175,14.168555021365872,13.436700057983398,12.704845094600923,10.893373525111084
2021-02-09,14.340749740600586,14.583250045776367,14.22249984741211,14.263250350952148,14.19004726409912,287560000,-0.012154816515588807,13.468787574768067,13.327155017852784,62.193175003477734,0.18878821769739496,0.08389701646002898,0.10489120123736598,14.281991193189361,13.468787574768067,12.655583956346772,12.075379671808324
2021-02-10,14.463250160217283,14.904999732971191,14.341500282287598,14.764249801635742,14.688474655151367,485352000,0.03512513959789776,13.532762575149537,13.357215023040771,67.3125037362629,0.26136042068349674,0.11938969730472254,0.1419707233787742,14.522975905739385,13.532762575149537,12.54254924455969,14.634311731858723
2021-02-11,14.980250358581545,15.272250175476074,14.925000190734863,15.250749588012695,15.172475814819336,450828000,0.03295108382804246,13.618712568283081,13.394200019836425,71.36702328686995,0.35404961771198273,0.1663216813861746,0.18772793632580814,14.860190922866664,13.618712568283081,12.377234213699499,18.23194884771838
2021-02-12,15.050000190734863,15.291250228881836,14.774999618530272,14.96125030517578,14.884465217590332,374756000,-0.018982439039230248,13.706762599945069,13.425625019073486,66.11185523610152,0.39954064561099223,0.21296547423113815,0.18657517137985408,15.06164877541119,13.706762599945069,12.351876424478949,19.76960154648845
2021-02-16,15.064249992370604,15.3725004196167,14.949999809265137,15.330249786376951,15.251567840576172,321960000,0.02466347414027359,13.830300092697144,13.461340007781983,69.22272700204029,0.46006445063497203,0.26238526951190494,0.1976791811230671,15.299395672632341,13.830300092697144,12.361204512761946,21.24459440631992
2021-02-17,15.17099952697754,15.22350025177002,14.779999732971191,14.906000137329102,14.829497337341309,274756000,-0.02767390917751822,13.924337577819824,13.49154001235962,62.15776069091928,0.4683972096256106,0.3035876575346461,0.16480955209096448,15.415871940630424,13.924337577819824,12.432803215009223,21.423415720493253
2021-02-18,14.729000091552734,14.873250007629396,14.574999809265137,14.82900047302246,14.752896308898926,233868000,-0.00516545009583691,13.997500085830689,13.516955013275146,60.94204934726234,0.46344544120206876,0.3355592142681307,0.12788622693393809,15.515572149138304,13.997500085830689,12.479428022523074,21.690616953013215
2021-02-19,15.024499893188477,15.177000045776367,14.846750259399414,14.92650032043457,14.849893569946287,271724000,0.006574794468585221,14.050450086593628,13.5433500289917,61.95669212524548,0.46206218663300014,0.36085980874110457,0.10120237789189557,15.619703500691111,14.050450086593628,12.481196672496145,22.337411320293597
2021-02-22,14.774749755859377,15.13325023651123,14.324999809265137,14.35575008392334,14.282073974609377,325884000,-0.03823728383387759,14.082612609863281,13.563465023040772,53.237983553683776,0.41018284083430956,0.37072441515974563,0.039458425674563924,15.649207030875107,14.082612609863281,12.516018188851454,22.248633324112088
2021-02-23,14.075249671936035,14.238750457763672,13.38949966430664,14.142000198364258,14.069416046142578,391780000,-0.014889849250526277,14.107050132751464,13.587690029144287,50.37871156899664,0.3478109084877836,0.36614171382535327,-0.018330805337569644,15.661290845214959,14.107050132751464,12.55280942028797,22.034949870279544
2021-02-24,14.122750282287598,14.506750106811523,13.755999565124512,14.49899959564209,14.424586296081545,448320000,0.025244135845733595,14.16023759841919,13.618225021362305,54.74990148463771,0.3234589372471355,0.35760515850970975,-0.03414622126257427,15.691514985027444,14.16023759841919,12.628960211810936,21.62784876970146
2021-02-25,14.045499801635742,14.374750137329102,13.2162504196167,13.307499885559082,13.239200592041016,824436000,-0.08217814221559616,14.179725074768067,13.624110012054443,41.5835753677156,0.2056452058440268,0.3272131679765732,-0.12156796213254639,15.65619681542378,14.179725074768067,12.703253334112354,20.825110964711183
2021-02-26,13.7524995803833,13.854499816894531,13.361000061035156,13.714500427246094,13.64411449432373,500932000,0.03058446765480216,14.212900114059448,13.632225017547608,46.33132560262845,0.14346474489817496,0.29046348336089356,-0.1469987384627186,15.614345454335446,14.212900114059448,12.81145477378345,19.72075127566237
2021-03-01,13.875,13.925000190734863,13.553250312805176,13.841750144958496,13.770709037780762,353184000,0.00927832608775736,14.25550012588501,13.64185001373291,47.76086263998612,0.10326390830628185,0.25302356834997125,-0.1497596600436894,15.553622297549165,14.25550012588501,12.957377954220856,18.21222910737499
2021-03-02,13.899999618530272,13.920499801635742,13.395999908447266,13.40625,13.337445259094238,264116000,-0.03146270664043793,14.263962602615356,13.645125007629394,43.4912131376689,0.0358499773808294,0.20958885015614287,-0.17373887277531347,15.537387732764401,14.263962602615356,12.990537472466311,17.855138373898388
2021-03-03,13.426250457763672,13.451499938964844,12.798749923706056,12.804750442504885,12.739030838012695,377592000,-0.04486724477264559,14.226362609863282,13.634395008087159,38.38692607663585,-0.06535862240232149,0.15459935564445001,-0.2199579780467715,15.619842678263957,14.226362609863282,12.832882541462606,19.59011036924592
2021-03-04,12.80074977874756,12.975000381469728,12.083749771118164,12.37024974822998,12.306763648986816,573344000,-0.033932501971501106,14.168350076675415,13.616359996795655,35.17539317803512,-0.17856930585091213,0.08796562334537758,-0.26653492919628974,15.755961816472022,14.168350076675415,12.580738336878808,22.41067917160243
2021-03-05,12.550000190734863,12.550000190734863,11.67924976348877,12.46150016784668,12.397544860839844,542840000,0.007376530048214702,14.108212566375732,13.598945007324218,36.37920120641345,-0.25795292116627166,0.018781914443047727,-0.2767348356093194,15.851166660990355,14.108212566375732,12.36525847176111,24.708361692375203
2021-03-08,12.449999809265137,12.4712495803833,11.566499710083008,11.593250274658203,11.5337495803833,543112000,-0.06967470496396555,14.008325099945068,13.56524501800537,30.56335490960757,-0.38647052668289916,-0.06226857378214165,-0.3242019529007575,16.060027848406875,14.008325099945068,11.956622351483261,29.29262040712993
2021-03-09,12.130249977111816,12.61674976348877,12.059249877929688,12.52025032043457,12.460293769836426,521824000,0.08033330210576084,13.912400102615356,13.555465030670167,41.34498887201655,-0.4088080142287769,-0.1315764618714687,-0.2772315523573082,16.05214258538896,13.912400102615356,11.772657619841752,30.760220623203033
2021-03-10,12.840499877929688,12.979999542236328,12.457500457763672,12.468250274658203,12.408539772033691,384376000,-0.004153513453111324,13.82265009880066,13.544955043792724,40.960775322510486,-0.42579826579555125,-0.19042082265628524,-0.235377443139266,16.044984953320412,13.82265009880066,11.600315244280907,32.15497518399278
2021-03-11,12.949999809265137,13.046250343322754,12.73449993133545,12.993499755859377,12.931273460388184,299916000,0.04212693015923019,13.73411259651184,13.546825046539306,46.38097514898245,-0.39235707104925055,-0.23080807233487832,-0.16154899871437223,15.940374753765884,13.73411259651184,11.527850439257797,32.128208382598885
2021-03-12,12.648249626159668,12.888750076293944,12.59000015258789,12.855999946594238,12.794432640075684,243964000,-0.010582161202582152,13.614375114440918,13.545080051422119,45.21083382678723,-0.37265404489538767,-0.2591772668469802,-0.11347677804840745,15.736737774419613,13.614375114440918,11.492012454462223,31.17826036286427
2021-03-15,12.864749908447266,13.20674991607666,12.767250061035156,13.19124984741211,13.128076553344728,221988000,0.026077273033896065,13.525875091552734,13.545990047454834,48.61481839318916,-0.32622684946862357,-0.2725871833713089,-0.05363966609731469,15.562069258792988,13.525875091552734,11.48968092431248,30.108132057376615
2021-03-16,13.356499671936035,13.512499809265137,13.11674976348877,13.291250228881836,13.22760009765625,272128000,0.007580969223261125,13.423925113677978,13.550715045928955,49.6202818860546,-0.2781573428549855,-0.27370121526804425,-0.00445612758694125,15.285206299345756,13.423925113677978,11.5626439280102,27.730804066707304
2021-03-17,13.039750099182127,13.45324993133545,12.989500045776367,13.3412504196167,13.277360916137695,243864000,0.00376189317140474,13.345687627792358,13.55527006149292,50.145557169097295,-0.23333754504659154,-0.2656284812237537,0.032290936177162166,15.078298657767514,13.345687627792358,11.613076597817203,25.9651069063987
2021-03-18,13.136500358581545,13.184000015258787,12.717000007629396,12.72249984741211,12.66157341003418,293896000,-0.04637875779629286,13.24036259651184,13.541625061035155,44.02786655825504,-0.24492222152588994,-0.261487229284181,0.01656500775829106,14.851324028357038,13.24036259651184,11.629401164666643,24.334098407087485
2021-03-19,12.75,12.921500205993652,12.612500190734863,12.845749855041504,12.784236907958984,299208000,0.009687855841644,13.136325073242187,13.546250057220458,45.4553248664035,-0.2413754891386528,-0.2574648812550754,0.016089392116422574,14.555632393113214,13.136325073242187,11.71701775337116,21.6088946026779
2021-03-22,12.912750244140623,13.39449977874756,12.906749725341797,13.186249732971191,13.12310028076172,297804000,0.026506343338472682,13.07785005569458,13.543095054626464,49.302095318018004,-0.20868360895325466,-0.24770862679471126,0.039025017841456594,14.38316801716051,13.07785005569458,11.772532094228648,19.962271411691983
2021-03-23,13.254249572753906,13.344499588012695,13.021249771118164,13.07075023651123,13.008155822753906,222048000,-0.008758940764654666,13.024287557601928,13.538975067138672,48.06384003044055,-0.18990578677114733,-0.23614805878999848,0.046242272018851144,14.235033687876802,13.024287557601928,11.813541427327054,18.59212835896262
2021-03-24,13.151249885559082,13.159250259399414,12.63675022125244,12.642999649047852,12.582453727722168,245840000,-0.0327257837953554,12.931487560272217,13.519405059814453,43.68762679840371,-0.20715220330052198,-0.23034888769210318,0.023196684391581207,13.944196703497358,12.931487560272217,11.918778417047076,15.66268595944615
2021-03-25,12.499500274658203,12.714750289916992,12.272000312805176,12.535249710083008,12.475218772888184,295144000,-0.008522578914613499,12.892875051498413,13.500415058135987,42.634567155974494,-0.22689908086004174,-0.2296589263256909,0.002759845465649169,13.904181107283485,12.892875051498413,11.88156899571334,15.687828381886595
2021-03-26,12.554499626159668,12.856249809265137,12.373499870300291,12.83924961090088,12.777762413024902,363968000,0.0242515699038659,12.849112510681152,13.486565055847167,46.54918977187629,-0.2155338323772149,-0.22683390753599572,0.011300075158780815,13.78753713978771,12.849112510681152,11.910687881574594,14.606839629219046
2021-03-29,12.820249557495115,13.0625,12.699999809265137,12.948249816894531,12.886241912841797,273520000,0.008489710194197864,12.804437494277954,13.481525058746337,47.921451827160396,-0.1954780362800399,-0.22056273328480458,0.025084697004764678,13.627576062595088,12.804437494277954,11.98129892596082,12.857082846239487
2021-03-30,12.842000007629396,12.975250244140623,12.704999923706056,12.871749877929688,12.810107231140137,200204000,-0.005908214529620759,12.777712488174439,13.481770057678222,47.00926318705431,-0.18363969502411948,-0.21317812563266758,0.029538430608548105,13.554353159164656,12.777712488174439,12.001071817184222,12.156176963740338
2021-03-31,13.01550006866455,13.470499992370604,12.982500076293944,13.34825038909912,13.28432846069336,314776000,0.037019302102361484,12.80488748550415,13.488230056762696,53.00929580620936,-0.1342604444878841,-0.19739458940371088,0.06313414491582678,13.620469056531897,12.80488748550415,11.989305914476402,12.738598007222347
2021-04-01,13.572250366210938,13.869999885559082,13.511249542236328,13.811750411987305,13.745607376098633,308276000,0.03472354035585168,12.876962518692016,13.497150058746337,57.99191410788246,-0.05706860313094708,-0.16932939214915813,0.11226078901821104,13.77661059176095,12.876962518692016,11.977314445623083,13.972985814985742
2021-04-05,13.86750030517578,14.013999938964844,13.732999801635742,13.987500190734863,13.920513153076172,255672000,0.012724485153102094,12.953262519836425,13.499550056457519,59.735324303600116,0.01807961507592637,-0.13184759070414123,0.1499272057800676,13.95237056498939,12.953262519836425,11.95415447468346,15.426353686925543
2021-04-06,13.999750137329102,14.05424976348877,13.773500442504885,13.861499786376951,13.795116424560549,191744000,-0.00900805359232848,13.066674995422364,13.502530059814454,57.88067371779294,0.0666990744051752,-0.09213825768227794,0.15883733208745315,13.92796452425394,13.066674995422364,12.205385466590789,13.182994589416358
2021-04-07,13.880749702453612,14.243499755859377,13.71150016784668,14.143500328063965,14.075767517089844,251284000,0.020344235154813983,13.147837495803833,13.51233507156372,60.813146284421386,0.1265269096905275,-0.048405224207716854,0.17493213389824436,14.089997153674442,13.147837495803833,12.205677837933223,14.331781301241403
2021-04-08,14.252750396728516,14.471500396728516,14.24899959564209,14.31700038909912,14.248437881469728,244416000,0.012267207750500386,13.240275001525879,13.529970073699952,62.54113738466427,0.18579912841900104,-0.0015643536823732734,0.18736348210137432,14.257382010176023,13.240275001525879,12.223167992875734,15.363835094556993
2021-04-09,14.21399974822998,14.407999992370604,14.175000190734863,14.399999618530272,14.33103847503662,195172000,0.005797168381125761,13.310599994659423,13.559615058898926,63.37320596659818,0.23674112859201024,0.04609674277250343,0.19064438581950682,14.438224436346797,13.310599994659423,12.18297555297205,16.94325488167036
2021-04-12,14.289750099182127,15.352499961853027,14.139249801635742,15.208999633789062,15.136164665222168,869324000,0.05618058953564353,13.428249979019165,13.602775058746339,70.29854985643055,0.33849066124288285,0.10457552646657932,0.23391513477630355,14.805066162625643,13.428249979019165,12.051433795412688,20.506263820790796
2021-04-13,15.231499671936035,15.699999809265137,15.125749588012695,15.679499626159668,15.604412078857422,676212000,0.030935671221331784,13.552662467956543,13.656570053100586,73.44346946372626,0.4518842755460035,0.17403727628246418,0.27784699926353934,15.236734947424107,13.552662467956543,11.868589988488978,24.85227509279935
2021-04-14,15.625,15.720499992370604,15.227499961853027,15.277000427246094,15.203840255737305,385500000,-0.02567042071792347,13.651949977874756,13.697370052337646,66.91590275662477,0.503467549795559,0.23992333098508314,0.26354421881047585,15.489793574435344,13.651949977874756,11.814106381314167,26.92426502498352
2021-04-15,15.662500381469728,16.214250564575195,15.631500244140623,16.137250900268555,16.05997085571289,598480000,0.056310154906588084,13.79175000190735,13.74898006439209,72.53452497042503,0.6067682434253996,0.31329231347314646,0.29347592995225313,15.916727693651584,13.79175000190735,11.666772310163115,30.815200267556442
2021-04-16,16.05299949645996,16.16575050354004,15.865249633789062,15.912500381469728,15.836297035217283,335208000,-0.01392741135741482,13.951250028610229,13.796620063781738,69.22668460674087,0.6628582811693828,0.38320550701239375,0.2796527741569891,16.20616164821818,13.951250028610229,11.696338409002276,32.32558537742124
2021-04-19,15.536499977111816,15.807499885559082,15.232999801635742,15.361749649047852,15.28818416595459,404420000,-0.03461117634026323,14.077050018310548,13.830570049285889,61.790341333402765,0.6553149955485988,0.4376274047196348,0.21768759082896405,16.35186859826531,14.077050018310548,11.802231438355786,32.319535371342994
2021-04-20,15.323249816894531,15.496999740600586,14.963000297546388,15.171250343322754,15.098597526550291,334132000,-0.012400860517267409,14.176300048828125,13.862175064086914,59.413006134462286,0.6267405109667958,0.47545002596906705,0.1512904849977288,16.460188649013272,14.176300048828125,11.892411448642978,32.22122263663491
2021-04-21,15.118749618530272,15.362500190734863,15.102250099182127,15.36050033569336,15.286940574645996,216776000,0.012474208135193399,14.290787553787231,13.880610065460205,61.01760152259747,0.6123076177545848,0.5028215443261707,0.1094860734284141,16.571080422974912,14.290787553787231,12.01049468459955,31.91276702708209
2021-04-22,15.375,15.43850040435791,14.783499717712402,14.850250244140623,14.779132843017578,277788000,-0.03321840162515166,14.40115008354187,13.892350063323974,54.73453068124677,0.553318219840472,0.512920879429031,0.04039734041144105,16.562301332749392,14.40115008354187,12.239998834334347,30.013592479358444
2021-04-23,14.934249877929688,15.335000038146973,14.900250434875488,15.265250205993652,15.192146301269531,227500000,0.02794571661537515,14.537650108337402,13.902370071411132,58.479348006718034,0.5339012444163771,0.5171169524265002,0.016784291989876854,16.549878390233857,14.537650108337402,12.525421826440946,27.682992325457533
2021-04-26,15.1850004196167,15.479000091552734,15.125,15.477999687194824,15.403878211975098,197796000,0.013936932050731654,14.6695876121521,13.906915073394776,60.29292757397387,0.5295756383033865,0.5196086896018776,0.009966948701508938,16.56151024666058,14.6695876121521,12.777664977643623,25.793808040537325
2021-04-27,15.578499794006348,15.670499801635742,15.354499816894531,15.381750106811523,15.308087348937988,164572000,-0.006218619864356012,14.79126262664795,13.91532506942749,59.036583247892935,0.5124735514514835,0.5181816619717987,-0.005708110520315168,16.53166095491614,14.79126262664795,13.050864298379759,23.532789217503154
2021-04-28,15.364500045776367,15.53225040435791,15.215499877929688,15.27674961090088,15.203590393066406,209416000,-0.006826258139873476,14.911512613296509,13.914255065917969,57.62587554872079,0.4848582181877301,0.511516973214985,-0.0266587550272549,16.42193632463059,14.911512613296509,13.40108890196243,20.25849087888299
2021-04-29,15.399999618530272,15.43649959564209,15.071499824523926,15.324749946594238,15.251359939575195,173196000,0.00314199115299596,15.010337591171265,13.922630062103272,58.11856692797622,0.4615259101510656,0.5015187606022011,-0.03999285045113554,16.34739015003278,15.010337591171265,13.67328503230975,17.815089777167152
2021-04-30,15.174500465393066,15.364999771118164,14.996999740600586,15.009499549865724,14.937621116638184,201912000,-0.02057120310451155,15.070225048065186,13.926240043640137,53.702226264672824,0.4128378775040993,0.4837825839825808,-0.0709447064784815,16.28925802974659,15.070225048065186,13.851192066383781,16.178032879978954
2021-05-03,15.125,15.246749877929688,14.787500381469728,14.836750030517578,14.76569652557373,203912000,-0.011509502732865218,15.11268754005432,13.924445037841798,51.39741770457256,0.3562066893853544,0.4582674050631355,-0.10206071567778113,16.233077048640922,15.11268754005432,13.992298031467719,14.82713786832616
2021-05-04,14.637249946594238,14.637499809265137,14.010250091552734,14.35124969482422,14.282523155212402,405324000,-0.03272269408520534,15.137175035476684,13.924355030059814,45.48857690929927,0.2690488179049826,0.42042368763150495,-0.15137486972652237,16.16466589220582,15.137175035476684,14.109684178747546,13.575728024826676
2021-05-05,14.708999633789062,14.81350040435791,14.387499809265137,14.458499908447266,14.389259338378906,292024000,0.00747320217909464,15.15292501449585,13.930685024261475,46.939764242438706,0.20625222546259891,0.3775893951977238,-0.17133716973512486,16.127290097041858,15.15292501449585,14.178559931949842,12.860422414997688
2021-05-06,14.49524974822998,14.571249961853027,14.218000411987305,14.52299976348877,14.453449249267578,193380000,0.004460960038260353,15.163224983215333,13.931165027618409,47.83910901812134,0.15984745086902663,0.3340410063319844,-0.17419355546295778,16.105864959645746,15.163224983215333,14.220585006784917,12.433238674145551
2021-05-07,14.808250427246094,14.970749855041504,14.67175006866455,14.812250137329102,14.74131679534912,229328000,0.01991687528125019,15.183837509155273,13.961260032653808,51.78578955307398,0.14474291426167873,0.2961813879179233,-0.15143847365624458,16.075467868267992,15.183837509155273,14.292207150042552,11.744466556298448
2021-05-10,14.787249565124512,14.805999755859377,14.25,14.26574993133545,14.197430610656738,268904000,-0.03689535963734103,15.136675024032593,13.972285022735596,44.876863382337106,0.0876639256807934,0.2544778954704973,-0.16681396978970392,16.113689778724602,15.136675024032593,14.159660269340584,12.909238695298624
2021-05-11,13.824999809265137,14.35474967956543,13.75,14.306249618530272,14.23773956298828,285584000,0.0028391723430072346,15.068012523651124,13.981575012207031,45.45760132999305,0.04517564556395115,0.2126174454891881,-0.16744179992523694,16.07533036630914,15.068012523651124,14.060694680993109,13.370281463157852
2021-05-12,14.009499549865724,14.260250091552734,13.709250450134276,13.758500099182127,13.69261074066162,303408000,-0.03828759613947075,14.992087507247925,13.988620014190674,39.41018610534845,-0.03232283351335852,0.1636293896886788,-0.1959522232020373,16.143547525169442,14.992087507247925,13.840627489326408,15.360903107920675
2021-05-13,14.0337495803833,14.080750465393066,13.458999633789062,13.665249824523926,13.599806785583496,285404000,-0.006777666935534277,14.868487453460693,14.005830001831054,38.47184849268599,-0.10011143209636764,0.1108812253316695,-0.21099265742803713,16.032348307516436,14.868487453460693,13.70462659940495,15.655403519674765
2021-05-14,13.890000343322754,14.32800006866455,13.748499870300291,14.243000030517578,14.174790382385254,258616000,0.042278806299753446,14.785012435913085,14.043285007476806,46.906492023436385,-0.10599295094001171,0.06750639007733326,-0.173499341017345,15.874486656749482,14.785012435913085,13.695538215076688,14.737548927453629
2021-05-17,14.156999588012695,14.169249534606934,13.853500366210938,14.165499687194824,14.097661018371582,216980000,-0.00544130543965704,14.725199937820435,14.07736499786377,45.9956196299046,-0.11557544521716068,0.03089002301843448,-0.14646546823559514,15.812801880038606,14.725199937820435,13.637597995602263,14.771982001069572
2021-05-18,14.267000198364258,14.404250144958496,14.003999710083008,14.01574993133545,13.948630332946776,186256000,-0.010571305781192697,14.66742491722107,14.125814990997315,44.20919628832164,-0.13371184780807255,-0.0020303511468669246,-0.13168149666120563,15.776657914470187,14.66742491722107,13.558191919971952,15.125122555722287
2021-05-19,13.566499710083008,14.079500198364258,13.54325008392334,14.065750122070312,13.998391151428224,344000000,0.0035674340271183436,14.602687406539918,14.15672498703003,44.977614322603046,-0.14240887909209654,-0.030106056735912847,-0.11230282235618369,15.693542972467561,14.602687406539918,13.511831840612274,14.940476852761996
2021-05-20,14.302499771118164,14.68375015258789,14.270500183105469,14.612500190734863,14.542521476745604,321592000,0.038870918767108575,14.590799903869629,14.199609985351563,52.6564841626069,-0.10398450918933477,-0.044881747226597234,-0.05910276196273754,15.675771056145543,14.590799903869629,13.505828751593715,14.871990013216049
2021-05-21,15.16374969482422,15.222000122070312,14.869500160217283,14.99174976348877,14.919957160949709,672992000,0.02595393686078773,14.577124881744385,14.23957498550415,57.12611510053425,-0.042441410052221684,-0.04439367979172213,0.0019522697395004465,15.634286124095382,14.577124881744385,13.519963639393389,14.504386165682497
2021-05-24,15.212499618530272,15.744999885559082,15.175999641418455,15.612000465393066,15.53723430633545,554816000,0.041372581618488224,14.583824920654298,14.294694995880127,63.23874781881545,0.05573846902537127,-0.02436725002830345,0.08010571905367472,15.665161474161527,14.583824920654298,13.502488367147068,14.829258570922505
2021-05-25,15.765999794006348,15.818499565124512,15.482500076293944,15.647749900817873,15.57281494140625,435408000,0.002290023717817835,14.597124910354614,14.343824996948243,63.56121532151852,0.13487663729355148,0.007481527436067538,0.12739510985748395,15.72301635058728,14.597124910354614,13.471233470121948,15.426208203973147
2021-05-26,15.73425006866455,15.793749809265137,15.58625030517578,15.699999809265137,15.6248140335083,370440000,0.0033390939465793856,14.618287420272827,14.391999988555908,64.05747080874309,0.19951050384938718,0.045887322718731464,0.1536231811306557,15.80855158830272,14.618287420272827,13.428023252242934,16.284591126306896
2021-05-27,15.699749946594238,15.75,15.460000038146973,15.48799991607666,15.41382884979248,581476000,-0.01350321247109565,14.626449918746948,14.434934978485108,60.45963178761833,0.2309642767216964,0.08290271351932446,0.14806156320237193,15.838029214139004,14.626449918746948,13.414870623354892,16.56696330446059
2021-05-28,15.50100040435791,16.27750015258789,15.50100040435791,16.24449920654297,16.166704177856445,644536000,0.04884414738224496,14.688199901580811,14.505374965667725,67.47893849707732,0.3133229962831052,0.12898677007208062,0.1843362262110246,16.083529053813425,14.688199901580811,13.292870749348198,18.999321381545762
2021-06-01,16.270000457763672,16.38825035095215,15.903249740600586,16.26449966430664,16.186607360839844,472804000,0.0012311218640754795,14.759587383270263,14.573749961853027,67.64248631261637,0.3758739042934689,0.1783641969163583,0.1975097073771106,16.314929632787976,14.759587383270263,13.20424513375255,21.075687404116273
2021-06-02,16.25225067138672,16.918750762939453,16.23550033569336,16.778249740600586,16.697900772094727,594168000,0.031587435208433545,14.880937385559083,14.645589962005616,71.59418590718744,0.46158047472625086,0.23500745247833682,0.22657302224791404,16.653460398084516,14.880937385559083,13.10841437303365,23.822733294282163
2021-06-03,16.70075035095215,17.259000778198242,16.58300018310547,16.969749450683594,16.888484954833984,580008000,0.011413661234456418,15.006499862670898,14.723569946289063,72.92167651129273,0.5387456509440121,0.2957550921714719,0.24299055877254017,16.985315309236505,15.006499862670898,13.02768441610529,26.372777991861625
2021-06-04,17.112499237060547,17.660999298095703,17.095500946044922,17.578250885009766,17.494070053100586,617120000,0.03585787001534824,15.159262418746948,14.822274971008301,76.65500474169372,0.6416045712210519,0.3649249879813879,0.27667958323966396,17.417224148362727,15.159262418746948,12.901300689131169,29.7898626891429
2021-06-07,17.571250915527344,17.8125,17.192750930786133,17.618999481201172,17.534626007080078,575756000,0.0023182686393956597,15.299599885940552,14.923949966430664,76.8848349599765,0.7181309116331942,0.43556617271174913,0.28256473892144507,17.79070215847122,15.299599885940552,12.808497613409886,32.5642799955814
2021-06-08,17.527250289916992,17.62150001525879,17.250999450683594,17.457000732421875,17.373401641845703,323848000,-0.009194628112927927,15.459162425994872,15.016304988861084,73.77521362634496,0.756980640980732,0.4998490663655457,0.2571315746151863,18.07083933024727,15.459162425994872,12.847485521742476,33.78807767568072
2021-06-09,17.515750885009766,17.575000762939453,17.25575065612793,17.35824966430664,17.279085159301758,381656000,-0.005428786169127342,15.611762428283692,15.104504985809326,71.86706775852585,0.7709143250246733,0.5540621180973713,0.216852206927302,18.29190684395083,15.611762428283692,12.931618012616553,34.33493723695852
2021-06-10,17.350000381469727,17.492000579833984,17.176000595092773,17.424999237060547,17.34552574157715,287772000,0.0038451446742031603,15.795087385177613,15.195569972991944,72.38695218996924,0.7783704328568497,0.5989237810492669,0.1794466518075828,18.444500758435623,15.795087385177613,13.145674011919603,33.54730883913015
2021-06-11,17.47949981689453,17.939250946044922,17.443750381469727,17.82525062561035,17.743953704833984,416308000,0.022970071313653362,16.003087425231932,15.285109977722168,75.3308034156238,0.8072706801554723,0.640593160870508,0.16667751928496433,18.603742363003306,16.003087425231932,13.402432487460556,32.501915020109735
2021-06-14,17.9060001373291,18.039499282836918,17.662750244140625,18.018749237060547,17.93657112121582,321376000,0.010855383168034471,16.19187488555908,15.369249954223633,76.62806023013086,0.8361494448480755,0.6797044176660215,0.156445027182054,18.802208248402593,16.19187488555908,13.581541522715568,32.24250905213663
2021-06-15,17.915000915527344,18.01625061035156,17.72800064086914,17.78849983215332,17.707368850708008,243032000,-0.012778488650860731,16.373024892807006,15.445269947052003,71.79032368944766,0.8308790151434344,0.7099393371615041,0.12093967798193028,18.897144921604863,16.373024892807006,13.84890486400915,30.832665867462914
2021-06-16,17.79075050354004,17.954750061035156,17.58449935913086,17.81024932861328,17.729019165039062,307124000,0.0012226725784949544,16.5627498626709,15.524244937896729,71.97033824068197,0.8190160569426617,0.7317546811177357,0.08726137582492599,18.914126784816446,16.5627498626709,14.21137294052535,28.393557128397834
2021-06-17,17.774499893188477,18.834999084472656,17.756250381469727,18.657249450683597,18.572160720825195,809656000,0.047557146164564745,16.792324829101563,15.614519920349121,77.88806821788333,0.8679551614582905,0.7589947771858467,0.10896038427244381,19.01685600062452,16.792324829101563,14.567793657578603,26.494618156358975
2021-06-18,18.78400039672852,19.375,18.583999633789062,18.638750076293945,18.55373764038086,968856000,-0.0009919729169518554,16.993637323379517,15.700954914093018,77.50319724416218,0.8949308042305262,0.7861819825947827,0.10874882163574351,19.11918718154692,16.993637323379517,14.868087465212113,25.01583172241899
2021-06-21,18.43524932861328,18.536500930786133,17.822750091552734,18.427249908447266,18.343202590942383,672384000,-0.011347311982048414,17.16541233062744,15.781499919891358,73.058392416325,0.8889951171813415,0.8067446095120945,0.08225050766924702,19.16777938874122,17.16541233062744,15.16304527251366,23.33025294756305
2021-06-22,18.47150039672852,18.9637508392334,18.38599967956543,18.886749267578125,18.800609588623047,580144000,0.024936048948536627,17.329149770736695,15.85505491256714,76.24576609902007,0.9108688711654231,0.8275694618427603,0.08329940932266289,19.332201573296253,17.329149770736695,15.32609796817714,23.11771586096002
2021-06-23,19.00774955749512,19.15275001525879,18.90774917602539,19.057249069213867,18.970335006713867,332356000,0.009027655049734573,17.499624729156494,15.922609901428222,77.31805879575002,0.931227279446798,0.8483010253635679,0.08292625408323007,19.481496069710925,17.499624729156494,15.517753388602063,22.650443894975567
2021-06-24,19.22775077819824,19.420000076293945,19.08824920654297,19.20549964904785,19.11791229248047,320924000,0.007779371619656361,17.67489972114563,16.001179885864257,78.2379354961447,0.9483915797172884,0.8683191362343121,0.08007244348297626,19.60860099002041,17.67489972114563,15.741198452270847,21.880760845973786
2021-06-25,19.280500411987305,19.34550094604492,18.894500732421875,19.0310001373291,18.944204330444336,278364000,-0.009086136570699566,17.85204973220825,16.05905487060547,74.41252589218212,0.9371113231001651,0.8820775736074828,0.05503374949268225,19.591293133185367,17.85204973220825,16.112806331231134,19.485083528971064
2021-06-28,19.36124992370605,20.07875061035156,19.319000244140625,19.98500061035156,19.89385414123535,495436000,0.05012877786927583,18.03907480239868,16.140504875183105,80.13197619713101,0.9936967857284245,0.9044014160316712,0.08929536969675322,19.84962893070433,18.03907480239868,16.22852067409303,20.073691673642802
2021-06-29,19.88249969482422,20.0987491607666,19.65699958801269,20.026750564575195,19.93540954589844,367632000,0.002088856406007089,18.22718734741211,16.23380489349365,80.33909639179367,1.03003642617891,0.929528418061119,0.10050800811779093,20.042926463067452,18.22718734741211,16.411448231756765,19.92341529219144
2021-06-30,19.999250411987305,20.162500381469727,19.863750457763672,20.002500534057617,19.91126823425293,326568000,-0.0012109764582427518,18.38839988708496,16.33042989730835,79.81860580349588,1.0448348722321121,0.9525897088953177,0.09224516333679444,20.23323428311587,18.38839988708496,16.543565491054053,20.06519770463141
2021-07-01,20.125,20.45599937438965,20.018999099731445,20.21199989318848,20.119813919067383,480136000,0.01047375196601985,18.550512409210206,16.42745988845825,80.96589646369773,1.0612343458257492,0.974318636281404,0.08691570954434513,20.43754225894001,18.550512409210206,16.663482559480403,20.344773320578522
2021-07-02,20.44025039672852,20.505250930786133,20.287750244140625,20.48699951171875,20.393564224243164,342764000,0.013606005814812638,18.695949840545655,16.540194873809813,82.38175243549341,1.0839263890559394,0.9962401868363111,0.0876862022196283,20.70523116315475,18.695949840545655,16.68666851793656,21.4942951788584
2021-07-06,20.737499237060547,20.84199905395508,20.350250244140625,20.69849967956543,20.60409164428711,446708000,0.010323228334636836,18.849924850463868,16.64885986328125,83.40421575773377,1.1062244261835303,1.018237034705755,0.08798739147777535,20.974178831258467,18.849924850463868,16.72567086966927,22.538593629908547
2021-07-07,20.853500366210938,20.875,20.332000732421875,20.371749877929688,20.27884101867676,418428000,-0.015785729903823764,18.99566230773926,16.74673486709595,76.06022787600304,1.0850223408831106,1.0315940959412262,0.05342824494188436,21.11760484047406,18.99566230773926,16.87371977500446,22.341337704979857
2021-07-08,19.85650062561035,20.132999420166016,19.70075035095215,19.90275001525879,19.811983108520508,503300000,-0.023021922689086538,19.122887325286865,16.837154865264893,66.9480175383078,1.018632999071336,1.0290018765672482,-0.010368877495912088,21.13937756347822,19.122887325286865,17.10639708709551,21.089809335694614
2021-07-09,19.962499618530277,20.080249786376957,19.754249572753903,20.050249099731445,19.958803176879883,296624000,0.007410669974588835,19.25414981842041,16.932624855041503,68.23683433088719,0.9667765129480088,1.0165568038434003,-0.04978029089539149,21.14960456396791,19.25414981842041,17.35869507287291,19.688791906398507
2021-07-12,20.239999771118164,20.53274917602539,20.1877498626709,20.512500762939453,20.4189453125,321984000,0.023054595585828563,19.388512325286865,17.036379871368407,71.93083528026875,0.9520055922474846,1.0036465615242172,-0.05164096927673256,21.240234334305644,19.388512325286865,17.536790316268085,19.101228376389955
2021-07-13,20.40049934387207,20.46125030517578,20.11400032043457,20.25,20.15764617919922,290708000,-0.012796896671289915,19.500074863433838,17.141189880371094,67.15459950505634,0.9086436351992297,0.9846459762592198,-0.07600234105999004,21.275538638951783,19.500074863433838,17.724611087915893,18.20981496688775
2021-07-14,20.357749938964844,20.417749404907227,19.75275039672852,19.84149932861328,19.75100326538086,380100000,-0.020173134809657323,19.602724838256837,17.241284866333007,60.429948282033116,0.8317287305613483,0.9540625271196456,-0.12233379655829724,21.198826296308873,19.602724838256837,18.0066233802048,16.28448566433042
2021-07-15,19.811750411987305,19.847000122070312,18.85849952697754,18.966249465942383,18.879751205444336,550564000,-0.044111787549730996,19.66052484512329,17.33358486175537,49.087880429939744,0.6921688734318678,0.9016837963820901,-0.20951492295022223,21.06501870078766,19.66052484512329,18.25603098945892,14.287450276412622
2021-07-16,19.030500411987305,19.15699958801269,18.072999954223636,18.160999298095703,18.078170776367188,688224000,-0.04245715000979444,19.635712337493896,17.40763484954834,41.390781015087306,0.5107026600300415,0.8234875691116803,-0.3127849090816388,21.125189903044845,19.635712337493896,18.146234771942947,15.171108029595946
2021-07-19,17.915250778198242,19.04199981689453,17.86549949645996,18.77975082397461,18.6940975189209,749060000,0.03407019162352887,19.64276237487793,17.492769870758057,48.12217098857678,0.4120673990584933,0.741203535101043,-0.32913613604254965,21.114527260532217,19.64276237487793,18.17099748922364,14.98531476954177
2021-07-20,18.729999542236328,18.83799934387207,18.16399955749512,18.61199951171875,18.527114868164062,434687000,-0.008932372936849564,19.651999855041502,17.56876485824585,46.560843578140805,0.3167112648517296,0.6563050810511804,-0.3395938161994507,21.095173738982673,19.651999855041502,18.20882597110033,14.687297929843416
2021-07-21,18.881999969482425,19.527000427246094,18.742000579833984,19.40999984741211,19.321475982666016,371017000,0.042875597207363336,19.678162384033204,17.671649856567385,54.17727469664046,0.30205094414844424,0.5854542536706332,-0.28340330952218895,21.083368438678853,19.678162384033204,18.272956329387554,14.281882903718987
2021-07-22,19.642000198364254,19.886999130249023,19.275999069213867,19.5939998626709,19.5046329498291,323826000,0.009479450085873475,19.704999923706055,17.777404861450194,55.74354953844784,0.3018008257930269,0.528723568095112,-0.2269227423020851,21.081965079026425,19.704999923706055,18.328034768385685,13.975794576520808
2021-07-23,19.6560001373291,19.700000762939453,19.25,19.558000564575195,19.46879768371582,195672000,-0.0018372694428784309,19.72262496948242,17.89339487075806,55.34495991214689,0.2952937995890679,0.4820376143939032,-0.18674381480483532,21.082482361804217,19.72262496948242,18.362767577160625,13.789821531626304
2021-07-26,19.31100082397461,19.441999435424805,18.91399955749512,19.29400062561035,19.20600700378418,203943000,-0.013498043597804932,19.735774993896484,18.005969886779784,52.386631898908725,0.2657707064396071,0.438784232803044,-0.17301352636343692,21.0735325275421,19.735774993896484,18.39801746025087,13.556675976082333
2021-07-27,19.26499938964844,19.621999740600582,18.74099922180176,19.20800018310547,19.12040138244629,248863000,-0.004457231600562439,19.69692497253418,18.105269889831543,51.42235501906304,0.23275091774445755,0.39757756979132675,-0.1648266520468692,21.048533085408547,19.69692497253418,18.345316859659814,13.724052000594794
2021-07-28,19.319000244140625,19.645999908447266,18.9950008392334,19.50300025939941,19.414051055908203,202191000,0.015357924114056676,19.67073745727539,18.212019901275635,54.51517025417657,0.22776105043416095,0.3636142659198936,-0.13585321548573265,21.016049956885027,19.67073745727539,18.325424957665753,13.678312798710673
2021-07-29,19.518999099731445,19.85300064086914,19.327999114990234,19.66200065612793,19.572328567504883,190781000,0.008152729749235421,19.653712463378906,18.324944915771486,56.136176786416804,0.23393983503909155,0.3376793797437332,-0.10373954470464164,20.9903905242645,19.653712463378906,18.31703440249331,13.602295885586512
2021-07-30,19.417999267578125,19.6299991607666,19.26300048828125,19.499000549316406,19.41006851196289,183497000,-0.008290278542093632,19.618062496185303,18.433609924316407,54.011095522886855,0.2231119245988502,0.31476588871475664,-0.09165396411590643,20.931102762979567,19.618062496185303,18.30502222939104,13.38603409026332
2021-08-02,19.700000762939453,19.961000442504883,19.36100006103516,19.75,19.65991973876953,217444000,0.01287224857823932,19.581212520599365,18.53635992050171,56.72761668089842,0.23210868115064542,0.29823444720193437,-0.06612576605128895,20.834653485707076,19.581212520599365,18.327771555491655,12.802485686615118
2021-08-03,19.739999771118164,20.222000122070312,19.21999931335449,19.815000534057617,19.724632263183597,301811000,0.0032915965718034457,19.537037563323974,18.632824935913085,57.42891624891597,0.24169753665136895,0.2869270650918213,-0.04522952844045236,20.687938859499397,19.537037563323974,18.38613626714855,11.781738070012821
2021-08-04,19.989999771118164,20.31800079345703,19.827999114990234,20.27400016784668,20.18153381347656,231309000,0.023164008545080828,19.532150077819825,18.72606492996216,62.09994646575776,0.28307114024734403,0.28615588012292587,-0.0030847398755818323,20.669582313138548,19.532150077819825,18.3947178425011,11.646769360126513
2021-08-05,20.5,20.732999801635746,20.34199905395508,20.636999130249023,20.54287338256836,211435000,0.017904465162628558,19.568862533569337,18.82584991455078,65.3389908651573,0.3412176569857195,0.2971682354954846,0.044049421490234886,20.795659295595673,19.568862533569337,18.342065771543,12.538253155203389
2021-08-06,20.52400016784668,20.56999969482422,20.209999084472656,20.36599922180176,20.273113250732425,178497000,-0.01313156766398793,19.58465003967285,18.919169902801514,61.138135656961005,0.3612672981212981,0.30998804802064733,0.051279250100650764,20.843527352460477,19.58465003967285,18.325772726885226,12.855754994217438
2021-08-09,20.44599914550781,20.507999420166016,20.14299964904785,20.295000076293945,20.202436447143555,146443000,-0.003486233353247714,19.573775005340575,19.01530990600586,60.04885773340506,0.3671949506728076,0.3214294285510794,0.045765522121728186,20.803830721613917,19.573775005340575,18.343719289067234,12.568405593072656
2021-08-10,20.32200050354004,20.43000030517578,19.834999084472656,19.93600082397461,19.84507751464844,179238000,-0.017688902693993702,19.558075046539308,19.089139938354492,54.73826893420298,0.33901644806320874,0.3249468324535053,0.014069615609703434,20.760920244546046,19.558075046539308,18.35522984853257,12.300241155067813
2021-08-11,20.042999267578125,20.048999786376957,19.43000030517578,19.698999404907227,19.609155654907227,185925000,-0.011888180309050034,19.550950050354004,19.157829933166504,51.50018010695129,0.2941697422404772,0.31879141441089975,-0.02462167217042255,20.748672713706316,19.550950050354004,18.35322738700169,12.252321859219578
2021-08-12,19.8700008392334,20.02899932861328,19.6200008392334,19.905000686645508,19.8142204284668,151652000,0.010457603436293539,19.59788761138916,19.2203649520874,54.04487273600506,0.2721142232047491,0.30945597616966963,-0.03734175296492054,20.77365223736388,19.59788761138916,18.422122985414443,11.998891403902446
2021-08-13,19.905000686645508,20.214000701904297,19.85099983215332,20.1879997253418,20.09592628479004,183063000,0.014217357545821763,19.699237632751466,19.284729957580566,57.35512982106671,0.27430866324991143,0.30242651358571804,-0.028117850335806605,20.698263160355133,19.699237632751466,18.7002121051478,10.142783657198102
2021-08-16,20.13500022888184,20.28700065612793,19.452999114990234,19.950000762939453,19.8590145111084,210876000,-0.011789044721016495,19.75775012969971,19.33216495513916,53.84253515375297,0.2539162570167335,0.29272446227192117,-0.03880820525518769,20.667608572973567,19.75775012969971,18.84789168642585,9.210142220658673
2021-08-17,19.684999465942383,19.770000457763672,19.267000198364254,19.45800018310547,19.369260787963867,204585000,-0.024661532064976344,19.80005016326904,19.368944969177246,47.38231549526284,0.1957977585052184,0.27333912151858064,-0.07754136301336223,20.559066846756803,19.80005016326904,19.04103347978128,7.666815762879317
2021-08-18,19.5,19.63400077819824,19.0,19.040000915527344,18.953161239624023,285913000,-0.02148246920184016,19.781550216674805,19.400604972839357,42.69529947007952,0.11468733794431785,0.24160876480372812,-0.12692142685941027,20.59385832062018,19.781550216674805,18.969242112729432,8.212785095686181
2021-08-19,19.49399948120117,20.4950008392334,18.761999130249023,19.79800033569336,19.707704544067383,766555000,0.03981094736142965,19.79175024032593,19.44939998626709,51.97305914670018,0.11029949964979835,0.21534691177294218,-0.10504741212314384,20.599492394748452,19.79175024032593,18.984008085903405,8.162412566997126
2021-08-20,19.99099922180176,20.864999771118164,19.933000564575195,20.81599998474121,20.721057891845703,675741000,0.051419146532890814,19.854650211334228,19.517220001220704,61.08538170617518,0.18681270946104434,0.20964007131056261,-0.02282736184951828,20.768713386516342,19.854650211334228,18.940587036152113,9.207547506027707
2021-08-23,20.97100067138672,21.996999740600582,20.950000762939453,21.95800018310547,21.85785484313965,575807000,0.05486191666600693,19.987850189208984,19.599874992370605,68.34195364691026,0.3357297676218671,0.23485801057282352,0.10087175704904361,21.247410898724894,19.987850189208984,18.728289479693075,12.603263458477587
2021-08-24,21.75300025939941,21.958999633789062,21.53499984741211,21.792999267578125,21.693603515625,297299000,-0.007514521836354926,20.117100143432616,19.675359992980958,66.41492023977776,0.4354142299836141,0.27496925445498166,0.16044497552863246,21.548795086817012,20.117100143432616,18.68540520004822,14.233611536221186
2021-08-25,21.73699951171875,22.46999931335449,21.722000122070312,22.21299934387207,22.111690521240234,347701000,0.019272363179040575,20.25260009765625,19.763849983215334,68.82461162664882,0.5420568862963648,0.32838678082325834,0.2136701054731065,21.919766681624587,20.25260009765625,18.58543351368791,16.463728863744986
2021-08-26,22.200000762939453,22.34000015258789,21.790000915527344,22.06800079345703,21.96735572814941,237940000,-0.006527533159537358,20.372900104522706,19.849005012512208,67.03637679764503,0.6078647026188762,0.3842823651823819,0.22358233743649425,22.19249633701179,20.372900104522706,18.553303872033624,17.862908306168343
2021-08-27,22.18400001525879,22.722000122070312,22.16699981689453,22.63599967956543,22.53276252746582,304722000,0.025738500633095684,20.529750061035156,19.928580017089843,70.29259840612414,0.6978067524457963,0.44698724263506484,0.2508195098107314,22.550667344015935,20.529750061035156,18.508832778054376,19.687694949744362
2021-08-30,22.82999992370605,23.042999267578125,22.551000595092773,22.6879997253418,22.58452415466309,262580000,0.002297171824101607,20.676650047302246,20.0095650100708,70.57913191674618,0.7644701084981023,0.5104838158076723,0.25398629269042994,22.869318406162844,20.676650047302246,18.48398168844165,21.209125790148804
2021-08-31,22.69499969482422,22.69499969482422,22.1200008392334,22.38500022888184,22.28683090209961,259850000,-0.01318129399250656,20.805150032043457,20.088720016479492,66.55113539410169,0.7838164235394522,0.5651503373540283,0.21866608618542394,23.08044114297413,20.805150032043457,18.529858921112783,21.87238359181587
2021-09-01,22.48500061035156,22.69700050354004,22.35700035095215,22.44099998474121,22.342586517333984,201767000,0.0025017291816542553,20.913500022888183,20.159805030822753,66.92681507290492,0.7945086289704335,0.6110219956773094,0.1834866332931241,23.281783733788743,20.913500022888183,18.545216311987623,22.648372661760675
2021-09-02,22.51799964904785,22.593000411987305,22.295000076293945,22.395999908447266,22.29778480529785,187834000,-0.002005216003141519,21.001450061798096,20.22658004760742,66.2825753528318,0.7902417339317047,0.6468659433281885,0.14337579060351624,23.45136792396213,21.001450061798096,18.55153219963406,23.33094005371055
2021-09-03,22.325000762939453,22.98600006103516,22.200000762939453,22.843000411987305,22.742830276489254,280532000,0.01995917868422792,21.125300121307372,20.29933006286621,69.4304394904187,0.8135512810192971,0.6802030108664103,0.13334827015288675,23.68229917622206,21.125300121307372,18.568301066392685,24.207931155833855
2021-09-07,22.83300018310547,22.89900016784668,22.52199935913086,22.66200065612793,22.562620162963867,198107000,-0.007923820884847443,21.24365015029907,20.37195007324219,66.71440151013249,0.8081037800533366,0.7057831647037955,0.10232061534954107,23.854517309535435,21.24365015029907,18.632782991062708,24.58021235300382
2021-09-08,22.51300048828125,22.61000061035156,21.976999282836918,22.339000701904297,22.24104118347168,254434000,-0.014252732048383843,21.363800144195558,20.41903007507324,62.049591042575976,0.7688602569646932,0.7183985831559752,0.05046167380871802,23.943887827414613,21.363800144195558,18.783712460976503,24.15382718247393
2021-09-09,22.312000274658203,22.538000106811523,22.131000518798828,22.177000045776367,22.07975006103516,196856000,-0.007251959164411015,21.487700176239013,20.462035064697265,59.79144285526035,0.7164288374523906,0.7180046340152583,-0.0015757965628676596,23.97233175798638,21.487700176239013,19.003068594491644,23.1260820038327
2021-09-10,22.347999572753903,22.625999450683597,22.270000457763672,22.47800064086914,22.379425048828125,248376000,0.013572390401366485,21.616350173950195,20.511545066833495,62.5206753627514,0.6911971022583892,0.7126431276638845,-0.02144602540549534,24.02515532932277,21.616350173950195,19.20754501857762,22.28688132814781
2021-09-13,22.68400001525879,22.964000701904297,21.857999801635746,22.152000427246094,22.054855346679688,297500000,-0.014503040245237853,21.71455020904541,20.55034507751465,57.93407072932059,0.637546043657732,0.697623710862654,-0.060077667204921914,24.04116073230493,21.71455020904541,19.387939685785888,21.429046430723204
2021-09-14,22.274999618530277,22.40999984741211,22.086000442504883,22.242000579833984,22.14446258544922,199755000,0.0040629257077862135,21.829150199890137,20.585445098876953,58.83199054891769,0.5954257558590186,0.677184119861927,-0.08175836400290837,24.018555992454395,21.829150199890137,19.63974440732588,20.05946885257382
2021-09-15,22.30900001525879,22.367000579833984,21.965999603271484,22.340999603271484,22.243030548095703,166538000,0.004451133653216477,21.973300170898437,20.618295097351073,59.847290295159226,0.5635374096714578,0.6544547778238332,-0.09091736815237539,23.88073518941832,21.973300170898437,20.065865152378553,17.361388627877588
2021-09-16,22.183000564575195,22.277000427246094,21.927000045776367,22.242000579833984,22.14446258544922,156033000,-0.004431408860107955,22.13340015411377,20.65570011138916,58.29890343047969,0.5242342259207078,0.6284106674432082,-0.10417644152250038,23.485942726092212,22.13340015411377,20.780857582135326,12.221733331171498
2021-09-17,22.299999237060547,22.32099914550781,21.82999992370605,21.899999618530277,21.8039608001709,294503000,-0.015376385133051618,22.238500118255615,20.69564510345459,53.18013458035481,0.4601848260584731,0.5947654991662612,-0.1345806731077881,23.078300153258066,22.238500118255615,21.398700083253164,7.552667945560394
2021-09-20,21.145999908447266,21.433000564575195,20.66200065612793,21.113000869750977,21.020414352416992,349440000,-0.03593596846623226,22.253350162506102,20.71690013885498,43.67659649561271,0.34197887383007597,0.5442081740990242,-0.20222930026894825,22.997010292700235,22.253350162506102,21.50969003231197,6.683579099448138
2021-09-21,21.41699981689453,21.424999237060547,20.950000762939453,21.246000289916992,21.15282821655273,204688000,0.006299298477934867,22.21775016784668,20.73157012939453,45.45072573481182,0.25607981800818536,0.48658250288085647,-0.23050268487267112,23.07417610268052,22.21775016784668,21.36132423301284,7.709384868979685
2021-09-22,21.36599922180176,21.959999084472656,21.19599914550781,21.94099998474121,21.84477996826172,268726000,0.03271202056883893,22.225150203704835,20.765390129089354,53.66429120973486,0.24130327052108314,0.43752665640890187,-0.19622338588781874,23.069236577867574,22.225150203704835,21.381063829542096,7.595776554275285
2021-09-23,22.13999938964844,22.53499984741211,21.88999938964844,22.48200035095215,22.383413314819336,248555000,0.024657302446634777,22.238600254058838,20.818200149536132,58.85744977179297,0.27013303295090907,0.40404793171730335,-0.13391489876639429,23.09002439194686,22.238600254058838,21.387176116170817,7.657173816347767
2021-09-24,22.06999969482422,22.14900016784668,21.86100006103516,22.08099937438965,21.98416519165039,217655000,-0.017836784656280136,22.23925018310547,20.880495147705076,54.02422622977097,0.25765333264506296,0.37476901190285533,-0.11711567925779237,23.09017212148188,22.23925018310547,21.388328244729056,7.652433705007142
2021-09-27,21.709999084472656,21.798999786376957,21.325000762939453,21.65999984741211,21.565013885498047,245215000,-0.019066055158261763,22.190450191497803,20.950475158691408,49.43450321916573,0.21135556150529666,0.34208632182334364,-0.13073076031804698,23.05657174542575,22.190450191497803,21.324328637569856,7.806254911040952
2021-09-28,21.214000701904297,21.41900062561035,20.650999069213867,20.698999404907227,20.60822868347168,343069000,-0.044367474424386155,22.091000175476076,20.98886013031006,40.89398834551692,0.0960127646403599,0.2928716103867469,-0.196858845746387,23.142655682507883,22.091000175476076,21.03934466844427,9.521121711811704
2021-09-29,20.940000534057617,21.017000198364254,20.46699905395508,20.517000198364254,20.427026748657227,218394000,-0.008792698178848424,21.997600173950197,21.02696014404297,39.50209921002444,-0.009968141284495857,0.2323036600524984,-0.24227180133699425,23.242306180860773,21.997600173950197,20.75289416703962,11.31674361810222
2021-09-30,20.76799964904785,21.06599998474121,20.6879997253418,20.715999603271484,20.625158309936523,221009000,0.009699481168610191,21.911350154876708,21.053080139160155,41.83333554039442,-0.07701342113291076,0.1704402438154166,-0.24745366494832735,23.256235319710292,21.911350154876708,20.566464990043123,12.275694152368423
2021-10-01,20.75,20.858999252319336,20.202999114990234,20.742000579833984,20.65104103088379,240978000,0.0012549101712735489,21.828650188446044,21.076040153503417,42.147020929162174,-0.12658997648912873,0.11103419975450754,-0.23762417624363627,23.245639100824064,21.828650188446044,20.411661276068024,12.982835861541597
2021-10-04,20.503999710083008,20.54199981689453,19.55500030517578,19.73200035095215,19.645471572875977,345635000,-0.048693402744393155,21.673100185394286,21.07952014923096,34.38892382932525,-0.24455920505236506,0.03991551879313302,-0.2844747238454981,23.280732356326936,21.673100185394286,20.065468014461636,14.835276514949614
2021-10-05,19.950000762939453,20.64800071716309,19.85400009155273,20.451000213623047,20.361316680908203,279282000,0.03643817382427095,21.562550163269044,21.102660140991212,42.50277817682471,-0.2768421249381099,-0.023436009953115566,-0.2534061149849943,23.186962920990204,21.562550163269044,19.938137405547884,15.06698183119623
2021-10-06,20.1200008392334,20.71999931335449,20.07999992370605,20.700000762939453,20.609224319458008,297202000,0.012175422760466903,21.4806001663208,21.13250015258789,45.03773657584428,-0.2791168231944283,-0.07457217260137812,-0.20454465059305021,23.10543148226113,21.4806001663208,19.85576885038047,15.128360505381833
2021-10-07,21.09199905395508,21.32200050354004,20.972000122070312,21.075000762939453,20.98258209228516,256919000,0.018116051678599643,21.425500202178956,21.16394016265869,48.705571781714184,-0.2478036457804933,-0.10921846723720116,-0.13858517854329214,23.02669987675117,21.425500202178956,19.82430052760674,14.946672511378509
2021-10-08,21.10099983215332,21.20599937438965,20.774999618530277,20.83099937438965,20.73965072631836,151258000,-0.01157776316081327,21.34315013885498,21.187320137023924,46.52975805041691,-0.23991105463360185,-0.1353569847164813,-0.10455406991712055,22.88776953478789,21.34315013885498,19.798530742922072,14.474146373744007
2021-10-11,20.575000762939453,21.0629997253418,20.51099967956543,20.69499969482422,20.60424041748047,163388000,-0.00652905444863916,21.270300102233886,21.211240119934082,45.31465798504569,-0.24184234877577637,-0.15665405752834033,-0.08518829124743604,22.792729939291323,21.270300102233886,19.74787026517645,14.315076230612714
2021-10-12,20.827999114990234,21.05699920654297,20.527999877929688,20.67099952697754,20.58035087585449,162134000,-0.0011594478195717794,21.191750049591064,21.22966011047363,45.09087298617841,-0.24251397610825975,-0.17382604124432424,-0.06868793486393551,22.66691242639873,21.191750049591064,19.716587672783398,13.922043940265642
2021-10-13,20.917999267578125,20.989999771118164,20.71299934387207,20.93899917602539,20.84717559814453,180652000,0.012965022992056374,21.12165002822876,21.252140083312987,48.16899963660754,-0.21889759844062695,-0.18284035268358478,-0.03605724575704217,22.501892644387084,21.12165002822876,19.741407412070437,13.069458250786756
2021-10-14,21.288000106811523,21.7549991607666,21.121999740600582,21.746000289916992,21.650636672973636,243589000,0.03854052416100995,21.09685001373291,21.281580085754396,56.141900231514,-0.1335240216847069,-0.17297708648380922,0.03945306479910232,22.41196791519316,21.09685001373291,19.781732112272664,12.46743376953599
2021-10-15,21.809999465942383,21.93099975585937,21.66200065612793,21.86199951171875,21.7661247253418,226994000,0.005334164260967222,21.094950008392335,21.306080093383787,57.1619516404798,-0.0558607512999032,-0.14955381944702803,0.09369306814712483,22.40552299299731,21.094950008392335,19.78437702378736,12.425466607729154
2021-10-18,21.749000549316406,22.291000366210938,21.643999099731445,22.222000122070312,22.124549865722656,189494000,0.01646710863342382,21.1503999710083,21.34320011138916,60.25170358002158,0.034341127477485855,-0.11277483006212526,0.1471159575396111,22.55014494048992,21.1503999710083,19.750655001526685,13.23610873931749
2021-10-19,22.275999069213867,22.378999710083008,22.03700065612793,22.290000915527344,22.19225311279297,161473000,0.0030600960237028296,21.20260000228882,21.38310012817383,60.82645784994923,0.11004532796372501,-0.06821079845695521,0.17825612642068023,22.687960828782163,21.20260000228882,19.717239175795473,14.01111963941215
2021-10-20,22.30500030517578,22.433000564575195,21.98200035095215,22.10300064086914,22.006078720092773,146276000,-0.008389161377799548,21.210700035095215,21.426440124511718,58.32865257653898,0.1531862571131022,-0.02393138734294373,0.17711764445604591,22.713740852215352,21.210700035095215,19.707659217975078,14.172477236802242
2021-10-21,22.097000122070312,22.711000442504883,22.08300018310547,22.691999435424805,22.59248924255371,187590000,0.026647660854067112,21.221199989318848,21.48630012512207,63.4234367703758,0.23222607687145924,0.027300105499936868,0.20492597137152238,22.76207616404482,21.221199989318848,19.680323814592874,14.522045647762935
2021-10-22,22.822999954223636,23.1299991607666,22.56100082397461,22.72599983215332,22.626338958740234,249384000,0.00149827298015337,21.253450012207033,21.542720108032228,63.69934015660866,0.2942176929240574,0.08068362298476098,0.21353406993929644,22.88904551440747,21.253450012207033,19.617854510006595,15.391341182358865
2021-10-25,22.972999572753903,23.354999542236328,22.770000457763672,23.166000366210938,23.06440734863281,230235000,0.01936099298659877,21.32875003814697,21.60228012084961,67.1524545019918,0.3745334724009268,0.13945359286799416,0.23507987953293266,23.159325217922746,21.32875003814697,19.498174858371197,17.165330143601924
2021-10-26,23.98900032043457,25.25900077819824,23.923999786376957,24.71699905395508,24.60861015319824,485898000,0.06695176603603326,21.529650020599366,21.69762008666992,75.86708730021326,0.5569171439774863,0.2229463030898926,0.33397084088759366,23.854793324489552,21.529650020599366,19.20450671670918,21.599452863056403
2021-10-27,24.474000930786133,25.09000015258789,24.28199958801269,24.451000213623047,24.343774795532227,245990000,-0.010761898214377341,21.726350021362304,21.797480087280274,72.32322413835556,0.6722444191294699,0.31280592629780807,0.3594384928316618,24.325059947457586,21.726350021362304,19.127640095267022,23.92219515510075
2021-10-28,24.87800025939941,24.950000762939453,24.52300071716309,24.94099998474121,24.831626892089844,234204000,0.020040117058885754,21.93760004043579,21.91550006866455,74.67043488085969,0.7940279421539316,0.40905032946903275,0.38497761268489883,24.842323827940394,21.93760004043579,19.032876252931185,26.48169154465907
2021-10-29,25.000999450683597,25.708999633789062,25.0,25.566999435424805,25.454879760742188,292503000,0.025099155659868755,22.178849983215333,22.030880050659178,77.31709416161303,0.9303309099096353,0.5133064455571533,0.41702446435248197,25.427423596628092,22.178849983215333,18.930276369802574,29.294337766577055
2021-11-01,25.64900016784668,25.893999099731445,25.226999282836918,25.82699966430664,25.713743209838867,265740000,0.010169501939502945,22.483599948883057,22.131100044250488,78.3298765690543,1.0472596817098392,0.6200970927876905,0.42716258892214864,25.896241879999142,22.483599948883057,19.070958017766973,30.3567216893629
2021-11-02,25.82200050354004,26.67799949645996,25.799999237060547,26.400999069213867,26.285228729248047,294112000,0.022224905753531532,22.7810998916626,22.219960021972657,80.4095029117127,1.1727250858569036,0.7306226914015332,0.44210239445537036,26.4600958040053,22.7810998916626,19.1021039793199,32.29866801724647
2021-11-03,26.670000076293945,26.78400039672852,26.23500061035156,26.597999572753903,26.48136138916016,239910000,0.007461706418170566,23.07599983215332,22.316060028076173,81.08057986468506,1.2733749431108556,0.8391731417433979,0.4342018013674578,26.97916482249348,23.07599983215332,19.172834841813163,33.82878331366271
2021-11-04,27.22900009155273,31.364999771118164,27.118000030517575,29.801000595092773,29.670310974121094,1153631000,0.12042241854930813,23.512299823760987,22.467820053100585,88.17383137926451,1.5932303265805992,0.9899845787108381,0.603245747869761,28.27859752831302,23.512299823760987,18.746002119208953,40.5430157005341
2021-11-05,30.187000274658203,31.399999618530277,29.40999984741211,29.75200080871582,29.621530532836918,851260000,-0.0016440825755659194,23.958349895477294,22.62150005340576,87.63254790297835,1.8217639879176417,1.1563404605521987,0.665423527365443,29.275365073081637,23.958349895477294,18.64133471787295,44.38548732112854
2021-11-08,30.14900016784668,31.100000381469727,29.90699958801269,30.804000854492188,30.668914794921875,503101000,0.035358884002427926,24.463799953460693,22.784860076904298,89.16974636161623,2.0639739656890264,1.3378671615795643,0.726106804109462,30.336740261221795,24.463799953460693,18.59085964569959,48.013312068718946
2021-11-09,32.28200149536133,32.310001373291016,29.964000701904297,30.65699958801269,30.52256393432617,646746000,-0.004771960846163936,24.96309995651245,22.944240074157715,87.53251849234954,2.2184919501988496,1.5139921193034214,0.7044998308954282,31.150854251407488,24.96309995651245,18.775345661617415,49.57520745159501
2021-11-10,29.356000900268555,30.850000381469727,28.777999877929688,29.458999633789062,29.32981300354004,636206000,-0.0390776781843265,25.389099979400633,23.08572006225586,75.38477413713836,2.2187041417120774,1.6549345237851527,0.5637696179269247,31.58315717152543,25.389099979400633,19.19504278727584,48.79304266122331
2021-11-11,30.468000411987305,30.59000015258789,29.777000427246094,30.38999938964844,30.256731033325195,332172000,0.03160327103596883,25.821299934387206,23.244700050354005,77.94622805926404,2.267853797733025,1.7775183785747273,0.4903354191582978,32.14320796976161,25.821299934387206,19.4993918990128,48.9666132335598
2021-11-12,30.01000022888184,30.68000030517578,29.6299991607666,30.38999938964844,30.256731033325195,413054000,0.0,26.24769992828369,23.40458003997803,77.94622805926404,2.2805168752681517,1.8781180779134121,0.4023987973547396,32.594245789117295,26.24769992828369,19.901154067450086,48.35887242062507
2021-11-15,30.552000045776367,30.643999099731445,29.246999740600582,30.024999618530277,29.893329620361328,384909000,-0.01201059733001597,26.63784990310669,23.548220024108886,74.4248466823153,2.2353325027034145,1.9495609628714126,0.285771539832002,32.90539512881386,26.63784990310669,20.370304677399528,47.05744081076303
2021-11-16,29.75900077819824,30.38999938964844,29.70599937438965,30.202999114990234,30.07054901123047,264484000,0.005928392491562073,27.033499813079835,23.69903999328613,75.01758531931088,2.188657156363714,1.997380201569873,0.1912769547938411,33.15046534903616,27.033499813079835,20.91653427712351,45.2547067767874
2021-11-17,30.417999267578125,30.50900077819824,28.799999237060547,29.26099967956543,29.132680892944336,428508000,-0.031188925680600832,27.391399765014647,23.837479972839354,66.26483278664497,2.052000936817368,2.008304348619372,0.04369658819799627,33.139032719484014,27.391399765014647,21.643766810545277,41.96669760419084
2021-11-18,32.367000579833984,32.7599983215332,31.32099914550781,31.674999237060547,31.53609848022461,781711000,0.0824990187519048,27.840549755096436,24.027439956665038,74.48167518382819,2.1141192373511224,2.029467326365722,0.08465191098540048,33.45137090006024,27.840549755096436,22.22972861013263,40.30682723092923
2021-11-19,32.24300003051758,33.0880012512207,31.905000686645508,32.98500061035156,32.84035110473633,533867000,0.041357450267019535,28.353499794006346,24.237579956054688,77.66144969386994,2.2431964286603083,2.072213146824639,0.17098328183566913,33.875292409513904,28.353499794006346,22.83170717849879,38.94963694517042
2021-11-22,33.516998291015625,34.64699935913086,31.899999618530277,31.95599937438965,31.815860748291016,754335000,-0.031196084145932224,28.792999744415283,24.433659934997557,70.25592325712635,2.2366762215049043,2.1051057617606923,0.131570459744212,33.98252028543762,28.792999744415283,23.603479203392943,36.04709885797088
2021-11-23,31.53499984741211,32.36000061035156,30.8799991607666,31.746000289916992,31.60678482055664,532163000,-0.006571437101402511,29.14444980621338,24.623739929199218,68.81376815198199,2.1893265456673277,2.1219499185420196,0.06737662712530801,34.130263779935376,29.14444980621338,24.158635832491385,34.21450057814478
2021-11-24,31.461000442504883,32.85499954223633,30.92799949645996,32.67399978637695,32.53071212768555,435162000,0.029231929548493518,29.555599784851076,24.83039993286133,71.58918220989227,2.201308080889195,2.137821551011455,0.06348652987774006,34.27449950381986,29.555599784851076,24.83670006588229,31.93235632719245
2021-11-26,32.599998474121094,32.709999084472656,31.350000381469727,31.50300025939941,31.36484909057617,283069000,-0.03583884153944361,29.883699798583983,25.015619926452636,63.865492653358025,2.0921961239293267,2.1286964655950293,-0.036500341665702596,34.16587022259293,29.883699798583983,25.601529374575037,28.658904037122294
2021-11-29,32.36600112915039,33.4119987487793,32.0359992980957,33.375999450683594,33.229637145996094,454964000,0.059454711547782146,30.274149799346922,25.245139923095703,69.52838641505761,2.132279897992788,2.129413152074581,0.0028667459182072363,34.32873112111433,30.274149799346922,26.219568477579518,26.785765074432394
2021-11-30,33.16899871826172,33.35300064086914,31.86400032043457,32.67599868774414,32.5327033996582,622066000,-0.020973257796221945,30.616599750518798,25.476399879455567,65.40304540461042,2.083544561563091,2.1202394339722828,-0.03669487240919178,34.24549608004047,30.616599750518798,26.98770342099713,23.705417055400986
2021-12-01,33.21900177001953,33.28900146484375,31.3799991607666,31.434999465942383,31.300975799560547,484368000,-0.03786121260708375,30.868299770355225,25.680179862976075,58.74803515260941,1.9226204191845504,2.0807156310147366,-0.15809521183018616,33.949723916504304,30.868299770355225,27.786875624206147,19.964974871135368
2021-12-02,31.214000701904297,32.47800064086914,31.024999618530277,32.125999450683594,31.98903465270996,472890000,0.021982025658096926,31.14469976425171,25.88387985229492,61.12030875945282,1.829752552352403,2.03052301528227,-0.20077046292986722,33.56520712503777,31.14469976425171,28.724192403465647,15.543623018413893
2021-12-03,32.0,32.12900161743164,30.1299991607666,30.69300079345703,30.56214141845703,544325000,-0.044605698475869815,31.18929977416992,26.04809986114502,54.16393688589608,1.6218276634903148,1.9487839449238793,-0.3269562814335645,33.54102257685828,31.18929977416992,28.83757697148156,15.0803180559763
2021-12-06,29.8799991607666,30.24099922180176,28.038000106811523,30.03700065612793,29.9089412689209,658938000,-0.02137285279171086,31.203549766540526,26.207219886779786,51.28626575678302,1.388110686463964,1.8366492932318965,-0.44853860676793245,33.523502541883836,31.203549766540526,28.883596991197216,14.86980034451714
2021-12-07,30.957000732421875,32.44900131225586,30.650999069213867,32.426998138427734,32.28875732421875,593053000,0.07956871605384364,31.284699630737304,26.4225598526001,59.68919335516969,1.379835239387866,1.7452864824630905,-0.3654512430752246,33.656044606715575,31.284699630737304,28.913354654759033,15.159774611666196
2021-12-08,31.999000549316406,32.290000915527344,31.42099952697754,31.826000213623047,31.690309524536133,475551000,-0.0185342468796017,31.343149662017822,26.645099868774412,57.02535768866678,1.3096841544932545,1.6581660168691235,-0.348481862375869,33.707343217112204,31.343149662017822,28.97895610692344,15.085870951631595
2021-12-09,31.733999252319336,32.20500183105469,30.42799949645996,30.489999771118164,30.36001205444336,488507000,-0.041978052283231704,31.39469966888428,26.84455986022949,51.52091218689069,1.1332217688689568,1.5531771672690904,-0.41995539840013363,33.633974157331735,31.39469966888428,29.155425180436822,14.265302819041349
2021-12-10,31.149999618530277,31.30500030517578,29.86100006103516,30.197999954223636,30.06925392150879,488825000,-0.009577009798717007,31.385099697113038,27.034199867248535,50.376366692043476,0.9587601221589708,1.4342937582470667,-0.47553363608809596,33.64308887068629,31.385099697113038,29.12711052353978,14.388924651279389
2021-12-13,30.249000549316406,30.29400062561035,28.11599922180176,28.160999298095703,28.040935516357425,598344000,-0.06745489630191626,31.2736496925354,27.18257984161377,43.17130126279153,0.6486518267018084,1.2771653719380152,-0.6285135452362067,33.906091609482125,31.2736496925354,28.641207775588676,16.834887791015024
2021-12-14,27.698999404907227,28.67799949645996,27.25,28.33699989318848,28.2161922454834,667035000,0.0062500314593192385,31.18924970626831,27.354679832458498,43.91765532409697,0.41233737685870864,1.104199772922154,-0.6918623960634454,34.07268758885029,31.18924970626831,28.305811823686327,18.489947079441794
2021-12-15,28.399999618530277,30.5,27.83799934387207,30.458999633789062,30.32914161682129,698297000,0.07488428463185404,31.202049732208252,27.554839820861815,52.08795152984798,0.3917680592590749,0.9617134301895383,-0.5699453709304634,34.070093254884384,31.202049732208252,28.334006209532117,18.38368663143051
2021-12-16,31.152000427246094,31.15999984741211,28.093000411987305,28.386999130249023,28.26597785949707,707366000,-0.06802578798273462,31.15834970474243,27.70857978820801,45.168432993427125,0.2059001143130459,0.8105507670142398,-0.6046506527011939,34.16657206941359,31.15834970474243,28.150127340071272,19.30925349498401
2021-12-17,27.98500061035156,28.92200088500977,27.76000022888184,27.801000595092773,27.68247413635254,713758000,-0.020643323434447525,30.964649772644044,27.843099784851074,43.41196826602618,0.011184318581459962,0.6506774773276838,-0.6394931587462238,34.29636050460927,30.964649772644044,27.632939040678824,21.519447217572907
2021-12-20,27.30500030517578,28.143999099731445,27.145000457763672,27.7189998626709,27.600818634033203,461847000,-0.0029497183639415336,30.70134973526001,27.9808597946167,43.15904885699028,-0.1480396176245904,0.490934058337229,-0.6389736759618194,34.18179136368637,30.70134973526001,27.22090810683365,22.67289000932183
2021-12-21,28.374000549316406,29.1200008392334,27.400999069213867,29.075000762939453,28.951045989990234,524385000,0.0489198300188145,30.5572998046875,28.148459815979002,48.502097766776274,-0.16292964263497822,0.36016131814278757,-0.5230909607777658,34.0565347855728,30.5572998046875,27.058064823802198,22.902776117335588
2021-12-22,28.891000747680664,29.55500030517578,28.448999404907227,29.399999618530277,29.27465438842773,395184000,0.011177779156904544,30.439999771118163,28.32303981781006,49.721965220527544,-0.14681303394772272,0.2587664477246855,-0.4055794816724082,33.92925115721932,30.439999771118163,26.950748385017008,22.925436349127697
2021-12-23,29.7549991607666,30.05900001525879,29.43099975585937,29.63999938964844,29.51363182067871,343022000,0.008163287910426975,30.288299751281738,28.49705982208252,50.65159474406461,-0.11336769743462938,0.18433961869282253,-0.29770731612745194,33.63683264790534,30.288299751281738,26.93976685465814,22.111065488130585
2021-12-27,29.65999984741211,31.08699989318848,29.63999938964844,30.94499969482422,30.813068389892575,403686000,0.04402835195305976,30.260399723052977,28.681039810180664,55.47265824308208,0.018230441812548293,0.15111778331676767,-0.13288734150421938,33.577131610281015,30.260399723052977,26.943667835824943,21.921269497978795
2021-12-28,31.312000274658203,31.32999992370605,30.011999130249023,30.32200050354004,30.19272804260254,420591000,-0.02013237823122871,30.1076997756958,28.850239830017088,52.81971862425863,0.07142870155547953,0.13517996696451007,-0.06375126540903053,33.10216265152723,30.1076997756958,27.113236899864372,19.89167487480186
2021-12-29,30.27300071716309,30.54800033569336,29.36599922180176,30.000999450683597,29.873090744018555,343139000,-0.010586565683397997,29.973949813842772,29.005819816589355,51.45427581318434,0.08668732589480399,0.12548143875056886,-0.03879411285576487,32.7268204677413,29.973949813842772,27.22107915994425,18.368421052251012
2021-12-30,29.82699966430664,30.457000732421875,29.540000915527344,29.586000442504883,29.459863662719727,308864000,-0.013832752855730823,29.8814998626709,29.151739807128905,49.66668588536404,0.06454886481425959,0.11329492396330701,-0.04874605914904742,32.55493895660462,29.8814998626709,27.208060768737177,17.893607122937524
2021-12-31,29.673999786376957,30.030000686645508,29.33099937438965,29.410999298095703,29.285608291625977,266530000,-0.005915009420571882,29.745749855041502,29.297899780273436,48.895264381590266,0.032508111823197794,0.09713756153528516,-0.06462944971208737,32.21764847893831,29.745749855041502,27.273851231144697,16.620180267386015
2022-01-03,29.815000534057617,30.711000442504883,29.78499984741211,30.121000289916992,29.992584228515625,391547000,0.02414072912024179,29.717149829864503,29.44647979736328,52.142958763262904,0.06367275071539424,0.09044459937130699,-0.02677184865591274,32.15758353532988,29.717149829864503,27.27671612439913,16.424412969865898
2022-01-04,30.277000427246094,30.468000411987305,28.349000930786133,29.290000915527344,29.16512680053711,527154000,-0.027588733990844494,29.679799842834473,29.57775981903076,48.27598210535828,0.021073326811070103,0.0765703448592596,-0.0554970180481895,32.12237367251465,29.679799842834473,27.2372260131543,16.45950338354374
2022-01-05,28.948999404907227,29.416000366210938,27.53300094604492,27.60400009155273,27.48631477355957,498064000,-0.05756230852206068,29.438649940490723,29.666519813537597,41.544226692815315,-0.14703823430637186,0.031848629026133314,-0.17888686333250517,31.693849053265257,29.438649940490723,27.18345082771619,15.32134875297166
2022-01-06,27.63999938964844,28.4379997253418,27.065000534057617,28.17799949645996,28.057861328125,454186000,0.020793859026719375,29.25624990463257,29.735739822387696,44.38743375767792,-0.23128479565300708,-0.020778055909694768,-0.2105067397433123,31.28868774845875,29.25624990463257,27.223812060806388,13.894042130836151
2022-01-07,28.141000747680664,28.42200088500977,27.05699920654297,27.246999740600582,27.130842208862305,409939000,-0.03303955025016314,29.094099903106688,29.791659812927247,40.911663767188855,-0.3689219989344146,-0.09040684451463873,-0.2785151544197758,31.222155963166973,29.094099903106688,26.966043843046403,14.628780867237273
2022-01-10,26.58099937438965,27.4689998626709,25.643999099731445,27.399999618530277,27.283180236816406,594681000,0.00561493914495359,28.954199886322023,29.84083980560303,41.71934798062468,-0.46034805683930813,-0.1643950869795726,-0.2959529698597355,31.140660639741363,28.954199886322023,26.767739132902683,15.102891891357181
2022-01-11,27.322999954223636,28.065000534057617,26.839000701904297,27.816999435424805,27.698406219482425,404089000,0.015219119584369611,28.936999893188478,29.885839805603027,43.967418486397726,-0.4934670848263245,-0.230209486548923,-0.26325759827740147,31.153356995656296,28.936999893188478,26.72064279072066,15.318499572511172
2022-01-12,28.066999435424805,28.59499931335449,27.607999801635746,27.999000549316406,27.87963104248047,383413000,0.00654278883636894,28.920099925994872,29.929279823303222,44.965223311317786,-0.49927287732820247,-0.2840221647047789,-0.21525071262342355,31.15953398930548,28.920099925994872,26.680665862684265,15.487042361825928
2022-01-13,28.378999710083008,28.479999542236328,26.49799919128418,26.575000762939453,26.46170425415039,540171000,-0.05085887923586829,28.725899982452393,29.932759857177736,39.098617232048746,-0.6117272803118468,-0.3495631878261925,-0.26216409248565425,31.06907432645906,28.725899982452393,26.382725638445727,16.31401867609388
2022-01-14,26.299999237060547,27.19700050354004,26.209999084472656,26.941999435424805,26.827133178710938,395832000,0.013809727485833756,28.65364999771118,29.939639854431153,41.226893830443274,-0.6635850833593224,-0.4123675669328185,-0.2512175164265039,31.120039107329305,28.65364999771118,26.187260888093057,17.215182776470964
2022-01-18,26.26000022888184,26.63800048828125,25.770000457763672,25.902999877929688,25.79256820678711,424270000,-0.038564127036310514,28.558749961853028,29.86167984008789,37.257285331138384,-0.7795353486427459,-0.485801123274804,-0.29373422536794186,31.2817747851613,28.558749961853028,25.835725138544756,19.069635939566794
2022-01-19,26.07900047302246,26.542999267578125,25.052000045776367,25.066999435424805,24.96013069152832,488315000,-0.03227431671731473,28.426149940490724,29.76797981262207,34.388145920770185,-0.9281854738521673,-0.5742779933902767,-0.3539074804618906,31.53130073032992,28.426149940490724,25.320999150651527,21.847142833902833
2022-01-20,25.304000854492188,25.57900047302246,24.077999114990234,24.149999618530277,24.04703521728516,435181000,-0.036582159185291174,28.179899883270263,29.63489978790283,31.520769683350878,-1.1072226174710558,-0.6808669182064326,-0.42635569926462313,31.781607242587047,28.179899883270263,24.57819252395348,25.56224382794938
2022-01-21,23.506999969482425,24.822999954223636,23.26300048828125,23.374000549316406,23.27434730529785,718958000,-0.032132356650432126,27.87859992980957,29.489239807128907,29.29468639740928,-1.2967790219248947,-0.8040493389501251,-0.4927296829747696,31.99330213813016,27.87859992980957,23.76389772148898,29.518714847088784
2022-01-24,22.32999992370605,23.3799991607666,20.88800048828125,23.371999740600582,23.272357940673828,913982000,-8.547456123808583e-05,27.56519994735718,29.367499809265137,29.288942887879898,-1.43067337457774,-0.9293741460756482,-0.5012992285020919,32.03501868068466,27.56519994735718,23.0953812140297,32.43088199515146
2022-01-25,22.54599952697754,22.94300079345703,22.0,22.323999404907227,22.22882080078125,664616000,-0.0448401980818951,27.134149932861327,29.206179809570312,26.372337629572584,-1.602873553724848,-1.0640740276054883,-0.5387995261193597,31.871817123310404,27.134149932861327,22.39648274241225,34.92032882674858
2022-01-26,23.239999771118164,24.05699920654297,22.299999237060547,22.77199935913086,22.67491340637207,755959000,0.020068208277388422,26.756649875640868,29.05381980895996,29.599713978784195,-1.6837839706259707,-1.1880160162095847,-0.495767954416386,31.61963851515422,26.756649875640868,21.893661236127514,36.349757253733
2022-01-27,23.56800079345703,23.9950008392334,21.674999237060547,21.944000244140625,21.85044288635254,573353000,-0.03636047050075353,26.353799915313722,28.89219982147217,27.224488138168496,-1.7940381130334693,-1.3092204355743617,-0.48481767745910753,31.40619188427194,26.353799915313722,21.301407946355503,38.34279675184423
2022-01-28,22.011999130249023,22.857999801635746,21.29599952697754,22.84000015258789,22.74262237548828,543774000,0.04083118560919341,26.01649990081787,28.74493984222412,33.4480754915853,-1.7884989086841934,-1.4050761301963282,-0.3834227784878652,31.061449168530018,26.01649990081787,20.97155063310572,38.7826901154644
2022-01-31,23.18199920654297,24.50900077819824,23.052000045776367,24.48600006103516,24.38159942626953,564680000,0.07206631775884031,25.770249938964845,28.649439849853515,43.07836630223034,-1.6324724862702027,-1.450555401411103,-0.18191708485909963,30.604804485066268,25.770249938964845,20.935695392863423,37.520431951973684
2022-02-01,25.10400009155273,25.145000457763672,23.88999938964844,24.63800048828125,24.532960891723636,518925000,0.006208020352062027,25.496099948883057,28.50869987487793,43.88588133293979,-1.4795004974616077,-1.456344420621204,-0.023156076840403772,29.91683256140727,25.496099948883057,21.075367336358845,34.677716367501745
2022-02-02,25.79400062561035,25.816999435424805,24.55299949645996,25.242000579833984,25.13438415527344,543419000,0.02451490736092521,25.293699932098388,28.353839874267578,47.09751645431389,-1.2946079006647757,-1.4239971166299183,0.12938921596514263,29.357342405691107,25.293699932098388,21.23005745850567,32.13165716760834
2022-02-03,24.45800018310547,25.07699966430664,23.780000686645508,23.947999954223636,23.84589958190918,410178000,-0.051263821122664144,25.110899925231934,28.193679885864256,41.603766734798334,-1.2382207832724745,-1.3868418499584296,0.1486210666859551,29.069966873880404,25.110899925231934,21.151832976583464,31.532656817849215
2022-02-04,23.972000122070312,24.63500022888184,23.631999969482425,24.319000244140625,24.215316772460938,354829000,0.015491853820940316,24.917949962615968,28.045139884948732,43.633849236019735,-1.150336599415926,-1.3395407998499291,0.1892042004340031,28.62864981798069,24.917949962615968,21.207250107251244,29.783347835049284
2022-02-07,24.371999740600582,25.18199920654297,24.20199966430664,24.72800064086914,24.622573852539062,376868000,0.016818160336489196,24.792000007629397,27.886219902038576,45.86802279111715,-1.0357454083429545,-1.2787817215485342,0.24303631320557972,28.345612455162144,24.792000007629397,21.23838756009665,28.667412443039453
2022-02-08,24.358999252319336,25.229999542236328,23.979999542236328,25.107999801635746,25.000957489013672,410359000,0.015367347002011034,24.677400016784667,27.7583198928833,47.93295158224681,-0.9038492952947941,-1.2037952362977862,0.2999459410029921,28.0293050833884,24.677400016784667,21.325494950180932,27.165787840889973
2022-02-09,25.621999740600582,26.725000381469727,25.35300064086914,26.70499992370605,26.591144561767575,524282000,0.06360504686481261,24.621800041198732,27.62489990234375,55.59868958840422,-0.662815586783708,-1.0955993063949705,0.4327837196112625,27.795712062819305,24.621800041198732,21.44788801957816,25.78131587706655
2022-02-10,25.9950008392334,26.924999237060547,25.600000381469727,25.823999404907227,25.71390151977539,513200000,-0.03299004448471443,24.51304998397827,27.48785991668701,51.12675786004267,-0.5366973028483315,-0.9838189056856428,0.4471216028373113,27.34754662867904,24.51304998397827,21.6785533392775,23.126429771516786
2022-02-11,25.916000366210938,26.152000427246094,23.77300071716309,23.948999404907227,23.846895217895508,605472000,-0.07260688544070426,24.38174991607666,27.338139915466307,43.168664753228455,-0.581343122524622,-0.9033237490534386,0.32198062652881665,27.06106229160782,24.38174991607666,21.702437540545503,21.978015398841343
2022-02-14,23.93400001525879,24.875,23.7549991607666,24.267000198364254,24.163543701171875,440424000,0.013278394540801486,24.247999954223634,27.18095993041992,44.739698899362615,-0.5843294635619039,-0.8395248919551317,0.25519542839322784,26.656073162365402,24.247999954223634,21.839926746081865,19.862035736455194
2022-02-15,24.948999404907227,26.545000076293945,24.78400039672852,26.4950008392334,26.38204002380371,699869000,0.09181171230791962,24.277600002288818,27.09699993133545,54.27661442593038,-0.4022779193643764,-0.7520754974369808,0.34979757807260436,26.779061489168413,24.277600002288818,21.776138515409222,20.607156281047263
2022-02-16,26.25900077819824,26.582000732421875,25.552000045776367,26.51099967956543,26.39797592163086,732676000,0.0006040434254808158,24.349800014495848,27.0264799118042,54.337555726757536,-0.2537843186205748,-0.6524172616736996,0.3986329430531248,27.016153842099353,24.349800014495848,21.683446186892343,21.900416644212104
2022-02-17,25.6299991607666,25.78499984741211,24.165000915527344,24.506999969482425,24.40251922607422,810595000,-0.0755912764478861,24.367650032043457,26.868079948425294,46.056946094521805,-0.29441427418552024,-0.5808166641760638,0.28640238999054357,27.0331943605051,24.367650032043457,21.702105703581815,21.877729899735527
2022-02-18,24.667999267578125,24.98600006103516,23.100000381469727,23.642000198364254,23.541208267211918,761255000,-0.03529598525802968,24.381050014495848,26.704399948120116,43.01019716097514,-0.39189454277505575,-0.5430322398958622,0.1511376971208065,27.029116102454022,24.381050014495848,21.732983926537674,21.722330140693337
2022-02-22,23.03499984741211,24.06399917602539,23.0,23.38999938964844,23.29027938842773,633422000,-0.010659133377350027,24.381949996948244,26.56239994049072,42.135692178894594,-0.4839045665216801,-0.5312067052210259,0.04730213869934574,27.028655598913243,24.381949996948244,21.735244394983244,21.710368549654753
2022-02-23,23.802000045776367,24.155000686645508,22.301000595092773,22.386999130249023,22.291549682617188,566511000,-0.042881825896291415,24.385099983215333,26.40617992401123,38.75788597137579,-0.6304890267137573,-0.5510631695195722,-0.07942585719418505,27.02213326288235,24.385099983215333,21.748066703548318,21.62823430276791
2022-02-24,21.01499938964844,23.799999237060547,20.88999938964844,23.74799919128418,23.64674949645996,735801000,0.06079432938211338,24.433899974823,26.317919921875,45.179833195813906,-0.6295795359359282,-0.5667664428028434,-0.06281309313308481,26.98442531688084,24.433899974823,21.883374632765157,20.876940191176484
2022-02-25,23.72100067138672,24.21699905395508,23.381000518798828,24.15699958801269,24.05400848388672,528866000,0.017222620279701673,24.5445499420166,26.234319915771483,46.97917354691645,-0.589065464095345,-0.5712262470613437,-0.017839217034001265,26.831823535313262,24.5445499420166,22.25727634871994,18.63773097245666
2022-02-28,23.992000579833984,24.665000915527344,23.707000732421875,24.38500022888184,24.28103828430176,477319000,0.009438335426177558,24.6217999458313,26.11283992767334,48.003744542360494,-0.532422587864918,-0.5634655152220587,0.03104292735714065,26.77394851493584,24.6217999458313,22.46965137672676,17.48165100715083
2022-03-01,24.291000366210938,24.37700080871582,23.131999969482425,23.476999282836918,23.37691116333008,412056000,-0.03723593325727825,24.571349906921387,26.014639930725096,44.32984955577816,-0.5544098960541817,-0.5616543913884833,0.007244495334301604,26.78041940054331,24.571349906921387,22.362280413299466,17.980855768934852
2022-03-02,23.756000518798828,24.40900039672852,23.415000915527344,24.21999931335449,24.120851516723636,389642000,0.0318237233394858,24.55044984817505,25.94301990509033,47.84720626606468,-0.5060477003656878,-0.5505330531839242,0.0444853528182364,26.764505350132815,24.55044984817505,22.336394346217283,18.03678153068423
2022-03-03,24.261999130249023,24.326000213623047,23.4689998626709,23.714000701904297,23.616920471191406,365095000,-0.020891926024371066,24.474049854278565,25.862919921875,45.72824167976349,-0.5027547274449091,-0.5409773880361212,0.03822266059121204,26.692827644289935,24.474049854278565,22.255272064267196,18.131676638907244
2022-03-04,23.38400077819824,23.68000030517578,22.48200035095215,22.93600082397461,22.842103958129883,431415000,-0.032807686082809484,24.423449897766112,25.740139923095704,42.60408207049056,-0.5565080326273524,-0.5440835169543674,-0.01242451567298497,26.73223891443821,24.423449897766112,22.114660881094014,18.906329992989814
2022-03-07,22.816999435424805,23.03300094604492,21.32999992370605,21.351999282836918,21.26459312438965,450821000,-0.06906153814166371,24.27509984970093,25.579179916381836,37.053498070567386,-0.7186395709365208,-0.5789947277507981,-0.13964484318572268,26.944754435302446,24.27509984970093,21.605445264099412,21.99500395162665
2022-03-08,21.30900001525879,22.37299919128418,20.649999618530277,21.513999938964844,21.425926208496094,557467000,0.007586934918656141,24.11439981460571,25.416659927368165,37.94396409487154,-0.8245529509356437,-0.6281063723877672,-0.1964465785478765,27.031156287023315,24.11439981460571,21.19764334218811,24.190993720283014
2022-03-09,22.386999130249023,23.21999931335449,22.246999740600582,23.013999938964844,22.919790267944336,492742000,0.0697222628749592,24.009699821472168,25.258039932250977,45.61546501624906,-0.7784787848274313,-0.6581808548757,-0.12029792995173128,26.926607045838104,24.009699821472168,21.092792597106232,24.297740047189677
2022-03-10,22.5310001373291,22.788000106811523,21.881999969482425,22.65800094604492,22.565242767333984,428066000,-0.01546905519053643,23.80734987258911,25.104759941101076,44.21832231425142,-0.7619080183963476,-0.6789262875798295,-0.08298173081651805,26.501242073485823,23.80734987258911,21.113457671692398,22.630760797096187
2022-03-11,23.02199935913086,23.145000457763672,22.04599952697754,22.100000381469727,22.00953483581543,367209000,-0.02462672071594163,23.621149921417235,24.946739959716798,42.04457442531362,-0.7847553772737577,-0.7000921055186151,-0.08466327175514254,26.24565118689832,23.621149921417235,20.99664865593615,22.22162150625409
2022-03-14,21.86899948120117,22.261999130249023,21.15900039672852,21.32999992370605,21.242679595947266,385354000,-0.034841955797279445,23.490199947357176,24.781619949340822,39.18213664428541,-0.8551371863893635,-0.7311011216927649,-0.12403606469659867,26.291591015259684,23.490199947357176,20.68880887945467,23.85157277656706
2022-03-15,21.51799964904785,23.038000106811523,21.32200050354004,22.972999572753903,22.87895393371582,491996000,0.07702768054180553,23.42549991607666,24.652859954833986,47.409563675723554,-0.7694689772380663,-0.7387746928018252,-0.030694284436241115,26.211870863857694,23.42549991607666,20.639128968295626,23.789212249586004
2022-03-16,23.5,24.597000122070312,23.17200088500977,24.496000289916992,24.39572525024414,671422000,0.06629548365378346,23.32554988861084,24.540359954833985,53.666672294486034,-0.5720881980183314,-0.7054373938451264,0.13334919582679494,25.789029146348344,23.32554988861084,20.862070630873337,21.12258248574321
2022-03-17,24.1200008392334,24.84199905395508,23.9060001373291,24.766000747680664,24.664613723754883,471941000,0.011021950393053093,23.238299942016603,24.44987995147705,54.695765689566244,-0.3893871156967279,-0.6422273382154466,0.25284022251871874,25.341592955821525,23.238299942016603,21.13500692821168,18.101952544316806
2022-03-18,24.798999786376957,26.569000244140625,24.624000549316406,26.452999114990234,26.34470558166504,730719000,0.06811750132101335,23.335599899291992,24.4268599319458,60.58616618867128,-0.10723241374260795,-0.5352283533208789,0.427995939578271,25.81166746254275,23.335599899291992,20.859532336041234,21.221374843042994
2022-03-21,26.506999969482425,27.152000427246094,25.96699905395508,26.733999252319336,26.624555587768555,591727000,0.010622627959762765,23.490199851989747,24.397979927062988,61.48446033604296,0.13746694961228556,-0.4006892927342461,0.5381562423465316,26.375741984789578,23.490199851989747,20.604657719189916,24.568050940234208
2022-03-22,26.726999282836918,27.238000869750977,26.07200050354004,26.52400016784668,26.415422439575195,547007000,-0.007854897239653269,23.646899890899657,24.38351993560791,60.37697798646033,0.3108643363898125,-0.2583785669094344,0.5692429032992469,26.819740043846792,23.646899890899657,20.474059737952523,26.83514682758208
2022-03-23,26.125999450683597,26.61199951171875,25.575000762939453,25.63400077819824,25.5290641784668,502120000,-0.03355457453447597,23.809249973297117,24.34819995880127,55.7904084740691,0.3721772740197409,-0.13226739872359933,0.5044446727433403,27.039378212401367,23.809249973297117,20.579121734192867,27.133389272883008
2022-03-24,26.166000366210938,28.31999969482422,25.90699958801269,28.149999618530277,28.03476333618164,877379000,0.09815084251417017,24.029349994659423,24.35485996246338,64.0943582328297,0.6166795996079131,0.017522000942703148,0.5991575986652099,27.772025979606944,24.029349994659423,20.286674009711902,31.150871628066007
2022-03-25,27.88599967956543,28.357999801635746,27.270999908447266,27.691999435424805,27.578636169433597,579016000,-0.016270055904462177,24.20609998703003,24.348719940185546,61.818088715791596,0.7646779358226183,0.1669531879186862,0.5977247479039322,28.275793168406487,24.20609998703003,20.13640680565357,33.62535215137554
2022-03-28,27.756000518798828,28.25,27.20599937438965,28.2189998626709,28.103479385375977,425494000,0.019030789366012213,24.397799968719482,24.381599922180175,63.427576264090796,0.913956689892828,0.31635388831351463,0.5976028015793133,28.82833933562504,24.397799968719482,19.967260601813926,36.319171175974624
2022-03-29,28.69499969482422,28.94599914550781,27.979999542236328,28.6560001373291,28.53868865966797,488984000,0.015485957034859554,24.656750011444093,24.41587993621826,64.75433245656367,1.0553579386112553,0.4641546983730628,0.5912032402381925,29.433604367372965,24.656750011444093,19.87989565551522,38.746828788966596
2022-03-30,28.304000854492188,28.496000289916992,27.50300025939941,27.690000534057617,27.57664680480957,463487000,-0.033710093211745784,24.83025007247925,24.45161994934082,59.60664708265275,1.0770557242281242,0.5867349035440751,0.49032082068404914,29.779987435731016,24.83025007247925,19.88051270922748,39.86860662944218
2022-03-31,27.78199958801269,28.24799919128418,27.270000457763672,27.285999298095703,27.174299240112305,523440000,-0.014590155487181788,25.008850002288817,24.49599994659424,57.54625139592138,1.0495532556833744,0.679298573971935,0.3702546817114394,30.041666961589044,25.008850002288817,19.97603304298859,40.24828777684398
2022-04-01,27.375,27.496000289916992,26.267000198364254,26.71199989318848,26.602643966674805,517235000,-0.021036615089366273,25.19764995574951,24.547239952087402,54.65554742402224,0.9702558904128828,0.7374900372601246,0.23276585315275822,30.188388180008495,25.19764995574951,20.20691173149053,39.61272763946952
2022-04-04,26.72800064086914,27.558000564575195,26.613000869750977,27.36000061035156,27.247995376586918,397120000,0.02425891992993434,25.498050022125245,24.626959953308106,57.265394199126185,0.9487636427477213,0.779744758357644,0.16901888439007728,30.243980223323163,25.498050022125245,20.752119820927327,37.22582861889255
2022-04-05,27.253999710083008,27.319000244140625,25.81999969482422,25.93099975585937,25.82484245300293,436615000,-0.05222963759039845,25.71890001296997,24.678139953613282,50.37913676348984,0.8071184957258133,0.7852195058312779,0.021898989894535426,30.09973471450575,25.71890001296997,21.338065311434192,34.0670456304627
2022-04-06,24.93400001525879,25.299999237060547,24.00300025939941,24.40699958801269,24.30708312988281,703833000,-0.05877129070127729,25.788549995422365,24.71979995727539,44.26557481091849,0.565372358649924,0.7412500763950072,-0.1758777177450832,30.037459015969596,25.788549995422365,21.539640974875134,32.95190323846389
2022-04-07,24.44099998474121,24.722000122070312,23.47800064086914,24.20800018310547,24.1088981628418,557992000,-0.008153383356695798,25.86604995727539,24.74851997375488,43.522876169162984,0.353652528257129,0.6637305667674316,-0.3100780385103026,29.936524494755037,25.86604995727539,21.795575419795743,31.473491655688523
2022-04-08,23.91699981689453,23.92300033569336,23.062000274658203,23.11899948120117,23.024354934692383,524781000,-0.04498518434247589,25.916999912261964,24.772019958496095,39.60658490641552,0.09687308915636805,0.5503590712452189,-0.4534859820888508,29.819692668648553,25.916999912261964,22.014307155875375,30.11685588300002
2022-04-11,22.214000701904297,22.31999969482422,21.65999984741211,21.91699981689453,21.82727813720703,575207000,-0.05199176267395156,25.946349906921387,24.753559951782226,35.7796238984284,-0.2012973630086492,0.40002778439444525,-0.6013251474030945,29.717218697477726,25.946349906921387,22.17548111636505,29.066661045455422
2022-04-12,22.53700065612793,22.725000381469727,21.28199958801269,21.503999710083008,21.41596984863281,662258000,-0.018843773648217765,25.87289991378784,24.693919944763184,34.54453973782367,-0.46555858205157463,0.22691051110524127,-0.6924690931568159,29.919701668502018,25.87289991378784,21.826098159073663,31.28216603626724
2022-04-13,21.72800064086914,22.5,21.45499992370605,22.202999114990234,22.11210823059082,516943000,0.032505573498575524,25.758249855041505,24.645219917297364,38.419064061356,-0.6115347004880327,0.059221468786586476,-0.6707561692746192,30.075481578939993,25.758249855041505,21.441018131143018,33.52115728509794
2022-04-14,22.5049991607666,22.777000427246094,21.163000106811523,21.257999420166016,21.170974731445312,569097000,-0.04256190722888664,25.58284978866577,24.565539894104003,35.37077187081036,-0.7943189888730835,-0.11148662274534751,-0.682832366127736,30.31243414268725,25.58284978866577,20.85326543464429,36.97464819667491
2022-04-18,21.200000762939453,22.08799934387207,21.07900047302246,21.78300094604492,21.69382667541504,525701000,0.024696640121776303,25.349349880218504,24.522239913940428,38.299712582371136,-0.8865935205704787,-0.26650800231037375,-0.6200855182601049,30.3380588923937,25.349349880218504,20.36064086804331,39.35966039167072
2022-04-19,21.71999931335449,22.37299919128418,21.31399917602539,22.197999954223636,22.107126235961918,512781000,0.019051482559103272,25.12254991531372,24.47981990814209,40.59163741688317,-0.9156794177371417,-0.39634228539572736,-0.5193371323414143,30.249363273172232,25.12254991531372,19.995736557455206,40.81443464250744
2022-04-20,22.517000198364254,22.670000076293945,21.200000762939453,21.48200035095215,21.394058227539062,468974000,-0.03225511994692909,24.870449924468993,24.41489990234375,37.97095096445249,-0.9851491981972131,-0.5141036679560246,-0.47104553024118856,30.18908746136042,24.870449924468993,19.551812387577566,42.77073839069266
2022-04-21,21.708999633789062,22.392000198364254,20.0,20.183000564575195,20.10037612915039,656209000,-0.06046922396066989,24.597899913787842,24.31639991760254,33.7177312420049,-1.1319742319644064,-0.637677780757701,-0.4942964512067054,30.27844614937196,24.597899913787842,18.917353678203725,46.18724570384975
2022-04-22,20.30299949645996,20.48600006103516,19.5,19.51499938964844,19.43511199951172,624713000,-0.033097098550005644,24.16614990234375,24.172599906921388,31.748305006306424,-1.2873959420956602,-0.7676214130252927,-0.5197745290703675,30.01137584581711,24.16614990234375,18.32092395887039,48.37531809654512
2022-04-25,19.20199966430664,19.94499969482422,19.09600067138672,19.902000427246094,19.820528030395508,641566000,0.01983091380659263,23.776649951934814,24.054159927368165,34.14807402470966,-1.363622031739471,-0.8868215367681285,-0.47680049497134247,29.668177482888844,23.776649951934814,17.885122420980785,49.55725506212122
2022-04-26,19.718000411987305,19.788000106811523,18.670000076293945,18.788000106811523,18.71108627319336,653143000,-0.05597437946662065,23.305099964141846,23.95093994140625,30.79185898102429,-1.4966695972587267,-1.0087911488662482,-0.4878784483924785,29.208581139991004,23.305099964141846,17.401618788292687,50.66256900792092
2022-04-27,18.597999572753903,19.16699981689453,18.290000915527344,18.415000915527344,18.33961296081543,499460000,-0.01985311311990079,22.793050003051757,23.833899955749512,29.737952941699874,-1.613608000349089,-1.1297545191628164,-0.48385348118627247,28.52528312386644,22.793050003051757,17.060816882237074,50.298078756877175
2022-04-28,18.96699905395508,20.03700065612793,18.489999771118164,19.78199958801269,19.70101547241211,570327000,0.07423289218291917,22.39764995574951,23.6996399307251,38.09981191516075,-1.5777893850182139,-1.219361492333896,-0.35842789268431785,27.806013089036327,22.39764995574951,16.989286822462695,48.29402320307699
2022-04-29,19.402000427246094,20.12800025939941,18.517000198364254,18.54700088500977,18.471071243286133,500435000,-0.0624304991206317,21.960700035095215,23.540359954833985,34.14609005860551,-1.630264276551035,-1.301542049177324,-0.32872222737371093,27.125290884668026,21.960700035095215,16.796109185522404,47.03484717080349
2022-05-02,18.541000366210938,19.573999404907227,18.391000747680664,19.53300094604492,19.45303726196289,572049000,0.05316237514019018,21.601750087738033,23.440879974365235,39.54048870712519,-1.5741432975092593,-1.3560622988437112,-0.2180809986655481,26.37892424091185,21.601750087738033,16.824575934564216,44.22951042180162
2022-05-03,19.399999618530277,19.825000762939453,19.132999420166016,19.601999282836918,19.521751403808597,475751000,0.0035323091669630102,21.213850021362305,23.360079956054687,39.91142535117206,-1.5067307737009905,-1.3861959938151671,-0.1205347798858234,25.262039478870378,21.213850021362305,17.16566056385423,38.16553292713538
2022-05-04,19.92300033569336,20.399999618530277,18.750999450683597,20.333999633789062,20.250757217407227,648855000,0.03734325873325095,20.93400001525879,23.2989599609375,43.847484981559774,-1.3783507823370655,-1.3846269515195468,0.006276169182481306,24.366069478073364,20.93400001525879,17.501930552444215,32.78942830145161
2022-05-05,19.867000579833984,19.924999237060547,18.5,18.8439998626709,18.766860961914062,626331000,-0.07327608738588953,20.6558500289917,23.228099975585938,38.341905295061885,-1.380920847399409,-1.3838857306955195,0.002964883296110443,23.807184041634038,20.6558500289917,17.504516016349363,30.512750704708395
2022-05-06,18.73600006103516,19.511999130249023,17.989999771118164,18.674999237060547,18.59854507446289,633297000,-0.008968782141710152,20.379199981689453,23.126639976501465,37.762731952191814,-1.3806789728114772,-1.3832443791187112,0.0025654063072340083,23.187396002812598,20.379199981689453,17.57100396056631,27.55943337958591
2022-05-09,18.03400039672852,18.2549991607666,16.82699966430664,16.950000762939453,16.880615234375,644455000,-0.09236904463278306,20.070750045776368,22.9825,32.385374734559804,-1.5023619525051046,-1.40706789379599,-0.09529405870911467,22.961421358475697,20.070750045776368,17.18007873307704,28.80481602437806
2022-05-10,17.68899917602539,18.197999954223636,17.024999618530273,17.594999313354492,17.52297019958496,761474000,0.038052817168766184,19.854650020599365,22.846699981689454,36.052164715964366,-1.5291238106079703,-1.431479077158386,-0.09764473344958424,22.80648410280716,19.854650020599365,16.90281593839157,29.7344358036555
2022-05-11,17.347000122070312,17.753000259399414,16.56800079345703,16.6299991607666,16.561920166015625,670167000,-0.05484515596517414,19.610949993133545,22.709759979248048,33.15515605341649,-1.6096452351330939,-1.4671123087533275,-0.14253292637976633,22.775024800918633,19.610949993133545,16.446875185348457,32.26845011478727
2022-05-12,16.2189998626709,16.788000106811523,15.56700038909912,16.174999237060547,16.108783721923828,708728000,-0.02736013937693127,19.30954999923706,22.548859977722167,31.855376172452793,-1.6906845760665519,-1.5118267622159725,-0.17885781385057942,22.575343831306853,19.30954999923706,16.043756167167267,33.825685551437786
2022-05-13,16.788000106811523,17.92799949645996,16.593000411987305,17.70599937438965,17.633514404296875,670437000,0.09465212946511348,19.131949996948244,22.428699951171875,40.33175892051576,-1.6127788114147599,-1.53201717205573,-0.0807616393590298,22.340411653636565,19.131949996948244,15.923488340259922,33.54035168605506
2022-05-16,17.509000778198242,17.788000106811523,17.106000900268555,17.263999938964844,17.193323135375977,521446000,-0.0249633316892085,18.90599994659424,22.31525993347168,38.83007557389743,-1.56862149992471,-1.539338037629526,-0.02928346229518386,21.96904512391402,18.90599994659424,15.842954769274455,32.40288993940853
2022-05-17,18.073999404907227,18.371000289916992,17.634000778198242,18.177000045776367,18.102588653564453,585830000,0.05288480365483417,18.704949951171876,22.25175994873047,43.508982401310995,-1.4433173698672022,-1.5201339040770614,0.07681653420985923,21.380654852071217,18.704949951171876,16.029245050272536,28.609591662999406
2022-05-18,17.704999923706055,18.118000030517575,16.86400032043457,16.937999725341797,16.8686580657959,545161000,-0.06816321197938668,18.47774991989136,22.16023994445801,39.13427492367992,-1.4275341896019142,-1.501613961182032,0.0740797715801178,20.934361027773413,18.47774991989136,16.021138812009305,26.589937828279663
2022-05-19,16.937000274658203,17.687000274658203,16.733999252319336,17.124000549316406,17.05389976501465,621310000,0.01098141289581056,18.324799919128417,22.04243995666504,40.10784709156246,-1.3840625816171546,-1.4781036852690568,0.09404110365190221,20.717771888012177,18.324799919128417,15.931827950244656,26.11730528512725
2022-05-20,17.332000732421875,17.40999984741211,15.755000114440918,16.694000244140625,16.625661849975586,739105000,-0.025110849772764232,18.183749961853028,21.923159942626953,38.5718023644354,-1.36853285518594,-1.4561895192524335,0.08765666406649353,20.61177818288685,18.183749961853028,15.755721740819205,26.70547303089284
2022-05-23,16.27400016784668,16.915000915527344,16.179000854492188,16.898000717163086,16.828828811645508,639889000,0.01222008263509955,18.033549976348876,21.81911994934082,39.75069338149245,-1.324496332582079,-1.4298508819183626,0.10535454933628352,20.388382070412977,18.033549976348876,15.678717882284776,26.116123527009144
2022-05-24,16.510000228881836,16.597000122070312,15.779999732971191,16.15399932861328,16.08786392211914,588550000,-0.04402949829839742,17.901849937438964,21.715599937438967,36.964459906971875,-1.3342513463513228,-1.4107309748049548,0.07647962845363199,20.36529421686735,17.901849937438964,15.438405658010575,27.521672766080705
2022-05-25,16.020000457763672,17.111000061035156,16.0,16.975000381469727,16.90550994873047,781132000,0.05082377813297834,17.829849910736083,21.595639953613283,41.8113763538047,-1.2611960583774042,-1.3808239915194447,0.11962793314204045,20.31318777278487,17.829849910736083,15.346512048687295,27.85595924229815
2022-05-26,16.035999298095703,18.09199905395508,16.02199935913086,17.85099983215332,17.777921676635742,996575000,0.05160517077278626,17.733299922943115,21.462739944458008,46.535191294228255,-1.119706106680887,-1.3286004145517332,0.20889430787084606,20.05010615736383,17.733299922943115,15.416493688522397,26.12944285032097
2022-05-27,18.18600082397461,18.881000518798828,18.100000381469727,18.81100082397461,18.73398971557617,738379000,0.05377839189138278,17.746499919891356,21.343639945983888,51.209747515194316,-0.9195106966687447,-1.2467824709751356,0.3272717743063909,20.084610302969143,17.746499919891356,15.408389536813571,26.350101638431696
2022-05-31,18.979999542236328,19.200000762939453,18.350000381469727,18.67200088500977,18.59556007385254,664100000,-0.007389223749201368,17.7034499168396,21.188019981384276,50.520981421163256,-0.7632720008026546,-1.1500803769406396,0.386808376137985,19.937804449227553,17.7034499168396,15.469095384451645,25.242023931873597
2022-06-01,18.724000930786133,19.05299949645996,18.121999740600582,18.31999969482422,18.245004653930664,544514000,-0.018851565563480666,17.639349937438965,21.019739990234374,48.73342298544323,-0.6602443767536776,-1.0521131769032472,0.3918688001495696,19.720463517637498,17.639349937438965,15.558236357240432,23.596261626188785
2022-06-02,18.29199981689453,19.61899948120117,18.197999954223636,19.59199905395508,19.511796951293945,648656000,0.06943228140478253,17.602249908447266,20.881099967956544,54.938178279951764,-0.47053054149400353,-0.9357966498213985,0.465266108327395,19.509045231055417,17.602249908447266,15.695454585839117,21.665359059503917
2022-06-03,19.082000732421875,19.332000732421875,18.52199935913086,18.71999931335449,18.64336395263672,598779000,-0.044508099424416914,17.596049880981447,20.742819938659668,50.43197804344417,-0.38609340723311547,-0.825856001303742,0.43976259407062657,19.48739828823729,17.596049880981447,15.704701473725603,21.497420387516556
2022-06-06,19.138999938964844,19.33699989318848,18.56399917602539,18.785999298095703,18.709095001220703,422406000,0.003525707525260602,17.601599884033202,20.555539932250976,50.76117519852049,-0.31027407639713545,-0.7227396163224208,0.41246553992528534,19.506185184815273,17.601599884033202,15.697014583251132,21.64104755624813
2022-06-07,18.472000122070312,19.0,18.1879997253418,18.926000595092773,18.848527908325195,388914000,0.007452680479488327,17.70039987564087,20.380219955444336,51.497036003519305,-0.23616738522504832,-0.6254251701029463,0.38925778487789797,19.66363459934495,17.70039987564087,15.73716515193679,22.18294205212692
2022-06-08,18.798999786376957,19.18000030517578,18.53499984741211,18.64800071716309,18.575586318969727,363252000,-0.014480790790824205,17.7530499458313,20.18879997253418,49.902239559876065,-0.1975918495236435,-0.5398585059870857,0.34226665646344223,19.758185870415435,17.7530499458313,15.747914021247166,22.58919938492003
2022-06-09,18.481000900268555,18.933000564575195,18.041000366210938,18.04800033569336,17.97791290283203,395574000,-0.03217521137017032,17.823950004577636,19.976639976501463,46.551445038141736,-0.21298037079193932,-0.4744828789480565,0.2615025081561172,19.764468836247666,17.823950004577636,15.883431172907608,21.774284949987575
2022-06-10,17.600000381469727,17.69700050354004,16.868999481201172,16.974000930786133,16.908090591430664,465248000,-0.05950759229859437,17.863900089263915,19.762319984436036,41.21643345977084,-0.30828494401990625,-0.44124329196242645,0.1329583479425202,19.69690425125292,17.863900089263915,16.03089592727491,20.52188103191004
2022-06-13,16.0,16.312000274658203,15.605999946594238,15.647000312805176,15.5862398147583,604153000,-0.07817859559744145,17.760950136184693,19.529540004730226,35.76280505907427,-0.4852981496184192,-0.45005426349362504,-0.03524388612479418,19.833497333025807,17.760950136184693,15.68840293934358,23.338246895009032
2022-06-14,15.730999946594238,16.06599998474121,15.411999702453612,15.836000442504885,15.774505615234377,469680000,0.012078974962120848,17.689550161361698,19.312020015716552,37.04057177071528,-0.6033763128934204,-0.48071867337358415,-0.12265763951983627,19.91817180319579,17.689550161361698,15.460928519527608,25.197041434122454
2022-06-15,16.094999313354492,16.868000030517578,15.925999641418455,16.527000427246094,16.462827682495117,563936000,0.043635096024561726,17.60705018043518,19.095360012054442,41.61334061409104,-0.6338891051335871,-0.5113527597255847,-0.1225363454080024,19.879122435874045,17.60705018043518,15.334977924996316,25.808664508306723
2022-06-16,15.859999656677246,15.94200038909912,15.401000022888184,15.60099983215332,15.54041862487793,545749000,-0.05602980699348403,17.540200185775756,18.888760013580324,37.66533123963689,-0.7244403248148075,-0.5539702727434292,-0.17047005207137822,19.96089400046348,17.540200185775756,15.119506371088033,27.601666902875916
2022-06-17,15.64799976348877,15.994999885559082,15.32800006866455,15.880000114440918,15.818334579467772,630334000,0.017883427808369268,17.478000164031982,18.718220024108888,39.526928294560854,-0.7648728496268404,-0.5961507881201115,-0.16872206150672897,20.00008097192493,17.478000164031982,14.955919356139033,28.86006161143247
2022-06-21,16.475000381469727,17.007999420166016,16.406999588012695,16.56599998474121,16.50166893005371,483089000,0.04319888084001633,17.471600151062013,18.565380020141603,43.95861415476611,-0.7331106175937734,-0.6235427540148438,-0.10956786357892956,20.002241463339445,17.471600151062013,14.940958838784582,28.9686266901387
2022-06-22,16.22599983215332,16.66200065612793,16.18000030517578,16.360000610351562,16.29647445678711,437135000,-0.012434770939616313,17.444700145721434,18.43020004272461,42.94094848747947,-0.7163041395409024,-0.6420950311200556,-0.07420910842084683,20.010353757556757,17.444700145721434,14.87904653388611,29.414705789191654
2022-06-23,16.518999099731445,16.584999084472656,15.852999687194824,16.225000381469727,16.161996841430664,463680000,-0.008251945272766514,17.448250198364256,18.316360054016112,42.25063296812903,-0.7057429098713541,-0.6548246068703153,-0.050918303001038834,20.0069373280374,17.448250198364256,14.889563068691114,29.328867944741127
2022-06-24,16.5,17.139999389648438,16.309999465942383,17.125999450683594,17.059497833251953,472153000,0.05553156584714691,17.455800151824953,18.228800048828123,48.232141477899376,-0.6175512183140874,-0.6473699291590698,0.029818710844982332,20.00974373996545,17.455800151824953,14.901856563684456,29.261833498632146
2022-06-27,17.312000274658203,17.329999923706055,16.625999450683594,16.868999481201172,16.803491592407227,427968000,-0.01500666920838234,17.406700134277344,18.122120056152344,46.74486795468045,-0.5619189650206486,-0.6302797363313856,0.06836077131073692,19.96611707031059,17.406700134277344,14.847283198244094,29.407261758858418
2022-06-28,16.899999618530273,17.20199966430664,15.94499969482422,15.982000350952148,15.919939994812012,461149000,-0.052581428849850065,17.26525011062622,18.016600074768068,41.938251913436524,-0.5826865722320314,-0.6207611035115147,0.03807453127948335,19.811251765141538,17.26525011062622,14.719248456110902,29.492786240592412
2022-06-29,15.814000129699709,15.81999969482422,15.170000076293944,15.541999816894531,15.481646537780762,482352000,-0.027531099814074755,17.10875005722046,17.89178005218506,39.75448482220073,-0.6274169444480293,-0.6220922716988176,-0.0053246727492116674,19.674346308514536,17.10875005722046,14.54315380592638,29.99162700622085
2022-06-30,15.361000061035156,15.56700038909912,14.862000465393066,15.159000396728516,15.100133895874023,686070000,-0.02464289834906841,16.950700092315675,17.751000061035157,37.90430424103293,-0.6858647175142849,-0.6348467608619112,-0.05101795665237374,19.58684207821614,16.950700092315675,14.314558106415209,31.103635502294303
2022-07-01,14.89900016784668,15.062999725341797,14.392000198364258,14.52299976348877,14.46660614013672,577610000,-0.04195510848485973,16.69725012779236,17.61182004928589,34.99197445363558,-0.7745761034227634,-0.6627926293740816,-0.11178347404868183,19.241999775228336,16.69725012779236,14.15250048035638,30.481062785305884
2022-07-05,14.175000190734863,14.970999717712402,14.05500030517578,14.96399974822998,14.90589427947998,651397000,0.030365666631683608,16.509450149536132,17.507440032958986,38.51938443777324,-0.8000727619366863,-0.6902486558866026,-0.10982410605008375,18.982748344842463,16.509450149536132,14.036151954229801,29.962211617033454
2022-07-06,15.010000228881836,15.319000244140623,14.788999557495115,15.130000114440918,15.071247100830078,529066000,0.011093116471228903,16.326650190353394,17.419740047454834,39.84260768297153,-0.7976889436736521,-0.7117367134440126,-0.08595223022963949,18.63480571745725,16.326650190353394,14.018494663249536,28.274698118633445
2022-07-07,15.456000328063965,15.94499969482422,15.388999938964844,15.857999801635742,15.796420097351074,492903000,0.048116323199362654,16.17325015068054,17.338860034942627,45.393306055382865,-0.7286567583788273,-0.7151207224309756,-0.013536035947851688,18.1546783680679,16.17325015068054,14.191821933293182,24.50253596434954
2022-07-08,15.43000030517578,16.03700065612793,15.388999938964844,15.838000297546388,15.776496887207031,467972000,-0.0012612484361177456,16.03275012969971,17.279860038757324,45.26972860396223,-0.6678633342332692,-0.7056692447914343,0.03780591055816518,17.659002624431245,16.03275012969971,14.406497634968176,20.286631820189093
2022-07-11,15.526000022888184,15.527000427246094,15.038000106811523,15.152000427246094,15.09316349029541,437321000,-0.04331337950351499,15.887950134277343,17.2146000289917,41.13325732948439,-0.667345816829986,-0.6980045591991447,0.030658742369158776,17.267706036981227,15.887950134277343,14.508194231573459,17.368582995828266
2022-07-12,15.267999649047852,15.430999755859377,14.876999855041504,15.08199977874756,15.023433685302734,458483000,-0.0046199595623217515,15.793350076675415,17.120600032806397,40.72433685490407,-0.6649193712594315,-0.6913875216112021,0.026468150351770636,17.120730804292513,15.793350076675415,14.465969349058316,16.809362436377015
2022-07-13,14.59000015258789,15.375,14.46500015258789,15.163999557495115,15.105112075805664,521918000,0.005436732521596266,15.769200038909911,17.052940006256105,41.45852057077308,-0.6488995882911368,-0.6828899349471891,0.03399034665605227,17.12365175945019,15.769200038909911,14.414748318369632,17.178445541919945
2022-07-14,15.107999801635742,15.472999572753906,14.727999687194824,15.371999740600586,15.31230640411377,456235000,0.013716834887969931,15.746000003814697,16.969719982147218,43.3744370761803,-0.6123610019766108,-0.6687841483530734,0.05642314637646262,17.110935040134066,15.746000003814697,14.381064967495327,17.336911418629423
2022-07-15,15.659000396728516,15.781999588012695,15.44499969482422,15.76200008392334,15.700793266296388,385935000,0.025370891355612546,15.70774998664856,16.892919998168946,46.88453951976491,-0.5456442929810574,-0.6441561772786702,0.09851188429761282,17.025040488531882,15.70774998664856,14.390459484765238,16.772491324384546
2022-07-18,16.302000045776367,16.89699935913086,16.00200080871582,16.10099983215332,16.038475036621094,670517000,0.021507306325061926,15.73274998664856,16.80826000213623,49.79760828752493,-0.46011248359034695,-0.6073474385410056,0.14723495495065864,17.059929038416996,15.73274998664856,14.405570934880124,16.87154569791973
2022-07-19,16.486000061035156,17.110000610351562,16.172000885009766,16.992000579833984,16.92601776123047,702366000,0.05533834872597443,15.788350009918213,16.771220016479493,56.543614854271354,-0.31677995238845114,-0.5492339413104947,0.2324539889220436,17.224262499021645,15.788350009918213,14.35243752081478,18.189519338010555
2022-07-20,16.94700050354004,17.933000564575195,16.801000595092773,17.80699920654297,17.737850189208984,760538000,0.04796358124106681,15.8503999710083,16.75386001586914,61.62347225576593,-0.1358582217960631,-0.4665587974076084,0.3307005756115453,17.505840971109606,15.8503999710083,14.194958970906997,20.888318315364202
2022-07-21,17.885000228881836,18.143999099731445,17.545000076293945,18.049999237060547,17.979902267456055,557049000,0.013646077493332687,15.93489990234375,16.775859985351563,63.01181002293185,0.02682243249049776,-0.3678825514279872,0.39470498391848496,17.839534453945006,15.93489990234375,14.030265350742491,23.90519630840127
2022-07-22,17.89299964904785,17.966999053955078,17.136999130249023,17.319000244140625,17.251745223999023,536671000,-0.04049838717838905,15.989599895477294,16.770340003967284,56.40158964643643,0.09565980684116582,-0.27517407977415664,0.37083388661532246,17.985089687932447,15.989599895477294,13.994110103022141,24.959846468948648
2022-07-25,17.018999099731445,17.124000549316406,16.64900016784668,17.02400016784668,16.9578914642334,480748000,-0.017033277268484248,15.98449993133545,16.778220024108887,53.94227944564975,0.12496931277517476,-0.19514540126429036,0.3201147140394651,17.968836462304093,15.98449993133545,14.000163400366805,24.82825911968157
2022-07-26,16.888999938964844,16.91900062561035,16.47800064086914,16.533000946044922,16.468793869018555,397865000,-0.028841887344686734,15.967700004577637,16.785380058288574,50.03195495111378,0.10734042009797662,-0.13464823699183698,0.2419886570898136,17.927333975467437,15.967700004577637,14.008066033687836,24.544974796971523
2022-07-27,17.031999588012695,17.93600082397461,16.913000106811523,17.790000915527344,17.720916748046875,569776000,0.07603002921688407,16.058100032806397,16.78706008911133,58.355052257130424,0.19257885878425895,-0.06920281783661779,0.26178167662087676,18.172713912804028,16.058100032806397,13.943486152808767,26.33703708007192
2022-07-28,17.975000381469727,18.13999938964844,17.440000534057617,17.983999252319336,17.91416358947754,474646000,0.010905013785585504,16.180200004577635,16.80146007537842,59.476922067433115,0.27264213124513503,-0.0008338280202672202,0.27347595926540225,18.438629530426017,16.180200004577635,13.921770478729256,27.915965503633267
2022-07-29,17.812999725341797,18.24399948120117,17.691999435424805,18.163000106811523,18.09246635437012,435460000,0.009953172750823525,16.330399990081787,16.80118007659912,60.53337916235881,0.34654200397317325,0.06864133837842087,0.27790066559475235,18.694293664067878,16.330399990081787,13.966506316095696,28.950836175743323
2022-08-01,18.18199920654297,18.84600067138672,17.989999771118164,18.44099998474121,18.369388580322266,476469000,0.015305941187242045,16.52630000114441,16.831240081787108,62.182368870751766,0.4226681964698926,0.13944670999671524,0.28322148647317735,18.907911513597206,16.52630000114441,14.144688488691612,28.822077685723674
2022-08-02,18.121999740600582,18.9379997253418,18.09199905395508,18.525999069213867,18.45406150817871,489527000,0.004609458147515566,16.704399967193602,16.85928005218506,62.69558764019205,0.4842750469426953,0.20841237738591128,0.275862669556784,19.12448216851179,16.704399967193602,14.284317765875414,28.975386198499532
2022-08-03,18.18400001525879,18.968000411987305,18.136999130249023,18.89299964904785,18.81963157653809,418146000,0.019809735011306895,16.89254994392395,16.903260040283204,64.90985739792708,0.5563001179615021,0.27798992550102947,0.27831019246047267,19.377996169529233,16.89254994392395,14.407103718318666,29.426536950974285
2022-08-04,18.849000930786133,19.27400016784668,18.76000022888184,19.21500015258789,19.140380859375,409652000,0.017043334856606807,17.060399961471557,16.9496000289917,66.77336500461129,0.6320770642790166,0.34880735325662693,0.2832697110223896,19.692783790204658,17.060399961471557,14.428016132738454,30.859579314411846
2022-08-05,18.809999465942383,19.22900009155273,18.666000366210938,18.98900032043457,18.915264129638672,386068000,-0.011761350591206532,17.217949962615968,17.006300048828123,64.19648876667087,0.6662148325978414,0.41228884912486985,0.2539259834729716,19.915208624957923,17.217949962615968,14.520691300274013,31.330775942528682
2022-08-08,17.50200080871582,18.23900032043457,17.242000579833984,17.792999267578125,17.723905563354492,981859000,-0.06298397728517147,17.34999990463257,17.022660026550295,52.62278732933016,0.589961264157111,0.44782333213131814,0.1421379320257929,19.883369673718963,17.34999990463257,14.816630135546172,29.203109890622752
2022-08-09,17.25200080871582,17.44700050354004,16.724000930786133,17.086000442504883,17.0196533203125,668263000,-0.03973459689934744,17.450199937820436,17.007360038757323,47.205012733032724,0.4670964679181395,0.4516779592886825,0.01541850862945704,19.76601003999102,17.450199937820436,15.134389835649852,26.541932017081898
2022-08-10,17.697999954223633,18.118000030517575,17.316999435424805,18.097000122070312,18.02672576904297,597422000,0.05917114936345702,17.596849966049195,16.993080024719237,54.430086676450536,0.44616138583962694,0.4505746445988714,-0.004413258759244476,19.674174968562415,17.596849966049195,15.519524963535973,23.610191670908666
2022-08-11,18.131000518798828,18.707000732421875,17.875999450683594,17.941999435424805,17.872323989868164,509327000,-0.008565159372422304,17.725349950790406,16.97847999572754,53.227400955795474,0.4123100686287344,0.4429217294048441,-0.03061166077610966,19.537272716213618,17.725349950790406,15.913427185367192,20.44442304894991
2022-08-12,18.15999984741211,18.718000411987305,17.952999114990234,18.708999633789062,18.636348724365234,478094000,0.0427490423142618,17.87269992828369,16.986259994506835,58.15467392525915,0.4422748921235744,0.4427923619485902,-0.0005174698250157705,19.49096469160801,17.87269992828369,16.25443516495937,18.108789044943368
2022-08-15,18.701000213623047,19.16399955749512,18.613000869750977,19.03199958801269,18.958097457885746,457666000,0.01726458000326292,18.019249916076657,16.975060005187988,60.062704958432754,0.48647781409179913,0.45152945237723197,0.03494836171456717,19.493659676832642,18.019249916076657,16.54484015532067,16.364829475399272
2022-08-16,18.920000076293945,19.142000198364254,18.500999450683597,18.878999710083008,18.805688858032227,451240000,-0.00803923495973613,18.113599872589113,16.97824001312256,58.69739698408507,0.5033607078321545,0.4618957034682165,0.04146500436393796,19.55410748705476,18.113599872589113,16.673092258123464,15.90526040762924
2022-08-17,18.52300071716309,18.6879997253418,18.145000457763672,18.334999084472656,18.2637996673584,446799000,-0.0288151736830623,18.139999866485596,16.969220008850098,53.99745965759495,0.46745568056770637,0.4630076988881145,0.0044479816795918725,19.576411046177235,18.139999866485596,16.703588686793957,15.836948073472353
2022-08-18,18.301000595092773,18.864999771118164,18.183000564575195,18.77300071716309,18.700098037719727,415447000,0.023888696673622256,18.176149940490724,16.966160011291503,56.98397348050311,0.46893813212137303,0.46419378553476626,0.0047443465866067736,19.637850237567086,18.176149940490724,16.714449643414362,16.08371741938765
2022-08-19,18.4060001373291,18.520000457763672,17.770000457763672,17.849000930786133,17.77968978881836,441588000,-0.049219434413917185,18.202649974822997,16.950180015563966,49.659654751594914,0.39104618804792324,0.4495642660373977,-0.05851807798947445,19.61976779833458,18.202649974822997,16.785532151311415,15.570456229962879
2022-08-22,17.489999771118164,17.558000564575195,16.965999603271484,17.034000396728516,16.967853546142578,409593000,-0.04566087779474892,18.20314998626709,16.929900016784668,44.25633512142553,0.2605490817060314,0.41176122917112445,-0.15121214746509304,19.618610059687548,18.20314998626709,16.78768991284663,15.551814652830053
2022-08-23,16.98900032043457,17.46500015258789,16.969999313354492,17.180999755859375,17.114280700683594,369986000,0.008629680480375379,18.235549926757812,16.934039993286135,45.4100848543475,0.16706498337218179,0.362821980011336,-0.1957569966391542,19.52023154111436,18.235549926757812,16.950868312401266,14.089858759581228
2022-08-24,17.011999130249023,17.4060001373291,16.895000457763672,17.222000122070312,17.155122756958008,522661000,0.0023864313662205205,18.20714988708496,16.965539989471434,45.74736741794737,0.09518926621722557,0.3092954372525139,-0.21410617103528834,19.553602432957554,18.20714988708496,16.860697341212365,14.790371411482536
2022-08-25,16.8439998626709,17.94700050354004,16.83300018310547,17.913000106811523,17.843441009521484,770691000,0.04012319015812915,18.20359992980957,17.007079982757567,51.217756605122204,0.09291411034905295,0.2660191718718217,-0.17310506152276878,19.552758788872463,18.20359992980957,16.854441070746677,14.822989565416215
2022-08-26,17.85700035095215,17.923999786376953,16.23699951171875,16.260000228881836,16.196857452392578,769127000,-0.09227948556840959,18.108449935913086,17.001739978790283,40.6566685361517,-0.041790507563124635,0.20445723598483248,-0.24624774354795712,19.701937253715666,18.108449935913086,16.514962618110506,17.599378449751686
2022-08-29,16.020000457763672,16.33799934387207,15.767000198364258,15.800999641418455,15.73964023590088,496132000,-0.028228760908441397,17.976449918746948,17.005739974975587,38.295326020129,-0.18346749999779988,0.126872288788306,-0.3103397887861059,19.85055057751311,17.976449918746948,16.102349259980784,20.850620308648775
2022-08-30,15.960000038146973,16.038999557495117,15.182000160217283,15.468000411987305,15.407933235168455,530181000,-0.021074624054991276,17.82354998588562,16.997499980926513,36.633006769303655,-0.3189412360195014,0.03770958382674451,-0.3566508198462459,19.97222461298683,17.82354998588562,15.674875358784409,24.110512538778597
2022-08-31,15.383999824523926,15.539999961853027,14.958999633789062,15.093999862670898,15.03538703918457,573710000,-0.0241788558074455,17.633599996566772,16.96805997848511,34.805614977771384,-0.451281771184032,-0.0600886871754108,-0.3911930840086212,20.028140227592417,17.633599996566772,15.239059765541128,27.158835762315764
2022-09-01,14.208999633789062,14.380000114440918,13.270000457763672,13.937000274658203,13.882878303527832,1178865000,-0.07665308067249088,17.36970000267029,16.91959997177124,29.84557965564119,-0.6421208268816478,-0.17649511511665822,-0.4656257117649896,20.14243415887717,17.36970000267029,14.59696584646341,31.92610299292008
2022-09-02,14.100000381469728,14.17099952697754,13.590999603271484,13.647000312805176,13.594005584716797,743157000,-0.020807840600146177,17.102600002288817,16.86803997039795,28.740045097845083,-0.8074548893921989,-0.3026870699717664,-0.5047678194204325,20.20903798694958,17.102600002288817,13.996162017628055,36.327084586495985
2022-09-06,13.730999946594238,13.779000282287598,13.35099983215332,13.46500015258789,13.412713050842283,535751000,-0.013336211519460739,16.886200046539308,16.794819984436035,28.03810590917874,-0.9423068897309967,-0.4306110339236125,-0.5116958558073843,20.352283930890074,16.886200046539308,13.420116162188542,41.052266049176794
2022-09-07,13.562999725341797,13.838000297546388,13.345999717712402,13.71399974822998,13.66480541229248,512657000,0.018795031288197706,16.71760001182556,16.73171998977661,30.53771816164725,-1.0173584106890186,-0.5479605092766937,-0.46939790141232485,20.44648999591028,16.71760001182556,12.988710027740838,44.61035054609524
2022-09-08,13.458999633789062,14.008000373840332,13.369000434875488,13.989999771118164,13.939815521240234,624873000,0.020125431767975543,16.512249994277955,16.69187997817993,33.30319636602745,-1.0425485359876827,-0.6468781146188916,-0.39567042136879116,20.364957831160076,16.512249994277955,12.659542157395833,46.66484383675408
2022-09-09,14.156999588012695,14.473999977111816,14.12600040435791,14.38700008392334,14.3353910446167,486612000,0.028377385825065105,16.33450002670288,16.66877998352051,37.177577049778805,-1.0187339535222613,-0.7212492823995655,-0.2974846711226957,20.23468953695513,16.33450002670288,12.43431051645063,47.754011495624624
2022-09-12,14.369000434875488,14.54699993133545,14.197999954223633,14.505000114440918,14.452970504760742,484159000,0.008202040654356368,16.124300050735474,16.655699977874757,38.324374675040225,-0.9790531932756164,-0.7728100645747757,-0.2062431287008406,19.942219170528052,16.124300050735474,12.306380930942897,47.35609121362675
2022-09-13,13.802000045776367,13.92199993133545,13.098999977111816,13.130999565124512,13.08389663696289,714956000,-0.09472612341849618,15.829250049591064,16.62785997390747,31.185706971583286,-1.0464138586315404,-0.8275308233861287,-0.21888303524541164,19.61465816922517,15.829250049591064,12.043841929956958,47.828015954955475
2022-09-14,13.253999710083008,13.289999961853027,12.913000106811523,13.128000259399414,13.080907821655272,588507000,-0.00022843464684485504,15.541700077056884,16.59113998413086,31.172057178534118,-1.087503625294378,-0.8795253837677787,-0.20797824152659927,19.229210100479484,15.541700077056884,11.854190053634284,47.45311008627958
2022-09-15,13.015000343322754,13.232999801635742,12.789999961853027,12.928999900817873,12.882620811462402,523625000,-0.015158505273204947,15.271400117874146,16.547119979858397,30.226735695922216,-1.1231779311957641,-0.9282558932533758,-0.19492203794238838,18.89220368536069,15.271400117874146,11.650596550387602,47.41940541848075
2022-09-16,12.741999626159668,13.211999893188477,12.616999626159668,13.197999954223633,13.150654792785645,670751000,0.020805858159292923,14.992650079727174,16.493919982910157,33.17675472381684,-1.1168694437391729,-0.9659786033505352,-0.15089084038863765,18.340331133171873,14.992650079727174,11.644969026282476,44.657629380297216
2022-09-19,13.01200008392334,13.463000297546388,13.010000228881836,13.381999969482422,13.333995819091797,569685000,0.013941589160011425,14.769300031661988,16.444799976348875,35.19509249110121,-1.0845209757825742,-0.989687077836943,-0.09483389794563124,17.914855336908897,14.769300031661988,11.623744726415081,42.595861665800804
2022-09-20,13.21500015258789,13.482999801635742,13.057000160217283,13.175999641418455,13.128734588623049,524818000,-0.015393827420798534,14.576399993896484,16.405279960632324,33.95843704830344,-1.0632505957101994,-1.0043997814115944,-0.05885081429860506,17.614100465979075,14.576399993896484,11.538699521813893,41.67970793000404
2022-09-21,13.213000297546388,14.031000137329102,13.109999656677246,13.26099967956543,13.21343231201172,807679000,0.006451324216887544,14.380399990081788,16.36885995864868,34.973729921994064,-1.0276883222889488,-1.0090574895870654,-0.01863083270188337,17.219982312447943,14.380399990081788,11.540817667715631,39.49239693366841
2022-09-22,13.06999969482422,13.14900016784668,12.428000450134276,12.560999870300291,12.515941619873049,759162000,-0.05278648845119638,14.147349977493286,16.316799964904785,30.777401848145644,-1.043955035050839,-1.0160369986798203,-0.02791803637101875,16.772818246045226,14.147349977493286,11.521881708941345,37.11604325515013
2022-09-23,12.420000076293944,12.611000061035156,12.256999969482422,12.515999794006348,12.47110366821289,663309000,-0.003582467306252335,13.877499961853028,16.2596799659729,30.523849985799885,-1.0483924367760462,-1.0225080862990656,-0.025884350476980567,15.950672412556209,13.877499961853028,11.804327511149847,29.878183482644456
2022-09-26,12.491000175476074,12.659000396728516,12.21399974822998,12.227999687194824,12.184138298034668,547343000,-0.0230104229595699,13.675899934768676,16.18899995803833,28.883813663711592,-1.0628959089072456,-1.0305856508207016,-0.032310258086543975,15.55855297062367,13.675899934768676,11.793246898913683,27.532418997431595
2022-09-27,12.506999969482422,12.736000061035156,12.258000373840332,12.413000106811523,12.368471145629885,553854000,0.015128919508813343,13.50649995803833,16.115239963531494,31.432391525623615,-1.0473883859761415,-1.0339461978517897,-0.013442188124351828,15.193322559084246,13.50649995803833,11.819677356992413,24.97793812292595
2022-09-28,12.40999984741211,12.822999954223633,12.354000091552734,12.736000061035156,12.690314292907717,542414000,0.02602125545577616,13.369899940490722,16.030119953155516,35.760947187401015,-0.9975361892005861,-1.026664196121549,0.029128006920962957,14.82591142406881,13.369899940490722,11.913888456912634,21.780439495565098
2022-09-29,12.447999954223633,12.5,11.946000099182127,12.220000267028809,12.176165580749512,532763000,-0.04051504953234686,13.226199960708618,15.918379974365234,32.25756631916215,-0.9882726432236559,-1.0189858855419704,0.030713242318314515,14.53284468940383,13.226199960708618,11.919555232013405,19.75842997349039
2022-09-30,12.086999893188477,12.633000373840332,12.074999809265137,12.138999938964844,12.095455169677734,565638000,-0.006628557285668024,13.13629994392395,15.80015998840332,31.73203548175701,-0.9762140776089581,-1.010431523955368,0.034217446346409996,14.481790841384509,13.13629994392395,11.79080904646339,20.485081845027466
2022-10-03,12.347000122070312,12.678000450134276,12.104999542236328,12.51200008392334,12.467118263244627,547478000,0.030727499573444783,13.079549932479859,15.704019985198975,36.835298589104276,-0.9258865393943836,-0.9935225270431712,0.06763598764878764,14.429827900025014,13.079549932479859,11.729271964934703,20.647162547880498
2022-10-04,12.878999710083008,13.220000267028809,12.878999710083008,13.166999816894531,13.119768142700195,584182000,0.052349698276281,13.06464991569519,15.626879978179932,44.65872452742942,-0.8236540274576907,-0.9595488271260753,0.13589479966838458,14.404119090278057,13.06464991569519,11.725180741112323,20.50524404750713
2022-10-05,12.91100025177002,13.321000099182127,12.621000289916992,13.208999633789062,13.161615371704102,507131000,0.0031896317487278836,13.039399909973145,15.560399951934814,45.128039021079495,-0.7308205466443933,-0.913803171029739,0.18298262438534563,14.347629150481863,13.039399909973145,11.731170669464428,20.065789063009294
2022-10-06,13.220000267028809,13.656000137329102,13.102999687194824,13.130000114440918,13.082900047302246,644157000,-0.005980673509961676,12.996399927139283,15.467199935913087,44.36591443033861,-0.6560612792128069,-0.8622547926663525,0.20619351345354564,14.2313013045113,12.996399927139283,11.761498549767266,19.00374541096226
2022-10-07,12.505000114440918,12.670000076293944,12.022000312805176,12.076000213623049,12.032682418823242,672478000,-0.08027406956270089,12.880849933624267,15.34903995513916,35.70266286109646,-0.6740924859431843,-0.8246223313217189,0.15052984537853464,14.000781884748358,12.880849933624267,11.760917982500176,17.389100205268477
2022-10-10,12.036999702453612,12.12399959564209,11.407999992370604,11.670000076293944,11.628134727478027,698699000,-0.033620740352322764,12.739099931716918,15.219179954528808,33.02734467770172,-0.7129250094540005,-0.8022828669481753,0.0893578574941748,13.708395571042558,12.739099931716918,11.769804292391278,15.21764715751002
2022-10-11,11.560999870300291,11.845999717712402,11.282999992370604,11.586000442504885,11.544437408447266,667482000,-0.0071978284559242045,12.661849975585938,15.082079963684082,32.48497762437705,-0.7419256751911867,-0.7902114285967776,0.04828575340559094,13.734638135195262,12.661849975585938,11.589061815976613,16.94520408436098
2022-10-12,11.57900047302246,11.734999656677246,11.345000267028809,11.5,11.458747863769531,492590000,-0.0074225829848610925,12.580449962615967,14.941559982299804,31.907258024153464,-0.7630524352114065,-0.7847796299197034,0.02172719470829687,13.742728088834408,12.580449962615967,11.418171836397526,18.47752870004274
2022-10-13,10.970999717712402,12.07800006866455,10.812999725341797,11.960000038146973,11.91709804534912,850103000,0.040000023303489174,12.531999969482422,14.802899990081787,38.23460457333704,-0.7342138260849111,-0.7746664691527451,0.040452643067833916,13.712760336880436,12.531999969482422,11.351239602084409,18.84392547515749
2022-10-14,12.057000160217283,12.111000061035156,11.20400047302246,11.22700023651123,11.186726570129396,713432000,-0.06128769541379786,12.433449983596802,14.643139991760254,32.97622002005025,-0.7617252837250099,-0.7720782320671981,0.01035294834218814,13.701219801435036,12.433449983596802,11.165680165758568,20.39288885242273
2022-10-17,11.517999649047852,11.947999954223633,11.517000198364258,11.887999534606934,11.845354080200195,580774000,0.058875803027979234,12.358749961853027,14.501119976043702,40.87321448906773,-0.7218699258032082,-0.7620365708144001,0.04016664501119194,13.568904398833464,12.358749961853027,11.14859552487259,19.58376762562143
2022-10-18,12.343999862670898,12.491999626159668,11.618000030517578,11.967000007629396,11.924073219299316,659362000,0.006645570792240152,12.298299980163574,14.384599990844727,41.7564852780464,-0.6761157480928457,-0.7448524062700893,0.06873665817724361,13.458890845962243,12.298299980163574,11.137709114364904,18.87400482457955
2022-10-19,11.878999710083008,12.350000381469728,11.833999633789062,12.050999641418455,12.007769584655762,523131000,0.0070191086399051805,12.237799978256225,14.283899974822997,42.736028155443826,-0.6258626096061946,-0.7210544469373105,0.09519183733111591,13.314463113185232,12.237799978256225,11.161136843327219,17.59569754109384
2022-10-20,12.11299991607666,12.769000053405762,12.104999542236328,12.194000244140623,12.150259017944336,652398000,0.011866436333909602,12.219449996948242,14.165839977264405,44.4488572533631,-0.5679506996390291,-0.6904336974776543,0.12248299783862515,13.285915499511454,12.219449996948242,11.15298449438503,17.455212842305617
2022-10-21,12.097999572753906,12.498000144958496,11.88700008392334,12.465999603271484,12.42128086090088,609494000,0.022305848999291333,12.2169499874115,14.056319980621337,47.65597131672318,-0.49440779338492824,-0.6512285166591091,0.15682072327418084,13.280854425420504,12.2169499874115,11.153045549402496,17.41685836653608
2022-10-24,12.508000373840332,12.710000038146973,12.064000129699709,12.598999977111816,12.553805351257324,517457000,0.010669148523450467,12.235500001907349,13.934119987487794,49.20034307973554,-0.4205447140090097,-0.6050917561290892,0.18454704212007944,13.312386375122747,12.235500001907349,11.15861362869195,17.602654130154487
2022-10-25,12.694000244140623,13.300000190734863,12.663999557495115,13.26099967956543,13.21343231201172,505482000,0.052543985054566145,12.277899980545044,13.818699989318848,56.13730947666429,-0.30507315459842665,-0.5450880358229566,0.24001488122452996,13.442598176813188,12.277899980545044,11.1132017842769,18.972270471557316
2022-10-26,12.869000434875488,13.387999534606934,12.708000183105469,12.895999908447266,12.849739074707031,532953000,-0.027524509053871826,12.285899972915649,13.699039993286133,51.92693269123308,-0.24024415783205555,-0.4841192602247764,0.24387510239272087,13.465181218549652,12.285899972915649,11.106618727281646,19.19731152351455
2022-10-27,13.630000114440918,13.838000297546388,13.121999740600586,13.175999641418455,13.128734588623049,583113000,0.021712154020713248,12.333699941635132,13.595860004425049,54.73179989075929,-0.16437822260335544,-0.42017105270049226,0.2557928300971368,13.574325524956835,12.333699941635132,11.093074358313428,20.117654705279435
2022-10-28,13.104000091552734,13.850000381469728,13.060999870300291,13.833999633789062,13.784375190734863,521040000,0.04993935993496068,12.418449926376343,13.497079982757569,60.556094503237276,-0.050575815581469286,-0.3462520052766877,0.2956761896952184,13.81595477909967,12.418449926376343,11.020945073653017,22.506912875737832
2022-10-31,13.777999877929688,13.838000297546388,13.29699993133545,13.496999740600586,13.448582649230955,486341000,-0.024360374471641633,12.467699909210205,13.410039958953858,56.54353382225805,0.01227879462954995,-0.2745458452954402,0.28682463992499013,13.942223962627414,12.467699909210205,10.993175855792996,23.653505685165566
2022-11-01,13.810999870300291,13.925000190734863,13.519000053405762,13.54300022125244,13.49441909790039,432817000,0.003408273560489672,12.486499929428101,13.340219955444336,56.96273807337944,0.0650534843382804,-0.2066259793686961,0.2716794637069765,14.005136653962085,12.486499929428101,10.967863204894117,24.32445814466984
2022-11-02,13.850000381469728,14.210000038146973,13.211000442504885,13.218999862670898,13.171582221984863,672628000,-0.023923732735242953,12.486999940872192,13.260979957580567,53.078901043089196,0.07981364300569638,-0.1493380548938176,0.22915169789951398,14.006594152146153,12.486999940872192,10.96740572959823,24.338819868174372
2022-11-03,13.04300022125244,13.781000137329102,12.956000328063965,13.42099952697754,13.372855186462402,500065000,0.015280849413944475,12.501549911499023,13.184959945678711,55.13284465772875,0.10658224603163191,-0.0981539947087277,0.20473624074035962,14.050775834688885,12.501549911499023,10.95232398830916,24.784541663348033
2022-11-04,13.986000061035156,14.229000091552734,13.696999549865724,14.156000137329102,14.105220794677734,612576000,0.054765089280015555,12.605549907684326,13.109819946289063,61.70211155614664,0.18497271309103347,-0.04152865314877547,0.22650136623980893,14.299084544216651,12.605549907684326,10.912015271152,26.86966691552185
2022-11-07,14.227999687194824,14.411999702453612,13.95400047302246,14.300999641418455,14.249699592590332,410061000,0.010242930615245172,12.737099885940552,13.070639934539795,62.85748705995056,0.2558487065482211,0.017946818790623847,0.23790188775759727,14.525590098532929,12.737099885940552,10.948609673348175,28.083162236429438
2022-11-08,14.800999641418455,14.890999794006348,14.215999603271484,14.60200023651123,14.54962158203125,595292000,0.02104760086288926,12.88789987564087,13.04665994644165,65.20420356451085,0.3324741197594214,0.08085227898438337,0.2516218407750381,14.768936656445646,12.88789987564087,11.006863094836092,29.19074168724856
2022-11-09,14.161999702453612,14.211000442504885,13.758999824523926,13.776000022888184,13.72658348083496,454414000,-0.056567663739979346,13.001699876785278,13.012819938659668,54.944972854109956,0.32282764161867306,0.1292473515112413,0.19358029010743175,14.806966829633494,13.001699876785278,11.196432923937062,27.769706576161568
2022-11-10,14.800000190734863,15.77299976348877,14.54699993133545,15.75,15.693500518798828,700819000,0.14329254185574114,13.19119987487793,13.02593994140625,67.93099957566628,0.4690609957609819,0.19721008036118945,0.27185091539979245,15.290950044928168,13.19119987487793,11.09144970482769,31.83562056472395
2022-11-11,15.807000160217283,16.388999938964844,15.482000350952148,16.32699966430664,16.268434524536133,655487000,0.03663516658049648,13.4461998462677,13.073739929199219,70.59856266293623,0.6243143262643329,0.2826309295418182,0.34168339672251474,15.757883833103945,13.4461998462677,11.134515859431454,34.384197963232054
2022-11-14,16.218000411987305,16.540000915527344,15.92199993133545,16.295000076293945,16.236543655395508,527852000,-0.001960291206417386,13.66654987335205,13.126699924468994,70.2495618764711,0.7362841841532468,0.37336158046410395,0.36292260368914286,16.173979079754176,13.66654987335205,11.159120666949924,36.69439953226642
2022-11-15,16.722000122070312,16.99799919128418,16.381999969482422,16.666000366210938,16.60621452331543,545876000,0.022767830134653,13.901499891281128,13.190719928741455,71.97908886986133,0.845214618057847,0.4677321879828526,0.37748243007499444,16.601137252858713,13.901499891281128,11.201862529703542,38.83951203381686
2022-11-16,16.16200065612793,16.36199951171875,15.873000144958496,15.90999984741211,15.85292911529541,649547000,-0.045361657044860726,14.094449901580811,13.234639930725098,63.83528495773013,0.8606191659927944,0.546309583584841,0.31430958240795337,16.7890866559383,14.094449901580811,11.399813147223322,38.23684887560262
2022-11-17,15.71500015258789,16.266000747680664,15.53499984741211,15.677000045776367,15.620763778686523,710894000,-0.014644948887387987,14.268599891662598,13.268379936218262,61.52487091534202,0.844293751668971,0.605906417201667,0.23838733446730398,16.898867097373472,14.268599891662598,11.638332685951726,36.86790891442385
2022-11-18,15.965999603271484,16.00200080871582,15.119999885559082,15.409000396728516,15.353726387023926,492072000,-0.017095027838968546,14.41574993133545,13.288819942474365,58.88491645838297,0.8005027142927119,0.644825676619876,0.15567703767283592,16.953844125644356,14.41574993133545,11.877655737026545,35.212794428292085
2022-11-21,15.147000312805176,15.47700023651123,15.079999923706056,15.31700038909912,15.262057304382324,404739000,-0.0059704778065522435,14.551649951934815,13.305059947967528,57.96541380767317,0.7497319269728671,0.6658069266904743,0.0839250002823928,16.97453692310752,14.551649951934815,12.128762980762106,33.30051202682423
2022-11-22,15.32800006866455,16.058000564575195,15.121999740600586,16.038000106811523,15.980469703674316,472866000,0.04707179281037743,14.690499973297118,13.36319995880127,62.860067272626864,0.758925938013034,0.6844307289549862,0.07449520905804774,17.119894073235656,14.690499973297118,12.26110587335858,33.074355595172946
2022-11-23,16.097999572753906,16.527000427246094,16.04800033569336,16.518999099731445,16.45974349975586,427241000,0.02999122084448791,14.871649932861327,13.43101993560791,65.72726529458737,0.7958507844111864,0.7067147400462264,0.08913604436496003,17.27899913394137,14.871649932861327,12.464300731781288,32.375011675881524
2022-11-25,16.31800079345703,16.48699951171875,16.172000885009766,16.270000457763672,16.211639404296875,167934000,-0.015073387714861108,15.026349973678588,13.497839946746826,63.01520450149425,0.795847843233835,0.7245413606837481,0.07130648255008687,17.374888374759166,15.026349973678588,12.67781157259801,31.25893387541851
2022-11-28,16.025999069213867,16.35700035095215,15.725000381469728,15.82699966430664,15.770225524902344,303741000,-0.02722820736300946,15.125999975204468,13.550419940948487,58.39834551901194,0.7514369531668716,0.7299204791803728,0.021516473986498807,17.432464856564536,15.125999975204468,12.8195350938444,30.49669291472929
2022-11-29,15.82699966430664,15.932000160217283,15.520000457763672,15.638999938964844,15.582900047302246,298384000,-0.01187842731255151,15.233099985122681,13.595559940338134,56.50628337378941,0.6930815831080324,0.7225526999659048,-0.029471116857872404,17.423032413337104,15.233099985122681,13.043167556908259,28.752288507962366
2022-11-30,15.696999549865724,16.93000030517578,15.597000122070312,16.92300033569336,16.866609573364258,565298000,0.08237937239957138,15.402099990844727,13.670499954223633,64.87632207589888,0.741890580286908,0.7264202760301054,0.015470304256802625,17.56576013722027,15.402099990844727,13.238439844469184,28.09565121199914
2022-12-01,16.999000549316406,17.264999389648438,16.635000228881836,17.135000228881836,17.07790184020996,470977000,0.01252725190125803,15.597900009155273,13.74797996520996,66.03842329752604,0.7885883264758551,0.7388538861192554,0.049734440356599685,17.641298661744504,15.597900009155273,13.554501356566043,26.20094565793916
2022-12-02,16.659000396728516,16.933000564575195,16.44499969482422,16.875999450683594,16.819766998291016,371389000,-0.015115137932879219,15.770650005340576,13.834279956817626,63.2836515978927,0.7955270874630536,0.7501885263880151,0.04533856107503842,17.624035098434092,15.770650005340576,13.91726491224706,23.50423213330948
2022-12-05,16.679000854492188,16.9950008392334,16.472000122070312,16.610000610351562,16.554651260375977,352255000,-0.01576215282542115,15.8933500289917,13.91615997314453,60.49268194630543,0.7706783221990374,0.7542864855502197,0.016391836648817715,17.62375407673832,15.8933500289917,14.16294598124508,21.775195847195455
2022-12-06,16.530000686645508,16.572999954223633,15.819000244140623,15.987000465393066,15.933727264404297,352694000,-0.03750752499739329,15.97765007019043,13.991339988708496,54.4371531182309,0.6927292401613201,0.7419750364724398,-0.049245796311119694,17.546251456827633,15.97765007019043,14.409048683553227,19.634944810360437
2022-12-07,15.772000312805176,16.18600082397461,15.666999816894531,16.1200008392334,16.0662841796875,372388000,0.008319265987396074,16.05355010032654,14.065480003356933,55.46216231512416,0.6343733881570817,0.7204547068093682,-0.08608131865228652,17.489877816124924,16.05355010032654,14.617222384528155,17.894206662352754
2022-12-08,16.273000717163086,17.179000854492188,15.958999633789062,17.16900062561035,17.11178970336914,515456000,0.06507450708505869,16.223200130462647,14.154140014648437,62.60730490007744,0.6651045595666556,0.7093846773608257,-0.04428011779417007,17.29991359285325,16.223200130462647,15.146486668072042,13.273749367966397
2022-12-09,17.15999984741211,17.58300018310547,16.975000381469727,17.000999450683594,16.944347381591797,465338000,-0.009785202172299723,16.285750102996825,14.249759998321533,60.921625963519936,0.6682003458954817,0.7011478110677569,-0.0329474651722752,17.39022851729487,16.285750102996825,15.181271688698784,13.563740169325103
2022-12-12,17.03700065612793,17.538000106811523,16.797000885009766,17.53499984741211,17.47657012939453,457328000,0.0314100470095966,16.3461501121521,14.357679996490479,64.2193340885049,0.7056093230044347,0.7020401134550925,0.003569209549342145,17.577841876656986,16.3461501121521,15.114458347647211,15.070114443513152
2022-12-13,18.5310001373291,18.790000915527344,17.711000442504883,18.07200050354004,18.011777877807617,656589000,0.030624301247353936,16.435000133514404,14.468880004882813,67.21547695860619,0.7697148779461074,0.7155750663532956,0.05413981159281178,17.877454967130333,16.435000133514404,14.992545299898476,17.553450829300107
2022-12-14,17.98699951171875,18.25200080871582,17.420000076293945,17.673999786376953,17.6151065826416,496888000,-0.022022884018282007,16.485400104522704,14.559020004272462,63.0045315762057,0.7794190033495489,0.7283438537525463,0.051075149597002656,18.02386268943302,16.485400104522704,14.946937519612387,18.66454650971129
2022-12-15,17.145999908447266,17.31999969482422,16.700000762939453,16.95199966430664,16.895509719848633,478542000,-0.040851121701533044,16.53750009536743,14.633880004882812,56.13422447288182,0.7205442314252757,0.7267839292870922,-0.006239697861816551,18.065026012544084,16.53750009536743,15.009974178190777,18.47348037330687
2022-12-16,16.86400032043457,17.041000366210938,16.40999984741211,16.570999145507812,16.515777587890625,478232000,-0.022475328549093954,16.582200050354004,14.70269998550415,52.85860786898529,0.6358127393134723,0.7085896912923683,-0.072776951978896,18.05782718955482,16.582200050354004,15.106572911153188,17.797724484325155
2022-12-19,16.57200050354004,16.608999252319336,16.145000457763672,16.253999710083008,16.199838638305664,354039000,-0.019129523142562,16.62445001602173,14.78625997543335,50.23218292994685,0.5368942336727471,0.674250599768444,-0.1373563660956969,18.00886282395428,16.62445001602173,15.240037208089177,16.655141151717277
2022-12-20,16.06399917602539,16.309999465942383,15.85200023651123,16.084999084472656,16.031400680541992,403260000,-0.010397508365632024,16.662849950790406,14.874559955596924,48.83893014037184,0.439793995772515,0.6273592789692582,-0.18756528319674326,17.938395778633748,16.662849950790406,15.387304122947066,15.310055982144096
2022-12-21,16.11400032043457,16.62700080871582,16.101999282836914,16.500999450683594,16.44601058959961,325025000,0.02586236332804326,16.68599991798401,14.972859935760498,52.34293910588791,0.39189162781882203,0.580265748739171,-0.188374120920349,17.931802922626865,16.68599991798401,15.440196913341152,14.932314644208308
2022-12-22,16.0939998626709,16.13800048828125,14.881999969482422,15.33899974822998,15.287884712219238,565045000,-0.07041986693798952,16.626999950408937,15.049639930725098,43.40116036727517,0.25720014814007186,0.5156526286193512,-0.2584524804792794,18.003737099789966,16.626999950408937,15.250262801027906,16.560259258882947
2022-12-23,15.196000099182127,15.33899974822998,14.883000373840332,15.206000328063965,15.155327796936035,349326000,-0.008670716569261772,16.57379994392395,15.114559936523438,42.50611380485083,0.13813193939686386,0.4401484907748538,-0.30201655137798994,18.077941717001515,16.57379994392395,15.069658170846388,18.150837806256863
2022-12-27,15.074000358581545,15.100000381469728,14.055999755859377,14.121000289916992,14.073945045471191,464902000,-0.0713533066360642,16.48849997520447,15.172439937591554,35.98616044309573,-0.04328198148656881,0.3434623963225693,-0.3867443778091381,18.311969534005705,16.48849997520447,14.665030416403233,22.118076981452322
2022-12-28,13.927000045776367,14.26200008392334,13.883999824523926,14.03600025177002,13.98922634124756,351066000,-0.00601954206513633,16.408349990844727,15.215399951934815,35.5264138604022,-0.1917027831535556,0.23642936042734436,-0.42813214358089996,18.495924197496624,16.408349990844727,14.32077578419283,25.445266682106237
2022-12-29,14.402000427246094,14.68299961090088,14.22700023651123,14.602999687194824,14.55433750152588,354923000,0.040396169630344536,16.2923499584198,15.268119945526124,40.94616440570475,-0.260571515728806,0.1370291851961143,-0.3976007009249203,18.50662794152742,16.2923499584198,14.078071975312175,27.181812184967157
2022-12-30,14.333999633789062,14.628999710083008,14.232999801635742,14.61400032043457,14.565299987792969,310490000,0.000753210942507021,16.166299962997435,15.319379959106445,41.04970322516887,-0.310681480585119,0.04748705203986763,-0.35816853262498666,18.459950369422604,16.166299962997435,13.872649556572267,28.37570021186093
2023-01-03,14.85099983215332,14.996000289916992,14.095999717712402,14.3149995803833,14.26729679107666,401277000,-0.020459804945044846,16.038249969482422,15.361799945831299,39.04583537229452,-0.3702528057548644,-0.03606091951907878,-0.33419188623578566,18.44240739617199,16.038249969482422,13.634092542792853,29.980296245091566
2023-01-04,14.56700038909912,14.852999687194824,14.241000175476074,14.74899959564209,14.699851036071776,431324000,0.030317883711906246,15.945199918746948,15.407459945678712,43.36727712987773,-0.37808500738282724,-0.10446573709182848,-0.27361927029099875,18.397218114185502,15.945199918746948,13.493181723308393,30.755565410700058
2023-01-05,14.491000175476074,14.564000129699709,14.14799976348877,14.265000343322754,14.2174654006958,389168000,-0.03281568188631678,15.859099912643433,15.440779953002929,39.96445820508467,-0.4185223136024856,-0.1672770523939599,-0.2512452612085257,18.41781151266185,15.859099912643433,13.300388312625017,32.26805574228738
2023-01-06,14.473999977111816,15.010000228881836,14.034000396728516,14.859000205993652,14.809483528137209,405044000,0.04164020173472238,15.796049880981446,15.472739963531494,45.60548461822321,-0.3980498742896934,-0.21343161677310662,-0.18461825751658678,18.387869676423943,15.796049880981446,13.20423008553895,32.816049771570626
2023-01-09,15.284000396728516,16.055999755859375,15.140999794006348,15.628000259399414,15.575923919677734,504231000,0.051753350485473026,15.718999862670898,15.527379970550538,51.90586186103228,-0.3161292993508411,-0.23397115328865353,-0.08215814606218758,18.233444615770143,15.718999862670898,13.204555109571654,31.992426681935243
2023-01-10,15.506999969482422,15.961999893188477,15.472000122070312,15.909000396728516,15.855989456176758,384101000,0.017980669265160287,15.664399909973145,15.582039985656738,54.00244013553526,-0.2259279342488405,-0.23236250948069093,0.006434575231850426,18.111648007102946,15.664399909973145,13.217151812843344,31.245985945132794
2023-01-11,15.84000015258789,16.027999877929688,15.562999725341797,16.000999450683594,15.947680473327637,353285000,0.005782737015832318,15.587699890136719,15.625379981994628,54.69873118641263,-0.14534371587052775,-0.2149587507586583,0.06961503488813056,17.887335231164894,15.587699890136719,13.288064549108544,29.5057687437682
2023-01-12,16.100000381469727,16.636999130249023,15.491999626159668,16.51099967956543,16.45598030090332,551409000,0.03187296286916519,15.509649848937988,15.685659980773925,58.45333313130005,-0.03986781465625455,-0.17994056353817756,0.140072748881923,17.559064901742538,15.509649848937988,13.460234796133438,26.427612135226664
2023-01-13,16.277999877929688,16.922000885009766,16.165000915527344,16.89900016784668,16.84269142150879,447287000,0.02349973161940655,15.470899868011475,15.75277997970581,61.0951565819666,0.0741759396583479,-0.1291172628988725,0.2032932025572204,17.37963571824497,15.470899868011475,13.562164017777981,24.675175542698803
2023-01-17,16.89900016784668,17.72800064086914,16.89900016784668,17.70199966430664,17.64301300048828,511102000,0.047517439995216515,15.508399868011475,15.842439975738525,65.924397101974,0.2267380894553881,-0.05794619242802038,0.28468428188340844,17.556442222274473,15.508399868011475,13.460357513748475,26.41203956170114
2023-01-18,17.66699981689453,17.87299919128418,17.281999588012695,17.37700080871582,17.319093704223633,439624000,-0.018359635979165456,15.548699951171875,15.92156000137329,62.54071726019908,0.3177570948110038,0.017194465019784458,0.30056262979121934,17.707517115328503,15.548699951171875,13.389882787015246,27.76845872563028
2023-01-19,17.035999298095703,17.19700050354004,16.731000900268555,16.764999389648438,16.709136962890625,452932000,-0.03521874479980769,15.574249935150146,15.973739986419679,56.64471336612904,0.33662649184708116,0.08108087038524381,0.25554562146183735,17.777490198116435,15.574249935150146,13.371009672183854,28.29337235681199
2023-01-20,17.01099967956543,17.856000900268555,16.825000762939453,17.839000701904297,17.779556274414062,564967000,0.06406191498105107,15.661950016021729,16.044500007629395,63.201128840728124,0.4332493264929447,0.151514561606784,0.28173476488616067,18.069676891730893,15.661950016021729,13.254223140312567,30.74619537472827
2023-01-23,18.06399917602539,19.2450008392334,17.81800079345703,19.19300079345703,19.129047393798828,655163000,0.07590128226803783,15.796550083160401,16.13632001876831,69.46952614102929,0.6120250666214808,0.24361666260972337,0.36840840401175745,18.638651967949414,15.796550083160401,12.954448198371386,35.9838302645434
2023-01-24,18.82699966430664,19.4950008392334,18.81999969482422,19.26499938964844,19.2008056640625,496204000,0.0037512725430819405,15.992850065231323,16.246100006103514,69.76446345221845,0.7508603628101476,0.34506540264980823,0.40579496016033934,19.20027364938942,15.992850065231323,12.785426481073227,40.110719116051484
2023-01-25,18.913000106811523,19.3700008392334,18.57999992370605,19.322999954223636,19.258607864379883,449537000,0.003010404944911782,16.198700046539308,16.31756000518799,70.01575745811533,0.8557044676783754,0.44719321565552167,0.4085112520228537,19.69329907129889,16.198700046539308,12.704101021779728,43.14666009889067
2023-01-26,19.701000213623047,20.166000366210938,19.277999877929688,19.802000045776367,19.73601531982422,489535000,0.024789302467045582,16.482750034332277,16.387060012817383,72.07958930939455,0.9663065005317222,0.5510158726307618,0.4152906279009604,20.173667492466027,16.482750034332277,12.791832576198525,44.78521424453879
2023-01-27,19.46199989318848,20.62800025939941,19.405000686645508,20.364999771118164,20.29714012145996,542142000,0.028431514292153404,16.799200010299682,16.46846000671387,74.31718265341374,1.0868601339850414,0.6581847249016177,0.4286754090834237,20.677262031162492,16.799200010299682,12.921137989436874,46.16960353451531
2023-01-30,19.950000762939453,20.13999938964844,19.149999618530277,19.16200065612793,19.09815216064453,488611000,-0.05907176841863315,17.027150058746336,16.518380012512207,62.74578711141599,1.0729593745662243,0.741139654834539,0.3318197197316852,20.897993164047207,17.027150058746336,13.156306953445466,45.466717471166405
2023-01-31,19.170000076293945,19.687000274658203,18.950000762939453,19.53700065612793,19.471900939941406,498017000,0.019569892215387075,17.273300075531004,16.590920028686522,64.5963149134281,1.0797555388441715,0.8088628316364656,0.270892707207706,21.125089100793865,17.273300075531004,13.421511050268144,44.598183420888105
2023-02-01,19.69099998474121,21.191999435424805,19.61100006103516,20.94300079345703,20.873214721679688,660477000,0.07196594652265609,17.604700136184693,16.696240043640138,70.51085729460736,1.184934817665468,0.884077228842266,0.3008575888232019,21.521332235609076,17.604700136184693,13.68806803676031,44.495300336006736
2023-02-02,21.0,21.948999404907227,20.700000762939453,21.708999633789062,21.63665580749512,564276000,0.036575156055022706,17.95270013809204,16.822240028381348,73.14326594958335,1.3149420254560376,0.9702501881650203,0.34469183729101727,22.0262294131418,17.95270013809204,13.879170863042283,45.38068640055479
2023-02-03,21.0,21.7450008392334,20.78899955749512,21.100000381469727,21.02968978881836,429366000,-0.02805267246828891,18.29445013999939,16.93790002822876,67.94985123810136,1.3532332931929076,1.0468468091705978,0.30638648402230984,22.217171428671,18.29445013999939,14.37172885132778,42.88427647349603
2023-02-06,20.80599975585937,21.56999969482422,20.785999298095703,21.089000701904297,21.01872444152832,452197000,-0.0005214222083232967,18.605950164794923,17.038920040130616,67.85613480921964,1.3669346448368849,1.1108643763038553,0.2560702685330296,22.374378559444814,18.605950164794923,14.837521770145031,40.50777693450226
2023-02-07,21.381999969482425,22.25900077819824,21.149999618530277,22.17300033569336,22.0991153717041,664150000,0.05140135564274151,18.93320016860962,17.152000064849855,71.96037861246327,1.4485646245201877,1.1784044259471218,0.27016019857306595,22.746835515906074,18.93320016860962,15.119564821313164,40.28516376876729
2023-02-08,22.386999130249023,22.87800025939941,22.007999420166016,22.20499992370605,22.131006240844727,559651000,0.0014430835173364631,19.248000144958496,17.2707000541687,72.07373547975364,1.4985645515264139,1.2424364510629804,0.2561281004634335,23.050525139899698,19.248000144958496,15.445475150017293,39.51085792086481
2023-02-09,22.606000900268555,23.020000457763672,22.1200008392334,22.33699989318848,22.262571334838867,523876000,0.005944831091833747,19.56480016708374,17.400900058746338,72.56642377298438,1.5311905368999525,1.3001872682303748,0.23100326866957777,23.287370315283365,19.56480016708374,15.842230018884111,38.053750781084524
2023-02-10,21.690000534057617,22.077999114990234,20.81100082397461,21.26499938964844,21.194137573242188,550737000,-0.04799237902607767,19.80250015258789,17.51342004776001,62.86618656220635,1.4537870318600774,1.3309072209563153,0.1228798109037621,23.315976973573164,19.80250015258789,16.289023331602614,35.48518413243003
2023-02-13,21.538000106811523,22.04800033569336,20.96199989318848,21.788000106811523,21.71539688110352,474919000,0.024594504308560694,20.046950149536134,17.610720043182372,65.30304329311708,1.4182967414531227,1.3483851250556769,0.06991161639744581,23.394766713945653,20.046950149536134,16.699133585126614,33.399759459041555
2023-02-14,21.577999114990234,23.048999786376957,21.36599922180176,22.97100067138672,22.89445304870605,675474000,0.05429586086121829,20.310400199890136,17.72744005203247,70.08510598066924,1.4686984479499365,1.3724477896345288,0.09625065831540769,23.707532485810127,20.310400199890136,16.913267913970145,33.45214523087897
2023-02-15,22.548999786376957,22.854999542236328,22.106000900268555,22.763999938964844,22.68814849853516,420575000,-0.009011115038738637,20.57975015640259,17.845200061798096,68.31097381121401,1.4749367812462637,1.3929455879568757,0.08199119328938798,23.855933013026444,20.57975015640259,17.303567299778734,31.83889825411314
2023-02-16,22.132999420166016,22.549999237060547,21.927000045776367,22.00200080871582,21.928686141967773,412026000,-0.033473967988900455,20.841600227355958,17.953040065765382,62.08100004966254,1.4022297125412315,1.394802412873747,0.007427299667484455,23.661743303959287,20.841600227355958,18.021457150752628,27.062634786571792
2023-02-17,21.631000518798828,21.739999771118164,20.975000381469727,21.38800048828125,21.316730499267575,465888000,-0.027906625993840084,21.019050216674806,18.061060066223146,57.528231524452785,1.2803055765975913,1.371903045618516,-0.0915974690209247,23.485594934423908,21.019050216674806,18.552505498925704,23.469611541175592
2023-02-21,21.0,21.49399948120117,20.618000030517575,20.655000686645508,20.58617210388184,410015000,-0.03427159692293513,21.09215021133423,18.151760063171388,52.57158572419102,1.1117176730742528,1.3198659711096634,-0.20814829803541057,23.42068698807521,21.09215021133423,18.763613434593246,22.07965288896628
2023-02-22,20.707000732421875,21.10400009155273,20.42099952697754,20.753999710083008,20.68484306335449,513184000,0.004793069783674886,21.166600227355957,18.22346004486084,53.15859973630665,0.9748613440002778,1.2508650456877866,-0.27600370168750876,23.34721606430538,21.166600227355957,18.985984390406536,20.604308802801203
2023-02-23,23.440000534057617,23.88800048828125,23.024999618530277,23.66399955749512,23.585147857666016,1117995000,0.14021401010529022,21.38365020751953,18.35672004699707,66.34456245386482,1.0886649333341651,1.2184250232170624,-0.12976008988289722,23.64954317547185,21.38365020751953,19.117757239567208,21.192761254161592
2023-02-24,23.225000381469727,23.474000930786133,22.94700050354004,23.285999298095703,23.208406448364254,589716000,-0.015973671718123583,21.5578501701355,18.471740036010743,63.83095680533052,1.1352669848164965,1.2017934155369492,-0.06652643072045272,23.84615771064856,21.5578501701355,19.26954262962244,21.229459546788163
2023-02-27,23.670000076293945,23.8799991607666,23.45400047302246,23.500999450683597,23.42268943786621,452994000,0.00923299020890167,21.71465015411377,18.580320014953614,64.65130190143546,1.1759920574399594,1.1966331439175513,-0.020641086477591886,24.082897157802016,21.71465015411377,19.346403150425523,21.81243526264769
2023-02-28,23.371999740600582,23.825000762939453,23.20599937438965,23.215999603271484,23.13863754272461,455963000,-0.012127210920637954,21.917350101470948,18.691160011291505,62.62367222171507,1.1717625161697427,1.1916590183679896,-0.0198965021982469,24.06021055834342,21.917350101470948,19.774489644598475,19.554010379463328
2023-03-01,23.191999435424805,23.256000518798828,22.507999420166016,22.697999954223636,22.62236213684082,460026000,-0.022312264710076635,22.07540006637573,18.806080017089844,59.001697673938104,1.1137734446958696,1.1760819036335657,-0.0623084589376961,23.941037199939945,22.07540006637573,20.20976293281152,16.902408363650622
2023-03-02,22.488000869750977,23.3799991607666,22.43199920654297,23.31399917602539,23.236312866210938,389415000,0.02713910800544972,22.19394998550415,18.940940017700196,61.82902140737427,1.1047873756826299,1.1618229980433785,-0.05703562236074866,24.05801691269746,22.19394998550415,20.32988305831084,16.797973577581406
2023-03-03,23.31999969482422,23.899999618530277,23.1299991607666,23.88999938964844,23.810392379760746,412393000,0.024706136333041195,22.30299997329712,19.093660011291504,64.30765276047944,1.1311055736885365,1.1556795131724102,-0.024573939483873763,24.291833615721554,22.30299997329712,20.314166330872684,17.83467376411802
2023-03-06,23.891000747680664,24.24799919128418,23.48699951171875,23.554000854492188,23.475509643554688,437429000,-0.014064561846142243,22.425699996948243,19.243040046691895,61.78721103834126,1.1120318505332527,1.1469499806445786,-0.03491813011132594,24.405295185714397,22.425699996948243,20.44610480818209,17.654701427697184
2023-03-07,23.600000381469727,24.125,23.24099922180176,23.288000106811523,23.21434211730957,515154000,-0.011125105704225757,22.535649967193603,19.378780059814453,59.78933792180979,1.0631958898355478,1.1301991624827725,-0.06700327264722472,24.449233104237337,22.535649967193603,20.62206683014987,16.98271973366149
2023-03-08,23.48699951171875,24.200000762939453,23.423999786376957,24.18099975585937,24.104511260986328,513573000,0.03834565456037664,22.636049938201904,19.55562005996704,63.99804334499564,1.0840543440296457,1.1209701987921472,-0.03691585476250148,24.669916216999827,22.636049938201904,20.60218365940398,17.970151897972737
2023-03-09,24.174999237060547,24.45400047302246,23.382999420166016,23.43600082397461,23.36186981201172,501257000,-0.03080923072589281,22.697599983215333,19.720220069885254,58.49717507830053,1.028612427888575,1.1024986446114329,-0.07388621672285778,24.749984418158512,22.697599983215333,20.645215548272155,18.084594287157213
2023-03-10,23.40900039672852,23.62700080871582,22.72599983215332,22.96500015258789,22.892364501953125,474866000,-0.020097077581401224,22.7289999961853,19.897100067138673,55.26309821749533,0.9358802471216912,1.0691749651134845,-0.13329471799179338,24.7775683037283,22.7289999961853,20.6804316886423,18.026031131038057
2023-03-13,22.75200080871582,23.29800033569336,22.29700088500977,22.965999603271484,22.893356323242188,421890000,4.3325419223361195e-05,22.814050006866456,20.075700054168703,55.268749551930014,0.8526412554400977,1.0258682231788072,-0.1732269677387095,24.750611986500953,22.814050006866456,20.87748802723196,16.976924123964316
2023-03-14,23.496000289916992,24.2189998626709,23.459999084472656,24.0629997253418,23.98689079284668,474910000,0.04776645478121955,22.92779998779297,20.26490005493164,61.080213451149696,0.8652187930006967,0.9937383371431852,-0.12851954414248845,24.87714230475481,22.92779998779297,20.97845767083113,17.00418110764829
2023-03-15,23.76099967956543,24.285999298095703,23.36000061035156,24.22800064086914,24.151365280151367,524486000,0.006856848964924556,22.99064998626709,20.45718006134033,61.88238017279356,0.878375412066017,0.9706657521277515,-0.09229034006173453,25.02088791993514,22.99064998626709,20.96041205259904,17.661422664263643
2023-03-16,24.027000427246094,25.58799934387207,23.893999099731445,25.541000366210938,25.460214614868164,583253000,0.05419359607767049,23.129500007629396,20.681700077056885,67.60433086135404,0.9834140471209167,0.9732154111263847,0.01019863599453208,25.439333793182588,23.129500007629396,20.819666222076204,19.973054193054583
2023-03-17,25.98200035095215,26.39900016784668,25.667999267578125,25.725000381469727,25.643632888793945,848547000,0.007204113425606007,23.31564998626709,20.90122009277344,68.32198340042093,1.0691803402230846,0.9924083969457247,0.07677194327735992,25.823597036766095,23.31564998626709,20.807702935768084,21.51299279219053
2023-03-20,25.614999771118164,26.02400016784668,25.1299991607666,25.899999618530277,25.81807518005371,432747000,0.006802557656953256,23.54124994277954,21.133920078277587,69.02480373348075,1.13815181566439,1.0215570806894578,0.11659473497493211,26.125591857761332,23.54124994277954,20.95690802779775,21.955859788782785
2023-03-21,26.18000030517578,26.392000198364254,25.381000518798828,26.198999404907227,26.116134643554688,547408000,0.011544604368153966,23.818449878692626,21.360720062255858,70.23971034458886,1.2030707401722402,1.0578598125860144,0.1452109275862259,26.29192989733681,23.818449878692626,21.34496986004844,20.769445797200238
2023-03-22,26.424999237060547,27.589000701904297,26.23699951171875,26.468000411987305,26.3842830657959,797295000,0.010267538665312825,24.104149913787843,21.577520065307617,71.32923199876709,1.26168170734379,1.0986241915375696,0.1630575158062204,26.410111318698288,24.104149913787843,21.7981885088774,19.13331449694817
2023-03-23,27.114999771118164,27.499000549316406,26.690000534057617,27.19099998474121,27.1049919128418,564889000,0.027315839708383693,24.280499935150146,21.80316005706787,74.07627201757452,1.3508990212466614,1.1490791574793882,0.20181986376727323,26.937574056374217,24.280499935150146,21.623425813926076,21.886486096420978
2023-03-24,27.0310001373291,27.16699981689453,26.354999542236328,26.77899932861328,26.694297790527344,454920000,-0.015151973615600944,24.455149936676026,22.018720054626463,69.96254195493003,1.3725376163085485,1.1937708492452204,0.17876676706332817,27.281583366628606,24.455149936676026,21.628716506723446,23.115241061873057
2023-03-27,26.83699989318848,27.0,26.364999771118164,26.5310001373291,26.447084426879883,361026000,-0.009260905290986443,24.606649971008302,22.219120063781737,67.53145863648942,1.3540660659405326,1.2258298925842828,0.12823617335624982,27.535244697744858,24.606649971008302,21.678055244271746,23.803278627420173
2023-03-28,26.44700050354004,26.51300048828125,25.850000381469727,26.40999984741211,26.32646369934082,356104000,-0.0045608327024686535,24.76634998321533,22.409340057373047,66.32057235716181,1.3145106564458295,1.2435660453565922,0.07094461108923733,27.722408704580875,24.76634998321533,21.810291261849788,23.871573513003945
2023-03-29,26.825000762939453,27.077999114990234,26.597000122070312,26.983999252319336,26.898645401000977,393694000,0.021734088869462598,24.980649948120117,22.5949800491333,69.14680010183136,1.3143288988976067,1.257718616064795,0.056610282832811665,27.92726912134119,24.980649948120117,22.034030774899044,23.591213033612977
2023-03-30,27.22900009155273,27.499000549316406,27.101999282836918,27.382999420166016,27.29638671875,364516000,0.01478666720273658,25.18409996032715,22.795100021362305,70.970401047563,1.331037462368709,1.272382385325578,0.05865507704313089,28.20332313195076,25.18409996032715,22.164876788703538,23.977217183697924
2023-03-31,27.13999938964844,27.833999633789062,27.104999542236328,27.777000427246094,27.68914031982422,433933000,0.014388483176215994,25.378450012207033,23.015340042114257,72.68714539275769,1.3603899789023863,1.2899839040409398,0.07040607486144657,28.536662813502982,25.378450012207033,22.220237210911083,24.888933719567973
2023-04-03,27.50900077819824,28.0,27.336000442504883,27.96500015258789,27.876544952392575,398716000,0.00676816363396382,25.598999977111816,23.21786003112793,73.49266339145206,1.3828810741750992,1.3085633380677717,0.0743177361073275,28.831965230577307,25.598999977111816,22.366034723646326,25.258527726521347
2023-04-04,27.965999603271484,28.0,27.30699920654297,27.452999114990234,27.36616897583008,368592000,-0.01830843734164722,25.80724992752075,23.383059997558593,67.64177937294698,1.343899586569858,1.3156305877681889,0.02826899880166911,28.953344433933278,25.80724992752075,22.661155421108223,24.38147819119266
2023-04-05,26.82900047302246,26.99799919128418,26.395000457763672,26.881000518798828,26.795974731445312,515015000,-0.020835734986814125,25.942249965667724,23.535380020141602,61.729200341425006,1.2524139223787465,1.3029872546903005,-0.05057333231155403,29.0287788808682,25.942249965667724,22.85572105046725,23.795383355608887
2023-04-06,26.583999633789062,27.07999992370605,26.427000045776367,27.03700065612793,26.95148086547852,397654000,0.005803339329571777,26.12229995727539,23.68966003417969,62.68713359504734,1.1789090520173353,1.2781716141557076,-0.09926256213837226,29.0171967791435,26.12229995727539,23.227403135407283,22.16418023376876
2023-04-10,26.822999954223636,27.621000289916992,26.66900062561035,27.57900047302246,27.49176979064941,395279000,0.020046724996953147,26.35299997329712,23.84520004272461,65.8823862441125,1.1511213577597559,1.2527615628765172,-0.1016402051167613,28.921700907012838,26.35299997329712,23.784299039581402,19.494561805627615
2023-04-11,27.724000930786133,27.790000915527344,27.125999450683597,27.16900062561035,27.083065032958984,314378000,-0.01486644042208718,26.563150024414064,23.981280059814452,61.586050776056126,1.083525639584792,1.2189143782181724,-0.1353887386333803,28.627221104231467,26.563150024414064,24.49907894459666,15.540860763277886
2023-04-12,27.3700008392334,27.468000411987305,26.447999954223636,26.4950008392334,26.41119766235352,446259000,-0.024807656363407538,26.684750080108643,24.12794006347656,55.211900373301205,0.9644517960662462,1.1680218617877873,-0.20357006572154113,28.40289491889751,26.684750080108643,24.966605241319776,12.877353796688595
2023-04-13,26.733999252319336,26.886999130249023,26.32900047302246,26.46299934387207,26.379297256469727,353615000,-0.0012078363992278351,26.79650001525879,24.266460037231447,54.92124688703112,0.8576165937244191,1.1059408081751139,-0.24832421445069475,28.102172490038036,26.79650001525879,25.490827540479543,9.745097113695852
2023-04-14,26.503999710083008,26.882999420166016,26.21999931335449,26.757999420166016,26.673362731933597,395660000,0.01114758564660967,26.857349967956544,24.382760009765626,57.16011091146553,0.787673161010261,1.0422872787421433,-0.25461411773188236,28.0299583125608,26.857349967956544,25.684741623352288,8.732122461845963
2023-04-17,26.565000534057617,27.006000518798828,26.433000564575195,27.00200080871582,26.916593551635746,321471000,0.009118865969267143,26.921199989318847,24.48862003326416,58.97503672180528,0.7433623411782335,0.9825022912293614,-0.23913995005112787,27.973076733460847,26.921199989318847,25.869323245176847,7.814486312343716
2023-04-18,27.53300094604492,28.11000061035156,27.35700035095215,27.66699981689453,27.579486846923828,604812000,0.024627681582976457,27.00954999923706,24.619960021972656,63.51208099689953,0.7532228751112378,0.9366464080057367,-0.18342353289449898,27.998435849555097,27.00954999923706,26.02066414891902,7.322490380965037
2023-04-19,27.36100006103516,28.0,27.23200035095215,27.93099975585937,27.8426513671875,358660000,0.009542038317258417,27.09615001678467,24.756800003051758,65.15940089022402,0.7734244523823115,0.9040020168810518,-0.13057756449874025,28.089282661703983,27.09615001678467,26.103017371865356,7.330433617352422
2023-04-20,27.67099952697754,28.030000686645508,27.0,27.10400009155273,27.018266677856445,427713000,-0.029608699202497313,27.12795000076294,24.855419998168944,56.54699363140146,0.7144664618963574,0.866094905884113,-0.15162844398775555,28.078405383205336,27.12795000076294,26.177494618320544,7.007203879509255
2023-04-21,26.95199966430664,27.183000564575195,26.722000122070312,27.11899948120117,27.03322029113769,345103000,0.0005534630870123181,27.124349975585936,24.95369998931885,56.65888600401243,0.6613287686739469,0.8251416784420798,-0.1638129097681329,28.074368162544886,27.124349975585936,26.174331788626986,7.0049102582295335
2023-04-24,27.01300048828125,27.36599922180176,26.67099952697754,27.04199981689453,26.956466674804688,339282000,-0.0028392331918430935,27.1375,25.04779998779297,55.863624985153756,0.6060177392966075,0.7813168906129854,-0.17529915131637785,28.07523437541706,27.1375,26.199765624582938,6.910985723939654
2023-04-25,27.077999114990234,27.246999740600582,26.225000381469727,26.24099922180176,26.15799903869629,378527000,-0.029620634103901256,27.122999954223634,25.147319984436034,48.27304367705851,0.49187921878791485,0.7234293562479713,-0.23155013746005648,28.10568966410504,27.122999954223634,26.140310244342228,7.246172706116012
2023-04-26,27.00200080871582,27.32999992370605,26.70499992370605,26.95599937438965,26.870738983154297,406337000,0.027247494863946953,27.15029993057251,25.250679969787598,54.248964445345464,0.4538860400341207,0.6695206930052013,-0.21563465297108064,28.081214491282854,27.15029993057251,26.219385369862163,6.857490068918848
2023-04-27,27.363000869750977,27.4950008392334,26.625,27.22599983215332,27.13988304138184,377161000,0.010016250702902907,27.16239995956421,25.33577995300293,56.30198214316693,0.4404853121137613,0.6237136168269134,-0.1832283047131521,28.090640870340348,27.16239995956421,26.23415904878807,6.834748859879701
2023-04-28,27.225000381469727,27.757999420166016,27.07099914550781,27.749000549316406,27.661230087280277,292216000,0.01920962758400635,27.180700016021728,25.43547996520996,60.04234885145071,0.46668724560097274,0.5923083425817253,-0.12562109698075252,28.139542467183066,27.180700016021728,26.22185756486039,7.055318300089007
2023-05-01,27.84000015258789,29.058000564575195,27.780000686645508,28.90999984741211,28.81856155395508,570329000,0.041839479409377045,27.23734998703003,25.573639945983885,66.82990605503863,0.5745127814222215,0.5887492303498245,-0.014236448927603007,28.434648076301123,27.23734998703003,26.040051897758936,8.791590149858388
2023-05-02,28.68000030517578,28.836000442504883,28.08300018310547,28.209999084472656,28.120769500732425,402730000,-0.024213285313225197,27.249599933624268,25.710079917907716,60.19100238390843,0.5966038066725083,0.5903201456143613,0.006283661058147039,28.480955597301453,27.249599933624268,26.018244269947083,9.037605445045603
2023-05-03,27.84000015258789,28.367000579833984,27.472000122070312,27.802000045776367,27.714061737060547,383387000,-0.014462895962405464,27.267049980163574,25.85301990509033,56.65809084794685,0.574565754346704,0.5871692673608299,-0.012603513014125878,28.51915767735182,27.267049980163574,26.014942282975326,9.184034929331478
2023-05-04,27.650999069213867,27.858999252319336,27.239999771118164,27.562000274658203,27.47481918334961,321850000,-0.008632533043361534,27.301099967956542,25.989179916381836,54.62692983962967,0.5316064352632566,0.5760567009413152,-0.044450265678058654,28.546382416481272,27.301099967956542,26.055817519431812,9.122580775033423
2023-05-05,27.826000213623047,28.7549991607666,27.731000900268555,28.68000030517578,28.58928680419922,361494000,0.04056323768365333,27.383249950408935,26.08949993133545,61.54319028435668,0.5810758437119432,0.5770605294954408,0.004015314216502364,28.758043548310464,27.383249950408935,26.008456352507405,10.041128064720446
2023-05-08,28.52199935913086,29.21999931335449,28.350000381469727,29.150999069213867,29.05879211425781,344979000,0.0164224212123274,27.461849880218505,26.206799926757814,64.03071611573071,0.6507845312948746,0.5918053298553276,0.058979201439546936,29.03749875511202,27.461849880218505,25.886201005324992,11.47518380419445
2023-05-09,28.89900016784668,28.972999572753903,28.450000762939453,28.57099914550781,28.48063087463379,314869000,-0.019896258500722186,27.53194980621338,26.308199920654296,58.97207781183688,0.6517154517973154,0.6037873542437252,0.04792809755359018,29.172651991196595,27.53194980621338,25.891247621230164,11.918532443444624
2023-05-10,29.0049991607666,29.113000869750977,28.461000442504883,28.88500022888184,28.79363822937012,369350000,0.010990183332459491,27.651449775695802,26.421579933166505,60.778651513369425,0.6700663682231109,0.6170431570396024,0.0530232111835085,29.320545083404742,27.651449775695802,25.982354467986863,12.07238912424757
2023-05-11,28.895999908447266,28.950000762939453,28.246000289916992,28.577999114990234,28.487606048583984,322149000,-0.0106284651612375,27.75719976425171,26.539179916381837,58.08563871087376,0.6523176655314806,0.6240980587379781,0.02821960679350255,29.379039076806038,27.75719976425171,26.13536045169738,11.685900064336343
2023-05-12,28.52899932861328,28.780000686645508,28.04599952697754,28.34000015258789,28.250356674194336,274222000,-0.008328161165421677,27.8362998008728,26.639699935913086,56.01358723493029,0.6119924950198232,0.6216769459943472,-0.009684450974523973,29.409063764593245,27.8362998008728,26.263535837152357,11.300093582632922
2023-05-15,28.507999420166016,28.9689998626709,28.152000427246094,28.952999114990234,28.861421585083008,293926000,0.021630343217820647,27.933849716186522,26.740959930419923,59.97402381267441,0.6223246291408522,0.6218064826236482,0.0005181465172039434,29.529379424977314,27.933849716186522,26.33832000739573,11.42362921689414
2023-05-16,28.840999603271484,29.8700008392334,28.832000732421875,29.21299934387207,29.120603561401367,449405000,0.008980222112562775,28.0111496925354,26.85413990020752,61.555131924519934,0.6440683464497177,0.6262588553888622,0.017809491060855498,29.694841138885078,28.0111496925354,26.327458246185724,12.021580440865362
2023-05-17,29.583999633789062,30.198999404907227,29.43000030517578,30.17799949645996,30.08254623413086,432535000,0.03303306096321856,28.12349967956543,26.991939888000488,66.79751297284949,0.7307442813403142,0.6471559405791526,0.08358834076116162,30.05277146452789,28.12349967956543,26.19422789460297,13.719997915936974
2023-05-18,30.40999984741211,31.827999114990234,30.31999969482422,31.67799949645996,31.57780265808105,748725000,0.04970511512930753,28.352199649810792,27.1418798828125,72.96797114561136,0.9099833268376152,0.6997214178308451,0.2102619090067701,30.767130874993068,28.352199649810792,25.937268424628517,17.035230105671126
2023-05-19,31.535999298095703,31.57999992370605,30.916000366210938,31.263999938964844,31.16510963439941,473908000,-0.013069086159990584,28.559449672698975,27.298439865112304,69.1483364071294,1.0070169923491363,0.7611805327345034,0.24583645961463296,31.21494250605845,28.559449672698975,25.9039568393395,18.596246522901016
2023-05-22,30.900999069213867,31.520000457763672,30.68000030517578,31.176000595092773,31.077392578125,372000000,-0.0028145916155414286,28.766149711608886,27.4626598739624,68.32956538761835,1.0645446516592614,0.821853356519455,0.24269129513980636,31.55711361259397,28.766149711608886,25.975185810623802,19.404500977471866
2023-05-23,31.0,31.288000106811523,30.631000518798828,30.6879997253418,30.590932846069336,356253000,-0.015653170736018462,28.98849973678589,27.61709987640381,63.81681126570921,1.0585557723163,0.8691938396788241,0.1893619326374758,31.644652190550442,28.98849973678589,26.33234728302134,18.325559983319465
2023-05-24,30.209999084472656,30.60700035095215,29.80599975585937,30.538000106811523,30.441408157348636,721419000,-0.004887876073380704,29.167599773406984,27.746599884033202,62.45150475216467,1.0298345352011218,0.9013219787832837,0.1285125564178381,31.732910144469813,29.167599773406984,26.602289402344155,17.590136939561976
2023-05-25,38.52299880981445,39.47999954223633,36.6349983215332,37.97999954223633,37.85986709594727,1543911000,0.24369631326689478,29.70529975891113,28.021639862060546,82.4792469425341,1.5892599079772403,1.0389095646220752,0.5503503433551651,34.19996860911527,29.70529975891113,25.210630908706996,30.261730308618105
2023-05-26,37.88999938964844,39.16999816894531,37.54999923706055,38.94599914550781,38.82280731201172,714397000,0.025434326370562532,30.265149688720705,28.289739837646483,83.69496583747797,2.086504713598675,1.2484285944173952,0.8380761191812798,36.203247364623465,30.265149688720705,24.327052012817948,39.24049764813015
2023-05-30,40.595001220703125,41.9379997253418,39.94900131225586,40.11100006103516,39.9841194152832,923401000,0.02991314084883756,30.825199699401857,28.577459831237793,85.04288040298381,2.5452406917361863,1.5077910138811534,1.0374496778550328,38.10718072402882,30.825199699401857,23.54321867477489,47.24693494698279
2023-05-31,39.48799896240234,40.29499816894531,37.821998596191406,37.83399963378906,37.714332580566406,1002580000,-0.056767208279425385,31.306399726867674,28.81613983154297,72.4382495988456,2.6940025699640486,1.7450333250977326,0.9489692448663161,39.08829115698174,31.306399726867674,23.524508296753606,49.71438107228611
2023-06-01,38.48899841308594,40.04999923706055,38.34000015258789,39.77000045776367,39.64421081542969,635873000,0.0511709502147657,31.90479974746704,29.087559852600098,75.73175011198484,2.9342918272406777,1.9828850255263215,0.9514068017143562,40.33070313718779,31.90479974746704,23.478896357746294,52.8190332264329
2023-06-02,40.09700012207031,40.5,39.05799865722656,39.32699966430664,39.20261001586914,482731000,-0.011139099265123353,32.493049716949464,29.344739837646486,73.56549911547839,3.0537743236090904,2.1970628851428753,0.8567114384662151,41.25989206156958,32.493049716949464,23.72620737232935,53.96133893856714
2023-06-05,38.90900039672852,39.56499862670898,38.70700073242188,39.17100143432617,39.04710388183594,396094000,-0.003966729102226951,33.017599773406985,29.584339866638185,72.7760590454378,3.10014081582397,2.3776784712790944,0.7224623445448755,42.06016867350962,33.017599773406985,23.97503087330435,54.7742353300054
2023-06-06,38.83000183105469,39.15999984741211,38.14799880981445,38.65399932861328,38.53174209594727,388729000,-0.01319846376950895,33.492749786376955,29.821839866638182,70.0915315595575,3.0598962663534124,2.514122030293958,0.5457742360594544,42.67036723110925,33.492749786376955,24.315132341644656,54.803606770234545
2023-06-07,38.915000915527344,39.499000549316406,37.35599899291992,37.47499847412109,37.360328674316406,511998000,-0.03040125771406721,33.93794975280762,30.040719833374023,64.26930113307228,2.899443673488463,2.591186358932859,0.308257314555604,42.98022739560558,33.93794975280762,24.895672110009652,53.28711786456643
2023-06-08,37.7239990234375,38.86399841308594,37.505001068115234,38.5099983215332,38.39216613769531,417772000,0.027618532812540453,34.41919965744019,30.282719802856445,66.87092217286741,2.823254949829554,2.6376000771121983,0.1856548727173557,43.35847507166126,34.41919965744019,25.479924243219116,51.943540251893815
2023-06-09,39.0369987487793,39.71099853515625,38.56700134277344,38.77000045776367,38.65137100219727,427717000,0.006751504032679767,34.92879972457886,30.51843982696533,67.51089507576083,2.7521299954390557,2.66050606077757,0.09162393466148577,43.637062742137644,34.92879972457886,26.220536707020074,49.862938813960525
2023-06-12,39.20000076293945,39.52999877929688,38.61800003051758,39.48199844360352,39.36119079589844,388701000,0.018364673109805496,35.48589963912964,30.760419807434083,69.26200842270762,2.72183957140593,2.672772762903242,0.04906680850268774,43.85586208103008,35.48589963912964,27.1159371972292,47.17345496108567
2023-06-13,40.18600082397461,41.10100173950195,39.7400016784668,41.02199935913086,40.896480560302734,613208000,0.03900516557960132,36.08934965133667,31.025319786071776,72.69059869223167,2.7899387188134313,2.69620595408528,0.09373276472815117,44.22529371334894,36.08934965133667,27.953405589324397,45.08778429433922
2023-06-14,40.82400131225586,43.0,40.55199813842773,42.99700164794922,42.86543655395508,740465000,0.04814487620148822,36.77854976654053,31.325959815979004,76.3361034305197,2.9690486183824447,2.750774486944713,0.2182741314377319,44.802257830526415,36.77854976654053,28.754841702554643,43.6325418751856
2023-06-15,42.60200119018555,43.28900146484375,42.14699935913086,42.65299987792969,42.522491455078125,568622000,-0.008000504052846469,37.40229978561401,31.629959831237795,74.47138746115522,3.048099838745415,2.8102395573048535,0.23786028144056148,45.213318592374335,37.40229978561401,29.591280978853693,41.76758569142671
2023-06-16,43.45000076293945,43.72100067138672,42.6609992980957,42.69200134277344,42.561370849609375,655709000,0.0009143254122896405,37.952999877929685,31.946179847717286,74.54730138895975,3.0784096030202264,2.8638735664479285,0.21453603657229792,45.62382761589504,37.952999877929685,30.28217213996433,40.422774287342015
2023-06-20,42.99800109863281,43.9900016784668,42.67399978637695,43.80799865722656,43.673954010009766,451153000,0.02614067963956579,38.580199813842775,32.281599807739255,76.68387355570692,3.1561004052087682,2.9223189342000966,0.23378147100867164,46.00823705469722,38.580199813842775,31.152162572988335,38.506992066895535
2023-06-21,43.5009994506836,43.6150016784668,42.08000183105469,43.04499816894531,42.91328811645508,551603000,-0.017416922987562478,39.1736496925354,32.590919761657716,72.22023540386715,3.120136175320283,2.961882382424134,0.15825379289614938,46.01393169502601,39.1736496925354,32.33336769004479,34.92287318735092
2023-06-22,42.25299835205078,43.42599868774414,42.23400115966797,43.025001525878906,42.89335250854492,417737000,-0.00046455559070790464,39.79049978256226,32.908039779663085,72.1017819035863,3.0548067909143697,2.9804672641221814,0.07433952679218825,45.60709439238557,39.79049978256226,33.973905172738945,29.236097267480766
2023-06-23,42.4640007019043,42.80899810791016,42.01499938964844,42.20899963378906,42.07984924316406,358140000,-0.018965718877273607,40.374049758911134,33.222319755554196,67.25417908454345,2.903716019251128,2.9651170151479707,-0.06140099589684267,44.4383736647486,40.374049758911134,36.309725853073665,20.1333476830147
2023-06-26,42.46099853515625,42.76399993896485,40.09999847412109,40.63199996948242,40.50767517089844,594322000,-0.03736168499988213,40.506649780273435,33.50569976806641,58.99859476228586,2.626448734678533,2.897383359054083,-0.27093462437554994,44.42014056512721,40.506649780273435,36.59315899541966,19.32270778295583
2023-06-27,40.79899978637695,41.93999862670898,40.448001861572266,41.8759994506836,41.74786758422852,462175000,0.03061623280274217,40.65314979553223,33.808059768676756,62.87046935766825,2.478521917805182,2.8136110708043027,-0.3350891529991209,44.54126742858601,40.65314979553223,36.76503216247845,19.12824788538813
2023-06-28,40.65999984741211,41.845001220703125,40.51800155639648,41.117000579833984,40.991188049316406,582639000,-0.01812498646512839,40.70344982147217,34.09035976409912,59.19738679215137,2.2738326565653466,2.7056553879565115,-0.4318227313911649,44.58823869618878,40.70344982147217,36.81866094675556,19.088253657886664
2023-06-29,41.55799865722656,41.59999847412109,40.59999847412109,40.821998596191406,40.69708633422852,380514000,-0.007174754601746325,40.85284976959228,34.35345973968506,57.78432065246871,2.0640180326074926,2.577327916886708,-0.5133098842792152,44.507759496193934,40.85284976959228,37.19794004299063,17.89304661591606
2023-06-30,41.68000030517578,42.54999923706055,41.5009994506836,42.30199813842773,42.17256164550781,501148000,0.03625506010827939,40.97944965362549,34.640879707336424,62.60683480169089,1.9941744242421748,2.4606972183578013,-0.46652279411562647,44.6509273751448,40.97944965362549,37.30797193210617,17.918628739781028
2023-07-03,42.516998291015625,42.89799880981445,42.20199966430664,42.41299819946289,42.2832260131836,198209000,0.0026240845554037495,41.1337495803833,34.94705966949463,62.948695793071764,1.9255827197166937,2.35367431862958,-0.4280915989128862,44.77372332798607,41.1337495803833,37.493775832780535,17.69823458709765
2023-07-05,42.1349983215332,43.17699813842773,42.084999084472656,42.31700134277344,42.1875228881836,323618000,-0.0022633827648382843,41.291049575805665,35.251019706726076,62.41722396651679,1.8422409487460953,2.2513876446528833,-0.409146695906788,44.8491356650772,41.291049575805665,37.73296348653413,17.234176054252593
2023-07-06,41.84400177001953,42.17900085449219,41.34600067138672,42.10300064086914,41.97417449951172,303582000,-0.005057144247064604,41.46349964141846,35.55223972320557,61.17721148459531,1.738879209528946,2.148885957628096,-0.41000674809914983,44.82237841614616,41.46349964141846,38.10462086669076,16.20161734429416
2023-07-07,42.321998596191406,43.2140007019043,42.18000030517578,42.50299835205078,42.37295150756836,355881000,0.009500532477685342,41.71489963531494,35.87747970581054,62.67002744583235,1.6699901519513176,2.0531067964927403,-0.3831166445414227,44.55457250329928,41.71489963531494,38.8752267673306,13.61466954402227
2023-07-10,42.65700149536133,42.81100082397461,41.64899826049805,42.18000030517578,42.05093383789063,353908000,-0.00759960442265184,41.89839973449707,36.18195972442627,60.64224261150499,1.571219790828387,1.95672939535987,-0.385509604531483,44.33110154359165,41.89839973449707,39.46569792540249,11.612385315478361
2023-07-11,42.48099899291992,42.757999420166016,42.06700134277344,42.40499877929688,42.27524566650391,298244000,0.005334288876390314,42.08014965057373,36.48553970336914,61.574940292140944,1.4938785623476818,1.8641592287574325,-0.37028066640975066,44.04988518497975,42.08014965057373,40.11041411616771,9.361827611177063
2023-07-12,43.03300094604492,43.935001373291016,42.777000427246094,43.902000427246094,43.76765823364258,481277000,0.035302280178614254,42.30114974975586,36.808599700927736,67.15245646601764,1.535678260527142,1.7984630351113746,-0.26278477458423266,44.03269357299104,42.30114974975586,40.56960592652067,8.186745908698043
2023-07-13,44.51800155639648,46.15499877929688,44.492000579833984,45.97700119018555,45.83632659912109,478204000,0.04726477149943564,42.5488998413086,37.149939727783206,73.00218342390333,1.7164538312380984,1.7820611943367195,-0.06560736309862114,44.81337664586654,42.5488998413086,40.28442303675065,10.644114480062193
2023-07-14,46.58300018310547,48.0880012512207,45.060001373291016,45.46900177001953,45.329872131347656,772075000,-0.011049194063975087,42.67249984741211,37.49511978149414,69.7282409296219,1.7980022154429847,1.7852493985579727,0.012752816885011953,45.26710720910196,42.67249984741211,40.077892485722266,12.160559474919989
2023-07-17,46.28900146484375,46.49599838256836,45.262001037597656,46.46099853515625,46.3188362121582,510488000,0.021817049868239735,42.86289978027344,37.86829975128174,72.3371768939896,1.9205369909939805,1.8123069170451744,0.10823007394880602,45.93819606441365,42.86289978027344,39.78760349613322,14.34945512275183
2023-07-18,46.70100021362305,47.89599990844727,45.73400115966797,47.49399948120117,47.34867858886719,569164000,0.02223377055485387,43.102999687194824,38.2669397354126,74.77515301985687,2.0770581927085203,1.8652571721778437,0.21180102053067662,46.7786535075145,43.102999687194824,39.42734586687515,17.055211224251053
2023-07-19,47.4640007019043,47.81800079345703,46.742000579833984,47.07699966430664,46.93294906616211,427502000,-0.008780171592852604,43.266449737548825,38.634879722595215,72.01596337203796,2.142753642359864,1.9207564662142478,0.2219971761456161,47.32387475657943,43.266449737548825,39.20902471851822,18.755525556835153
2023-07-20,46.50699996948242,47.08700180053711,45.0620002746582,45.52000045776367,45.38071441650391,537865000,-0.03307345224503122,43.39019985198975,38.96225975036621,62.71117705337879,2.0456005264096504,1.9457252782533283,0.0998752481563221,47.56240927051463,43.39019985198975,39.21799043346487,19.23111408915787
2023-07-21,45.78799819946289,45.86600112915039,44.09999847412109,44.30899810791016,44.17341995239258,963769000,-0.026603690127722457,43.45439968109131,39.27701972961426,56.58715473082727,1.8495675498061033,1.9264937325638836,-0.07692618275778029,47.64164329035728,43.45439968109131,39.26715607182534,19.27189716114293
2023-07-24,44.73099899291992,45.10900115966797,44.040000915527344,44.61199951171875,44.47549057006836,382516000,0.00683828913408413,43.57454967498779,39.591559715270996,57.7002040872543,1.6990738191549326,1.8810097498820935,-0.18193593072716086,47.749842260809174,43.57454967498779,39.39925708916641,19.163904696497823
2023-07-25,44.94100189208984,46.18299865722656,44.92300033569336,45.67900085449219,45.53922653198242,348081000,0.02391735196800604,43.826899719238284,39.933579750061035,61.44856758959898,1.6469198772516975,1.8341917753560144,-0.18727189810431688,47.86823232091705,43.826899719238284,39.785567117559516,18.4422472388791
2023-07-26,46.02099990844727,46.053001403808594,44.630001068115234,45.45199966430664,45.31291961669922,364237000,-0.004969494049800516,44.005699729919435,40.27581974029541,60.225827763410585,1.5691818520163991,1.7811897906880914,-0.2120079386716922,48.00213301684369,44.005699729919435,40.00926644299518,18.163252994280132
2023-07-27,46.51900100708008,47.39500045776367,45.75,45.900001525878906,45.759552001953125,455976000,0.009856623431726774,44.24484977722168,40.61475978851318,61.83970460590384,1.5261316177606972,1.7301781561026126,-0.20404653834191544,48.09081744989286,44.24484977722168,40.3988821045505,17.384928153383296
2023-07-28,46.667999267578125,47.027000427246094,46.38100051879883,46.75,46.6069564819336,331194000,0.018518635845567344,44.54124984741211,40.965499801635744,64.7612506627164,1.54281713452432,1.6927059517869543,-0.14988881726263426,48.195292652174714,44.54124984741211,40.88720704264951,16.407455189427772
2023-07-31,46.75400161743164,47.130001068115234,46.50600051879883,46.729000091552734,46.58600997924805,251055000,-0.000449428674744623,44.76259994506836,41.2965198135376,64.62960200681155,1.5366326648245376,1.661491294394471,-0.12485862956993343,48.38343492322149,44.76259994506836,41.141764966915225,16.177947583905045
2023-08-01,46.459999084472656,46.900001525878906,46.027000427246094,46.50699996948242,46.36469650268555,237858000,-0.00475064244954837,44.96730003356934,41.59309982299805,63.167704937301785,1.496566387774088,1.6285063130703947,-0.13193992529630671,48.4953728857838,44.96730003356934,41.43922718135487,15.691726430453507
2023-08-02,45.83100128173828,45.84000015258789,43.387001037597656,44.26900100708008,44.133544921875,530142000,-0.04812177689292785,45.06490001678467,41.853199844360354,50.71386280090623,1.269590710602472,1.5567231925768101,-0.28713248197433816,48.39685180209466,45.06490001678467,41.73294823147468,14.787347954035118
2023-08-03,43.79999923706055,45.11800003051758,43.79999923706055,44.51499938964844,44.378787994384766,324176000,0.005556840560709375,45.18549995422363,42.119979820251466,51.83787481864722,1.096916296492246,1.4647618133598974,-0.3678455168676513,48.24321705646257,45.18549995422363,42.12778285198469,13.534063384654992
2023-08-04,44.98500061035156,45.641998291015625,44.39300155639648,44.68000030517578,44.54328536987305,362666000,0.003706666696465355,45.29435005187988,42.39981983184814,52.61841372389872,0.96229207019163,1.364267864726244,-0.4019757945346141,48.10756591849782,45.29435005187988,42.48113418526194,12.421928401205436
2023-08-07,45.11100006103516,45.540000915527344,44.5629997253418,45.41699981689453,45.27803421020508,322154000,0.01649516496663672,45.45620002746582,42.6973998260498,56.045007726163426,0.9046429414585546,1.2723428800727061,-0.3676999386141515,47.87953978445713,45.45620002746582,43.03286027047451,10.662306816350975
2023-08-08,44.85300064086914,45.242000579833984,44.055999755859375,44.66400146484375,44.52733612060547,353843000,-0.016579741207722543,45.56915016174317,42.83107986450195,51.914061247106005,0.7890986792794905,1.1756940399140632,-0.38659536063457267,47.59031184444947,45.56915016174317,43.54798847903687,8.870745561558149
2023-08-09,44.27399826049805,44.3120002746582,42.13399887084961,42.55400085449219,42.423789978027344,586449000,-0.047241679513019164,45.50175018310547,42.90323989868164,42.46805471334588,0.5212608333928657,1.0448073986098236,-0.523546565216958,47.81027155851338,45.50175018310547,43.193228807697565,10.146956396701622
2023-08-10,42.15999984741211,43.57400131225586,41.834999084472656,42.38800048828125,42.258296966552734,492705000,-0.0039009483018920266,45.32230014801026,42.948779907226566,41.82330269521017,0.2922338783891547,0.8942926945656899,-0.6020588161765352,47.98582720978192,45.32230014801026,42.6587730862386,11.753715292795414
2023-08-11,41.7509994506836,42.01800155639648,40.63899993896485,40.85499954223633,40.7299919128418,533085000,-0.03616579851574675,45.091600036621095,43.009199905395505,36.33680566649672,-0.012824168986433904,0.7128693218552652,-0.7256934908416991,48.388346449449905,45.091600036621095,41.794853623792285,14.62244147535843
2023-08-14,40.48600006103516,43.79999923706055,40.31100082397461,43.75299835205078,43.61912155151367,690286000,0.07093371500918355,44.95620002746582,43.08885986328125,49.755391611050996,-0.020504225047794478,0.5661946124746533,-0.5866988375224478,48.239266384549005,44.95620002746582,41.67313367038263,14.605622161470095
2023-08-15,44.560001373291016,45.26800155639648,43.709999084472656,43.93999862670898,43.8055534362793,676512000,0.004274086183635006,44.77849998474121,43.1811198425293,50.48069810336598,-0.01137029577785853,0.45068163082415097,-0.4620519266020095,47.87214885430904,44.77849998474121,41.68485111517338,13.817563654977391
2023-08-16,44.52000045776367,44.67499923706055,43.40599822998047,43.48600006103516,43.35293960571289,527451000,-0.010332339054334505,44.59895000457764,43.26741981506348,48.64473128579668,-0.040300917163975214,0.35248512122652575,-0.39278603839050097,47.55177942766236,44.59895000457764,41.646120581492916,13.24169929014761
2023-08-17,43.970001220703125,44.0620002746582,43.0009994506836,43.34400177001953,43.211368560791016,452395000,-0.0032655466090520946,44.49015007019043,43.3612198638916,48.05602236508842,-0.07383558770802523,0.2672209794396156,-0.3410565671476408,47.459521068527536,44.49015007019043,41.520779071853326,13.348442267119534
2023-08-18,42.6349983215332,43.57799911499024,41.65999984741211,43.29899978637695,43.16651153564453,583768000,-0.0010380838802496184,44.43965015411377,43.47769989013672,47.85834556034618,-0.10285766061620905,0.19320525142845069,-0.29606291204465973,47.453645468096305,44.43965015411377,41.42565484013124,13.56444213008067
2023-08-21,44.49399948120117,47.06499862670898,44.22200012207031,46.96699905395508,46.82329177856445,692573000,0.08471336026077414,44.557400131225585,43.64683990478515,61.690659407875195,0.16818034532368387,0.18820027020749736,-0.02001992488381349,47.76680274796936,44.557400131225585,41.34799751448181,14.405699647159805
2023-08-22,48.1349983215332,48.1870002746582,45.33300018310547,45.667999267578125,45.52825546264648,755293000,-0.02765795113343228,44.556850051879884,43.784799880981446,56.022559502372616,0.2749915596644783,0.20555852809889358,0.06943303156558472,47.76548720772341,44.556850051879884,41.34821289603636,14.40244160934869
2023-08-23,45.86600112915039,47.20000076293945,45.20800018310547,47.11600112915039,46.97183227539063,779046000,0.031707272727120595,44.64005012512207,43.937479934692384,60.391274162015655,0.4710518725678483,0.2586571969926845,0.21239467557516378,48.01899310638752,44.64005012512207,41.26110714385663,15.138616429840784
2023-08-24,50.21599960327149,50.26599884033203,47.15900039672852,47.16299819946289,47.01868438720703,1156044000,0.0009974512286792248,44.70319995880127,44.06029991149902,60.52832938398905,0.6230413213624573,0.3315340218666391,0.29150729949581816,48.218432803916706,44.70319995880127,41.187967113685836,15.726985309128178
2023-08-25,47.012001037597656,47.80500030517578,45.02399826049805,46.01800155639648,45.877197265625,925341000,-0.02427730882858581,44.66660003662109,44.12071990966797,55.490521171191915,0.6436824242889756,0.39396370235110645,0.24971872193786915,48.11034310262377,44.66660003662109,41.22285697061841,15.419768073590728
2023-08-28,46.48199844360352,46.97999954223633,44.88800048828125,46.834999084472656,46.69169235229492,685192000,0.017753810939104886,44.67189998626709,44.20435989379883,58.16606964893364,0.7176924083168075,0.4587094435442467,0.2589829647725608,48.128624741813134,44.67189998626709,41.21517523072105,15.47605880479092
2023-08-29,46.66600036621094,49.08100128173828,46.39099884033203,48.78400039672852,48.63473129272461,701397000,0.04161423247992824,44.785750007629396,44.32619987487793,63.7623159654871,0.9229744958311983,0.5515624540016371,0.3714120418295612,48.60745830283091,44.785750007629396,40.96404171242788,17.06662630211832
2023-08-30,49.04399871826172,49.92699813842773,48.42499923706055,49.26399993896485,49.11326217651367,735206000,0.009839282978842068,45.03549995422363,44.435319900512695,65.00396918188079,1.1115803740811927,0.6635660380175482,0.4480143360636445,49.314926637075466,45.03549995422363,40.7560732713718,19.004681583202856
2023-08-31,49.380001068115234,49.74399948120117,48.95800018310547,49.35499954223633,49.203983306884766,528570000,0.001847181929089503,45.277499961853025,44.561519927978516,65.24708570290281,1.2539401573120301,0.7816408618764447,0.47229929543558546,49.94190430643525,45.277499961853025,40.6130956172708,20.603630273367806
2023-09-01,49.762001037597656,49.79999923706055,48.141998291015625,48.50899887084961,48.360572814941406,463830000,-0.0171411019039458,45.46894989013672,44.67119987487793,61.004108859077334,1.2836984506465257,0.8820523796304609,0.40164607101606475,50.3297287846578,45.46894989013672,40.60817099561564,21.380651659058874
2023-09-05,48.22299957275391,48.85100173950195,47.86000061035156,48.54800033569336,48.39945602416992,382653000,0.0008040270609968037,45.62549991607666,44.79797988891602,61.1296029896479,1.295495538623804,0.9647410114291295,0.3307545271946746,50.66779209188014,45.62549991607666,40.58320774027319,22.102956395341394
2023-09-06,48.44100189208984,48.54899978637695,46.58000183105469,47.06100082397461,46.92087173461914,468670000,-0.030549605533012558,45.7453498840332,44.926559906005856,53.99495807583058,1.1713537457780276,1.006063558298909,0.1652901874791186,50.80444970948266,45.7453498840332,40.686250058583745,22.1185315590526
2023-09-07,45.525001525878906,46.34400177001953,45.152000427246094,46.24100112915039,46.10330581665039,433330000,-0.017424354828547095,45.92969989776611,45.0138599395752,50.495046193073364,0.9953298156618473,1.0039168097714968,-0.00858699410964947,50.77436125221559,45.92969989776611,41.085038543316635,21.095985234970406
2023-09-08,45.94200134277344,46.60599899291992,45.27099990844727,45.571998596191406,45.43630599975586,473069000,-0.014467505205529974,46.088899803161624,45.102959899902345,47.77424689847341,0.7927088157545867,0.9616752109681148,-0.16896639521352808,50.65904512936133,46.088899803161624,41.51875447696192,19.83186991105482
2023-09-11,46.14799880981445,46.16299819946289,44.3120002746582,45.178001403808594,45.04347229003906,473966000,-0.008645810901064643,46.305049896240234,45.19007995605469,46.19555292710312,0.5934964749448,0.8880394637634519,-0.29454298881865193,50.22761916167833,46.305049896240234,42.38248063080214,16.942295815371047
2023-09-12,44.73799896240234,45.67300033569336,44.53099822998047,44.869998931884766,44.73638916015625,349256000,-0.006817483516933898,46.360899925231934,45.241439971923825,44.945198427590995,0.40608493979854643,0.7916485589704709,-0.3855636191719245,50.16660006796856,46.360899925231934,42.55519978249531,16.41771470732548
2023-09-13,44.59999847412109,45.93000030517578,44.50299835205078,45.48500061035156,45.34956359863281,398355000,0.013706390926665923,46.438150024414064,45.3028800201416,47.973271109040994,0.3036847548203525,0.6940557981404473,-0.39037104332009476,50.104315673652316,46.438150024414064,42.77198437517581,15.789456071401759
2023-09-14,45.95000076293945,45.98699951171875,45.13100051879883,45.58100128173828,45.445274353027344,370097000,0.002110511034717266,46.54290008544922,45.3681600189209,48.449903147548966,0.2276540679558039,0.6007754521035186,-0.3731213841477147,49.97812688708337,46.54290008544922,43.10767328381507,14.761550291569012
2023-09-15,45.34099960327149,45.5989990234375,43.80799865722656,43.900001525878906,43.7692756652832,506831000,-0.03687949322793549,46.570700073242186,45.404100036621095,41.31283599701585,0.031394671022368925,0.48689929588728864,-0.4555046248649197,49.909574778007915,46.570700073242186,43.23182536847646,14.338950024434457
2023-09-18,42.74800109863281,44.242000579833984,42.0,43.96599960327149,43.835079193115234,500271000,0.00150341825017275,46.60405006408691,45.43336006164551,41.67609948396051,-0.117462783888719,0.3660268799320871,-0.4834896638208061,49.822702540016145,46.60405006408691,43.38539758815768,13.812758640088779
2023-09-19,43.83300018310547,43.96599960327149,43.00199890136719,43.52000045776367,43.390411376953125,373064000,-0.010144108881453784,46.43170013427734,45.46016006469726,39.879640584357624,-0.26832866719132653,0.23915577050740439,-0.5074844376987309,49.91262411629521,46.43170013427734,42.95077615225947,14.993739070295826
2023-09-20,43.59999847412109,43.90299987792969,42.22299957275391,42.23899841308594,42.113224029541016,367108000,-0.029434783097965544,46.260250091552734,45.45684005737305,35.18799477543219,-0.48565875405864034,0.09419286559419544,-0.5798516196528358,50.18432361810686,46.260250091552734,42.33617656499861,16.96520671110973
2023-09-21,41.58300018310547,42.09999847412109,40.97999954223633,41.016998291015625,40.89486312866211,450736000,-0.028930601466756967,45.955299949646,45.39914001464844,31.393766034000564,-0.7478785326633286,-0.07422141405730937,-0.6736571186060192,50.46952752551149,45.955299949646,41.44107237378051,19.64616738792612
2023-09-22,41.571998596191406,42.1150016784668,41.23099899291992,41.61000061035156,41.486087799072266,479236000,0.01445718667770235,45.67765007019043,45.31180000305176,35.05354029927784,-0.8974935185443229,-0.2388758349547121,-0.6586176835896108,50.53094905557656,45.67765007019043,40.8243510848043,21.250213082014177
2023-09-25,41.59099960327149,42.5359992980957,41.17699813842773,42.22200012207031,42.09627532958984,419091000,0.0147082446885054,45.48784999847412,45.24685997009277,38.688598190976165,-0.9556649165926743,-0.3822336512823046,-0.5734312653103697,50.564812698614034,45.48784999847412,40.4108872983342,22.322280346555054
2023-09-26,42.0009994506836,42.81999969482422,41.65499877929688,41.9109992980957,41.78620529174805,402282000,-0.007365735695477049,45.24165000915527,45.15585998535156,37.538774924384924,-1.0151592125135167,-0.508818763528547,-0.5063404489849697,50.50747402579576,45.24165000915527,39.975825992514785,23.27865590921142
2023-09-27,42.33000183105469,42.87200164794922,41.62900161743164,42.46799850463867,42.34153747558594,444935000,0.01328984481746076,44.92584991455078,45.05533996582031,40.925101231334715,-1.0057698015305405,-0.6082089711289458,-0.39756083040159473,50.05994799067402,44.92584991455078,39.791751838427544,22.855875118170587
2023-09-28,42.459999084472656,43.44599914550781,42.1150016784668,43.0890007019043,42.960693359375,424663000,0.014622895641096312,44.61709995269776,44.975579986572264,44.53551155231325,-0.9374130244653571,-0.6740497817962281,-0.263363242669129,49.401297981480695,44.61709995269776,39.83290192391482,21.445580433757723
2023-09-29,43.82699966430664,44.14400100708008,43.30699920654297,43.499000549316406,43.36947250366211,397830000,0.009515189637829824,44.32430000305176,44.93515998840332,46.845291253717065,-0.8404678349544596,-0.7073333924278744,-0.13313444252658524,48.60286451555103,44.32430000305176,40.04573549055249,19.305728515530713
2023-10-02,44.02999877929688,45.17499923706055,43.86100006103516,44.78200149536133,44.64864730834961,433298000,0.02949482045416829,44.13795013427735,44.944620056152345,53.3869915999346,-0.6525879918075361,-0.6963843123038068,0.04379632049627069,47.972890342628965,44.13795013427735,40.30300992592573,17.37706529952065
2023-10-03,44.80799865722656,45.130001068115234,43.24599838256836,43.516998291015625,43.38741683959961,470850000,-0.028247898755807133,43.886400032043454,44.92272003173828,47.21684854584209,-0.5988637208361496,-0.6768801940102754,0.07801647317412586,47.14846445023396,43.886400032043454,40.62433561385295,14.86594669787781
2023-10-04,43.742000579833984,44.14300155639648,43.29199981689453,44.04100036621094,43.909854888916016,361821000,0.01204123424189607,43.73540000915527,44.889960021972655,49.80475417166284,-0.5081466624146458,-0.6431334876911495,0.13498682527650374,46.65756058924231,43.73540000915527,40.81323942906823,13.362907756532843
2023-10-05,44.04999923706055,44.900001525878906,43.88800048828125,44.6879997253418,44.55493927001953,393483000,0.014691107104213064,43.65774993896484,44.874680023193356,52.876904456596996,-0.3796687143484476,-0.5904405330226092,0.21077181867416162,46.38553038679488,43.65774993896484,40.9299694911348,12.496202629057068
2023-10-06,44.19300079345703,45.78900146484375,44.0260009765625,45.762001037597656,45.62572479248047,434436000,0.024032925193132382,43.667250061035155,44.87192001342773,57.52426550600706,-0.18900732597590775,-0.510153891613269,0.3211465656373612,46.42281354518267,43.667250061035155,40.91168657688764,12.620732838894016
2023-10-09,44.84199905395508,45.60499954223633,44.36800003051758,45.27299880981445,45.13818740844727,409675000,-0.010685581133245803,43.67199993133545,44.84237998962402,54.870851537665025,-0.07648354042485295,-0.42341982137558576,0.3469362809507328,46.43827030044231,43.67199993133545,40.905729562228586,12.668393357099333
2023-10-10,45.310001373291016,46.25899887084961,45.0880012512207,45.79800033569336,45.6616325378418,368582000,0.011596503081924059,43.71840000152588,44.82375999450684,57.155819826704544,0.05442819152059286,-0.32785021879635,0.3822784103169429,46.59252162590897,43.71840000152588,40.844278377142786,13.148338568121337
2023-10-11,46.19599914550781,46.85900115966797,46.04999923706055,46.805999755859375,46.666622161865234,378137000,0.02200949830671428,43.78444995880127,44.82973999023437,61.21612466414734,0.2367843091375832,-0.21492331320956337,0.45170762234714656,46.870807622892315,43.78444995880127,40.69809229471022,14.097962482091871
2023-10-12,46.777000427246094,47.60900115966797,46.33000183105469,46.94499969482422,46.80521011352539,481325000,0.0029697446534582284,43.85264987945557,44.88325996398926,61.75437899301067,0.38804582879324556,-0.09432948480900158,0.48237531360224717,47.147994217998985,43.85264987945557,40.557305540912154,15.029168579786301
2023-10-13,46.959999084472656,47.11600112915039,45.27999877929688,45.46099853515625,45.325626373291016,474115000,-0.03161151796233075,43.93069972991943,44.902179946899416,53.2564540675559,0.3837515328372092,0.0012867187202405816,0.38246481411696864,47.29994828663285,43.93069972991943,40.56145117320602,15.338925068014595
2023-10-16,45.0629997253418,46.22499847412109,44.9119987487793,46.095001220703125,45.957740783691406,375099000,0.013946071151768491,44.037149810791014,44.93047996520996,56.039674302351074,0.4265895319142814,0.08634728135904875,0.34024225055523266,47.53616400487985,44.037149810791014,40.53813561670218,15.891192818439063
2023-10-17,44.0,44.75400161743164,42.47999954223633,43.9379997253418,43.807167053222656,812333000,-0.046794592027289195,44.05804977416992,44.900899963378905,46.00363981264684,0.28322215228015324,0.12572225554326966,0.15749989673688358,47.549443558001784,44.05804977416992,40.56665599033806,15.84906187054504
2023-10-18,42.59099960327149,43.21900177001953,41.82500076293945,42.19599914550781,42.07035446166992,627294000,-0.03964676806063783,44.05589981079102,44.85153991699219,39.80388471051385,0.028706670103915144,0.10631913845539875,-0.07761246835148361,47.55182157797883,44.05589981079102,40.55997804360321,15.870390945148829
2023-10-19,42.81100082397461,43.297000885009766,41.88199996948242,42.10100173950195,41.97563552856445,501233000,-0.002251441289656042,44.110099983215335,44.842479934692385,39.49132558245356,-0.17860532889051228,0.049334244986216545,-0.22793957387672883,47.445824667895046,44.110099983215335,40.774375298535624,15.124539214143756
2023-10-20,41.88999938964844,42.470001220703125,41.07799911499024,41.387001037597656,41.26375579833984,477266000,-0.01695935561809858,44.09895000457764,44.82245994567871,37.131291077451024,-0.3959511923128147,-0.03972284247358972,-0.356228349839225,47.46933812504287,44.09895000457764,40.72856188411241,15.285570836110022
2023-10-23,41.229000091552734,43.24800109863281,40.94499969482422,42.97499847412109,42.84703826904297,478530000,0.038369810020221884,44.136599922180174,44.864859924316406,45.00335606811225,-0.4350462904587502,-0.11878753207062182,-0.3162587583881284,47.4384041643583,44.136599922180174,40.834795680002046,14.961751689073166
2023-10-24,43.07699966430664,43.696998596191406,42.69100189208984,43.66299819946289,43.53298568725586,401463000,0.016009214310350295,44.22419986724854,44.86305992126465,48.039026096813586,-0.40583539165170635,-0.17619710398683874,-0.2296382876648676,47.37466274481568,44.22419986724854,41.07373698968139,14.247687406551842
2023-10-25,43.39799880981445,43.650001525878906,41.55500030517578,41.77899932861328,41.654598236083984,398379000,-0.043148601491897365,44.18974990844727,44.81983993530273,41.314017279949624,-0.528614963290579,-0.2466806758475868,-0.2819342874429922,47.43006187396925,44.18974990844727,40.949437942925286,14.665446046810814
2023-10-26,41.85300064086914,42.25600051879883,39.880001068115234,40.32600021362305,40.20591735839844,541001000,-0.03477841436556228,44.0515998840332,44.75663993835449,37.01077109706374,-0.7346944435391691,-0.3442834293859033,-0.39041101415326585,47.68018948532905,44.0515998840332,40.42301028273735,16.474269315294755
2023-10-27,41.130001068115234,41.20600128173828,40.01499938964844,40.5,40.37939834594727,416784000,0.004314812319848649,43.90164985656738,44.6997599029541,37.84567818147662,-0.873899814694866,-0.4502067064476959,-0.4236931082471701,47.84353032076102,43.90164985656738,39.959769392373744,17.957778247843958
2023-10-30,41.08700180053711,41.76599884033203,40.48099899291992,41.1609992980957,41.03843688964844,388028000,0.016321158083013154,43.7205997467041,44.65699989318848,41.04270563606496,-0.9202755909409035,-0.5442204833463374,-0.37605510759456606,47.81383005051187,43.7205997467041,39.62736944289634,18.724492927919336
2023-10-31,40.45000076293945,40.87900161743164,39.22999954223633,40.77999877929688,40.65856552124024,517969000,-0.009256477517154527,43.583749771118164,44.533259887695316,39.772802829475935,-0.9765156212265467,-0.6306795109223793,-0.3458361103041674,47.873360331074664,43.583749771118164,39.294139211161664,19.684449284348247
2023-11-01,40.88399887084961,42.38100051879883,40.86899948120117,42.32500076293945,42.198974609375,437593000,0.037886459307818976,43.49794979095459,44.46639991760254,46.94204375294488,-0.8862019183822625,-0.681783992414356,-0.20441792596790642,47.8160959674384,43.49794979095459,39.179803614470785,19.854481405382316
2023-11-02,43.32799911499024,43.88399887084961,42.89400100708008,43.50600051879883,43.37644958496094,409172000,0.02790292860159571,43.43884983062744,44.39419990539551,51.67723723050775,-0.7111333453914668,-0.6876538630097783,-0.02347948238168851,47.72244462633534,43.43884983062744,39.15525503491954,19.72241351882049
2023-11-03,44.02000045776367,45.30899810791016,43.72299957275391,45.005001068115234,44.87098693847656,424610000,0.034455041106771445,43.40099983215332,44.35103996276855,56.93119632848631,-0.4462888828988838,-0.6393808669875993,0.19309198408871553,47.61462220701385,43.40099983215332,39.18737745729278,19.41716730562001
2023-11-06,45.28499984741211,45.935001373291016,44.89899826049805,45.7509994506836,45.6147689819336,400733000,0.016576012568585874,43.424899864196775,44.3456999206543,59.30268712395498,-0.1741939044687726,-0.5463434744838339,0.3721495700150613,47.68588006583398,43.424899864196775,39.16391966255957,19.62459425335519
2023-11-07,45.71900177001953,46.21799850463867,45.15800094604492,45.95500183105469,45.81816101074219,343165000,0.0044589073527729894,43.43274993896485,44.328099975585936,59.952099293629175,0.05724473181768985,-0.42562583322352915,0.482870565041219,47.711729701364405,43.43274993896485,39.15377017656529,19.703932025546255
2023-11-08,46.09999847412109,46.867000579833984,45.96799850463867,46.57400131225586,46.43532180786133,346719000,0.013469785419245595,43.421150016784665,44.28389999389648,61.936820388163525,0.28729781308589253,-0.28304110396164484,0.5703389170475374,47.664598937986774,43.421150016784665,39.177701095582556,19.54553907283332
2023-11-09,47.46699905395508,48.22999954223633,46.75,46.95000076293945,46.81019592285156,540496000,0.008073037946013883,43.42140007019043,44.23762001037598,63.132047292920156,0.49425904019572897,-0.12758107513017009,0.621840115325899,47.665680068469065,43.42140007019043,39.177120071911794,19.54925447552489
2023-11-10,47.5,48.47200012207031,47.28300094604492,48.334999084472656,48.19107818603516,421245000,0.029499604433603555,43.56510009765625,44.2172200012207,67.21577634865055,0.7612597646896049,0.05018709283378492,0.71107267185582,48.247835685663134,43.56510009765625,38.88236450964936,21.49764640737649
2023-11-13,48.31999969482422,49.11600112915039,48.0989990234375,48.619998931884766,48.47522735595703,384136000,0.005896302399065467,43.69134998321533,44.21944000244141,68.00123120747817,0.9845080721101027,0.2370512886890485,0.7474567834210541,48.760331829617,43.69134998321533,38.62236813681366,23.203594525456378
2023-11-14,49.68000030517578,49.83399963378906,49.040000915527344,49.65599822998047,49.50813293457031,416954000,0.021307905809880623,43.97724990844726,44.24159996032715,70.74504871635799,1.2308420681182994,0.43580944457489873,0.7950326235434007,49.67557074994335,43.97724990844726,38.27892906695118,25.914857583677765
2023-11-15,49.935001373291016,49.959999084472656,48.20000076293945,48.88800048828125,48.742431640625,475497000,-0.015466171890530789,44.311849975585936,44.278139953613284,66.2124548214365,1.348547321286965,0.6183570199173121,0.7301903013696529,50.32945373358506,44.311849975585936,38.29424621758681,27.160246125199407
2023-11-16,48.67900085449219,49.525001525878906,48.33000183105469,49.47999954223633,49.332664489746094,339756000,0.012109220431857803,44.680799865722655,44.342919921875,67.91872623918641,1.4726234718481592,0.7892103103034815,0.6834131615446777,51.00784047777914,44.680799865722655,38.35375925366617,28.321071382208363
2023-11-17,49.52399826049805,49.71699905395508,49.00699996948242,49.29800033569336,49.15120697021485,325205000,-0.0036782428317643223,45.07634983062744,44.41743995666504,66.80182956234587,1.5385336420297335,0.939074976648732,0.5994586653810016,51.51835958687707,45.07634983062744,38.63434007437782,28.582659334463482
2023-11-20,49.3120002746582,50.54800033569336,49.180999755859375,50.40900039672852,50.25889205932617,414120000,0.02253627443538808,45.44804992675782,44.52205993652344,70.04063824523976,1.6612663028297376,1.0835132418849331,0.5777530609448045,52.21200903079529,45.44804992675782,38.68409082272034,29.76567362048752
2023-11-21,50.1259994506836,50.516998291015625,49.22200012207031,49.94400024414063,49.79528427124024,565747000,-0.009224393318075563,45.7621000289917,44.623539962768554,67.09041214757568,1.701398531422953,1.207090299792537,0.49430823163041593,52.74508397653806,45.7621000289917,38.779116081445345,30.518634167236307
2023-11-22,49.85200119018555,50.334999084472656,47.68999862670898,48.71599960327149,48.57093048095703,899420000,-0.024587745771547875,46.108950042724615,44.68815994262695,59.91316871892314,1.6154918385258128,1.2887706075391923,0.32672123098662054,52.953870158014425,46.108950042724615,39.264029927434805,29.690201615726654
2023-11-24,48.470001220703125,48.92100143432617,47.744998931884766,47.7760009765625,47.63373947143555,294645000,-0.019295306889146935,46.48145008087159,44.732059936523434,55.0577264037607,1.4547902161649375,1.3219745292643412,0.1328156869005963,52.81905343616622,46.48145008087159,40.14384672557696,27.269387440658754
2023-11-27,47.79999923706055,48.52999877929688,47.652000427246094,48.242000579833984,48.09835052490234,395662000,0.009753822786586097,46.868550109863286,44.818899917602536,56.92156967828751,1.3494793383236328,1.3274754910761994,0.022003847247433317,52.61573978457803,46.868550109863286,41.12136043514854,24.52471715571707
2023-11-28,48.23600006103516,48.323001861572266,47.47299957275391,47.82099914550781,47.67859649658203,401491000,-0.008726994246985309,47.201550102233895,44.895999908447266,54.713896857792655,1.2180079738769507,1.30558198763635,-0.08757401375939922,52.32530241443544,47.201550102233895,42.07779779003235,21.710101897518218
2023-11-29,48.37900161743164,48.762001037597656,47.86000061035156,48.13999938964844,47.99665069580078,382005000,0.006670796176677429,47.56955013275147,44.98839988708496,56.10315600160802,1.1265702237846185,1.2697796348660038,-0.1432094110813853,51.769551894814654,47.56955013275147,43.36954837068829,17.658362336168043
2023-11-30,48.02399826049805,48.11000061035156,46.422000885009766,46.77000045776367,46.63072967529297,526247000,-0.028458673692981606,47.791800117492684,45.079019927978514,49.13211455577972,0.9328048897011314,1.2023846858330294,-0.269579796131898,51.2658799807859,47.791800117492684,44.31772025419947,14.53839300780652
2023-12-01,46.525001525878906,47.20000076293945,46.1870002746582,46.76499938964844,46.6257438659668,369317000,-0.00010692110891019624,47.95475006103516,45.19397994995117,49.108126725650706,0.7699652420117005,1.1159007970687638,-0.3459355550570633,50.870272049812606,47.95475006103516,45.03922807225772,12.15947110585152
2023-12-04,46.07699966430664,46.07699966430664,45.0099983215332,45.5099983215332,45.37447738647461,437543000,-0.026836386419681668,47.97999992370606,45.271979904174806,43.38386179103762,0.5334957434650676,0.9994197863480246,-0.4659240428829571,50.80008443203171,47.97999992370606,45.15991541538041,11.755250157607009
2023-12-05,45.46599960327149,46.59999847412109,45.27099990844727,46.56600189208984,46.431427001953125,371718000,0.02329392372888406,48.02075004577637,45.3588599395752,48.79270246863744,0.4263874953209097,0.8848133281426017,-0.458425832821692,50.732285369027636,48.02075004577637,45.3092147225251,11.293181887690071
2023-12-06,47.21500015258789,47.387001037597656,45.4119987487793,45.50299835205078,45.371490478515625,380590000,-0.02282799801507096,47.99814987182617,45.4306999206543,44.21366239189083,0.2528136567396615,0.7584133938620138,-0.5055997371223523,50.784676799511516,47.99814987182617,45.21162294414083,11.61097640274244
2023-12-07,45.70000076293945,46.62900161743164,45.604000091552734,46.59600067138672,46.461334228515625,350823000,0.024020452899074618,47.99924983978271,45.513259963989256,49.46514193412951,0.2011327584621796,0.646957266782047,-0.4458245083198674,50.78354366966325,47.99924983978271,45.214956009902174,11.601405601855312
2023-12-08,46.595001220703125,47.74100112915039,46.54999923706055,47.50600051879883,47.36870956420898,359224000,0.01952968744355288,48.02704982757568,45.60159996032715,53.39845956899608,0.23094249540628908,0.5637543125068954,-0.33281181710060637,50.77980754072528,48.02704982757568,45.27429211442608,11.463363762847862
2023-12-11,47.49100112915039,47.53099822998047,45.83000183105469,46.62699890136719,46.49224853515625,509728000,-0.018502953471102535,47.94164981842041,45.66415992736816,49.398847895346044,0.18154609195876503,0.4873126683972694,-0.30576657643850436,50.75617719460287,47.94164981842041,45.12712244223795,11.74147067046094
2023-12-12,46.04600143432617,47.66600036621094,46.04600143432617,47.65700149536133,47.51926803588867,372387000,0.022090123259059347,47.89349994659424,45.721659927368165,53.76862455478541,0.22294175382752002,0.43443848548331954,-0.21149673165579952,50.69286847186374,47.89349994659424,45.09413142132474,11.68997266180613
2023-12-13,47.62900161743164,48.59400177001953,47.608001708984375,48.0880012512207,47.94902038574219,447792000,0.00904374935929031,47.81510009765625,45.81307998657226,55.50034916105726,0.2872153525815335,0.40499385890296236,-0.11777850632142883,50.49803955033272,47.81510009765625,45.13216064497978,11.222142993309268
2023-12-14,48.38999938964844,48.66999816894531,47.422000885009766,48.34999847412109,48.21025848388672,391232000,0.005448246826377456,47.788199996948244,45.89925994873047,56.56542836100903,0.35519911465627985,0.3950349100536259,-0.03983579539734605,50.438156572072415,47.788199996948244,45.13824342182407,11.090422218427973
2023-12-15,48.19400024414063,49.40399932861328,48.119998931884766,48.88999938964844,48.74870300292969,479948000,0.011168671066614122,47.75869998931885,45.9832999420166,58.7565322285659,0.4474918888633965,0.4055263058155801,0.041965583047816446,50.34503795801258,47.75869998931885,45.172362020625116,10.83085582007954
2023-12-18,49.400001525878906,50.43299865722656,49.150001525878906,50.07699966430664,49.932273864746094,412587000,0.0242790225976941,47.79764995574951,46.06959991455078,63.15631730924142,0.6093909003788767,0.4462992247282394,0.16309167565063726,50.49655515121433,47.79764995574951,45.098744760284696,11.293045570078995
2023-12-19,49.42399978637695,49.70000076293945,48.89500045776367,49.604000091552734,49.46063995361328,464444000,-0.00944547232938664,47.75739994049072,46.156219940185544,60.39162005424581,0.6915580699746968,0.4953509937775309,0.19620707619716593,50.319890708610025,47.75739994049072,45.19490917237142,10.731282571129745
2023-12-20,49.65499877929688,49.999000549316406,48.09799957275391,48.11100006103516,47.971954345703125,397894000,-0.03009838953370436,47.66574993133545,46.202479934692384,52.569125220819814,0.6289533363691717,0.5220714622958591,0.10688187407331262,50.03250350352024,47.66574993133545,45.29899635915066,9.930625556481125
2023-12-21,48.81100082397461,49.095001220703125,48.41899871826172,48.9900016784668,48.848419189453125,300425000,0.018270359331910457,47.679450035095215,46.24615997314453,56.16882482839682,0.6428562714150061,0.5462284241196885,0.09662784729531759,50.07337889021039,47.679450035095215,45.28552117998004,10.041763708906409
2023-12-22,49.19499969482422,49.382999420166016,48.46699905395508,48.83000183105469,48.68888092041016,252507000,-0.003265986324433756,47.732150077819824,46.28386001586914,55.34544245130688,0.6336593663563264,0.563714612567016,0.06994475378931031,50.17810094721966,47.732150077819824,45.28619920841999,10.248651550001817
2023-12-26,48.96799850463867,49.59999847412109,48.959999084472656,49.27899932861328,49.13658142089844,244200000,0.00919512816940915,47.78400001525879,46.36022003173828,57.239770930296466,0.6550500887924571,0.5819817078121043,0.07306838098035273,50.31352190793404,47.78400001525879,45.25447812258354,10.587317478099363
2023-12-27,49.51100158691406,49.68000030517578,49.084999084472656,49.41699981689453,49.27417755126953,233648000,0.0028002788633678666,47.863800048828125,46.42666000366211,57.83187113890224,0.6753528294951323,0.6006559321487099,0.07469689734642238,50.4917408220179,47.863800048828125,45.23585927563835,10.980911546968235
2023-12-28,49.64300155639648,49.88399887084961,49.4119987487793,49.52199935913086,49.37887954711914,246587000,0.0021248857120075293,47.93290004730225,46.53833999633789,58.30494742941443,0.6919392384919192,0.6189125934173518,0.07302664507456735,50.65716898476062,47.93290004730225,45.20863110984388,11.367010695242488
2023-12-29,49.8129997253418,49.99700164794922,48.7509994506836,49.52199935913086,49.37887954711914,389293000,0.0,48.07049999237061,46.68486000061035,58.30494742941443,0.6970489408285303,0.6345398628995875,0.06250907792894278,50.823768322477626,48.07049999237061,45.31723166226359,11.455126659984805
2024-01-02,49.24399948120117,49.29499816894531,47.595001220703125,48.167999267578125,48.02879333496094,411254000,-0.027341369924562597,48.14064998626709,46.80619995117188,49.92790276600227,0.5850972878820215,0.6246513478960743,-0.039554060014052816,50.82799761320098,48.14064998626709,45.45330235933321,11.164567274021
2024-01-03,47.48500061035156,48.18399810791016,47.31999969482422,47.56900024414063,47.43152618408203,320896000,-0.012435606006452549,48.243600082397464,46.92983993530274,46.72925523672409,0.4429347056368087,0.5883080194442213,-0.14537331380741259,50.66449525322072,48.243600082397464,45.822704911574206,10.036129835619645
2024-01-04,47.766998291015625,48.5,47.507999420166016,47.99800109863281,47.859283447265625,306535000,0.00901841660172309,48.31520004272461,47.03029998779297,49.237570869500196,0.36072836656502005,0.542792088868381,-0.182063722303361,50.61507478830979,48.31520004272461,46.015325297139434,9.52029482875544
2024-01-05,48.46200180053711,49.547000885009766,48.305999755859375,49.09700012207031,48.955108642578125,415039000,0.022896815756131117,48.494900131225585,47.138980026245115,55.07361685768908,0.3798802638449317,0.5102097238636911,-0.13032946001875945,50.418646985975094,48.494900131225585,46.571153276476075,7.9338109761806495
2024-01-08,49.512001037597656,52.275001525878906,49.479000091552734,52.25299835205078,52.10198211669922,642510000,0.06428079849840507,48.77775001525879,47.348460006713864,66.85744545544527,0.6423167343179941,0.5366311259545518,0.10568560836344232,51.11960448326631,48.77775001525879,46.43589554725127,9.602142236060224
2024-01-09,52.4010009765625,54.32500076293945,51.68999862670898,53.13999938964844,52.98642349243164,773100000,0.01697519633228972,49.05944995880127,47.60473999023438,69.29506125362894,0.9113674223395236,0.6115783852315462,0.29978903710797744,52.00040855780988,49.05944995880127,46.11849135979266,11.989366376827885
2024-01-10,53.61600112915039,54.59999847412109,53.48899841308594,54.34999847412109,54.19292068481445,533796000,0.022769930726785903,49.44559993743896,47.881739959716796,72.28921254291387,1.2083003108916515,0.7309227703635672,0.47737754052808423,52.97652153757441,49.44559993743896,45.91467833730351,14.282045741594592
2024-01-11,54.999000549316406,55.34600067138672,53.560001373291016,54.821998596191406,54.6635627746582,596759000,0.00868456772391002,49.80384979248047,48.15495994567871,73.37969886348206,1.4648226656672634,0.8777027494243064,0.587119916242957,53.93850227387723,49.80384979248047,45.66919731108371,16.603746491987152
2024-01-12,54.619998931884766,54.970001220703125,54.33000183105469,54.709999084472656,54.551883697509766,352994000,-0.00204302594781125,50.134949684143066,48.43355995178223,72.64913114013368,1.640174148779792,1.0301970292954037,0.6099771194843884,54.704640649694106,50.134949684143066,45.56525871859203,18.229562388476335
2024-01-16,55.01800155639648,56.834999084472656,54.900001525878906,56.38199996948242,56.219051361083984,449580000,0.030561138325097437,50.536549758911136,48.71469993591309,76.42293522047467,1.8922453340820624,1.2026066902527355,0.6896386438293269,55.77151511978065,50.536549758911136,45.30158439804162,20.717541604416446
2024-01-17,56.34700012207031,56.47100067138672,54.7400016784668,56.053001403808594,55.89101028442383,474394000,-0.005835051796822643,50.89469985961914,48.965639953613284,74.2519431802746,2.0419280542613407,1.3704709630544565,0.6714570912068842,56.589943355497915,50.89469985961914,45.19945636374036,22.380497425420508
2024-01-18,57.2599983215332,57.59999847412109,56.10699844360352,57.10699844360352,56.94195556640625,491650000,0.01880347620546252,51.24619979858399,49.20767990112304,76.5502249305737,2.2200105412884596,1.5403788787012571,0.6796316625872025,57.533201760283404,51.24619979858399,44.95919783688457,24.536461187013273
2024-01-19,57.98899841308594,59.5,57.22499847412109,59.49100112915039,59.31906509399414,543501000,0.04174618704156874,51.740549850463864,49.482479934692385,80.73822870297784,2.5244114443158523,1.7371853918241764,0.7872260524916759,58.92420153966656,51.740549850463864,44.55689816126117,27.76797583313002
2024-01-22,60.04899978637695,60.33100128173828,59.06999969482422,59.65399932861328,59.481590270996094,452955000,0.002739847243789617,52.31769981384277,49.756459884643554,80.9882353539166,2.7471366640885932,1.93917564627706,0.8079610178115333,60.07413285131094,52.31769981384277,44.5612667763746,29.651276967707556
2024-01-23,59.56999969482422,59.90999984741211,58.584999084472656,59.87300109863281,59.69997024536133,294654000,0.0036713876238059218,52.861849784851074,50.022439880371095,81.33870199785055,2.907800306087722,2.1329005782391928,0.7748997278485295,61.118947169870054,52.861849784851074,44.604752399832094,31.240289239311732
2024-01-24,60.30400085449219,62.8489990234375,59.9379997253418,61.36199951171875,61.184661865234375,560271000,0.024869218757917366,53.48844966888428,50.31067985534668,83.55797557667536,3.119319553642761,2.3301843733199066,0.7891351803228543,62.30936215333466,53.48844966888428,44.6675371844339,32.98249449761769
2024-01-25,62.34999847412109,62.71900177001953,60.84999847412109,61.617000579833984,61.43892288208008,482777000,0.004155633276289761,54.105349731445315,50.57631988525391,83.91086141907469,3.2698339262076885,2.518114283897463,0.7517196423102255,63.37664995625305,54.105349731445315,44.834049506637584,34.27128840614211
2024-01-26,60.959999084472656,61.78300094604492,60.573001861572266,61.03099822998047,60.854618072509766,390309000,-0.009510336154358923,54.68604965209961,50.82453987121582,79.67869071563253,3.3037486012920994,2.6752411473763904,0.628507453915709,64.1625972675515,54.68604965209961,45.20950203664772,34.65800757501982
2024-01-29,61.23199844360352,62.48899841308594,60.90700149536133,62.46500015258789,62.28447341918945,348733000,0.023496250440286692,55.333199691772464,51.08071990966797,82.06284142022879,3.4070636869788515,2.8216056552968825,0.5854580316819691,65.074794689753,55.333199691772464,45.591604693791915,35.21066937117331
2024-01-30,62.900001525878906,63.49300003051758,62.2599983215332,62.77399826049805,62.59257888793945,410735000,0.0049467459839689365,55.99579963684082,51.3584398651123,82.53824311503462,3.4738310397920387,2.952050732195914,0.5217803075961247,65.86806407630516,55.99579963684082,46.12353519737649,35.26073206737158
2024-01-31,61.43999862670898,62.26900100708008,60.70000076293945,61.527000427246094,61.34918594360352,453795000,-0.019864862039987163,56.66374969482422,51.5993798828125,74.01294938489123,3.3870782151008783,3.0390562287769067,0.3480219863239715,66.12635614101133,56.66374969482422,47.20114324863711,33.39915376991524
2024-02-01,62.09999847412109,63.19100189208984,61.650001525878906,63.027000427246094,62.8448486328125,369146000,0.024379503431127825,57.43664970397949,51.873959884643554,77.07973868289703,3.4001684155268848,3.1112786661269025,0.28888974939998224,66.30833057748956,57.43664970397949,48.56496883046943,30.892055575084804
2024-02-02,63.9739990234375,66.5999984741211,63.68999862670898,66.16000366210938,65.96880340576172,476578000,0.049709003059291934,58.34474983215332,52.188979949951175,81.88764621866673,3.6216020965274964,3.2133433522070214,0.40825874432047504,66.87762165276378,58.34474983215332,49.81187801154286,29.249836001209705
2024-02-05,68.2249984741211,69.49700164794922,67.20500183105469,69.33200073242188,69.13162994384766,680078000,0.04794427630636244,59.3564998626709,52.5767399597168,85.25909967973746,4.00685500780331,3.372045683326279,0.6348093244770308,68.06024104327713,59.3564998626709,50.65275868206467,29.327002773894968
2024-02-06,69.62999725341797,69.75399780273438,66.30000305175781,68.2229995727539,68.02584075927734,683111000,-0.015995416070306634,60.15499992370606,52.96687995910644,79.67505896331126,4.174561839993984,3.53254891465982,0.6420129253341642,69.03394793732748,60.15499992370606,51.27605191008463,29.52023281483667
2024-02-07,68.31900024414062,70.22000122070312,67.5999984741211,70.0989990234375,69.89640808105469,495575000,0.027497893460761702,61.00294990539551,53.413339920043946,81.84161730707092,4.4080351052691995,3.707646152781696,0.7003889524875033,70.27086327698726,61.00294990539551,51.73503653380376,30.385131820558183
2024-02-08,70.0739974975586,70.79399871826172,69.45500183105469,69.64099884033203,69.43973541259766,414422000,-0.006533564184406426,61.767499923706055,53.84131988525391,79.6104666730726,4.504186109265369,3.8669541440784307,0.6372319651869383,71.23464820988107,61.767499923706055,52.30035163753104,30.654141086715974
2024-02-09,70.53299713134766,72.18499755859375,70.21199798583984,72.13300323486328,71.92454528808594,436637000,0.03578368870105875,62.63305015563965,54.32755996704102,82.41892481801634,4.726980709575237,4.038959457177793,0.6880212523974443,72.55630173448445,62.63305015563965,52.70979857679485,31.686949794672525
2024-02-12,72.5999984741211,74.61100006103516,71.25,72.24800109863281,72.03919982910156,613710000,0.0015940947635662006,63.50995025634766,54.809720001220704,82.5384526516772,4.856839776334375,4.20253552100911,0.6543042553252656,73.57621149985448,63.50995025634766,53.443689012840835,31.699792561247442
2024-02-13,70.4000015258789,73.44999694824219,69.62000274658203,72.12799835205078,71.9195556640625,602580000,-0.001660820293991283,64.29725017547608,55.316879959106444,81.91261669189527,4.893659740292009,4.340760364865689,0.5528993754263194,74.47285169624402,64.29725017547608,54.12164865470814,31.651747136922086
2024-02-14,73.2020034790039,74.23600006103516,71.93800354003906,73.9000015258789,73.68643188476562,504917000,0.024567396230258165,65.18960018157959,55.859580001831056,83.85885702208745,5.008095466771692,4.47422738524689,0.533868081524802,75.44663441734127,65.18960018157959,54.932565945817906,31.46831459984925
2024-02-15,73.86900329589844,73.9749984741211,72.4000015258789,72.65799713134766,72.44801330566406,420122000,-0.016806602619031108,65.9671501159668,56.40253997802734,77.5594621212155,4.9416035005835255,4.567702608314217,0.3739008922693081,76.0109599578863,65.9671501159668,55.923340274047305,30.450943611367187
2024-02-16,74.0999984741211,74.4020004272461,72.5009994506836,72.61299896240234,72.40313720703125,495327000,-0.0006194248342390463,66.6232500076294,56.923479919433596,77.33280464446145,4.8296044879494815,4.62008298424127,0.20952150370821165,76.60331053386496,66.6232500076294,56.64318948139383,29.959692825230498
2024-02-20,71.9469985961914,71.95600128173828,67.73400115966797,69.4520034790039,69.25129699707031,704833000,-0.043531818254621935,67.11315021514892,57.40246002197266,63.33149347752271,4.434658562133748,4.582998099819766,-0.1483395376860175,76.62776410584273,67.11315021514892,57.59853632445511,28.353948101652815
2024-02-21,68.00599670410156,68.88800048828125,66.24800109863281,67.47200012207031,67.27700805664062,673755000,-0.02850905363567713,67.4931001663208,57.81998001098633,56.43851023684919,3.916741588224923,4.449746797500797,-0.5330052092758741,76.40894182219733,67.4931001663208,58.577258510444274,26.420009256962697
2024-02-22,75.0250015258789,78.57499694824219,74.22000122070312,78.53800201416016,78.31102752685547,865100000,0.16400877192584562,68.35190029144287,58.440620040893556,73.68019396232211,4.349088935235429,4.429615225047724,-0.08052628981229493,78.01740463065522,68.35190029144287,58.68639595223053,28.281596555472483
2024-02-23,80.79000091552734,82.39399719238281,77.56999969482422,78.81700134277344,78.58921813964844,829388000,0.0035523810832078784,69.21190032958984,59.08442008972168,73.96003694155765,4.660516701298448,4.4757955202978685,0.18472118100057955,79.37533808689949,69.21190032958984,59.048462572280194,29.369046967099443
2024-02-26,79.69999694824219,80.64600372314453,78.50499725341797,79.09200286865234,78.86343383789062,503973000,0.0034892279721490116,70.11495056152344,59.7131201171875,74.25064967275219,4.873338956531342,4.555304207544563,0.3180347489867783,80.4188974540945,70.11495056152344,59.811003668952374,29.39158285087774
2024-02-27,79.38099670410156,79.4800033569336,77.16200256347656,78.70099639892578,78.47354125976562,391705000,-0.00494389553118435,70.92675037384033,60.3253800201416,73.00312470919032,4.953352014111331,4.634913768857917,0.31843824525341446,81.25026402939258,70.92675037384033,60.60323671828808,29.110352867258488
2024-02-28,77.62000274658203,78.93299865722656,77.125,77.66300201416016,77.43856048583984,393110000,-0.013188913834024096,71.67120056152343,60.911640090942385,69.65723984331888,4.876788880221341,4.683288791130602,0.19350008909073857,81.67820079619061,71.67120056152343,61.66420032685626,27.924745661479587
2024-02-29,79.09400177001953,79.98999786376953,78.3499984741211,79.11199951171875,78.88336181640625,507289000,0.01865738879315293,72.55045051574707,61.51608009338379,71.61312960263291,4.87681712122135,4.721994457148751,0.15482266407259893,81.90672489710265,72.55045051574707,63.1941761343915,25.792463905719774
2024-03-01,80.0,82.30000305175781,79.43499755859375,82.27899932861328,82.04120635986328,479135000,0.04003182002824146,73.51305046081544,62.16012008666992,75.35271504816019,5.073901145902738,4.792375794899549,0.28152535100318943,82.71213670703892,73.51305046081544,64.31396421459195,25.02708345949231
2024-03-04,84.12999725341797,87.69499969482422,83.71900177001953,85.23699951171875,84.99066925048828,615616000,0.0359509936712481,74.4669002532959,62.872780075073244,78.23653902614895,5.406455297842129,4.915191695488065,0.4912636023540644,84.34923838168642,74.4669002532959,64.58456212490539,26.541558987351895
2024-03-05,85.2699966430664,86.09700012207031,83.41699981689453,85.96399688720703,85.71958923339844,520639000,0.0085764706801148,75.29850006103516,63.62984001159668,78.89027380857046,5.6633854890262825,5.064830454195708,0.5985550348305742,86.07150249800307,75.29850006103516,64.52549762406724,28.614122268665582
2024-03-06,88.02200317382812,89.7239990234375,87.02999877929688,88.69999694824219,88.44779968261719,582520000,0.03182715262190938,76.32234992980958,64.42403991699219,81.18130535849657,6.018400481415227,5.255544459639613,0.7628560217756144,88.05998127618389,76.32234992980958,64.58471858343526,30.758044942717085
2024-03-07,90.15799713134766,92.76699829101562,89.60199737548828,92.66899871826172,92.405517578125,608119000,0.04474636915456953,77.45084991455079,65.30081985473633,83.90945988283816,6.544575896064359,5.513350746924562,1.0312251491397966,90.80654183908159,77.45084991455079,64.09515799001998,34.48817395616895
2024-03-08,95.13800048828124,97.4000015258789,86.50599670410156,87.52799987792969,87.27913665771484,1142269000,-0.055477000235143015,78.34519996643067,66.06579986572265,69.79525911759376,6.4721313602095165,5.705106869581553,0.7670244906279633,91.88351944258343,78.34519996643067,64.8068804902779,34.560686505245144
2024-03-11,86.42900085449219,88.7969970703125,84.16600036621094,85.77400207519531,85.53012084960938,678364000,-0.02003933442839423,79.02724990844726,66.79293991088868,65.73275845116251,6.201696285344909,5.804424752734224,0.3972715326106844,92.61932363737677,79.02724990844726,65.43517617951775,34.39844799022076
2024-03-12,88.04900360107422,91.95999908447266,86.1500015258789,91.91300201416016,91.65167236328124,668075000,0.07157187962397016,80.01049995422363,67.64075996398925,71.8980922236267,6.408863144495541,5.925312431086487,0.48355071340905376,94.32462669054539,80.01049995422363,65.69637321790188,35.78062065481728
2024-03-13,91.05500030517578,91.50399780273438,88.43499755859375,90.88800048828124,90.62957763671876,635713000,-0.011151948461029515,80.94850006103516,68.46807998657226,69.64500006362394,6.416371380859729,6.023524221041137,0.39284715981859275,95.52972376462056,80.94850006103516,66.36727635744977,36.02592683642353
2024-03-14,89.5770034790039,90.64600372314452,86.5999984741211,87.94400024414062,87.6939468383789,602318000,-0.03239153127367633,81.65069999694825,69.26360000610352,63.49081560942676,6.1142838385257505,6.04167614453806,0.07260769398769096,96.15900396179406,81.65069999694825,67.14239603210244,35.53748826498258
2024-03-15,86.93000030517578,89.5459976196289,86.25700378417969,87.83699798583984,87.58726501464844,642086000,-0.0012165243734221232,82.40965003967285,70.0689599609375,63.27197307848366,5.799391323630132,5.9932191803564745,-0.19382785672634206,96.5400137597839,82.40965003967285,68.2792863195618,34.29298319628477
2024-03-18,90.38800048828124,92.40499877929688,87.08499908447266,88.45500183105469,88.20349884033203,668976000,0.007035655532577012,83.20175018310547,70.87809997558594,64.04285687726981,5.535890186237538,5.9017533815326875,-0.3658631952951499,96.8132111445189,83.20175018310547,69.59028922169205,32.71916980462101
2024-03-19,86.69999694824219,90.54399871826172,85.01000213623047,89.39800262451172,89.14381408691406,672171000,0.010660747690794059,84.19905014038086,71.68412002563477,65.2416814698801,5.3415814930434635,5.7897190038348425,-0.448137510791379,96.49380685465106,84.19905014038086,71.90429342611067,29.20402710902738
2024-03-20,89.7969970703125,90.41000366210938,88.2229995727539,90.37200164794922,90.11504364013672,479063000,0.010895086363207573,85.3440502166748,72.44650009155274,66.48460926004225,5.206170541635231,5.67300931139492,-0.46683876975968897,95.22226703775058,85.3440502166748,75.46583339559902,23.149163406228272
2024-03-21,92.3000030517578,92.64800262451172,90.40499877929688,91.43499755859376,91.1750259399414,480372000,0.011762545486163178,85.98889999389648,73.21240005493163,67.83640024057442,5.125547156148713,5.563516880345679,-0.4379697241969662,95.68793665229036,85.98889999389648,76.2898633355026,22.558810867640638
2024-03-22,91.14099884033205,94.77799987792967,90.83399963378906,94.28900146484376,94.02090454101562,586719000,0.031213356637253442,86.7625,74.0111801147461,71.19557168869187,5.231639719515144,5.497141448179573,-0.2655017286644288,96.51793925491327,86.7625,77.00706074508673,22.487685935544203
2024-03-25,93.94100189208984,96.76599884033205,93.51000213623048,95.0019989013672,94.73188018798828,552136000,0.007561889033544711,87.55799980163575,74.8147801208496,71.98281698905,5.312018136239828,5.460116785791625,-0.1480986495517964,97.27642963877591,87.55799980163575,77.83956996449558,22.19883930459226
2024-03-26,95.85099792480467,96.375,92.5019989013672,92.56099700927734,92.29782104492188,513648000,-0.0256941922638525,88.25099983215333,75.5718000793457,65.393364512831,5.119733062381755,5.392040041109651,-0.27230697872789644,97.29774381477147,88.25099983215333,79.20425584953519,20.502303656217734
2024-03-27,93.11199951171876,93.23999786376952,89.12300109863281,90.25,89.99340057373047,586067000,-0.02496722506666582,88.8803497314453,76.24916007995606,59.81100805556047,4.726384789389542,5.2589089907656295,-0.5325242013760878,96.53785012514601,88.8803497314453,81.2228493377446,17.23103119381972
2024-03-28,90.0,91.3000030517578,89.19300079345703,90.3560028076172,90.09908294677734,435212000,0.0011743346998016602,89.44254989624024,76.93522010803223,59.9797667534112,4.372800072531604,5.081687207118824,-0.7088871345872203,95.66544418873319,89.44254989624024,83.21965560374728,13.914840978285964
2024-04-01,90.29900360107422,92.2249984741211,89.2040023803711,90.36299896240234,90.10606384277344,452441000,7.748021142695016e-05,89.84674987792968,77.6003401184082,59.99170761852778,4.046500627824855,4.874649891260031,-0.8281492634351757,95.13608412946269,89.84674987792968,84.55741562639668,11.774124848632503
2024-04-02,88.447998046875,90.09400177001952,87.62000274658203,89.4520034790039,89.19766998291016,433064000,-0.010081384327788934,90.05750007629395,78.19956016540527,57.5824256493268,3.672066943093185,4.634133301626662,-0.9620663585334768,94.913486021098,90.05750007629395,85.2015141314899,10.784189969053559
2024-04-03,88.48400115966797,90.3740005493164,88.4000015258789,88.96399688720703,88.71105194091797,370067000,-0.005455501719780598,90.20750007629394,78.78576011657715,56.278557983950684,3.2979310010877896,4.3668928415188875,-1.0689618404310979,94.72174371938966,90.20750007629394,85.69325643319821,10.008577200959468
2024-04-04,90.40599822998048,90.63400268554688,85.87999725341797,85.90499877929688,85.6607437133789,434965000,-0.034384759968471346,90.06775016784668,79.30640007019043,48.81665227937004,2.723198650440139,4.038154003303138,-1.3149553528629987,94.92038510852595,90.06775016784668,85.21511522716742,10.775521608202911
2024-04-05,86.86599731445312,88.48100280761719,85.9260025024414,88.00800323486328,87.75777435302734,399678000,0.024480649463715976,89.83470039367675,79.83932014465331,53.39189279676384,2.409637208064069,3.7124506442553242,-1.3028134361912551,94.61235983737075,89.83470039367675,85.05704094998276,10.636556748688793
2024-04-08,88.69999694824219,88.83000183105469,86.73200225830078,87.13300323486328,86.88526153564453,283220000,-0.009942285157243269,89.81495056152343,80.3496401977539,51.33572986263069,2.0667085884467724,3.383302233093614,-1.3165936446468418,94.63367752931862,89.81495056152343,84.99622359372825,10.73034486501075
2024-04-09,87.44200134277344,87.63500213623047,83.02200317382812,85.35399627685547,85.11129760742188,501700000,-0.020417317009454927,89.79395027160645,80.83610015869141,47.34365846012552,1.6325649999203904,3.0331547864589696,-1.4005897865385792,94.68603931756608,89.79395027160645,84.90186122564681,10.896255329367225
2024-04-10,83.9260025024414,87.4000015258789,83.70899963378906,87.03900146484375,86.79153442382812,431929000,0.01974164257436639,89.55025024414063,81.32758018493652,51.21344484276903,1.4082356506874447,2.7081709593046646,-1.2999353086172198,94.48125916200962,89.55025024414063,84.61924132627163,11.012831129841839
2024-04-11,87.41999816894531,90.73899841308594,86.9260025024414,90.61599731445312,90.35836029052734,431637000,0.041096472027805975,89.53665008544922,81.88442016601563,58.23108896072208,1.5017751667764685,2.4668918007990257,-0.9651166340225572,94.454307791235,89.53665008544922,84.61899237966345,10.984681024122768
2024-04-12,89.6989974975586,90.1750030517578,87.52999877929688,88.18599700927734,87.93526458740234,426805000,-0.02681650812757197,89.54874992370605,82.41760009765625,52.68657213461255,1.364100687324779,2.2463335781041764,-0.8822328907793975,94.45184259364012,89.54874992370605,84.64565725377199,10.950666925247793
2024-04-15,89.0979995727539,90.61299896240234,85.92900085449219,86.0009994506836,85.75645446777344,443077000,-0.024777432920137565,89.45694999694824,82.877080078125,48.238874345510666,1.0663889601477479,2.010344654512891,-0.943955694365143,94.54987612719584,89.45694999694824,84.36402386670063,11.386317397186795
2024-04-16,86.43299865722656,88.11799621582031,86.06400299072266,87.41500091552734,87.16645050048828,370453000,0.016441864830649022,89.40494995117187,83.30218002319336,51.11491667116423,0.9337842883567191,1.7950325812816568,-0.8612482929249377,94.55860998399432,89.40494995117187,84.25128991834943,11.528802455875415
2024-04-17,88.33999633789062,88.7750015258789,83.94999694824219,84.03500366210938,83.79605865478516,495400000,-0.03866615912832483,89.13680000305176,83.59624008178712,44.71858745072426,0.5496209123120934,1.5459502474877442,-0.9963293351756508,94.79717535558962,89.13680000305176,83.4764246505139,12.700423062851845
2024-04-18,84.97000122070312,86.19000244140625,82.4020004272461,84.6709976196289,84.43025207519531,447260000,0.007568296535554797,88.85174980163575,83.92520004272461,46.0857128274958,0.2931092848164383,1.2953820549534831,-1.0022727701370449,94.80140258370248,88.85174980163575,82.90209701956901,13.39231426584061
2024-04-19,83.1500015258789,84.3239974975586,75.60600280761719,76.19999694824219,75.98334503173828,875198000,-0.10004597683699967,88.08999977111816,84.04722000122071,34.01842183645837,-0.5869509815636178,0.9189154476500629,-1.5058664292136807,96.07473846747419,88.08999977111816,80.10526107476213,18.128592841645048
2024-04-22,78.10399627685547,80.072998046875,76.4000015258789,79.51799774169922,79.29190826416016,596341000,0.04354326900243577,87.35144958496093,84.24475997924804,40.58128275573091,-1.005084164217351,0.5341155252765802,-1.5391996894939313,95.63302829302766,87.35144958496093,79.0698708768942,18.96151408457576
2024-04-23,80.76899719238281,82.76899719238281,80.26399993896484,82.4229965209961,82.18864440917969,438559000,0.03653255683252166,86.72249946594238,84.4505598449707,45.67596041026439,-1.089489642144983,0.20939449179226766,-1.2988841339372506,94.47839927455509,86.72249946594238,78.96659965732967,17.886707270605374
2024-04-24,83.94999694824219,84.08200073242188,79.18299865722656,79.677001953125,79.45044708251953,512208000,-0.03331600546941649,86.07829971313477,84.59913986206055,42.009248769086994,-1.3622571514381576,-0.10493583685381738,-1.2573213145843403,93.92713433255993,86.07829971313477,78.2294650937096,18.236500129724334
2024-04-25,78.86799621582031,83.322998046875,78.2229995727539,82.63200378417969,82.39706420898438,424641000,0.037087483263680054,85.69739990234375,84.80921997070313,46.94505084277653,-1.324712949672744,-0.3488912594176027,-0.9758216902551412,93.43811309228593,85.69739990234375,77.95668671240156,18.065222979374155
2024-04-26,83.81800079345703,88.33100128173828,83.38700103759766,87.73500061035156,87.48556518554688,551011000,0.0617558528985509,85.56634979248047,85.08591995239257,54.19542020701049,-0.8731248630146666,-0.4537379801370155,-0.41938688287765113,93.07233349130466,85.56634979248047,78.06036609365627,17.544241905908244
2024-04-29,87.59500122070312,87.99199676513672,85.26599884033203,87.75700378417969,87.5074691772461,388971000,0.00025037263750604666,85.43605003356933,85.38790008544922,54.22446794676597,-0.5076111531849818,-0.4645126147466088,-0.043098538438373024,92.69071084636633,85.43605003356933,78.18138922077233,16.982669048830125
2024-04-30,87.23999786376953,88.81900024414062,86.30000305175781,86.4020004272461,86.15634155273438,363709000,-0.015440140564172977,85.28354988098144,85.6636801147461,52.035966723383495,-0.3235467063993269,-0.4363194330771525,0.11277272667782556,92.31903948299241,85.28354988098144,78.24806027897047,16.499054300224223
2024-05-01,85.0770034790039,86.0,81.25499725341797,83.04100036621094,82.80488586425781,559863000,-0.038899698247112924,84.98740005493164,85.93546005249023,46.971868051413615,-0.4437634927734848,-0.43780824501641896,-0.005955247757065851,91.8753578578105,84.98740005493164,78.09944225205278,16.209362325301928
2024-05-02,84.4489974975586,86.23699951171875,83.19999694824219,85.81700134277344,85.572998046875,377898000,0.03342933395445957,84.98300018310547,86.3023600769043,51.196467765794736,-0.311445928494436,-0.4125357817120224,0.1010898532175864,91.86871985749812,84.98300018310547,78.09728050871283,16.204934303464423
2024-05-03,87.78900146484375,89.28099822998047,87.04000091552734,88.78900146484375,88.53654479980469,398341000,0.03463179765311386,85.0220500946045,86.50738006591797,55.30210176566888,0.032853551017481664,-0.3234579151661216,0.35631146618360326,91.98437989939364,85.0220500946045,78.05972028981535,16.377703894559417
2024-05-06,89.38999938964844,92.22000122070312,89.05500030517578,92.13999938964844,91.87801361083984,376203000,0.037741125075422266,85.27239990234375,86.77384002685547,59.444819412001394,0.569545529810199,-0.1448572261708575,0.7144027559810565,92.85297718953004,85.27239990234375,77.69182261515746,17.779673835538272
2024-05-07,91.0979995727539,91.78099822998048,89.01100158691406,90.5540008544922,90.2965316772461,437342000,-0.01721284419896474,85.53240013122559,87.00307998657226,56.76331044344651,0.8570217493668508,0.055518568936684165,0.8015031804301667,93.45530879287317,85.53240013122559,77.609491469578,18.526099231383878
2024-05-08,89.48300170898438,91.19400024414062,89.41999816894531,90.41200256347656,90.1549301147461,325721000,-0.001568183847926008,85.70105018615723,87.23730010986328,56.51749274500769,1.0611582770938384,0.256646510568115,0.8045117665257233,93.88437742881167,85.70105018615723,77.51772294350279,19.09737914501366
2024-05-09,90.52899932861328,91.0719985961914,88.23100280761719,88.74700164794922,88.49467468261719,378013000,-0.018415581155859062,85.60760040283203,87.45898010253906,53.587126235117765,1.076180745417986,0.4205533575380892,0.6556273878798967,93.60485845288181,85.60760040283203,77.61034235278225,18.6835234545021
2024-05-10,90.30500030517578,91.4010009765625,89.22699737548828,89.87799835205078,89.6224594116211,335325000,0.012744097122777909,85.6922004699707,87.6743000793457,55.28318713886537,1.165908276820602,0.5696243413945918,0.5962839354260101,93.83131231037191,85.6922004699707,77.55308862956949,18.996155532856037
2024-05-13,90.47799682617188,90.9980010986328,88.52899932861328,90.39900207519533,90.14197540283205,289680000,0.005796716521970335,85.91210060119629,87.83670013427735,56.079411219280836,1.2644824713404859,0.7085959673837707,0.5558865039567151,94.30635114474084,85.91210060119629,77.51785005765173,19.541485971832174
2024-05-14,89.5989990234375,91.6510009765625,88.93399810791016,91.3560028076172,91.09625244140624,296507000,0.010586378147468656,86.10915069580078,87.95908020019532,57.57377051423553,1.403644847737695,0.8476057434545556,0.5560391042831394,94.81452832140181,86.10915069580078,77.40377307019975,20.219401899235223
2024-05-15,92.47200012207033,94.86199951171876,91.5989990234375,94.62999725341795,94.36092376708984,417735000,0.03583760295500049,86.6389003753662,88.13240020751954,62.29964967985137,1.757852593038848,1.0296551133714142,0.7281974796674338,96.03685806523336,86.6389003753662,77.24094268549905,21.694545173473255
2024-05-16,94.91000366210938,95.81900024414062,94.10299682617188,94.35900115966795,94.0907211303711,323952000,-0.002863501393709167,87.12330055236816,88.24558029174804,61.687140514953185,1.9937153536105257,1.2224671614192366,0.771248192191289,97.04945275689144,87.12330055236816,77.19714834784489,22.786446660286604
2024-05-17,94.36900329589844,94.73999786376952,91.80599975585938,92.47899627685548,92.216064453125,359691000,-0.019923927192019186,87.93725051879883,88.24178024291992,57.46610162811956,2.005815812368425,1.3791368916090745,0.6266789207593506,96.75492722012034,87.93725051879883,79.11957381747733,20.054474410560513
2024-05-20,93.75,95.1999969482422,93.44000244140624,94.77999877929688,94.5105209350586,318764000,0.024881309948983077,88.70035057067871,88.38682022094727,60.98494350130484,2.1759936840986285,1.5385082501069853,0.6374854339916431,97.10332700398384,88.70035057067871,80.29737413737358,18.946884379243624
2024-05-21,93.5989990234375,95.4000015258789,93.18000030517578,95.38600158691406,95.1147918701172,328946000,0.006393689602809616,89.3485008239746,88.57906021118164,61.879414679601105,2.332868380972414,1.6973802762800712,0.6354881046923428,97.71439402580639,89.3485008239746,80.98260762214282,18.72643217218254
2024-05-22,95.45899963378906,96.0199966430664,93.2490005493164,94.9499969482422,94.6800308227539,548648000,-0.004570908886148639,90.11215057373047,88.63980010986329,60.79938801994054,2.3944095155410423,1.8367861241322656,0.5576233914087767,97.54338862586646,90.11215057373047,82.6809125215945,16.493309736417142
2024-05-23,102.02799987792967,106.31999969482422,101.5199966430664,103.79900360107422,103.5038833618164,835065000,0.0931965533004655,91.17050056457519,88.89802017211915,71.6242744572577,3.1212424506507546,2.0936773894359635,1.027565061214791,99.94651048565011,91.17050056457519,82.39449064350028,19.25186297482035
2024-05-24,104.4489974975586,106.4749984741211,103.0,106.46900177001952,106.1662826538086,429494000,0.02572269953085038,92.1072006225586,89.26852020263672,73.96074436699973,3.8681200463289116,2.4485659208145534,1.4195541255143582,102.96800252572405,92.1072006225586,81.24639871939314,23.582959485809106
2024-05-28,110.24400329589844,114.93900299072266,109.88300323486328,113.9010009765625,113.57714080810548,652728000,0.06980425394060874,93.41440048217774,89.78980026245117,79.11558179508336,5.002065449204636,2.95926582649257,2.042799622712066,107.6387119367036,93.41440048217774,79.19008902765188,30.454215583687606
2024-05-29,113.0500030517578,115.49199676513672,110.9010009765625,114.8249969482422,114.49851989746094,557442000,0.008112363833072456,94.83555030822754,90.31720016479493,79.6548398336726,5.907189697640632,3.548850600722183,2.3583390969184492,111.45181782964998,94.83555030822754,78.2192827868051,35.04227574452296
2024-05-30,114.6500015258789,115.81900024414062,109.66300201416016,110.5,110.1858139038086,484553000,-0.037666041425815644,96.208500289917,90.73924011230469,70.48108296440807,6.204000224645071,4.079880525506761,2.1241196991383102,113.23239804856388,96.208500289917,79.18460253127012,35.38959178730915
2024-05-31,112.5199966430664,112.71700286865234,106.94000244140624,109.63300323486328,109.32129669189452,613263000,-0.007845993792529371,97.39930038452148,91.12446014404297,68.77123215677466,6.296681092462208,4.5232406388978506,1.7734404535643575,114.67899601915863,97.39930038452148,80.11960474988433,35.482176086314496
2024-06-03,113.62100219726562,115.0,112.00299835205078,115.0,114.67301177978516,438392000,0.04895400301529196,98.7098503112793,91.5957601928711,73.11868344264047,6.725673752586687,4.9637272616356185,1.7619464909510683,117.11765280579824,98.7098503112793,80.30204781676035,37.296789401402904
2024-06-04,115.71600341796876,116.5999984741211,114.04499816894533,116.43699645996094,116.1059341430664,403324000,0.012495724504323569,99.92470016479493,92.03872009277343,74.15608576170223,7.0997654545889475,5.390934900226284,1.7088305543626632,119.60112021265226,99.92470016479493,80.2482801169376,39.38249504958665
2024-06-05,118.37100219726562,122.4489974975586,117.46800231933594,122.44000244140624,122.09186553955078,528402000,0.05155577482463958,101.51900024414063,92.58748016357421,77.97927694162018,7.790820507901557,5.870912021761339,1.9199084861402183,122.98572102623328,101.51900024414063,80.05227946204798,42.29104055490666
2024-06-06,124.0479965209961,125.58699798583984,118.31999969482422,120.9980010986328,120.65397644042967,664696000,-0.011777108104350398,103.04830017089844,93.15622024536133,75.10506669956698,8.128429681781057,6.322415553765284,1.8060141280157733,125.4687881993649,103.04830017089844,80.62781214243199,43.51452278452654
2024-06-07,119.7699966430664,121.69200134277344,118.02200317382812,120.88800048828124,120.5442886352539,412386000,-0.0009091105690156587,104.65535011291504,93.76898025512695,74.87833636495674,8.291531639045715,6.71623877082137,1.575292868224345,127.35101928049784,104.65535011291504,81.95968094533225,43.37221010315462
2024-06-10,120.37000274658205,123.0999984741211,117.01000213623048,121.79000091552734,121.44371795654295,313434100,0.007461401377634402,106.25095024108887,94.39766021728515,75.53065395161636,8.396782133787852,7.052347443414666,1.3444346903731859,129.05346910416367,106.25095024108887,83.44843137801408,42.92200457753028
2024-06-11,121.7699966430664,122.87000274658205,118.73999786376952,120.91000366210938,120.57611846923828,222551200,-0.007144045833767487,107.77650032043456,95.0086003112793,73.52477980729488,8.313354311631826,7.304548817058098,1.0088054945737284,130.21232817749717,107.77650032043456,85.34067246337197,41.633988467537456
2024-06-12,123.05999755859376,126.87999725341795,122.56999969482422,125.1999969482422,124.85427856445312,299595000,0.03548099034475305,109.46870002746581,95.72356018066407,76.76440136777572,8.4954732394731,7.542733701541099,0.9527395379320005,131.80032136296214,109.46870002746581,87.13707869196949,40.80001193015592
2024-06-13,129.38999938964844,129.8000030517578,127.16000366210938,129.61000061035156,129.25209045410156,260704500,0.035223557736374866,111.2177001953125,96.53648025512695,79.53646041423906,8.893139663226705,7.812814893878221,1.0803247693484845,134.09918360339177,111.2177001953125,88.33621678723325,41.14719755559852
2024-06-14,129.9600067138672,132.83999633789062,128.32000732421875,131.8800048828125,131.51580810546875,309320400,0.017513973224062118,113.09375038146973,97.45598037719726,80.80583621584914,9.284438317096345,8.107139578521846,1.1772987385744997,136.28916040404124,113.09375038146973,89.89834035889822,41.019791004069575
2024-06-17,132.99000549316406,133.72999572753906,129.5800018310547,130.97999572753906,130.6183319091797,288504400,-0.006824093690465993,115.0188003540039,98.31542022705078,78.7208454081446,9.413410169512616,8.36839369672,1.0450164727926161,137.42847937190618,115.0188003540039,92.60912133610162,38.96698443894382
2024-06-18,131.13999938964844,136.3300018310547,130.69000244140625,135.5800018310547,135.2056121826172,294335100,0.03511972788495776,117.0588005065918,99.28436019897461,81.36713419128814,9.77413321690537,8.649541600757074,1.1245916161482956,139.15355315501662,117.0588005065918,94.96404785816698,37.749836070087916
2024-06-20,139.8000030517578,140.75999450683594,129.52000427246094,130.77999877929688,130.41885375976562,517768400,-0.03540354831119186,118.82850036621093,100.19288024902343,71.39035829857883,9.56245862920214,8.832125006446088,0.7303336227560528,139.30685376749176,118.82850036621093,98.3501469649301,34.4670737039847
2024-06-21,127.12000274658205,130.6300048828125,124.3000030517578,126.56999969482422,126.22048950195312,649445800,-0.03219139056034015,120.40950050354004,100.98350021362305,63.980437386226235,8.951802445440237,8.856060494244918,0.09574195119531836,137.93988240369856,120.40950050354004,102.87911860338151,29.117938081045576
2024-06-24,123.23999786376952,124.45999908447266,118.04000091552734,118.11000061035156,117.78384399414062,476060900,-0.06684053865661765,121.1250503540039,101.53338027954102,52.245166329203975,7.696481548911692,8.624144705178272,-0.9276631562665809,136.97251266485353,121.1250503540039,105.27758804315428,26.167109552538186
2024-06-25,121.1999969482422,126.5,119.31999969482422,126.08999633789062,125.74180603027344,414192600,0.06756412226220676,122.10610008239746,102.29146026611328,59.74545339877851,7.261839690307994,8.351683702204216,-1.089844011896222,136.5720052777468,122.10610008239746,107.64019488704814,23.693992659806028
2024-06-26,126.12999725341795,128.1199951171875,122.5999984741211,126.4000015258789,126.05096435546876,362975900,0.0024586757177711416,122.73105010986328,103.09944030761719,60.00822727737023,6.863282070326278,8.054003375828628,-1.1907213055023504,136.79955929269667,122.73105010986328,108.66254092702988,22.925753784783726
2024-06-27,124.0999984741211,126.41000366210938,122.91999816894533,123.98999786376952,123.64762878417967,252571700,-0.01906637988513593,123.18930015563964,103.83094024658203,56.89864128211417,6.280556781678584,7.69931405699862,-1.4187572753200364,136.78705117484088,123.18930015563964,109.5915491364384,22.076188438478976
2024-06-28,124.58000183105467,127.70999908447266,122.75,123.54000091552734,123.19886016845705,315516700,-0.0036294154617871888,123.84130020141602,104.6210401916504,56.31187077156252,5.716535140494514,7.302758273697799,-1.5862231332032852,136.13029312427312,123.84130020141602,111.5523072785589,19.84635643015737
2024-07-01,123.47000122070312,124.83999633789062,118.83000183105467,124.3000030517578,123.9567642211914,284885500,0.006151875526267281,124.57465019226075,105.41362030029296,57.11622858312913,5.270119094702082,6.896230437898657,-1.626111343196575,134.99266724661308,124.57465019226075,114.15663313790841,16.725741614804964
2024-07-02,121.12999725341795,123.41000366210938,121.02999877929688,122.66999816894533,122.3312530517578,218374000,-0.0131135334134167,124.95815010070801,106.34302032470703,54.78643392920001,4.730275716666526,6.463039493652231,-1.7327637769857054,134.4627566275881,124.95815010070801,115.45354357382791,15.212463563553094
2024-07-03,121.66000366210938,128.27999877929688,121.36000061035156,128.27999877929688,127.92577362060548,215749000,0.0457325534504307,125.5503002166748,107.31826034545898,60.724422857086374,4.700936643342885,6.110618923590362,-1.4096822802474769,134.30357971902694,125.5503002166748,116.79702071432266,13.943860727128055
2024-07-05,127.37999725341795,128.85000610351562,125.68000030517578,125.83000183105467,125.48253631591795,214176700,-0.019098866753259114,125.71980018615723,108.18640045166016,57.19184266738432,4.428936910328204,5.774282520937931,-1.3453456106097272,134.35610942310151,125.71980018615723,117.08349094921294,13.738980214980032
2024-07-08,127.48999786376952,130.77000427246094,127.04000091552734,128.1999969482422,127.84597778320312,237677300,0.01883482384620372,126.0798999786377,109.1568603515625,59.63791246057712,4.354418930444723,5.49030980283929,-1.135890872394567,134.49645198436386,126.0798999786377,117.66334797291154,13.351140042389334
2024-07-09,130.35000610351562,133.82000732421875,128.64999389648438,131.3800048828125,131.01722717285156,285366600,0.024805233959148465,126.60450019836426,110.13182037353516,62.71632264491525,4.500088736650511,5.292265589601534,-0.7921768529510231,134.96898371131368,126.60450019836426,118.24001668541483,13.213564288542559
2024-07-10,134.02999877929688,135.10000610351562,132.4199981689453,134.91000366210938,134.53746032714844,248978600,0.02686847546889859,127.26050033569337,111.07532043457032,65.83167774629598,4.844529783887836,5.202718428458795,-0.35818864457095856,136.0584339911643,127.26050033569337,118.46256668022242,13.826652625541087
2024-07-11,135.75,136.14999389648438,127.0500030517578,127.4000015258789,127.0481948852539,374782700,-0.05566676688918637,127.58500022888184,111.8681803894043,55.25374659866253,4.460094197107949,5.054193582188626,-0.5940993850806766,135.88684137404493,127.58500022888184,119.28315908371874,13.01382001061247
2024-07-12,128.25999450683594,131.9199981689453,127.22000122070312,129.24000549316406,128.88311767578125,252680500,0.014442730116587477,127.78700065612793,112.72494049072266,57.07366937782726,4.254851883521297,4.89432524245516,-0.6394733589338628,136.0433624495767,127.78700065612793,119.53063886267917,12.922068365414507
2024-07-15,130.55999755859375,131.38999938964844,127.18000030517578,128.44000244140625,128.0853271484375,208326200,-0.006190031260344564,127.72850074768067,113.63292053222656,56.00708113909206,3.9817432532659467,4.711808844617318,-0.7300655913513712,135.94886799050278,127.72850074768067,119.50813350485856,12.871625666476593
2024-07-16,128.44000244140625,129.0399932861328,124.58000183105467,126.36000061035156,126.01107788085938,214769500,-0.01619427700078624,127.45250053405762,114.44378051757812,53.22217616765265,3.556467191719449,4.480740514037744,-0.9242733223182951,135.46482194196142,127.45250053405762,119.44017912615382,12.57303132434465
2024-07-17,121.3499984741211,121.8499984741211,116.72000122070312,117.98999786376952,117.6641845703125,390086200,-0.06623936126027485,126.80300064086914,115.02780044555664,43.786835824261566,2.5150516287665567,4.087602736983507,-1.5725511082169499,135.6307433187898,126.80300064086914,117.9752579629485,13.923554858015605
2024-07-18,121.8499984741211,122.4000015258789,116.55999755859376,121.08999633789062,120.75562286376952,320979500,0.026273400905690858,126.07850036621093,115.60680038452148,47.499206810995325,1.9177595232061009,3.6536340942280257,-1.7358745710219248,134.26079661178463,126.07850036621093,117.89620412063724,12.979685230720833
2024-07-19,120.3499984741211,121.5999984741211,117.37000274658205,117.93000030517578,117.60435485839844,217223800,-0.02609624239962871,125.43600044250488,116.15432037353516,44.288407624482616,1.17586135785578,3.158079546953577,-1.982218189097797,134.04747769241786,125.43600044250488,116.82452319259191,13.730471666083051
2024-07-22,120.3499984741211,124.06999969482422,119.86000061035156,123.54000091552734,123.19886016845705,258068900,0.04757056247444802,125.28450050354004,116.81688034057618,50.664406066349564,1.0287233982748205,2.7322083172178258,-1.7034849189430052,133.91743184116524,125.28450050354004,116.65156916591486,13.781323791734726
2024-07-23,122.77999877929688,124.69000244140624,122.0999984741211,122.58999633789062,122.25148010253906,173911000,-0.007689844407834379,125.508500289917,117.493740234375,49.62859140913207,0.8259371855919397,2.3509540908926487,-1.525016905300709,133.60072993688274,125.508500289917,117.41627064295125,12.89511009736104
2024-07-24,119.16999816894533,119.9499969482422,113.44000244140624,114.25,113.93451690673828,327776900,-0.068031595108909,124.91650047302247,117.98118026733398,41.589799784635936,-0.007652144012325834,1.879232843911654,-1.8868849879239797,134.36983130142733,124.91650047302247,115.46316964461762,15.13543974192014
2024-07-25,113.04000091552734,116.62999725341795,106.3000030517578,112.27999877929688,111.96996307373048,460067000,-0.01724283286877759,124.21050033569335,118.41880020141602,39.943931963013135,-0.817813087729732,1.3398236575833768,-2.157636745313109,135.11315133955364,124.21050033569335,113.30784933183307,17.55511969502514
2024-07-26,116.19000244140624,116.1999969482422,111.58000183105467,113.05999755859376,112.74779510498048,293399100,0.006946791888623016,123.66400032043457,118.85288009643554,40.940506877888346,-1.3810126357384434,0.7956563989190129,-2.176669034657456,135.60260023892002,123.66400032043457,111.72540040194912,19.30812506072988
2024-07-29,113.69000244140624,116.27999877929688,111.3000030517578,111.58999633789062,111.28185272216795,248152100,-0.013001960538985058,123.06650009155274,119.192080078125,39.60658941442763,-1.9237928617758513,0.25176654678004007,-2.175559408555891,136.11469464801226,123.06650009155274,110.01830553509322,21.20511194639092
2024-07-30,111.5199966430664,111.98999786376952,102.54000091552734,103.7300033569336,103.4435577392578,486833300,-0.07043641700034997,122.03800010681152,119.37950012207031,33.349720119126076,-2.9541324463341994,-0.38941325184280784,-2.5647191944913916,137.54605761224366,122.03800010681152,106.52994260137937,25.415128880937083
2024-07-31,112.9000015258789,118.33999633789062,110.87999725341795,117.0199966430664,116.69686126708984,473174200,0.12812111085002154,121.75550003051758,119.87032012939453,48.239156761027964,-2.667542827976618,-0.8450391670695699,-1.822503660907048,137.4123454938186,121.75550003051758,106.09865456721656,25.718502177522478
2024-08-01,117.52999877929688,120.16000366210938,106.80999755859376,109.20999908447266,108.90843200683594,523462300,-0.06674069187197884,120.80200004577637,120.15892013549805,42.26389871409384,-3.0356272019947994,-1.283156774054616,-1.7524704279401835,137.06435728545605,120.80200004577637,104.53964280609667,26.923986744453376
2024-08-02,103.76000213623048,108.72000122070312,101.37000274658205,107.2699966430664,106.9737777709961,482027500,-0.017764044529797407,119.87399978637696,120.3966000366211,40.90838065466628,-3.4441763826398244,-1.7153606957716576,-1.7288156868681668,136.9791565495528,119.87399978637696,102.76884302320111,28.53856014424866
2024-08-05,92.05999755859376,103.41000366210938,90.69000244140624,100.4499969482422,100.17261505126952,552842400,-0.06357784927710186,118.48649978637695,120.5066000366211,36.47897787064363,-4.269060458428697,-2.2261006483030656,-2.0429598101256317,137.1004648233087,118.48649978637695,99.87253474944521,31.419554245405934
2024-08-06,103.83999633789062,107.70999908447266,100.5500030517578,104.25,103.96212768554688,409012100,0.037829826368592334,117.12999954223633,120.51561996459961,40.35420356798192,-4.563552747770586,-2.69359106819657,-1.8699616795740166,135.74199602960556,117.12999954223633,98.51800305486711,31.78006754906177
2024-08-07,107.80999755859376,108.8000030517578,98.69000244140624,98.91000366210938,98.63687896728516,411440400,-0.05122296779428126,115.32999954223632,120.36444000244141,36.943390118648985,-5.168256639619244,-3.1885241824811046,-1.9797324571381396,133.6770525459117,115.32999954223632,96.98294653856094,31.816618532034752
2024-08-08,102.0,105.5,97.5199966430664,104.97000122070312,104.68014526367188,391910000,0.06126781747008736,114.20849952697753,120.18582000732422,42.84708304889221,-5.099711374830861,-3.570761620951056,-1.5289497538798047,132.20606125767262,114.20849952697753,96.21093779628247,31.51702685042949
2024-08-09,105.63999938964844,106.5999984741211,103.43000030517578,104.75,104.46074676513672,290844200,-0.002095894097037476,112.98399925231934,119.98432006835938,42.690816891750806,-5.00544140578117,-3.857697577917079,-1.1477438278640908,130.03152203123636,112.98399925231934,95.93647647340231,30.176879720545163
2024-08-12,106.31999969482422,111.06999969482422,106.26000213623048,109.0199966430664,108.7189483642578,325559900,0.04076365267323778,112.01299896240235,119.9547200012207,46.75010219131712,-4.533914587782178,-3.9929409798900988,-0.540973607892079,127.57615169784256,112.01299896240235,96.44984622696214,27.788119021193342
2024-08-13,112.44000244140624,116.2300033569336,111.58000183105467,116.13999938964844,115.81929779052734,312646700,0.06530921732686523,111.50199890136719,120.0848599243164,52.75883960782973,-3.544838775231895,-3.903320538958458,0.35848176372656315,125.76405955420327,111.50199890136719,97.2399382485311,25.581712961849345
2024-08-14,118.52999877929688,118.5999984741211,114.06999969482422,118.08000183105467,117.75394439697266,339246400,0.016704009118966967,111.50649909973144,120.1464599609375,54.272905759013135,-2.5747667754836527,-3.6376097862634973,1.0628430107798446,125.77680012877083,111.50649909973144,97.23619807069205,25.595460613064404
2024-08-15,118.76000213623048,123.23999786376952,117.47000122070312,122.86000061035156,122.52073669433594,318086700,0.040480956470497986,111.59499931335449,120.27492004394531,57.85685179417549,-1.4040863400049801,-3.190905097011794,1.786818757006814,126.12159140357741,111.59499931335449,97.06840722313157,26.03448573790086
2024-08-16,121.94000244140624,125.0,121.18000030517578,124.58000183105467,124.2359848022461,302589900,0.013999655521084176,111.92749938964843,120.31772003173828,59.099094437096255,-0.333677510100884,-2.6194595796296123,2.2857820695287283,127.29874732585861,111.92749938964843,96.55625145343825,27.466436791728743
2024-08-19,124.27999877929688,130.0,123.41999816894533,130.0,129.6410369873047,318333600,0.04350633348028876,112.25049934387206,120.49776000976563,62.8184057665704,0.9411290055529662,-1.9073418625930965,2.8484708681460624,128.80981589254807,112.25049934387206,95.69118279519606,29.504218948634918
2024-08-20,128.39999389648438,129.8800048828125,125.88999938964844,127.25,126.89862823486328,300087400,-0.021153863129851125,112.48349952697754,120.625,59.84485951109541,1.7098107029392935,-1.1839113494866185,2.893722052425912,129.7348696924664,112.48349952697754,95.23212936148869,30.673601440274105
2024-08-21,127.31999969482422,129.35000610351562,126.66000366210938,128.5,128.14517211914062,257883600,0.009823147039621727,113.19599952697754,120.75919998168945,60.75423366066125,2.3922842755019076,-0.46867222448891327,2.860956499990821,131.8040811122175,113.19599952697754,94.58791794173759,32.87763112300654
2024-08-22,130.02000427246094,130.75,123.0999984741211,123.73999786376952,123.39830780029295,376189100,-0.0370428650595932,113.76899948120118,120.81579986572265,55.59137007277177,2.5200080234741478,0.12906382510369896,2.3909441983704487,132.9266285934919,113.76899948120118,94.61137036891046,33.67811829171666
2024-08-23,125.86000061035156,129.60000610351562,125.22000122070312,129.3699951171875,129.01275634765625,323230300,0.0454985862241295,114.58449935913086,120.89919982910156,59.92879728365635,3.040475036847866,0.7113460674525324,2.3291289693953336,134.90523431685412,114.58449935913086,94.2637644014076,35.4685582629008
2024-08-26,129.57000732421875,131.25999450683594,124.37000274658205,126.45999908447266,126.1107940673828,331964700,-0.022493607317817577,115.32799949645997,120.83619979858399,56.838661492023434,3.181462614096759,1.2053693767813778,1.9760932373153812,136.23572984869278,115.32799949645997,94.42026914422715,36.25785662375005
2024-08-27,125.0500030517578,129.1999969482422,123.87999725341795,128.3000030517578,127.94571685791016,303134600,0.014550085138207436,116.55649948120117,120.76459976196288,58.30272762585097,3.402447925695185,1.6447850865641391,1.7576628391310458,137.4813223475692,116.55649948120117,95.63167661483314,35.90502968003581
2024-08-28,128.1199951171875,128.3300018310547,122.63999938964844,125.61000061035156,125.26315307617188,448101100,-0.020966421132466606,116.98599967956542,120.65719985961914,55.34690913853815,3.322223141157906,1.9802726974828926,1.3419504436750134,138.2806126350195,116.98599967956542,95.69138672411134,36.40540408900524
2024-08-29,121.36000061035156,124.43000030517578,116.70999908447266,117.58999633789062,117.26528930664062,453023300,-0.06384849473386467,117.40499954223633,120.29739974975585,47.598864881724815,2.581736451866476,2.1005654483596095,0.4811710035068666,138.3987610614257,117.40499954223633,96.41123802304695,35.76297704704967
2024-08-30,119.52999877929688,121.75,117.22000122070312,119.37000274658205,119.04037475585938,333751600,0.015137347630440168,118.0099998474121,120.06919982910156,49.2954562344049,2.1141563780224573,2.103283634292179,0.010872743730278245,138.49176031893717,118.0099998474121,97.52823937588704,34.71190661470748
2024-09-03,116.01000213623048,116.20999908447266,107.29000091552734,108.0,107.7017822265625,477155100,-0.09524997340231212,118.3875,119.69779983520507,40.3162090051863,0.8167169970438408,1.8459703068425113,-1.0292533097986705,137.8117571435146,118.3875,98.96324285648541,32.81470956564603
2024-09-04,105.41000366210938,113.2699966430664,104.12000274658205,106.20999908447266,105.9167251586914,372470300,-0.016574071765275256,118.48549995422363,119.4597998046875,39.10844804360534,-0.3518947505118746,1.4063972953716344,-1.758292045883509,137.64138349095458,118.48549995422363,99.32961641749267,32.33456168751746
2024-09-05,104.98999786376952,109.6500015258789,104.76000213623048,107.20999908447266,106.91395568847656,306850700,0.009415231903092236,118.9004997253418,119.08219985961914,40.18648111272702,-1.183691478648015,0.8883795405677045,-2.0720710192157195,136.65004472764883,118.9004997253418,101.15095472303477,29.85613188053572
2024-09-06,108.04000091552734,108.1500015258789,100.9499969482422,102.83000183105467,102.54605865478516,413638100,-0.04085432070644257,118.79349975585937,118.61079986572265,37.089197345651975,-2.1712962006381815,0.27644439232652734,-2.447740592964709,136.89987914577483,118.79349975585937,100.68712036594391,30.483788131719525
2024-09-09,104.87999725341795,106.5500030517578,103.69000244140624,106.47000122070312,106.1760025024414,273912000,0.03539818004976891,118.87949981689454,118.26039993286133,41.1486685565457,-2.6299461460358486,-0.30483371534594783,-2.325112430689901,136.7328226650424,118.87949981689454,101.02617696874668,30.035999269254383
2024-09-10,107.80999755859376,109.4000015258789,104.9499969482422,108.0999984741211,107.8014907836914,268283700,0.015309375404415126,118.83349990844727,117.9515998840332,42.924747740978844,-2.8292881041683557,-0.8097245931104294,-2.0195635110579264,136.79262689242717,118.83349990844727,100.87437292446737,30.225697295486754
2024-09-11,109.38999938964844,117.19000244140624,107.41999816894533,116.91000366210938,116.58717346191406,441422400,0.08149871225669347,118.87200012207032,117.80379989624024,51.452705468842304,-2.2504326648694786,-1.0978662074622394,-1.1525664574072392,136.81115538406357,118.87200012207032,100.93284486007707,30.182305746637443
2024-09-12,116.83999633789062,120.79000091552734,115.37999725341795,119.13999938964844,118.82117462158205,366052700,0.019161637539808485,118.925,117.7331999206543,53.35263236364953,-1.5933760926821208,-1.1969681845062157,-0.3964079081759051,136.86074553868747,118.925,100.98925446131251,30.163120519129667
2024-09-13,119.08000183105467,119.95999908447266,117.5999984741211,119.0999984741211,118.7812728881836,238358300,-0.00033581332220899984,118.73699989318848,117.54959991455078,53.31232818354329,-1.0636210041137844,-1.1702987484277294,0.10667774431394506,136.5824158536081,118.73699989318848,100.89158393276887,30.05872807376421
2024-09-16,116.79000091552734,118.18000030517578,114.36000061035156,116.77999877929688,116.4674835205078,248772300,-0.019479412127986873,118.34699974060058,117.36859985351562,50.91017072181831,-0.8215208846902442,-1.1005431756802324,0.2790222909899882,136.004528068968,118.34699974060058,100.68947141223316,29.840263575874598
2024-09-17,118.16999816894533,118.8000030517578,114.83000183105467,115.58999633789062,115.28067779541016,231925900,-0.010190017756232073,117.62649955749512,117.11639984130859,49.67380804562135,-0.717408212266136,-1.0239161829974133,0.3065079707312772,134.4809813102835,117.62649955749512,100.77201780470673,28.657627007849566
2024-09-18,115.88999938964844,117.6999969482422,113.22000122070312,113.37000274658205,113.06661987304688,310318900,-0.019205802435448893,116.93249969482422,116.75619979858398,47.36297353582023,-0.8047563683656875,-0.9800842200710682,0.17532785170538068,133.28022775668077,116.93249969482422,100.58477163296764,27.960965693064992
2024-09-19,117.3499984741211,119.66000366210938,117.25,117.87000274658205,117.55457305908205,293506400,0.03969299861510245,116.40099983215332,116.41539978027343,52.2155608581825,-0.5050461616816904,-0.8850766083931927,0.3800304467115023,131.87784105058995,116.40099983215332,100.92415861371668,26.592282266911393
2024-09-20,117.05999755859376,118.62000274658205,115.38999938964844,116.0,115.68958282470705,382462400,-0.01586488884135262,116.01399993896484,116.18739974975585,50.14666568045563,-0.4136489691445746,-0.790791080543469,0.3771421113988944,131.12007554392764,116.01399993896484,100.90792433400206,26.04181497562384
2024-09-23,116.5500030517578,116.98999786376952,114.86000061035156,116.26000213623048,115.94889068603516,206228500,0.002241410635225538,115.35850028991699,115.92779968261719,50.4406899279502,-0.31658662259545167,-0.6959501889538656,0.37936356635841395,129.17191344522786,115.35850028991699,101.54508713460612,23.948669791294506
2024-09-24,116.5199966430664,121.8000030517578,115.37999725341795,120.87000274658205,120.54654693603516,354966800,0.039652438439014226,115.07900047302246,115.7763996887207,55.45692501500774,0.13081653661033954,-0.5305968438410246,0.6614133804513641,128.1910018144501,115.07900047302246,101.96699913159482,22.787826254193845
2024-09-25,122.0199966430664,124.94000244140624,121.61000061035156,123.51000213623048,123.17948150634766,284692900,0.021841642396522642,114.8395004272461,115.71939971923828,58.074042088833636,0.6904535324659093,-0.28638676857963785,0.9768403010455472,127.12577382732599,114.8395004272461,102.5532270271662,21.397295102069126
2024-09-26,126.8000030517578,127.66999816894533,121.8000030517578,124.04000091552734,123.70806121826172,302582900,0.004291134411755326,114.76100044250488,115.84039978027344,58.59993785592452,1.1633262548326684,0.0035558361028233954,1.159770418729845,126.7883431282028,114.76100044250488,102.73365775680696,20.960679393386087
2024-09-27,123.97000122070312,124.02999877929688,119.26000213623048,121.4000015258789,121.07513427734376,271009200,-0.021283390225254606,114.9515007019043,115.8465998840332,54.90551748047518,1.3099550603066774,0.2648356809435942,1.0451193793630833,127.26922915343594,114.9515007019043,102.63377225037264,21.43117467161104
2024-09-30,118.30999755859376,121.5,118.1500015258789,121.44000244140624,121.11502838134766,226553700,0.00032949873846521704,115.05500068664551,115.91679992675782,54.95185969791554,1.4130978719844336,0.4944881191517621,0.9186097528326715,127.552963885473,115.05500068664551,102.55703748781802,21.725197730198502
2024-10-01,121.7699966430664,122.44000244140624,115.79000091552734,117.0,116.6868896484375,302094500,-0.036561430832246056,115.5050006866455,115.78599990844727,48.939919960264554,1.1236158587766312,0.620313667076736,0.5033021916998952,127.59595108962549,115.5050006866455,103.41405028366552,20.935804218176884
2024-10-02,116.44000244140624,119.37999725341795,115.13999938964844,118.8499984741211,118.53194427490234,221845900,0.015812013089248955,116.13700065612792,115.71119995117188,51.32923407936887,1.0315871984009704,0.7025683733415828,0.3290188250593875,127.51908205121478,116.13700065612792,104.75491926104107,19.601128547805814
2024-10-03,120.91999816894533,124.36000061035156,120.33999633789062,122.8499984741211,122.52124786376952,277118000,0.03365593649265608,116.91900062561035,115.88319992065429,56.11132205515155,1.2668173112302838,0.8154181609193231,0.4513991503109608,127.8816771967817,116.91900062561035,105.95632405443901,18.752600539710805
2024-10-04,124.94000244140624,125.04000091552734,121.83000183105467,124.91999816894533,124.58570098876952,243678100,0.016849755948416867,118.02350044250488,116.13599990844726,58.38979665994679,1.6018059244445766,0.9726957136243739,0.6291102108202027,127.4258306405526,118.02350044250488,108.62117024445716,15.932979724877866
2024-10-07,124.98999786376952,130.63999938964844,124.9499969482422,127.72000122070312,127.3782196044922,346250200,0.022414439165650446,119.08600044250488,116.42919998168945,61.315320260874756,2.069369258875838,1.1920304226746667,0.8773388362011714,127.80356574296603,119.08600044250488,110.36843514204374,14.64078945983246
2024-10-08,130.25999450683594,133.47999572753906,129.4199981689453,132.88999938964844,132.5343780517578,285722500,0.04047912165262968,120.32550048828125,116.8552000427246,66.0602422252494,2.8245327593418352,1.5185308900081005,1.3060018693337347,129.48094328754368,120.32550048828125,111.17005768901882,15.21779300665215
2024-10-09,134.11000061035156,134.52000427246094,131.3800048828125,132.64999389648438,132.29502868652344,246191600,-0.0018059417394399313,121.1125,117.43359985351563,65.65762650910607,3.3648509296614435,1.8877948979387693,1.4770560317226742,131.57147527316295,121.1125,110.65352472683705,17.27150421824824
2024-10-10,131.91000366210938,135.0,131.0,134.80999755859375,134.44923400878906,242311300,0.016283342946846968,121.89599990844727,117.78939987182618,67.57309099267475,3.922139236380289,2.294663765627073,1.627475470753216,133.88269300873372,121.89599990844727,109.9093068081608,19.667081953943256
2024-10-11,134.00999450683594,135.77999877929688,133.66000366210938,134.8000030517578,134.43927001953125,170209500,-7.410967664689405e-05,122.68100013732911,118.30119995117188,67.5543156245649,4.313267103077578,2.698384433117174,1.6148826699604042,135.83223751878637,122.68100013732911,109.52976275587184,21.439729651267548
2024-10-14,136.47000122070312,139.60000610351562,136.3000030517578,138.07000732421875,137.70053100585938,232347700,0.024258246759703006,123.7455005645752,118.91720016479492,70.4475268458169,4.8314073154945305,3.1249890095926456,1.706418305901885,138.19618722850706,123.7455005645752,109.29481390064332,23.35549429757398
2024-10-15,137.8699951171875,138.57000732421875,128.74000549316406,131.60000610351562,131.2478485107422,377831000,-0.04686025862051768,124.54600105285644,119.5402003479004,59.199377639908086,4.666173398038694,3.4332258872818553,1.2329475107568388,138.87413221313477,124.54600105285644,110.21786989257811,23.008576813634626
2024-10-16,133.97999572753906,136.6199951171875,131.5800018310547,135.72000122070312,135.3568115234375,264879700,0.031306898050667886,125.6635009765625,120.16960037231445,63.225935740800814,4.812201439032265,3.7090209976319373,1.1031804414003274,139.81592785501851,125.6635009765625,111.51107409810649,22.524323719256525
2024-10-17,139.33999633789062,140.88999938964844,136.8699951171875,136.92999267578125,136.56356811523438,306435900,0.008915373952850025,126.61650047302246,120.9300001525879,64.33902671167081,4.968294505298019,3.960875699165154,1.0074188061328648,141.10433669858088,126.61650047302246,112.12866424746403,22.884594300796167
2024-10-18,138.6699981689453,138.89999389648438,137.27999877929688,138.0,137.63070678710938,176090200,0.007814226638941824,127.71650047302246,121.59060012817383,65.33817418665211,5.119327611508908,4.192566081633904,0.9267615298750034,142.15368144217308,127.71650047302246,113.27931950387185,22.60816874198676
2024-10-21,138.1300048828125,143.7100067138672,138.0,143.7100067138672,143.32542419433594,264554500,0.041376794032129016,129.0890007019043,122.36980026245118,70.14528262562766,5.634817588005319,4.481016382908187,1.1538012050971318,144.11582153566303,129.0890007019043,114.06217986814555,23.281334198967222
2024-10-22,142.91000366210938,144.4199981689453,141.77999877929688,143.58999633789062,143.2057342529297,226311600,-0.0008350921832539493,130.22500038146973,123.06120025634766,69.92578153953482,5.964903578481511,4.777793822022852,1.1871097564586588,146.01071394440552,130.22500038146973,114.43928681853393,24.24375276128932
2024-10-23,142.02999877929688,142.42999267578125,137.4600067138672,139.55999755859375,139.1865234375,285930000,-0.028065990767736748,131.0275001525879,123.52960021972656,62.81713190979312,5.834060465224297,4.989047150663142,0.8450133145611556,146.99693731653156,131.0275001525879,115.05806298864422,24.37570303233517
2024-10-24,140.82000732421875,141.35000610351562,138.4600067138672,140.41000366210938,140.03427124023438,172354900,0.006090731931493787,131.846000289917,123.97620025634765,63.6563600061791,5.732869789702363,5.137811678470986,0.5950581112313769,147.97623273515987,131.846000289917,115.7157678446741,24.468292416567834
2024-10-25,140.92999267578125,144.1300048828125,140.8000030517578,141.5399932861328,141.16122436523438,205122100,0.008047695146473632,132.85299987792968,124.34980010986328,64.79396462081868,5.6783991188913205,5.245929166555053,0.43246995233626784,148.76208935731265,132.85299987792968,116.9439103985467,23.94991380548552
2024-10-28,143.0,143.13999938964844,140.0500030517578,140.52000427246094,140.1439666748047,173586700,-0.007206353550729183,133.80699996948243,124.6686001586914,62.88065309088884,5.489644921365908,5.294672317517224,0.19497260384868387,149.14205629622012,133.80699996948243,118.47194364274475,22.92115708480898
2024-10-29,140.2899932861328,142.25999450683594,138.89999389648438,141.25,140.87200927734375,157593600,0.005194962150803395,135.0194999694824,124.89360015869141,63.7066672510905,5.33743379990193,5.303224613994166,0.03420918590776445,148.5792908174357,135.0194999694824,121.45970912152913,20.085677773978
2024-10-30,139.5399932861328,140.3300018310547,136.80999755859375,139.33999633789062,138.9671173095703,179418100,-0.013522146646060551,136.0439998626709,125.13540008544922,59.94778377391761,5.004989651351309,5.243577621465595,-0.23858797011428567,147.49442822879988,136.0439998626709,124.59357149654188,16.833419155108036
2024-10-31,137.60000610351562,137.61000061035156,132.11000061035156,132.75999450683594,132.4047088623047,270039600,-0.04722274286403216,136.53949966430665,125.22059997558594,49.18177613466329,4.162590361532608,5.027380169478998,-0.8647898079463898,146.4122314676824,136.53949966430665,126.6667678609309,14.46135635131029
2024-11-01,134.6999969482422,137.30999755859375,134.57000732421875,135.39999389648438,135.03765869140625,207127800,0.019885620773802737,137.0634994506836,125.45379989624024,52.841153680779705,3.665752232654796,4.755054582114157,-1.089302349459361,145.40793842737543,137.0634994506836,128.71906047399176,12.176019159198866
2024-11-04,137.2100067138672,138.9600067138672,135.57000732421875,136.0500030517578,135.68592834472656,187528200,0.0048006582726805025,137.47999954223633,125.58740005493163,53.72471594752716,3.2865692183403894,4.461357509359404,-1.1747882910190146,144.66895048699018,137.47999954223633,130.29104859748247,10.458177143861977
2024-11-05,137.4499969482422,140.3699951171875,137.3300018310547,139.91000366210938,139.5355987548828,160537400,0.028371920781465887,137.83099975585938,125.85640014648438,58.676112828552405,3.259955005462956,4.221077008580115,-0.9611220031171586,144.77042154809772,137.83099975585938,130.89157796362105,10.069464495694236
2024-11-06,142.9600067138672,146.49000549316406,141.9600067138672,145.61000061035156,145.22032165527344,242043900,0.04074030534943818,138.47900009155273,126.20260009765624,64.6851861122991,3.6566535410402707,4.108192315072146,-0.45153877403187526,145.7735160855183,138.47900009155273,131.18448409758716,10.53519449034575
2024-11-07,146.38999938964844,148.92999267578125,146.1699981689453,148.8800048828125,148.48158264160156,207323300,0.022457332067269187,139.18250045776367,126.66800018310546,67.59630074008498,4.186641013258225,4.1238820547093615,0.06275895854886304,147.55950330731395,139.18250045776367,130.8054976082134,12.037436922025073
2024-11-08,148.77000427246094,149.77000427246094,146.25999450683594,147.6300048828125,147.23492431640625,175665800,-0.00839604685656159,139.8240005493164,127.2688003540039,65.37770372833711,4.454447254873344,4.189995094742159,0.2644521601311851,148.70988242851323,139.8240005493164,130.93811867011956,12.710095325963369
2024-11-11,148.67999267578125,148.85000610351562,143.57000732421875,145.25999450683594,144.87127685546875,182325600,-0.01605357880891123,140.18349990844726,127.78660018920898,61.27151389884607,4.424443371389913,4.2368847500717095,0.18755862131820322,149.33427283911692,140.18349990844726,131.0327269777776,13.055420840036035
2024-11-12,146.77999877929688,149.64999389648438,146.00999450683594,148.2899932861328,147.8931427001953,198634700,0.020858971566470874,141.01799926757812,128.59240005493163,64.35397338235809,4.5922243525204465,4.307952670561457,0.2842716819589892,149.92635839279018,141.01799926757812,132.10964014236606,12.634357559290954
2024-11-13,149.07000732421875,149.3300018310547,145.89999389648438,146.27000427246094,145.87857055664062,191903300,-0.01362180900867438,141.545499420166,129.3936001586914,60.87540945728096,4.5102049223722815,4.3484031209236225,0.16180180144865908,150.38567992246078,141.545499420166,132.70531891787124,12.490938303949083
2024-11-14,147.63999938964844,149.0,145.5500030517578,146.75999450683594,146.36727905273438,194463300,0.003350104777068763,142.03699951171876,130.18460006713866,61.420172954218316,4.433633878447097,4.365449272428318,0.06818460601877874,150.88912429921783,142.03699951171876,133.1848747242197,12.464533632687335
2024-11-15,144.8699951171875,145.24000549316406,140.0800018310547,141.97999572753906,141.6000518798828,250132900,-0.03257030672226946,142.2359992980957,130.96759994506837,53.582199706803166,3.9418061336792505,4.280720644678505,-0.3389145109992544,150.89295525664727,142.2359992980957,133.5790433395441,12.172665149852088
2024-11-18,139.5,141.5500030517578,137.14999389648438,140.14999389648438,139.77493286132812,221205300,-0.012889253883204166,142.05799865722656,131.64119979858398,50.90394073563066,3.365567086341912,4.0976899330111864,-0.7321228466692746,150.73278359349231,142.05799865722656,133.3832137209608,12.213018651906033
2024-11-19,141.32000732421875,147.1300048828125,140.99000549316406,147.00999450683594,146.61659240722656,227834900,0.04894768615404099,142.22899856567383,132.41939971923827,59.14739287068118,3.422980222315431,3.9627479908720353,-0.5397677685566045,151.14919918090132,142.22899856567383,133.30879795044635,12.54343446861662
2024-11-20,147.41000366210938,147.55999755859375,142.72999572753906,145.88999938964844,145.4995880126953,309871700,-0.007618540140591823,142.54549865722657,132.99899963378905,57.45134030061655,3.339609362549652,3.8381202652075586,-0.49851090265790665,151.51350634653878,142.54549865722657,133.57749096791437,12.582659956000727
2024-11-21,149.35000610351562,152.88999938964844,140.6999969482422,146.6699981689453,146.27749633789062,400946600,0.005346464109076576,142.85849838256837,133.549599609375,58.34714019049982,3.298454211365936,3.730187054439234,-0.43173284307329807,151.9427439799147,142.85849838256837,133.77425278522205,12.717823160956291
2024-11-22,145.92999267578125,147.16000366210938,141.10000610351562,141.9499969482422,141.57012939453125,236406200,-0.03218107406272319,142.87899856567384,134.00659957885742,51.3076655751883,2.8520966113640327,3.5545689658241937,-0.702472354460161,151.95309471219144,142.87899856567384,133.80490241915624,12.701791358576365
2024-11-25,141.99000549316406,142.0500030517578,135.82000732421875,136.02000427246094,135.656005859375,344941900,-0.04177522165480696,142.65399856567382,134.3913996887207,44.107680130882365,1.9968358667262862,3.2430223460046124,-1.2461864792783262,152.1636205667856,142.65399856567382,133.14437656456204,13.332429650380703
2024-11-26,137.6999969482422,139.3000030517578,135.6699981689453,136.9199981689453,136.5535888671875,190287700,0.006616610905844977,142.4374984741211,134.8179997253418,45.36088792387512,1.3757982053566877,2.869577517875028,-1.49377931251834,152.25722001604444,142.4374984741211,132.61777693219776,13.78811288757286
2024-11-27,135.00999450683594,137.22000122070312,131.8000030517578,135.33999633789062,134.97781372070312,226370900,-0.011539609903749803,142.23749847412108,135.25739959716796,43.51619299184463,0.7475115929133835,2.445164332882699,-1.6976527399693153,152.45625253608395,142.23749847412108,132.0187444121582,14.36857955403664
2024-11-29,136.77999877929688,139.35000610351562,136.0500030517578,138.25,137.88003540039062,141863200,0.021501471980371445,142.5119987487793,135.66499954223633,47.7321688523222,0.4788826406213502,2.051907994430429,-1.5730253538090788,151.96382108640154,142.5119987487793,133.06017641115704,13.26459865921038
2024-12-02,138.8300018310547,140.4499969482422,137.82000732421875,138.6300048828125,138.259033203125,171682800,0.00274875040199829,142.6734992980957,136.11759963989257,48.275111607246664,0.29327478955570996,1.7001813534554853,-1.4069065638997753,151.73608548877684,142.6734992980957,133.61091310741455,12.703951659230253
2024-12-03,138.25999450683594,140.5399932861328,137.9499969482422,140.25999450683594,139.88467407226562,164414000,0.011757936038452543,142.8839988708496,136.59759948730468,50.643454936927405,0.2745410324941133,1.415053289263211,-1.1405122567690977,151.50630069538826,142.8839988708496,134.26169704631096,12.068953686454707
2024-12-04,142.0,145.7899932861328,140.2899932861328,145.13999938964844,144.7515869140625,231224300,0.03479232356278428,143.14549865722657,137.082999420166,56.99251257206127,0.6460230535677169,1.2612472421241123,-0.6152241885563954,151.70818155268543,143.14549865722657,134.5828157617677,11.963607624104055
2024-12-05,145.11000061035156,146.5399932861328,143.9499969482422,145.05999755859375,144.6818084716797,172621200,-0.00048205649326826805,143.11799850463868,137.5139993286133,56.863372363239954,0.9233262225461942,1.193663038208529,-0.2703368156623347,151.65233038053208,143.11799850463868,134.58366662874528,11.926287350387714
2024-12-06,144.60000610351562,145.6999969482422,141.30999755859375,142.44000244140625,142.06861877441406,188505600,-0.01806163279868822,142.79599838256837,137.88199935913087,52.65540936450875,0.9210618444768386,1.1391427994621908,-0.21808095498535218,150.91214749932107,142.79599838256837,134.67984926581568,11.36747417110179
2024-12-09,138.97000122070312,139.9499969482422,137.1300048828125,138.80999755859375,138.4480743408203,189308600,-0.025484476901564634,142.35499801635743,138.23019927978515,47.41954819904227,0.6192182887339754,1.0351578973165478,-0.4159396085825724,150.32983769739414,142.35499801635743,134.38015833532071,11.204158325540993
2024-12-10,139.00999450683594,141.82000732421875,133.7899932861328,135.07000732421875,134.71783447265625,210020900,-0.026943241254343886,141.84549865722656,138.50279937744142,42.70762217958238,0.07732775441280637,0.8435918687357996,-0.7662641143229932,150.30044552313822,141.84549865722656,133.3905517913149,11.921346741278368
2024-12-11,137.36000061035156,140.1699981689453,135.2100067138672,139.30999755859375,138.94677734375,184905200,0.03139111378718096,141.3964988708496,138.94899932861327,48.906152503554395,-0.00987874528368593,0.6728977459319025,-0.6827764912155885,149.3751688247051,141.3964988708496,133.4178289169941,11.28552689433018
2024-12-12,137.0800018310547,138.44000244140625,135.8000030517578,137.33999633789062,136.98190307617188,159211400,-0.014141200718294389,140.9499984741211,139.31879928588867,46.39458146515279,-0.2352414421927449,0.4912699083069731,-0.726511350499718,148.78597674077773,140.9499984741211,133.11402020746445,11.118805748827803
2024-12-13,138.94000244140625,139.60000610351562,132.5399932861328,134.25,133.89996337890625,231514900,-0.02249888217388718,140.3244987487793,139.54679931640624,42.691215416178665,-0.6556222779254313,0.26189147106049226,-0.9175137489859235,148.20259121463147,140.3244987487793,132.44640628292711,11.22839209988015
2024-12-16,134.17999267578125,134.39999389648438,130.4199981689453,132.0,131.6558380126953,237951100,-0.016759716056535257,139.82549896240235,139.68839935302734,40.17638080883527,-1.1569961830957425,-0.021886059770754696,-1.1351101233249878,148.44986326289714,139.82549896240235,131.20113466190756,12.335896334349993
2024-12-17,129.08999633789062,131.58999633789062,126.86000061035156,130.38999938964844,130.05001831054688,259410300,-0.012197102129216542,139.33749923706054,139.74179931640626,38.431804804411605,-1.6650584516977176,-0.3505205381561473,-1.3145379135415702,148.8879838166488,139.33749923706054,129.78701465747227,13.708419674361522
2024-12-18,133.86000061035156,136.6999969482422,128.27999877929688,128.91000366210938,128.5738983154297,277444500,-0.011350402055248843,138.43249969482423,139.66219940185547,36.847823582867576,-2.162200247794175,-0.7128564800837529,-1.449343767710422,148.32738499377243,138.43249969482423,128.53761439587603,14.295610237135884
2024-12-19,131.75999450683594,134.02999877929688,129.5500030517578,130.67999267578125,130.33926391601562,209719200,0.01373035758980401,137.67199935913087,139.6227993774414,40.03114017469989,-2.385862642530725,-1.0474577125731472,-1.3384049299575778,147.4950704020066,137.67199935913087,127.84892831625513,14.270252612880704
2024-12-20,129.80999755859375,135.27999877929688,128.22000122070312,134.6999969482422,134.34878540039062,306528600,0.030762192173791503,137.0734992980957,139.62059936523437,46.613256703383925,-2.213223293110559,-1.2806108286806297,-0.9326124644299294,146.05312504591663,137.0734992980957,128.09387355027476,13.10191363582659
2024-12-23,136.27999877929688,139.7899932861328,135.1199951171875,139.6699981689453,139.3058319091797,176053500,0.03689684647327418,136.95949935913086,139.71799926757814,53.42019898358171,-1.656275291849397,-1.3557437213143833,-0.3005315705350138,145.7443732931996,136.95949935913086,128.17462542506212,12.828425885280618
2024-12-24,140.0,141.89999389648438,138.64999389648438,140.22000122070312,139.8544158935547,105157000,0.00393798290320424,137.16949920654298,139.7609991455078,54.117403059338436,-1.1571702007854583,-1.3160290172085984,0.15885881642314015,146.0547259660644,137.16949920654298,128.28427244702155,12.955105633421466
2024-12-26,139.6999969482422,140.85000610351562,137.72999572753906,139.92999267578125,139.56515502929688,116205600,-0.0020682998274289544,137.31999893188475,139.9275988769531,53.66130950636585,-0.7760809085121991,-1.2080393954693185,0.43195848695711936,146.28483404380918,137.31999893188475,128.35516381996032,13.05685287162183
2024-12-27,138.5500030517578,139.02000427246094,134.7100067138672,137.00999450683594,136.6527557373047,170582600,-0.020867667802760836,137.40349884033202,139.95339874267577,49.16809800121286,-0.7015967766639903,-1.106750871708253,0.4051540950442627,146.3240099321594,137.40349884033202,128.48298774850463,12.984401659514303
2024-12-30,134.8300018310547,140.27000427246094,134.02000427246094,137.49000549316406,137.1315155029297,167734700,0.0035034768456871923,137.36549911499023,139.96459899902345,49.91059508026302,-0.5969533835525738,-1.0047913740771173,0.4078379905245435,146.27773374276143,137.36549911499023,128.45326448721903,12.975943282979177
2024-12-31,138.02999877929688,138.07000732421875,133.8300018310547,134.2899932861328,133.93984985351562,155659200,-0.023274486814417794,137.14849853515625,139.8903988647461,45.17335024390857,-0.7634365606380982,-0.9565204113893135,0.19308385075121537,146.13802139830906,137.14849853515625,128.15897567200344,13.10918159391802
